"cast_id","cast_name","gender","movie_id","k_role","is_main_cast","index","id","k_title","k_type","k_release_date","k_region","k_movie_year","k_genres","is_rating","rating_num","rating_people","k_rating_people","rating_index","k_movie_id","k_cast_id","uid","portray"
"27553320","王冠南","男","26665065","配音","否","999","26665065","琅琊榜之风起长林","电视剧","2017-12-18","中国大陆","2017","剧情/古装","有评分","8.4","210088","210088","1328","53330179","55106689","1",
"27559561","张东升","男","26665065","演员","是","42","26665065","琅琊榜之风起长林","电视剧","2017-12-18","中国大陆","2017","剧情/古装","有评分","8.4","210088","210088","1328","53330179","55119171","2","晋尚书"
"27480327","鲍鲸鲸","女","34792296","原著作者","否","999","34792296","欢迎光临","电视剧","2022-05-18","中国大陆","2022","剧情/喜剧/爱情","有评分","6.4","56516","56516","601","69584641","54960703","3",
"27484015","尚铁龙","男","35033654","演员","是","29","35033654","山海情","电视剧","2021-01-12","中国大陆","2021","剧情","有评分","9.2","481571","481571","2105","70067357","54968079","4","李运胜"
"27484015","尚铁龙","男","33442331","演员","是","14","33442331","我是余欢水","电视剧","2020-04-06","中国大陆","2020","剧情","有评分","7.3","324953","324953","1540","66884711","54968079","5","余父"
"27547234","陈昊宇","女","36189205","演员","是","6","36189205","凡人歌","电视剧","2024-08-31","中国大陆","2024","剧情/喜剧","有评分","7.7","77700","77700","773","72378459","55094517","6","谢美蓝"
"27558329","杨晓丹","女","34792295","演员","是","61","34792295","乔家的儿女","电视剧","2021-08-17","中国大陆","2021","剧情/家庭","有评分","7.7","235622","235622","1347","69584639","55116707","7","孙姨"
"27558329","杨晓丹","女","26928226","演员","否","999","26928226","知否知否应是绿肥红瘦","电视剧","2018-12-25","中国大陆","2018","剧情/爱情/古装","有评分","8.0","695224","695224","2358","53856501","55116707","8","关娘子"
"27499930","黄宥明","男","26928226","演员","否","999","26928226","知否知否应是绿肥红瘦","电视剧","2018-12-25","中国大陆","2018","剧情/爱情/古装","有评分","8.0","695224","695224","2358","53856501","54999909","9","袁文纯"
"27548112","王丽涵","女","36534750","演员","否","999","36534750","小巷人家","电视剧","2024-10-28","中国大陆","2024","剧情/家庭","有评分","8.4","287902","287902","1555","73069549","55096273","10","张婶"
"27548112","王丽涵","女","34792296","演员","是","65","34792296","欢迎光临","电视剧","2022-05-18","中国大陆","2022","剧情/喜剧/爱情","有评分","6.4","56516","56516","601","69584641","55096273","11","卖货大姐"
"27548112","王丽涵","女","30421903","演员","否","999","30421903","淬火年代","电视剧","2025-06-18","中国大陆","2025","剧情","有评分","7.0","21373","21373","387","60843855","55096273","12","张校长"
"27492097","李煜","女","26779426","演员","否","999","26779426","欢乐颂3","电视剧","2022-08-11","中国大陆","2022","剧情/爱情","有评分","4.9","41716","41716","452","53558901","54984243","13","雷总"
"27547196","谭凯","男","35321446","演员","否","999","35321446","大江大河之岁月如歌","电视剧","2024-01-08","中国大陆","2024","剧情","有评分","8.0","72953","72953","764","70642941","55094441","14","商宇"
"27547196","谭凯","男","26779426","演员","否","999","26779426","欢乐颂3","电视剧","2022-08-11","中国大陆","2022","剧情/爱情","有评分","4.9","41716","41716","452","53558901","55094441","15",
"27547196","谭凯","男","26665065","演员","是","32","26665065","琅琊榜之风起长林","电视剧","2017-12-18","中国大陆","2017","剧情/古装","有评分","8.4","210088","210088","1328","53330179","55094441","16","阮英"
"27492028","许龄月","女","26759908","演员","是","11","26759908","清平乐","电视剧","2020-04-07","中国大陆","2020","剧情/古装","有评分","6.4","173456","173456","1054","53519865","54984105","17","苗娘子"
"27558442","于京田","女","35332289","演员","是","48","35332289","开端","电视剧","2022-01-11","中国大陆","2022","剧情","有评分","7.9","968506","968506","2766","70664627","55116933","18","主播乙"
"27558442","于京田","女","26928226","演员","否","999","26928226","知否知否应是绿肥红瘦","电视剧","2018-12-25","中国大陆","2018","剧情/爱情/古装","有评分","8.0","695224","695224","2358","53856501","55116933","19","花妈妈"
"27553886","范哲琛","男","36571896","演员","否","999","36571896","命悬一生","电视剧","2025-10-11","中国大陆","2025","剧情/悬疑","有评分","7.7","85010","85010","809","73143841","55107821","20","二舅"
"27553886","范哲琛","男","34792295","演员","是","80","34792295","乔家的儿女","电视剧","2021-08-17","中国大陆","2021","剧情/家庭","有评分","7.7","235622","235622","1347","69584639","55107821","21","蒋医生"
"27553886","范哲琛","男","27088993","演员","是","28","27088993","都挺好","电视剧","2019-03-01","中国大陆","2019","剧情/家庭","有评分","7.7","394106","394106","1742","54178035","55107821","22","小汪"
"27553886","范哲琛","男","26928226","配音导演","否","999","26928226","知否知否应是绿肥红瘦","电视剧","2018-12-25","中国大陆","2018","剧情/爱情/古装","有评分","8.0","695224","695224","2358","53856501","55107821","23",
"27553886","范哲琛","男","26928226","演员","否","999","26928226","知否知否应是绿肥红瘦","电视剧","2018-12-25","中国大陆","2018","剧情/爱情/古装","有评分","8.0","695224","695224","2358","53856501","55107821","24","耿介川"
"27553886","范哲琛","男","26759908","配音导演","否","999","26759908","清平乐","电视剧","2020-04-07","中国大陆","2020","剧情/古装","有评分","6.4","173456","173456","1054","53519865","55107821","25",
"27553886","范哲琛","男","26759908","演员","否","999","26759908","清平乐","电视剧","2020-04-07","中国大陆","2020","剧情/古装","有评分","6.4","173456","173456","1054","53519865","55107821","26","李纮"
"27553886","范哲琛","男","26743573","配音","否","999","26743573","欢乐颂2","电视剧","2017-05-11","中国大陆","2017","剧情/爱情","有评分","5.4","154450","154450","913","53487195","55107821","27",
"27553886","范哲琛","男","26683725","演员","否","999","26683725","外科风云","电视剧","2017-04-17","中国大陆","2017","剧情/爱情","有评分","7.3","94754","94754","832","53367499","55107821","28","赵立武"
"27553886","范哲琛","男","26665065","演员","否","999","26665065","琅琊榜之风起长林","电视剧","2017-12-18","中国大陆","2017","剧情/古装","有评分","8.4","210088","210088","1328","53330179","55107821","29","渭无病"
"27553886","范哲琛","男","25994712","配音","否","999","25994712","伪装者","电视剧","2015-08-31","中国大陆","2015","剧情/悬疑","有评分","8.6","382758","382758","1814","51989473","55107821","30",
"27553886","范哲琛","男","25754848","配音","否","999","25754848","琅琊榜","电视剧","2015-09-19","中国大陆","2015","剧情/古装","有评分","9.4","919060","919060","2939","51509745","55107821","31",
"27483390","常方源","女","26683725","演员","是","16","26683725","外科风云","电视剧","2017-04-17","中国大陆","2017","剧情/爱情","有评分","7.3","94754","94754","832","53367499","54966829","32","儿科医生"
"27541670","李雪","男","34792296","导演","是","1","34792296","欢迎光临","电视剧","2022-05-18","中国大陆","2022","剧情/喜剧/爱情","有评分","6.4","56516","56516","601","69584641","55083389","33",
"27541670","李雪","男","33442331","总监制","否","999","33442331","我是余欢水","电视剧","2020-04-06","中国大陆","2020","剧情","有评分","7.3","324953","324953","1540","66884711","55083389","34",
"27541670","李雪","男","30423905","导演","是","1","30423905","大江大河2","电视剧","2020-12-20","中国大陆","2020","剧情/历史","有评分","8.7","208072","208072","1345","60847859","55083389","35",
"27541670","李雪","男","30421903","导演","是","1","30421903","淬火年代","电视剧","2025-06-18","中国大陆","2025","剧情","有评分","7.0","21373","21373","387","60843855","55083389","36",
"27541670","李雪","男","26683725","导演","是","1","26683725","外科风云","电视剧","2017-04-17","中国大陆","2017","剧情/爱情","有评分","7.3","94754","94754","832","53367499","55083389","37",
"27541670","李雪","男","26665065","导演","是","2","26665065","琅琊榜之风起长林","电视剧","2017-12-18","中国大陆","2017","剧情/古装","有评分","8.4","210088","210088","1328","53330179","55083389","38",
"27541670","李雪","男","25994712","导演","是","1","25994712","伪装者","电视剧","2015-08-31","中国大陆","2015","剧情/悬疑","有评分","8.6","382758","382758","1814","51989473","55083389","39",
"27541670","李雪","男","25754848","导演","是","2","25754848","琅琊榜","电视剧","2015-09-19","中国大陆","2015","剧情/古装","有评分","9.4","919060","919060","2939","51509745","55083389","40",
"27483863","平田康之","男","25994712","演员","是","16","25994712","伪装者","电视剧","2015-08-31","中国大陆","2015","剧情/悬疑","有评分","8.6","382758","382758","1814","51989473","54967775","41","藤田芳政"
"27497285","郭晓峰","男","25994712","演员","是","11","25994712","伪装者","电视剧","2015-08-31","中国大陆","2015","剧情/悬疑","有评分","8.6","382758","382758","1814","51989473","54994619","42","黎叔"
"27556899","李天烨","男","36534750","演员","否","999","36534750","小巷人家","电视剧","2024-10-28","中国大陆","2024","剧情/家庭","有评分","8.4","287902","287902","1555","73069549","55113847","43",
"27482627","吴乙彤","女","34792298","演员","是","30","34792298","相逢时节","电视剧","2022-02-23","中国大陆","2022","剧情","有评分","4.9","33169","33169","403","69584645","54965303","44","张洁"
"27487518","茹萍","女","35613241","演员","是","30","35613241","县委大院","电视剧","2022-12-07","中国大陆","2022","剧情","有评分","6.8","109693","109693","864","71226531","54975085","45","小林妈"
"27560090","谢瓦","男","34792296","演员","是","42","34792296","欢迎光临","电视剧","2022-05-18","中国大陆","2022","剧情/喜剧/爱情","有评分","6.4","56516","56516","601","69584641","55120229","46","美国经理"
"27529606","吴国华","男","30423905","演员","是","57","30423905","大江大河2","电视剧","2020-12-20","中国大陆","2020","剧情/历史","有评分","8.7","208072","208072","1345","60847859","55059261","47","老猢狲"
"27529606","吴国华","男","26797690","演员","是","21","26797690","大江大河","电视剧","2018-12-10","中国大陆","2018","剧情","有评分","8.8","260126","260126","1513","53595429","55059261","48","老猢狲"
"27554908","穆梦娇","女","35588265","演员","否","999","35588265","樱桃琥珀","电视剧","2025-07-14","中国大陆","2025","剧情/爱情","有评分","5.7","38891","38891","471","71176579","55109865","49","贾思思"
"27221436","霍建华","男","26088457","演员","是","1","26088457","他来了，请闭眼","电视剧","2015-10-15","中国大陆","2015","剧情/悬疑","有评分","6.7","74395","74395","706","52176963","54442921","50","薄靳言"
"27484370","孙征宇","男","26928226","演员","否","999","26928226","知否知否应是绿肥红瘦","电视剧","2018-12-25","中国大陆","2018","剧情/爱情/古装","有评分","8.0","695224","695224","2358","53856501","54968789","51","谢将军"
"27484370","孙征宇","男","25994712","演员","是","36","25994712","伪装者","电视剧","2015-08-31","中国大陆","2015","剧情/悬疑","有评分","8.6","382758","382758","1814","51989473","54968789","52","刘斌"
"27559620","陶奕希","女","26928226","演员","否","999","26928226","知否知否应是绿肥红瘦","电视剧","2018-12-25","中国大陆","2018","剧情/爱情/古装","有评分","8.0","695224","695224","2358","53856501","55119289","53","小墨兰"
"27483562","高子沣","男","26928226","演员","是","25","26928226","知否知否应是绿肥红瘦","电视剧","2018-12-25","中国大陆","2018","剧情/爱情/古装","有评分","8.0","695224","695224","2358","53856501","54967173","54","顾廷煜"
"27483546","韩烨","女","26928226","演员","是","24","26928226","知否知否应是绿肥红瘦","电视剧","2018-12-25","中国大陆","2018","剧情/爱情/古装","有评分","8.0","695224","695224","2358","53856501","54967141","55","丹橘"
"27557882","王鹤润","女","26928226","演员","是","13","26928226","知否知否应是绿肥红瘦","电视剧","2018-12-25","中国大陆","2018","剧情/爱情/古装","有评分","8.0","695224","695224","2358","53856501","55115813","56","盛华兰"
"27484736","荆浩","男","30421903","演员","否","999","30421903","淬火年代","电视剧","2025-06-18","中国大陆","2025","剧情","有评分","7.0","21373","21373","387","60843855","54969521","57","曹飞二叔"
"27546005","孙宁","男","30421903","演员","否","999","30421903","淬火年代","电视剧","2025-06-18","中国大陆","2025","剧情","有评分","7.0","21373","21373","387","60843855","55092059","58","吴教授"
"27559768","延翔","男","36571896","演员","否","999","36571896","命悬一生","电视剧","2025-10-11","中国大陆","2025","剧情/悬疑","有评分","7.7","85010","85010","809","73143841","55119585","59","阚老三"
"27559768","延翔","男","35033654","演员","是","42","35033654","山海情","电视剧","2021-01-12","中国大陆","2021","剧情","有评分","9.2","481571","481571","2105","70067357","55119585","60","麻子"
"27559768","延翔","男","34792295","演员","是","52","34792295","乔家的儿女","电视剧","2021-08-17","中国大陆","2021","剧情/家庭","有评分","7.7","235622","235622","1347","69584639","55119585","61","文居岸爸"
"27559768","延翔","男","26928226","演员","否","999","26928226","知否知否应是绿肥红瘦","电视剧","2018-12-25","中国大陆","2018","剧情/爱情/古装","有评分","8.0","695224","695224","2358","53856501","55119585","62","沈从兴"
"27559768","延翔","男","26345137","演员","是","22","26345137","如果蜗牛有爱情","电视剧","2016-10-24","中国大陆","2016","剧情/爱情/悬疑","有评分","7.2","105271","105271","871","52690323","55119585","63","陈勇"
"27555038","许赢之","女","26759908","演员","否","999","26759908","清平乐","电视剧","2020-04-07","中国大陆","2020","剧情/古装","有评分","6.4","173456","173456","1054","53519865","55110125","64","薛幼溪"
"27484696","褚峰","男","26759908","演员","是","23","26759908","清平乐","电视剧","2020-04-07","中国大陆","2020","剧情/古装","有评分","6.4","173456","173456","1054","53519865","54969441","65","任守忠"
"27484691","李雅男","男","26759908","演员","是","22","26759908","清平乐","电视剧","2020-04-07","中国大陆","2020","剧情/古装","有评分","6.4","173456","173456","1054","53519865","54969431","66","富弼"
"27499316","张棪琰","女","26928226","演员","是","43","26928226","知否知否应是绿肥红瘦","电视剧","2018-12-25","中国大陆","2018","剧情/爱情/古装","有评分","8.0","695224","695224","2358","53856501","54998681","67","康姨妈"
"27499316","张棪琰","女","26665065","演员","是","20","26665065","琅琊榜之风起长林","电视剧","2017-12-18","中国大陆","2017","剧情/古装","有评分","8.4","210088","210088","1328","53330179","54998681","68","云姐"
"27499316","张棪琰","女","26345137","演员","是","7","26345137","如果蜗牛有爱情","电视剧","2016-10-24","中国大陆","2016","剧情/爱情/悬疑","有评分","7.2","105271","105271","871","52690323","54998681","69","噜哥"
"27499316","张棪琰","女","25994712","演员","是","10","25994712","伪装者","电视剧","2015-08-31","中国大陆","2015","剧情/悬疑","有评分","8.6","382758","382758","1814","51989473","54998681","70","苏太太"
"27499316","张棪琰","女","25754848","演员","是","8","25754848","琅琊榜","电视剧","2015-09-19","中国大陆","2015","剧情/古装","有评分","9.4","919060","919060","2939","51509745","54998681","71","莅阳长公主"
"27546925","任宁","女","26683725","出品人","否","999","26683725","外科风云","电视剧","2017-04-17","中国大陆","2017","剧情/爱情","有评分","7.3","94754","94754","832","53367499","55093899","72",
"27546798","张墨锡","女","26683725","演员","是","24","26683725","外科风云","电视剧","2017-04-17","中国大陆","2017","剧情/爱情","有评分","7.3","94754","94754","832","53367499","55093645","73","葛琳"
"27493032","章涛","男","34792296","演员","是","17","34792296","欢迎光临","电视剧","2022-05-18","中国大陆","2022","剧情/喜剧/爱情","有评分","6.4","56516","56516","601","69584641","54986113","74","蒋先生"
"27487827","马文忠","男","34792295","演员","是","45","34792295","乔家的儿女","电视剧","2021-08-17","中国大陆","2021","剧情/家庭","有评分","7.7","235622","235622","1347","69584639","54975703","76","马毓霖"
"27547752","朱珠","女","34792295","演员","是","15","34792295","乔家的儿女","电视剧","2021-08-17","中国大陆","2021","剧情/家庭","有评分","7.7","235622","235622","1347","69584639","55095553","77","马素芹"
"27547625","松峰莉璃","女","25994712","演员","是","12","25994712","伪装者","电视剧","2015-08-31","中国大陆","2015","剧情/悬疑","有评分","8.6","382758","382758","1814","51989473","55095299","78","南田洋子"
"27481022","陈洁","女","36534750","演员","否","999","36534750","小巷人家","电视剧","2024-10-28","中国大陆","2024","剧情/家庭","有评分","8.4","287902","287902","1555","73069549","54962093","79","工作人员甲"
"27484212","洛葳","女","36534750","演员","否","999","36534750","小巷人家","电视剧","2024-10-28","中国大陆","2024","剧情/家庭","有评分","8.4","287902","287902","1555","73069549","54968473","80","李佳妈"
"27481070","严晓频","女","35613241","演员","是","35","35613241","县委大院","电视剧","2022-12-07","中国大陆","2022","剧情","有评分","6.8","109693","109693","864","71226531","54962189","81","刘巧珍"
"27481070","严晓频","女","34792298","演员","是","10","34792298","相逢时节","电视剧","2022-02-23","中国大陆","2022","剧情","有评分","4.9","33169","33169","403","69584645","54962189","82","宁惠"
"27551192","孟佩璁","男","26671336","剪辑指导","否","999","26671336","得闲谨制","电影","2025-12-06","中国大陆","2025","剧情/战争","有评分","6.9","268554","268554","1361","53342721","55102433","83",
"27481307","郎峰","男","35033654","演员","否","999","35033654","山海情","电视剧","2021-01-12","中国大陆","2021","剧情","有评分","9.2","481571","481571","2105","70067357","54962663","84","福建工厂老板"
"27484616","李金燕","女","25870290","配音","否","999","25870290","温州两家人","电视剧","2015-11-26","中国大陆","2015","剧情","有评分","7.8","7118","7118","236","51740629","54969281","85",
"27558276","姚惠如","女","25870290","演员","是","37","25870290","温州两家人","电视剧","2015-11-26","中国大陆","2015","剧情","有评分","7.8","7118","7118","236","51740629","55116601","86","侯母"
"27495129","王伯昭","男","30423905","演员","是","36","30423905","大江大河2","电视剧","2020-12-20","中国大陆","2020","剧情/历史","有评分","8.7","208072","208072","1345","60847859","54990307","87","李耘宁"
"27483678","程愫","女","30423905","演员","是","31","30423905","大江大河2","电视剧","2020-12-20","中国大陆","2020","剧情/历史","有评分","8.7","208072","208072","1345","60847859","54967405","88","隋春凤"
"27206764","董洁","女","35588265","演员","是","3","35588265","樱桃琥珀","电视剧","2025-07-14","中国大陆","2025","剧情/爱情","有评分","5.7","38891","38891","471","71176579","54413577","89","赵盛娟"
"27483098","张磊","男","30421903","演员","否","999","30421903","淬火年代","电视剧","2025-06-18","中国大陆","2025","剧情","有评分","7.0","21373","21373","387","60843855","54966245","90","老张"
"27482821","李坤霖","男","30421903","演员","否","999","30421903","淬火年代","电视剧","2025-06-18","中国大陆","2025","剧情","有评分","7.0","21373","21373","387","60843855","54965691","91","老黄"
"27495263","王琳","女","30421903","演员","否","999","30421903","淬火年代","电视剧","2025-06-18","中国大陆","2025","剧情","有评分","7.0","21373","21373","387","60843855","54990575","92","柳大姑"
"27484406","邹廷威","男","30421903","演员","否","999","30421903","淬火年代","电视剧","2025-06-18","中国大陆","2025","剧情","有评分","7.0","21373","21373","387","60843855","54968861","93","董其扬"
"27495171","洪剑涛","男","30421903","演员","否","999","30421903","淬火年代","电视剧","2025-06-18","中国大陆","2025","剧情","有评分","7.0","21373","21373","387","60843855","54990391","94","安总"
"27553379","尹昉","男","36571896","演员","是","5","36571896","命悬一生","电视剧","2025-10-11","中国大陆","2025","剧情/悬疑","有评分","7.7","85010","85010","809","73143841","55106807","95","倪向东"
"27552839","赵今麦","女","35588265","演员","是","1","35588265","樱桃琥珀","电视剧","2025-07-14","中国大陆","2025","剧情/爱情","有评分","5.7","38891","38891","471","71176579","55105727","96","林其乐"
"27552839","赵今麦","女","35332289","演员","是","2","35332289","开端","电视剧","2022-01-11","中国大陆","2022","剧情","有评分","7.9","968506","968506","2766","70664627","55105727","97","李诗情"
"27504372","周乐","男","26779426","演员","否","999","26779426","欢乐颂3","电视剧","2022-08-11","中国大陆","2022","剧情/爱情","有评分","4.9","41716","41716","452","53558901","55008793","98",
"27504372","周乐","男","26683725","演员","是","55","26683725","外科风云","电视剧","2017-04-17","中国大陆","2017","剧情/爱情","有评分","7.3","94754","94754","832","53367499","55008793","99","唐云龙"
"27495839","佟丽娅","女","26665065","演员","是","3","26665065","琅琊榜之风起长林","电视剧","2017-12-18","中国大陆","2017","剧情/古装","有评分","8.4","210088","210088","1328","53330179","54991727","100","蒙浅雪"
"27493400","王玉宁","男","35613241","演员","否","999","35613241","县委大院","电视剧","2022-12-07","中国大陆","2022","剧情","有评分","6.8","109693","109693","864","71226531","54986849","101","油坊老板"
"27482823","包贝尔","男","35613241","演员","是","7","35613241","县委大院","电视剧","2022-12-07","中国大陆","2022","剧情","有评分","6.8","109693","109693","864","71226531","54965695","102","小曾"
"27483105","高天","男","34792296","演员","是","48","34792296","欢迎光临","电视剧","2022-05-18","中国大陆","2022","剧情/喜剧/爱情","有评分","6.4","56516","56516","601","69584641","54966259","103","年轻郑父"
"27495361","马苏","女","36189205","演员","否","999","36189205","凡人歌","电视剧","2024-08-31","中国大陆","2024","剧情/喜剧","有评分","7.7","77700","77700","773","72378459","54990771","104","白寒宁"
"27504226","李光洁","男","36534750","演员","是","2","36534750","小巷人家","电视剧","2024-10-28","中国大陆","2024","剧情/家庭","有评分","8.4","287902","287902","1555","73069549","55008501","105","林武峰"
"27504226","李光洁","男","35613241","演员","是","5","35613241","县委大院","电视剧","2022-12-07","中国大陆","2022","剧情","有评分","6.8","109693","109693","864","71226531","55008501","106","曹立新"
"27504226","李光洁","男","35321446","演员","否","999","35321446","大江大河之岁月如歌","电视剧","2024-01-08","中国大陆","2024","剧情","有评分","8.0","72953","72953","764","70642941","55008501","107","小拉"
"27504226","李光洁","男","30423905","演员","是","53","30423905","大江大河2","电视剧","2020-12-20","中国大陆","2020","剧情/历史","有评分","8.7","208072","208072","1345","60847859","55008501","108","路小第"
"27559404","郝光","男","35321446","演员","否","999","35321446","大江大河之岁月如歌","电视剧","2024-01-08","中国大陆","2024","剧情","有评分","8.0","72953","72953","764","70642941","55118857","109","周司长"
"27559404","郝光","男","30423905","演员","是","29","30423905","大江大河2","电视剧","2020-12-20","中国大陆","2020","剧情/历史","有评分","8.7","208072","208072","1345","60847859","55118857","110","周司长"
"27227708","任东霖","男","35588265","演员","否","999","35588265","樱桃琥珀","电视剧","2025-07-14","中国大陆","2025","剧情/爱情","有评分","5.7","38891","38891","471","71176579","54455465","111","杜永春"
"27483379","李博","男","35613241","演员","否","999","35613241","县委大院","电视剧","2022-12-07","中国大陆","2022","剧情","有评分","6.8","109693","109693","864","71226531","54966807","112","赖小伟"
"27483379","李博","男","35588265","演员","否","999","35588265","樱桃琥珀","电视剧","2025-07-14","中国大陆","2025","剧情/爱情","有评分","5.7","38891","38891","471","71176579","54966807","113","齐老师"
"27554343","李哲","男","26088457","演员","否","999","26088457","他来了，请闭眼","电视剧","2015-10-15","中国大陆","2015","剧情/悬疑","有评分","6.7","74395","74395","706","52176963","55108735","114","Evans-探员"
"27555895","尹正","男","26671336","演员","是","9","26671336","得闲谨制","电影","2025-12-06","中国大陆","2025","剧情/战争","有评分","6.9","268554","268554","1361","53342721","55111839","115","大河原"
"27555895","尹正","男","26088457","演员","是","5","26088457","他来了，请闭眼","电视剧","2015-10-15","中国大陆","2015","剧情/悬疑","有评分","6.7","74395","74395","706","52176963","55111839","116","傅子遇"
"27502893","祖峰","男","35033654","演员","是","16","35033654","山海情","电视剧","2021-01-12","中国大陆","2021","剧情","有评分","9.2","481571","481571","2105","70067357","55005835","117","白崇礼"
"27502893","祖峰","男","26743573","演员","是","11","26743573","欢乐颂2","电视剧","2017-05-11","中国大陆","2017","剧情/爱情","有评分","5.4","154450","154450","913","53487195","55005835","118","魏渭/奇点"
"27502893","祖峰","男","26671336","演员","是","10","26671336","得闲谨制","电影","2025-12-06","中国大陆","2025","剧情/战争","有评分","6.9","268554","268554","1361","53342721","55005835","119","江防军副团长"
"27502893","祖峰","男","26430092","演员","是","6","26430092","欢乐颂","电视剧","2016-04-18","中国大陆","2016","剧情/爱情","有评分","7.5","353514","353514","1628","52860233","55005835","120","魏渭/奇点"
"27484243","夏铭浩","男","26928226","演员","否","999","26928226","知否知否应是绿肥红瘦","电视剧","2018-12-25","中国大陆","2018","剧情/爱情/古装","有评分","8.0","695224","695224","2358","53856501","54968535","121","孙志高"
"27553878","李宏磊","男","36571896","演员","否","999","36571896","命悬一生","电视剧","2025-10-11","中国大陆","2025","剧情/悬疑","有评分","7.7","85010","85010","809","73143841","55107805","122","大宏"
"27553878","李宏磊","男","36534750","演员","是","22","36534750","小巷人家","电视剧","2024-10-28","中国大陆","2024","剧情/家庭","有评分","8.4","287902","287902","1555","73069549","55107805","123","庄赶美"
"27553878","李宏磊","男","36189205","演员","否","999","36189205","凡人歌","电视剧","2024-08-31","中国大陆","2024","剧情/喜剧","有评分","7.7","77700","77700","773","72378459","55107805","124","蔡经理"
"27553878","李宏磊","男","35588265","演员","否","999","35588265","樱桃琥珀","电视剧","2025-07-14","中国大陆","2025","剧情/爱情","有评分","5.7","38891","38891","471","71176579","55107805","125","小张"
"27553878","李宏磊","男","27088993","演员","否","999","27088993","都挺好","电视剧","2019-03-01","中国大陆","2019","剧情/家庭","有评分","7.7","394106","394106","1742","54178035","55107805","126","男同学"
"27553878","李宏磊","男","26671336","演员","否","999","26671336","得闲谨制","电影","2025-12-06","中国大陆","2025","剧情/战争","有评分","6.9","268554","268554","1361","53342721","55107805","127","船上民众"
"27504421","黄轩","男","36571896","演员","是","1","36571896","命悬一生","电视剧","2025-10-11","中国大陆","2025","剧情/悬疑","有评分","7.7","85010","85010","809","73143841","55008891","128","徐庆利"
"27504421","黄轩","男","35033654","演员","是","1","35033654","山海情","电视剧","2021-01-12","中国大陆","2021","剧情","有评分","9.2","481571","481571","2105","70067357","55008891","129","马得福"
"27504421","黄轩","男","34792296","演员","是","1","34792296","欢迎光临","电视剧","2022-05-18","中国大陆","2022","剧情/喜剧/爱情","有评分","6.4","56516","56516","601","69584641","55008891","130","张光正"
"27552918","魏玉海","男","26759908","动作指导","否","999","26759908","清平乐","电视剧","2020-04-07","中国大陆","2020","剧情/古装","有评分","6.4","173456","173456","1054","53519865","55105885","131",
"27552918","魏玉海","男","26665065","动作导演","否","999","26665065","琅琊榜之风起长林","电视剧","2017-12-18","中国大陆","2017","剧情/古装","有评分","8.4","210088","210088","1328","53330179","55105885","132",
"27487208","任学海","男","30421903","演员","否","999","30421903","淬火年代","电视剧","2025-06-18","中国大陆","2025","剧情","有评分","7.0","21373","21373","387","60843855","54974465","133","张教授"
"27487208","任学海","男","26759908","演员","是","34","26759908","清平乐","电视剧","2020-04-07","中国大陆","2020","剧情/古装","有评分","6.4","173456","173456","1054","53519865","54974465","134","章得象"
"27538976","吴越","女","35613241","演员","是","2","35613241","县委大院","电视剧","2022-12-07","中国大陆","2022","剧情","有评分","6.8","109693","109693","864","71226531","55078001","135","艾鲜枝"
"27538976","吴越","女","26759908","演员","是","10","26759908","清平乐","电视剧","2020-04-07","中国大陆","2020","剧情/古装","有评分","6.4","173456","173456","1054","53519865","55078001","136","刘娥"
"27503656","叶祖新","男","26759908","演员","是","6","26759908","清平乐","电视剧","2020-04-07","中国大陆","2020","剧情/古装","有评分","6.4","173456","173456","1054","53519865","55007361","137","张茂则"
"27483661","江疏影","女","26779426","演员","是","1","26779426","欢乐颂3","电视剧","2022-08-11","中国大陆","2022","剧情/爱情","有评分","4.9","41716","41716","452","53558901","54967371","138","叶蓁蓁"
"27483661","江疏影","女","26759908","演员","是","2","26759908","清平乐","电视剧","2020-04-07","中国大陆","2020","剧情/古装","有评分","6.4","173456","173456","1054","53519865","54967371","139","曹皇后曹丹姝"
"27546746","张雨剑","男","36571896","演员","是","13","36571896","命悬一生","电视剧","2025-10-11","中国大陆","2025","剧情/悬疑","有评分","7.7","85010","85010","809","73143841","55093541","140","张业务员"
"27546746","张雨剑","男","25754848","演员","是","28","25754848","琅琊榜","电视剧","2015-09-19","中国大陆","2015","剧情/古装","有评分","9.4","919060","919060","2939","51509745","55093541","141","列战英"
"27557999","孙梦佳","女","34792296","演员","是","60","34792296","欢迎光临","电视剧","2022-05-18","中国大陆","2022","剧情/喜剧/爱情","有评分","6.4","56516","56516","601","69584641","55116047","142","店员乙"
"27557999","孙梦佳","女","33442331","演员","是","35","33442331","我是余欢水","电视剧","2020-04-06","中国大陆","2020","剧情","有评分","7.3","324953","324953","1540","66884711","55116047","143","弟媳妇"
"27557999","孙梦佳","女","26683725","演员","是","59","26683725","外科风云","电视剧","2017-04-17","中国大陆","2017","剧情/爱情","有评分","7.3","94754","94754","832","53367499","55116047","144","曹月"
"27557999","孙梦佳","女","26088457","演员","是","17","26088457","他来了，请闭眼","电视剧","2015-10-15","中国大陆","2015","剧情/悬疑","有评分","6.7","74395","74395","706","52176963","55116047","145","薛青"
"27557999","孙梦佳","女","25994712","演员","是","18","25994712","伪装者","电视剧","2015-08-31","中国大陆","2015","剧情/悬疑","有评分","8.6","382758","382758","1814","51989473","55116047","146","朱徽茵"
"27557999","孙梦佳","女","25754848","演员","是","50","25754848","琅琊榜","电视剧","2015-09-19","中国大陆","2015","剧情/古装","有评分","9.4","919060","919060","2939","51509745","55116047","147","小新"
"27550730","徐百慧","女","34792295","演员","是","60","34792295","乔家的儿女","电视剧","2021-08-17","中国大陆","2021","剧情/家庭","有评分","7.7","235622","235622","1347","69584639","55101509","152","傅阿姨"
"27504396","关晓彤","女","36534750","演员","是","6","36534750","小巷人家","电视剧","2024-10-28","中国大陆","2024","剧情/家庭","有评分","8.4","287902","287902","1555","73069549","55008841","153","庄筱婷"
"27554224","朱蓉蓉","女","26665065","配音","否","999","26665065","琅琊榜之风起长林","电视剧","2017-12-18","中国大陆","2017","剧情/古装","有评分","8.4","210088","210088","1328","53330179","55108497","154",
"27243466","黄磊","男","35613241","演员","是","4","35613241","县委大院","电视剧","2022-12-07","中国大陆","2022","剧情","有评分","6.8","109693","109693","864","71226531","54486981","155","吕青山"
"27217832","洪秀儿","女","25870290","演员","是","13","25870290","温州两家人","电视剧","2015-11-26","中国大陆","2015","剧情","有评分","7.8","7118","7118","236","51740629","54435713","156","闵孝真"
"27484088","李晔","男","36189205","演员","否","999","36189205","凡人歌","电视剧","2024-08-31","中国大陆","2024","剧情/喜剧","有评分","7.7","77700","77700","773","72378459","54968225","157","心理科医生"
"27483317","杨皓宇","男","30423905","演员","是","21","30423905","大江大河2","电视剧","2020-12-20","中国大陆","2020","剧情/历史","有评分","8.7","208072","208072","1345","60847859","54966683","158","季勇"
"27229205","李若彤","女","35588265","演员","否","999","35588265","樱桃琥珀","电视剧","2025-07-14","中国大陆","2025","剧情/爱情","有评分","5.7","38891","38891","471","71176579","54458459","159","卓雅琳"
"27483858","白茹","女","35588265","演员","否","999","35588265","樱桃琥珀","电视剧","2025-07-14","中国大陆","2025","剧情/爱情","有评分","5.7","38891","38891","471","71176579","54967765","160","老板娘"
"27503858","冯绍峰","男","26928226","演员","是","2","26928226","知否知否应是绿肥红瘦","电视剧","2018-12-25","中国大陆","2018","剧情/爱情/古装","有评分","8.0","695224","695224","2358","53856501","55007765","161","顾廷烨"
"27559520","彭梓桁","男","30421903","演员","否","999","30421903","淬火年代","电视剧","2025-06-18","中国大陆","2025","剧情","有评分","7.0","21373","21373","387","60843855","55119089","162","水根"
"27504368","吴超","男","35613241","演员","否","999","35613241","县委大院","电视剧","2022-12-07","中国大陆","2022","剧情","有评分","6.8","109693","109693","864","71226531","55008785","163","徐泳涛"
"27504368","吴超","男","34792296","演员","是","58","34792296","欢迎光临","电视剧","2022-05-18","中国大陆","2022","剧情/喜剧/爱情","有评分","6.4","56516","56516","601","69584641","55008785","164","吴总"
"27504368","吴超","男","30421903","演员","是","9","30421903","淬火年代","电视剧","2025-06-18","中国大陆","2025","剧情","有评分","7.0","21373","21373","387","60843855","55008785","165","朱经理"
"27483453","侯长荣","男","27088993","演员","是","13","27088993","都挺好","电视剧","2019-03-01","中国大陆","2019","剧情/家庭","有评分","7.7","394106","394106","1742","54178035","54966955","166","朱丽父亲"
"27483453","侯长荣","男","26779426","演员","否","999","26779426","欢乐颂3","电视剧","2022-08-11","中国大陆","2022","剧情/爱情","有评分","4.9","41716","41716","452","53558901","54966955","167","金明康"
"27547633","于慧","女","26779426","演员","否","999","26779426","欢乐颂3","电视剧","2022-08-11","中国大陆","2022","剧情/爱情","有评分","4.9","41716","41716","452","53558901","55095315","168",
"27495070","罗海琼","女","34792298","演员","是","5","34792298","相逢时节","电视剧","2022-02-23","中国大陆","2022","剧情","有评分","4.9","33169","33169","403","69584645","54990189","169","简敏敏"
"27495070","罗海琼","女","26779426","演员","是","8","26779426","欢乐颂3","电视剧","2022-08-11","中国大陆","2022","剧情/爱情","有评分","4.9","41716","41716","452","53558901","54990189","170",
"27552498","王彦懿","女","26928226","演员","否","999","26928226","知否知否应是绿肥红瘦","电视剧","2018-12-25","中国大陆","2018","剧情/爱情/古装","有评分","8.0","695224","695224","2358","53856501","55105045","171","顾五婶娘"
"27552498","王彦懿","女","26759908","演员","否","999","26759908","清平乐","电视剧","2020-04-07","中国大陆","2020","剧情/古装","有评分","6.4","173456","173456","1054","53519865","55105045","172","荷姐"
"27483022","王媛可","女","26759908","演员","是","37","26759908","清平乐","电视剧","2020-04-07","中国大陆","2020","剧情/古装","有评分","6.4","173456","173456","1054","53519865","54966093","173","梁家娘子"
"27503612","王凯","男","35321446","演员","是","1","35321446","大江大河之岁月如歌","电视剧","2024-01-08","中国大陆","2024","剧情","有评分","8.0","72953","72953","764","70642941","55007273","174","宋运辉"
"27503612","王凯","男","35033654","演员","是","7","35033654","山海情","电视剧","2021-01-12","中国大陆","2021","剧情","有评分","9.2","481571","481571","2105","70067357","55007273","175","潘书记"
"27503612","王凯","男","30423905","演员","是","1","30423905","大江大河2","电视剧","2020-12-20","中国大陆","2020","剧情/历史","有评分","8.7","208072","208072","1345","60847859","55007273","176","宋运辉"
"27503612","王凯","男","30421903","演员","是","15","30421903","淬火年代","电视剧","2025-06-18","中国大陆","2025","剧情","有评分","7.0","21373","21373","387","60843855","55007273","177","宋运辉"
"27503612","王凯","男","26797690","演员","是","1","26797690","大江大河","电视剧","2018-12-10","中国大陆","2018","剧情","有评分","8.8","260126","260126","1513","53595429","55007273","178","宋运辉"
"27503612","王凯","男","26759908","演员","是","1","26759908","清平乐","电视剧","2020-04-07","中国大陆","2020","剧情/古装","有评分","6.4","173456","173456","1054","53519865","55007273","179","宋仁宗赵祯"
"27503612","王凯","男","26743573","演员","是","6","26743573","欢乐颂2","电视剧","2017-05-11","中国大陆","2017","剧情/爱情","有评分","5.4","154450","154450","913","53487195","55007273","180","赵启平"
"27503612","王凯","男","26430092","演员","是","7","26430092","欢乐颂","电视剧","2016-04-18","中国大陆","2016","剧情/爱情","有评分","7.5","353514","353514","1628","52860233","55007273","181","赵启平"
"27503612","王凯","男","26345137","演员","是","1","26345137","如果蜗牛有爱情","电视剧","2016-10-24","中国大陆","2016","剧情/爱情/悬疑","有评分","7.2","105271","105271","871","52690323","55007273","182","季白"
"27503612","王凯","男","26088457","演员","是","4","26088457","他来了，请闭眼","电视剧","2015-10-15","中国大陆","2015","剧情/悬疑","有评分","6.7","74395","74395","706","52176963","55007273","183","李熏然"
"27503612","王凯","男","25994712","演员","是","4","25994712","伪装者","电视剧","2015-08-31","中国大陆","2015","剧情/悬疑","有评分","8.6","382758","382758","1814","51989473","55007273","184","明诚"
"27503612","王凯","男","25754848","演员","是","3","25754848","琅琊榜","电视剧","2015-09-19","中国大陆","2015","剧情/古装","有评分","9.4","919060","919060","2939","51509745","55007273","185","萧景琰"
"27503202","杨菲洋","女","26683725","演员","否","999","26683725","外科风云","电视剧","2017-04-17","中国大陆","2017","剧情/爱情","有评分","7.3","94754","94754","832","53367499","55006453","186","王巧慧"
"27558262","焦体怡","男","33442331","演员","是","39","33442331","我是余欢水","电视剧","2020-04-06","中国大陆","2020","剧情","有评分","7.3","324953","324953","1540","66884711","55116573","187","岳父"
"27558262","焦体怡","男","26797690","演员","否","999","26797690","大江大河","电视剧","2018-12-10","中国大陆","2018","剧情","有评分","8.8","260126","260126","1513","53595429","55116573","188","宫书记"
"27558262","焦体怡","男","26683725","演员","是","73","26683725","外科风云","电视剧","2017-04-17","中国大陆","2017","剧情/爱情","有评分","7.3","94754","94754","832","53367499","55116573","189","姜守仁"
"27558262","焦体怡","男","26665065","演员","否","999","26665065","琅琊榜之风起长林","电视剧","2017-12-18","中国大陆","2017","剧情/古装","有评分","8.4","210088","210088","1328","53330179","55116573","190","太医令"
"27558262","焦体怡","男","26345137","演员","是","11","26345137","如果蜗牛有爱情","电视剧","2016-10-24","中国大陆","2016","剧情/爱情/悬疑","有评分","7.2","105271","105271","871","52690323","55116573","191","叶澜远"
"27558262","焦体怡","男","25870290","演员","是","31","25870290","温州两家人","电视剧","2015-11-26","中国大陆","2015","剧情","有评分","7.8","7118","7118","236","51740629","55116573","192","刘大师"
"27550586","金泽灏","男","36571896","演员","是","16","36571896","命悬一生","电视剧","2025-10-11","中国大陆","2025","剧情/悬疑","有评分","7.7","85010","85010","809","73143841","55101221","193","陈更生"
"27550586","金泽灏","男","26743573","演员","否","999","26743573","欢乐颂2","电视剧","2017-05-11","中国大陆","2017","剧情/爱情","有评分","5.4","154450","154450","913","53487195","55101221","194","舒展"
"27550586","金泽灏","男","26683725","演员","是","9","26683725","外科风云","电视剧","2017-04-17","中国大陆","2017","剧情/爱情","有评分","7.3","94754","94754","832","53367499","55101221","195","方志伟"
"27550586","金泽灏","男","26665065","演员","是","19","26665065","琅琊榜之风起长林","电视剧","2017-12-18","中国大陆","2017","剧情/古装","有评分","8.4","210088","210088","1328","53330179","55101221","196","岳银川"
"27550586","金泽灏","男","26298935","演员","是","8","26298935","鬼吹灯之精绝古城","电视剧","2016-12-19","中国大陆","2016","剧情/悬疑/惊悚","有评分","7.9","274802","274802","1473","52597919","55101221","197","楚健"
"27550586","金泽灏","男","25870290","演员","是","11","25870290","温州两家人","电视剧","2015-11-26","中国大陆","2015","剧情","有评分","7.8","7118","7118","236","51740629","55101221","198","黄小威"
"27555903","苗苗","女","33442331","演员","是","2","33442331","我是余欢水","电视剧","2020-04-06","中国大陆","2020","剧情","有评分","7.3","324953","324953","1540","66884711","55111855","199","栾冰然"
"27548420","肖茵","女","36534750","演员","否","999","36534750","小巷人家","电视剧","2024-10-28","中国大陆","2024","剧情/家庭","有评分","8.4","287902","287902","1555","73069549","55096889","200","班主任"
"27484247","黄俊鹏","男","34792298","演员","是","24","34792298","相逢时节","电视剧","2022-02-23","中国大陆","2022","剧情","有评分","4.9","33169","33169","403","69584645","54968543","201","崔浩"
"27253119","丛珊","女","35613241","演员","否","999","35613241","县委大院","电视剧","2022-12-07","中国大陆","2022","剧情","有评分","6.8","109693","109693","864","71226531","54506287","202","乔麦母亲"
"27487552","刘仪伟","男","35613241","演员","是","32","35613241","县委大院","电视剧","2022-12-07","中国大陆","2022","剧情","有评分","6.8","109693","109693","864","71226531","54975153","203","书法家"
"27483510","苇青","女","35613241","演员","是","29","35613241","县委大院","电视剧","2022-12-07","中国大陆","2022","剧情","有评分","6.8","109693","109693","864","71226531","54967069","204","宝根妈"
"27504275","许宏宇","男","26671336","剪辑顾问","否","999","26671336","得闲谨制","电影","2025-12-06","中国大陆","2025","剧情/战争","有评分","6.9","268554","268554","1361","53342721","55008599","205",
"27481425","兰晓龙","男","26671336","编剧","是","1","26671336","得闲谨制","电影","2025-12-06","中国大陆","2025","剧情/战争","有评分","6.9","268554","268554","1361","53342721","54962899","206",
"27481220","杨立新","男","30423905","演员","是","51","30423905","大江大河2","电视剧","2020-12-20","中国大陆","2020","剧情/历史","有评分","8.7","208072","208072","1345","60847859","54962489","207","水书记"
"27481220","杨立新","男","26797690","演员","是","5","26797690","大江大河","电视剧","2018-12-10","中国大陆","2018","剧情","有评分","8.8","260126","260126","1513","53595429","54962489","208","水书记"
"27499809","万茜","女","35613241","演员","是","19","35613241","县委大院","电视剧","2022-12-07","中国大陆","2022","剧情","有评分","6.8","109693","109693","864","71226531","54999667","209","乔麦"
"27483450","王茂蕾","男","35588265","演员","否","999","35588265","樱桃琥珀","电视剧","2025-07-14","中国大陆","2025","剧情/爱情","有评分","5.7","38891","38891","471","71176579","54966949","210","秦大用"
"27504283","张铎","男","35588265","演员","是","6","35588265","樱桃琥珀","电视剧","2025-07-14","中国大陆","2025","剧情/爱情","有评分","5.7","38891","38891","471","71176579","55008615","211","蒋政"
"27485070","丁墨","女","26345137","原著作者","否","999","26345137","如果蜗牛有爱情","电视剧","2016-10-24","中国大陆","2016","剧情/爱情/悬疑","有评分","7.2","105271","105271","871","52690323","54970189","212",
"27485070","丁墨","女","26088457","原著作者","否","999","26088457","他来了，请闭眼","电视剧","2015-10-15","中国大陆","2015","剧情/悬疑","有评分","6.7","74395","74395","706","52176963","54970189","213",
"27485070","丁墨","女","26088457","作词","否","999","26088457","他来了，请闭眼","电视剧","2015-10-15","中国大陆","2015","剧情/悬疑","有评分","6.7","74395","74395","706","52176963","54970189","214",
"27484266","王靖云","女","26928226","演员","否","999","26928226","知否知否应是绿肥红瘦","电视剧","2018-12-25","中国大陆","2018","剧情/爱情/古装","有评分","8.0","695224","695224","2358","53856501","54968581","215","白氏"
"27484751","徐悦","女","26928226","演员","是","21","26928226","知否知否应是绿肥红瘦","电视剧","2018-12-25","中国大陆","2018","剧情/爱情/古装","有评分","8.0","695224","695224","2358","53856501","54969551","216","盛品兰"
"27484751","徐悦","女","26345137","演员","是","3","26345137","如果蜗牛有爱情","电视剧","2016-10-24","中国大陆","2016","剧情/爱情/悬疑","有评分","7.2","105271","105271","871","52690323","54969551","217","姚檬"
"27499808","齐欢","女","35613241","演员","是","42","35613241","县委大院","电视剧","2022-12-07","中国大陆","2022","剧情","有评分","6.8","109693","109693","864","71226531","54999665","218","梅晓诗"
"27499808","齐欢","女","30421903","演员","否","999","30421903","淬火年代","电视剧","2025-06-18","中国大陆","2025","剧情","有评分","7.0","21373","21373","387","60843855","54999665","219","崔母"
"27488664","朱泳腾","男","34792295","演员","是","46","34792295","乔家的儿女","电视剧","2021-08-17","中国大陆","2021","剧情/家庭","有评分","7.7","235622","235622","1347","69584639","54977377","220","齐志强"
"27488664","朱泳腾","男","26779426","演员","否","999","26779426","欢乐颂3","电视剧","2022-08-11","中国大陆","2022","剧情/爱情","有评分","4.9","41716","41716","452","53558901","54977377","221","季总"
"27497329","简川訸","男","36189205","导演","是","1","36189205","凡人歌","电视剧","2024-08-31","中国大陆","2024","剧情/喜剧","有评分","7.7","77700","77700","773","72378459","54994707","222",
"27497329","简川訸","男","34792298","导演","是","1","34792298","相逢时节","电视剧","2022-02-23","中国大陆","2022","剧情","有评分","4.9","33169","33169","403","69584645","54994707","223",
"27497329","简川訸","男","27088993","导演","是","1","27088993","都挺好","电视剧","2019-03-01","中国大陆","2019","剧情/家庭","有评分","7.7","394106","394106","1742","54178035","54994707","224",
"27497329","简川訸","男","26779426","导演","是","1","26779426","欢乐颂3","电视剧","2022-08-11","中国大陆","2022","剧情/爱情","有评分","4.9","41716","41716","452","53558901","54994707","225",
"27497329","简川訸","男","26743573","导演","是","1","26743573","欢乐颂2","电视剧","2017-05-11","中国大陆","2017","剧情/爱情","有评分","5.4","154450","154450","913","53487195","54994707","226",
"27497329","简川訸","男","26430092","导演","是","2","26430092","欢乐颂","电视剧","2016-04-18","中国大陆","2016","剧情/爱情","有评分","7.5","353514","353514","1628","52860233","54994707","227",
"27555470","丁文博","男","35332289","演员","是","49","35332289","开端","电视剧","2022-01-11","中国大陆","2022","剧情","有评分","7.9","968506","968506","2766","70664627","55110989","228","强子"
"27555470","丁文博","男","35321446","演员","否","999","35321446","大江大河之岁月如歌","电视剧","2024-01-08","中国大陆","2024","剧情","有评分","8.0","72953","72953","764","70642941","55110989","229","严贺平"
"27553993","耿黎明","女","25754848","演员","是","100","25754848","琅琊榜","电视剧","2015-09-19","中国大陆","2015","剧情/古装","有评分","9.4","919060","919060","2939","51509745","55108035","230","其红"
"27481053","郑毓芝","女","25754848","演员","是","14","25754848","琅琊榜","电视剧","2015-09-19","中国大陆","2015","剧情/古装","有评分","9.4","919060","919060","2939","51509745","54962155","231","太皇太后"
"27551206","冯韵之","女","26743573","演员","否","999","26743573","欢乐颂2","电视剧","2017-05-11","中国大陆","2017","剧情/爱情","有评分","5.4","154450","154450","913","53487195","55102461","232","徐工"
"27551206","冯韵之","女","26683725","演员","是","56","26683725","外科风云","电视剧","2017-04-17","中国大陆","2017","剧情/爱情","有评分","7.3","94754","94754","832","53367499","55102461","233","心理医生"
"27492252","金士杰","男","26683725","演员","是","11","26683725","外科风云","电视剧","2017-04-17","中国大陆","2017","剧情/爱情","有评分","7.3","94754","94754","832","53367499","54984553","234","修敏齐"
"27483485","蓝盈莹","女","26683725","演员","是","5","26683725","外科风云","电视剧","2017-04-17","中国大陆","2017","剧情/爱情","有评分","7.3","94754","94754","832","53367499","54967019","235","杨羽"
"27492502","沙宝亮","男","27088993","演唱","否","999","27088993","都挺好","电视剧","2019-03-01","中国大陆","2019","剧情/家庭","有评分","7.7","394106","394106","1742","54178035","54985053","245",
"27558388","金顺子","女","36534750","演员","否","999","36534750","小巷人家","电视剧","2024-10-28","中国大陆","2024","剧情/家庭","有评分","8.4","287902","287902","1555","73069549","55116825","246","李婶"
"27558388","金顺子","女","34792295","演员","否","999","34792295","乔家的儿女","电视剧","2021-08-17","中国大陆","2021","剧情/家庭","有评分","7.7","235622","235622","1347","69584639","55116825","247","方姨"
"27552731","陆忠","男","36534750","演员","否","999","36534750","小巷人家","电视剧","2024-10-28","中国大陆","2024","剧情/家庭","有评分","8.4","287902","287902","1555","73069549","55105511","248","史老师"
"27552731","陆忠","男","35321446","演员","否","999","35321446","大江大河之岁月如歌","电视剧","2024-01-08","中国大陆","2024","剧情","有评分","8.0","72953","72953","764","70642941","55105511","249","王主任"
"27552731","陆忠","男","34792295","演员","是","68","34792295","乔家的儿女","电视剧","2021-08-17","中国大陆","2021","剧情/家庭","有评分","7.7","235622","235622","1347","69584639","55105511","250","老冯"
"27541226","梁大维","男","34792296","演员","是","64","34792296","欢迎光临","电视剧","2022-05-18","中国大陆","2022","剧情/喜剧/爱情","有评分","6.4","56516","56516","601","69584641","55082501","251","梁大夫"
"27541226","梁大维","男","33442331","演员","是","20","33442331","我是余欢水","电视剧","2020-04-06","中国大陆","2020","剧情","有评分","7.3","324953","324953","1540","66884711","55082501","252","口罩男"
"27244725","丁嘉丽","女","34792296","演员","是","5","34792296","欢迎光临","电视剧","2022-05-18","中国大陆","2022","剧情/喜剧/爱情","有评分","6.4","56516","56516","601","69584641","54489499","253","孙彩霞"
"27480565","焦刚","男","35321446","演员","否","999","35321446","大江大河之岁月如歌","电视剧","2024-01-08","中国大陆","2024","剧情","有评分","8.0","72953","72953","764","70642941","54961179","254","高祥荣"
"27480565","焦刚","男","30423905","演员","是","11","30423905","大江大河2","电视剧","2020-12-20","中国大陆","2020","剧情/历史","有评分","8.7","208072","208072","1345","60847859","54961179","255","高祥荣"
"27558280","张乃华","男","26743573","演员","否","999","26743573","欢乐颂2","电视剧","2017-05-11","中国大陆","2017","剧情/爱情","有评分","5.4","154450","154450","913","53487195","55116609","256",
"27558280","张乃华","男","26430092","演员","是","24","26430092","欢乐颂","电视剧","2016-04-18","中国大陆","2016","剧情/爱情","有评分","7.5","353514","353514","1628","52860233","55116609","257","樊建国"
"27483066","涂凌","女","27088993","演员","是","18","27088993","都挺好","电视剧","2019-03-01","中国大陆","2019","剧情/家庭","有评分","7.7","394106","394106","1742","54178035","54966181","258","蔡根花"
"27483066","涂凌","女","26779426","演员","否","999","26779426","欢乐颂3","电视剧","2022-08-11","中国大陆","2022","剧情/爱情","有评分","4.9","41716","41716","452","53558901","54966181","259",
"27483880","郝洋","女","36571896","演员","是","25","36571896","命悬一生","电视剧","2025-10-11","中国大陆","2025","剧情/悬疑","有评分","7.7","85010","85010","809","73143841","54967809","260","孟母"
"27483880","郝洋","女","35613241","演员","否","999","35613241","县委大院","电视剧","2022-12-07","中国大陆","2022","剧情","有评分","6.8","109693","109693","864","71226531","54967809","261","袁小英"
"27483880","郝洋","女","34792296","演员","是","46","34792296","欢迎光临","电视剧","2022-05-18","中国大陆","2022","剧情/喜剧/爱情","有评分","6.4","56516","56516","601","69584641","54967809","262","陈精典母亲"
"27483495","冯鹏","男","36571896","演员","是","14","36571896","命悬一生","电视剧","2025-10-11","中国大陆","2025","剧情/悬疑","有评分","7.7","85010","85010","809","73143841","54967039","263","牛锐"
"27483495","冯鹏","男","35613241","演员","否","999","35613241","县委大院","电视剧","2022-12-07","中国大陆","2022","剧情","有评分","6.8","109693","109693","864","71226531","54967039","264"," 明路"
"27483495","冯鹏","男","33442331","演员","是","26","33442331","我是余欢水","电视剧","2020-04-06","中国大陆","2020","剧情","有评分","7.3","324953","324953","1540","66884711","54967039","265","业主"
"27484992","陆妍淇","女","26928226","演员","否","999","26928226","知否知否应是绿肥红瘦","电视剧","2018-12-25","中国大陆","2018","剧情/爱情/古装","有评分","8.0","695224","695224","2358","53856501","54970033","266","小蝶"
"27484992","陆妍淇","女","26759908","演员","是","25","26759908","清平乐","电视剧","2020-04-07","中国大陆","2020","剧情/古装","有评分","6.4","173456","173456","1054","53519865","54970033","267","董秋和"
"27484320","周艺华","男","26928226","演员","否","999","26928226","知否知否应是绿肥红瘦","电视剧","2018-12-25","中国大陆","2018","剧情/爱情/古装","有评分","8.0","695224","695224","2358","53856501","54968689","268","巴老福"
"27484320","周艺华","男","26665065","演员","否","999","26665065","琅琊榜之风起长林","电视剧","2017-12-18","中国大陆","2017","剧情/古装","有评分","8.4","210088","210088","1328","53330179","54968689","269","太常寺卿"
"27484320","周艺华","男","25754848","演员","是","73","25754848","琅琊榜","电视剧","2015-09-19","中国大陆","2015","剧情/古装","有评分","9.4","919060","919060","2939","51509745","54968689","270","范呈湘"
"27489127","郭东岳","男","27088993","选角","否","999","27088993","都挺好","电视剧","2019-03-01","中国大陆","2019","剧情/家庭","有评分","7.7","394106","394106","1742","54178035","54978303","271",
"27489127","郭东岳","男","26743573","选角","否","999","26743573","欢乐颂2","电视剧","2017-05-11","中国大陆","2017","剧情/爱情","有评分","5.4","154450","154450","913","53487195","54978303","272",
"27489127","郭东岳","男","26743573","演员","否","999","26743573","欢乐颂2","电视剧","2017-05-11","中国大陆","2017","剧情/爱情","有评分","5.4","154450","154450","913","53487195","54978303","273","Jackie"
"27489127","郭东岳","男","26430092","演员副导演","否","999","26430092","欢乐颂","电视剧","2016-04-18","中国大陆","2016","剧情/爱情","有评分","7.5","353514","353514","1628","52860233","54978303","274",
"27489127","郭东岳","男","26298935","演员副导演","否","999","26298935","鬼吹灯之精绝古城","电视剧","2016-12-19","中国大陆","2016","剧情/悬疑/惊悚","有评分","7.9","274802","274802","1473","52597919","54978303","275",
"27489127","郭东岳","男","25754848","演员","是","52","25754848","琅琊榜","电视剧","2015-09-19","中国大陆","2015","剧情/古装","有评分","9.4","919060","919060","2939","51509745","54978303","276","宇文暄"
"27552350","言杰","男","25754848","演员","是","43","25754848","琅琊榜","电视剧","2015-09-19","中国大陆","2015","剧情/古装","有评分","9.4","919060","919060","2939","51509745","55104749","277","卓青遥"
"27546734","张晓谦","男","35033654","演员","否","999","35033654","山海情","电视剧","2021-01-12","中国大陆","2021","剧情","有评分","9.2","481571","481571","2105","70067357","55093517","278","秘书小高"
"27546734","张晓谦","男","34792296","演员","是","26","34792296","欢迎光临","电视剧","2022-05-18","中国大陆","2022","剧情/喜剧/爱情","有评分","6.4","56516","56516","601","69584641","55093517","279","房产中介"
"27546734","张晓谦","男","26928226","演员","是","14","26928226","知否知否应是绿肥红瘦","电视剧","2018-12-25","中国大陆","2018","剧情/爱情/古装","有评分","8.0","695224","695224","2358","53856501","55093517","280","盛长枫"
"27546734","张晓谦","男","26743573","演员","否","999","26743573","欢乐颂2","电视剧","2017-05-11","中国大陆","2017","剧情/爱情","有评分","5.4","154450","154450","913","53487195","55093517","281","姚滨"
"27546734","张晓谦","男","26430092","演员","是","11","26430092","欢乐颂","电视剧","2016-04-18","中国大陆","2016","剧情/爱情","有评分","7.5","353514","353514","1628","52860233","55093517","282","姚滨"
"27546734","张晓谦","男","26345137","演员","是","8","26345137","如果蜗牛有爱情","电视剧","2016-10-24","中国大陆","2016","剧情/爱情/悬疑","有评分","7.2","105271","105271","871","52690323","55093517","283","杨宇"
"27546734","张晓谦","男","26298935","演员","是","11","26298935","鬼吹灯之精绝古城","电视剧","2016-12-19","中国大陆","2016","剧情/悬疑/惊悚","有评分","7.9","274802","274802","1473","52597919","55093517","284","尕娃"
"27546734","张晓谦","男","25994712","演员","否","999","25994712","伪装者","电视剧","2015-08-31","中国大陆","2015","剧情/悬疑","有评分","8.6","382758","382758","1814","51989473","55093517","285","飞机暗杀者"
"27546734","张晓谦","男","25754848","演员","是","13","25754848","琅琊榜","电视剧","2015-09-19","中国大陆","2015","剧情/古装","有评分","9.4","919060","919060","2939","51509745","55093517","286","穆青"
"27481058","李光复","男","26683725","演员","是","38","26683725","外科风云","电视剧","2017-04-17","中国大陆","2017","剧情/爱情","有评分","7.3","94754","94754","832","53367499","54962165","287","张亦民"
"27483818","李龙君","男","26345137","演员","是","14","26345137","如果蜗牛有爱情","电视剧","2016-10-24","中国大陆","2016","剧情/爱情/悬疑","有评分","7.2","105271","105271","871","52690323","54967685","288","梁宇"
"27497326","付美","女","26298935","演员","是","9","26298935","鬼吹灯之精绝古城","电视剧","2016-12-19","中国大陆","2016","剧情/悬疑/惊悚","有评分","7.9","274802","274802","1473","52597919","54994701","289","叶亦心"
"27551404","周波","男","35033654","演员","否","999","35033654","山海情","电视剧","2021-01-12","中国大陆","2021","剧情","有评分","9.2","481571","481571","2105","70067357","55102857","290","赵局长"
"27549694","田雷","男","35321446","演员","是","12","35321446","大江大河之岁月如歌","电视剧","2024-01-08","中国大陆","2024","剧情","有评分","8.0","72953","72953","764","70642941","55099437","291","史红伟"
"27549694","田雷","男","30423905","演员","是","15","30423905","大江大河2","电视剧","2020-12-20","中国大陆","2020","剧情/历史","有评分","8.7","208072","208072","1345","60847859","55099437","292","史红伟"
"27549694","田雷","男","26797690","演员","是","7","26797690","大江大河","电视剧","2018-12-10","中国大陆","2018","剧情","有评分","8.8","260126","260126","1513","53595429","55099437","293","红伟"
"27541411","孙大川","男","35321446","演员","否","999","35321446","大江大河之岁月如歌","电视剧","2024-01-08","中国大陆","2024","剧情","有评分","8.0","72953","72953","764","70642941","55082871","294","刘玉海"
"27541411","孙大川","男","34792296","演员","是","33","34792296","欢迎光临","电视剧","2022-05-18","中国大陆","2022","剧情/喜剧/爱情","有评分","6.4","56516","56516","601","69584641","55082871","295","庄医生"
"27541411","孙大川","男","30423905","演员","是","12","30423905","大江大河2","电视剧","2020-12-20","中国大陆","2020","剧情/历史","有评分","8.7","208072","208072","1345","60847859","55082871","296","刘玉海"
"27483555","郑奇","男","35588265","演员","否","999","35588265","樱桃琥珀","电视剧","2025-07-14","中国大陆","2025","剧情/爱情","有评分","5.7","38891","38891","471","71176579","54967159","297","蔡鹜"
"27558810","苏盛华","男","26743573","演员","否","999","26743573","欢乐颂2","电视剧","2017-05-11","中国大陆","2017","剧情/爱情","有评分","5.4","154450","154450","913","53487195","55117669","298","何云礼"
"27487507","杨青","女","26928226","演员","否","999","26928226","知否知否应是绿肥红瘦","电视剧","2018-12-25","中国大陆","2018","剧情/爱情/古装","有评分","8.0","695224","695224","2358","53856501","54975063","299","太后"
"27549418","贾媛媛","女","26928226","演员","是","39","26928226","知否知否应是绿肥红瘦","电视剧","2018-12-25","中国大陆","2018","剧情/爱情/古装","有评分","8.0","695224","695224","2358","53856501","55098885","300","曹锦绣"
"27549418","贾媛媛","女","26797690","演员","是","29","26797690","大江大河","电视剧","2018-12-10","中国大陆","2018","剧情","有评分","8.8","260126","260126","1513","53595429","55098885","301","士根媳妇"
"27549418","贾媛媛","女","26665065","演员","是","23","26665065","琅琊榜之风起长林","电视剧","2017-12-18","中国大陆","2017","剧情/古装","有评分","8.4","210088","210088","1328","53330179","55098885","302","掌事姑姑"
"27484253","蔡子伦","男","36571896","演员","否","999","36571896","命悬一生","电视剧","2025-10-11","中国大陆","2025","剧情/悬疑","有评分","7.7","85010","85010","809","73143841","54968555","303","话剧导演"
"27484253","蔡子伦","男","35613241","演员","否","999","35613241","县委大院","电视剧","2022-12-07","中国大陆","2022","剧情","有评分","6.8","109693","109693","864","71226531","54968555","304","派出所吴所长"
"27484253","蔡子伦","男","35033654","演员","否","999","35033654","山海情","电视剧","2021-01-12","中国大陆","2021","剧情","有评分","9.2","481571","481571","2105","70067357","54968555","305","记者周斌"
"27481229","喻恩泰","男","26759908","演员","是","7","26759908","清平乐","电视剧","2020-04-07","中国大陆","2020","剧情/古装","有评分","6.4","173456","173456","1054","53519865","54962507","306","晏殊"
"27484577","宝木中阳","男","26683725","配音","否","999","26683725","外科风云","电视剧","2017-04-17","中国大陆","2017","剧情/爱情","有评分","7.3","94754","94754","832","53367499","54969203","307",
"27484577","宝木中阳","男","26665065","配音导演","否","999","26665065","琅琊榜之风起长林","电视剧","2017-12-18","中国大陆","2017","剧情/古装","有评分","8.4","210088","210088","1328","53330179","54969203","308",
"27484577","宝木中阳","男","26665065","配音","否","999","26665065","琅琊榜之风起长林","电视剧","2017-12-18","中国大陆","2017","剧情/古装","有评分","8.4","210088","210088","1328","53330179","54969203","309",
"27484577","宝木中阳","男","25994712","配音","否","999","25994712","伪装者","电视剧","2015-08-31","中国大陆","2015","剧情/悬疑","有评分","8.6","382758","382758","1814","51989473","54969203","310",
"27484577","宝木中阳","男","25754848","配音","否","999","25754848","琅琊榜","电视剧","2015-09-19","中国大陆","2015","剧情/古装","有评分","9.4","919060","919060","2939","51509745","54969203","311",
"27560391","邵伟桐","男","26665065","演员","是","24","26665065","琅琊榜之风起长林","电视剧","2017-12-18","中国大陆","2017","剧情/古装","有评分","8.4","210088","210088","1328","53330179","55120831","312","何成"
"27560391","邵伟桐","男","26298935","演员","是","14","26298935","鬼吹灯之精绝古城","电视剧","2016-12-19","中国大陆","2016","剧情/悬疑/惊悚","有评分","7.9","274802","274802","1473","52597919","55120831","313","小刘"
"27553300","周小飞","女","34792295","演员","是","122","34792295","乔家的儿女","电视剧","2021-08-17","中国大陆","2021","剧情/家庭","有评分","7.7","235622","235622","1347","69584639","55106649","314","联防主任"
"27484188","王亚军","女","34792295","演员","是","34","34792295","乔家的儿女","电视剧","2021-08-17","中国大陆","2021","剧情/家庭","有评分","7.7","235622","235622","1347","69584639","54968425","315","一丁妈"
"27483209","褚栓忠","男","35613241","演员","否","999","35613241","县委大院","电视剧","2022-12-07","中国大陆","2022","剧情","有评分","6.8","109693","109693","864","71226531","54966467","316","张华"
"27480331","赵炳锐","男","35613241","演员","否","999","35613241","县委大院","电视剧","2022-12-07","中国大陆","2022","剧情","有评分","6.8","109693","109693","864","71226531","54960711","317","徐军"
"27551394","魏璐","女","34792296","演员","是","39","34792296","欢迎光临","电视剧","2022-05-18","中国大陆","2022","剧情/喜剧/爱情","有评分","6.4","56516","56516","601","69584641","55102837","318","璐璐"
"27495329","赵峥","男","35033654","演员","否","999","35033654","山海情","电视剧","2021-01-12","中国大陆","2021","剧情","有评分","9.2","481571","481571","2105","70067357","54990707","319","孙主任"
"27504382","韩秋池","男","36189205","演员","否","999","36189205","凡人歌","电视剧","2024-08-31","中国大陆","2024","剧情/喜剧","有评分","7.7","77700","77700","773","72378459","55008813","320","媒介部总监"
"27550731","董冬冬","男","27088993","作曲","否","999","27088993","都挺好","电视剧","2019-03-01","中国大陆","2019","剧情/家庭","有评分","7.7","394106","394106","1742","54178035","55101511","321",
"27550731","董冬冬","男","26743573","作曲","否","999","26743573","欢乐颂2","电视剧","2017-05-11","中国大陆","2017","剧情/爱情","有评分","5.4","154450","154450","913","53487195","55101511","322",
"27556509","赵秦","女","36534750","演员","否","999","36534750","小巷人家","电视剧","2024-10-28","中国大陆","2024","剧情/家庭","有评分","8.4","287902","287902","1555","73069549","55113067","323","陈老师"
"27556509","赵秦","女","26928226","演员","是","38","26928226","知否知否应是绿肥红瘦","电视剧","2018-12-25","中国大陆","2018","剧情/爱情/古装","有评分","8.0","695224","695224","2358","53856501","55113067","324","余嫣红"
"27537494","陈瑾","女","27088993","演员","是","8","27088993","都挺好","电视剧","2019-03-01","中国大陆","2019","剧情/家庭","有评分","7.7","394106","394106","1742","54178035","55075037","325","赵美兰"
"27537494","陈瑾","女","26928226","演员","是","12","26928226","知否知否应是绿肥红瘦","电视剧","2018-12-25","中国大陆","2018","剧情/爱情/古装","有评分","8.0","695224","695224","2358","53856501","55075037","326","平宁郡主"
"27537494","陈瑾","女","26743573","演员","否","999","26743573","欢乐颂2","电视剧","2017-05-11","中国大陆","2017","剧情/爱情","有评分","5.4","154450","154450","913","53487195","55075037","327",
"27483102","周德华","男","35613241","演员","否","999","35613241","县委大院","电视剧","2022-12-07","中国大陆","2022","剧情","有评分","6.8","109693","109693","864","71226531","54966253","328","崔二"
"27483102","周德华","男","30421903","演员","否","999","30421903","淬火年代","电视剧","2025-06-18","中国大陆","2025","剧情","有评分","7.0","21373","21373","387","60843855","54966253","329","全老板"
"27484901","钱洁","女","35321446","演员","否","999","35321446","大江大河之岁月如歌","电视剧","2024-01-08","中国大陆","2024","剧情","有评分","8.0","72953","72953","764","70642941","54969851","330","宋母"
"27484901","钱洁","女","34792298","演员","是","23","34792298","相逢时节","电视剧","2022-02-23","中国大陆","2022","剧情","有评分","4.9","33169","33169","403","69584645","54969851","331","王春萍"
"27484901","钱洁","女","30423905","演员","是","20","30423905","大江大河2","电视剧","2020-12-20","中国大陆","2020","剧情/历史","有评分","8.7","208072","208072","1345","60847859","54969851","332","宋母"
"27484901","钱洁","女","26797690","演员","是","18","26797690","大江大河","电视剧","2018-12-10","中国大陆","2018","剧情","有评分","8.8","260126","260126","1513","53595429","54969851","333","宋母"
"27484901","钱洁","女","26779426","演员","否","999","26779426","欢乐颂3","电视剧","2022-08-11","中国大陆","2022","剧情/爱情","有评分","4.9","41716","41716","452","53558901","54969851","334",
"27550319","石强","男","36571896","演员","否","999","36571896","命悬一生","电视剧","2025-10-11","中国大陆","2025","剧情/悬疑","有评分","7.7","85010","85010","809","73143841","55100687","335","陈伯"
"27550319","石强","男","30423905","演员","否","999","30423905","大江大河2","电视剧","2020-12-20","中国大陆","2020","剧情/历史","有评分","8.7","208072","208072","1345","60847859","55100687","336","苏科长"
"27554674","宋家腾","男","35332289","演员","是","7","35332289","开端","电视剧","2022-01-11","中国大陆","2022","剧情","有评分","7.9","968506","968506","2766","70664627","55109397","337","钥匙男"
"27554674","宋家腾","男","35321446","演员","否","999","35321446","大江大河之岁月如歌","电视剧","2024-01-08","中国大陆","2024","剧情","有评分","8.0","72953","72953","764","70642941","55109397","338","四宝"
"27554674","宋家腾","男","30423905","演员","是","48","30423905","大江大河2","电视剧","2020-12-20","中国大陆","2020","剧情/历史","有评分","8.7","208072","208072","1345","60847859","55109397","339","四宝"
"27554674","宋家腾","男","26797690","演员","是","26","26797690","大江大河","电视剧","2018-12-10","中国大陆","2018","剧情","有评分","8.8","260126","260126","1513","53595429","55109397","340","四宝"
"27484152","王虎城","男","35613241","演员","否","999","35613241","县委大院","电视剧","2022-12-07","中国大陆","2022","剧情","有评分","6.8","109693","109693","864","71226531","54968353","341"," 老支书"
"27484152","王虎城","男","35321446","演员","否","999","35321446","大江大河之岁月如歌","电视剧","2024-01-08","中国大陆","2024","剧情","有评分","8.0","72953","72953","764","70642941","54968353","342","张家阿伯"
"27484152","王虎城","男","25754848","演员","是","64","25754848","琅琊榜","电视剧","2015-09-19","中国大陆","2015","剧情/古装","有评分","9.4","919060","919060","2939","51509745","54968353","343","周玄清"
"27483283","公方敏","男","25754848","演员","是","44","25754848","琅琊榜","电视剧","2015-09-19","中国大陆","2015","剧情/古装","有评分","9.4","919060","919060","2939","51509745","54966615","344","十三先生"
"27552965","郑惠馨","女","26683725","演员","是","52","26683725","外科风云","电视剧","2017-04-17","中国大陆","2017","剧情/爱情","有评分","7.3","94754","94754","832","53367499","55105979","345","南南"
"27495154","董勇","男","35613241","演员","是","26","35613241","县委大院","电视剧","2022-12-07","中国大陆","2022","剧情","有评分","6.8","109693","109693","864","71226531","54990357","346","郭厅长"
"27495154","董勇","男","26683725","演员","是","35","26683725","外科风云","电视剧","2017-04-17","中国大陆","2017","剧情/爱情","有评分","7.3","94754","94754","832","53367499","54990357","347","吴天"
"27480632","杨雪","女","34792295","演员","是","51","34792295","乔家的儿女","电视剧","2021-08-17","中国大陆","2021","剧情/家庭","有评分","7.7","235622","235622","1347","69584639","54961313","348","文居岸妈"
"27217076","罗大佑","男","27088993","作词","否","999","27088993","都挺好","电视剧","2019-03-01","中国大陆","2019","剧情/家庭","有评分","7.7","394106","394106","1742","54178035","54434201","349",
"27556212","王璐","男","27088993","演员","否","999","27088993","都挺好","电视剧","2019-03-01","中国大陆","2019","剧情/家庭","有评分","7.7","394106","394106","1742","54178035","55112473","350","洪总秘书"
"27483274","张野","男","26345137","演员","是","16","26345137","如果蜗牛有爱情","电视剧","2016-10-24","中国大陆","2016","剧情/爱情/悬疑","有评分","7.2","105271","105271","871","52690323","54966597","351","小方"
"27547100","陈昊明","女","35321446","演员","否","999","35321446","大江大河之岁月如歌","电视剧","2024-01-08","中国大陆","2024","剧情","有评分","8.0","72953","72953","764","70642941","55094249","352","李霖"
"27484556","于鸿洲","男","36534750","演员","否","999","36534750","小巷人家","电视剧","2024-10-28","中国大陆","2024","剧情/家庭","有评分","8.4","287902","287902","1555","73069549","54969161","353","安厂长"
"27484556","于鸿洲","男","35321446","演员","否","999","35321446","大江大河之岁月如歌","电视剧","2024-01-08","中国大陆","2024","剧情","有评分","8.0","72953","72953","764","70642941","54969161","354","陈东柏"
"27482874","王新","男","35321446","演员","否","999","35321446","大江大河之岁月如歌","电视剧","2024-01-08","中国大陆","2024","剧情","有评分","8.0","72953","72953","764","70642941","54965797","355","曾忠祥"
"27491948","雷佳音","男","34792298","演员","是","1","34792298","相逢时节","电视剧","2022-02-23","中国大陆","2022","剧情","有评分","4.9","33169","33169","403","69584645","54983945","356","简宏成"
"27482736","邢宇飞","女","26298935","演员","是","18","26298935","鬼吹灯之精绝古城","电视剧","2016-12-19","中国大陆","2016","剧情/悬疑/惊悚","有评分","7.9","274802","274802","1473","52597919","54965521","357","燕子"
"27558322","刘凌志","男","34792296","演员","是","61","34792296","欢迎光临","电视剧","2022-05-18","中国大陆","2022","剧情/喜剧/爱情","有评分","6.4","56516","56516","601","69584641","55116693","358","社会大哥"
"27558324","傅晓娜","女","34792296","演员","是","20","34792296","欢迎光临","电视剧","2022-05-18","中国大陆","2022","剧情/喜剧/爱情","有评分","6.4","56516","56516","601","69584641","55116697","359","马大妈"
"27543309","杨筱艳","女","35033654","编剧","是","3","35033654","山海情","电视剧","2021-01-12","中国大陆","2021","剧情","有评分","9.2","481571","481571","2105","70067357","55086667","360",
"27543309","杨筱艳","女","34792295","编剧","是","1","34792295","乔家的儿女","电视剧","2021-08-17","中国大陆","2021","剧情/家庭","有评分","7.7","235622","235622","1347","69584639","55086667","361",
"27484967","苗亮","男","25870290","演员","是","44","25870290","温州两家人","电视剧","2015-11-26","中国大陆","2015","剧情","有评分","7.8","7118","7118","236","51740629","54969983","362","杜光宗"
"27552337","屠楠","男","26928226","演员","否","999","26928226","知否知否应是绿肥红瘦","电视剧","2018-12-25","中国大陆","2018","剧情/爱情/古装","有评分","8.0","695224","695224","2358","53856501","55104723","363","白亭预"
"27500333","铁政","男","34792298","演员","是","45","34792298","相逢时节","电视剧","2022-02-23","中国大陆","2022","剧情","有评分","4.9","33169","33169","403","69584645","55000715","364","青年张立新"
"27500333","铁政","男","26779426","演员","否","999","26779426","欢乐颂3","电视剧","2022-08-11","中国大陆","2022","剧情/爱情","有评分","4.9","41716","41716","452","53558901","55000715","365",
"27500333","铁政","男","26298935","演员","是","19","26298935","鬼吹灯之精绝古城","电视剧","2016-12-19","中国大陆","2016","剧情/悬疑/惊悚","有评分","7.9","274802","274802","1473","52597919","55000715","366","政委"
"27500333","铁政","男","26088457","演员","是","15","26088457","他来了，请闭眼","电视剧","2015-10-15","中国大陆","2015","剧情/悬疑","有评分","6.7","74395","74395","706","52176963","55000715","367","麦晨"
"27497501","代文雯","女","26759908","演员","否","999","26759908","清平乐","电视剧","2020-04-07","中国大陆","2020","剧情/古装","有评分","6.4","173456","173456","1054","53519865","54995051","368","周娘子"
"27552734","郭虹","女","30423905","演员","是","13","30423905","大江大河2","电视剧","2020-12-20","中国大陆","2020","剧情/历史","有评分","8.7","208072","208072","1345","60847859","55105517","369","杨母"
"27552734","郭虹","女","26797690","演员","是","31","26797690","大江大河","电视剧","2018-12-10","中国大陆","2018","剧情","有评分","8.8","260126","260126","1513","53595429","55105517","370","杨母"
"27552734","郭虹","女","26759908","演员","是","29","26759908","清平乐","电视剧","2020-04-07","中国大陆","2020","剧情/古装","有评分","6.4","173456","173456","1054","53519865","55105517","371","李玮母亲"
"27552734","郭虹","女","25994712","演员","是","15","25994712","伪装者","电视剧","2015-08-31","中国大陆","2015","剧情/悬疑","有评分","8.6","382758","382758","1814","51989473","55105517","372","桂姨"
"27485056","白玉","女","25754848","演员","是","98","25754848","琅琊榜","电视剧","2015-09-19","中国大陆","2015","剧情/古装","有评分","9.4","919060","919060","2939","51509745","54970161","373","李老夫人"
"27546735","匡牧野","男","26298935","演员","是","10","26298935","鬼吹灯之精绝古城","电视剧","2016-12-19","中国大陆","2016","剧情/悬疑/惊悚","有评分","7.9","274802","274802","1473","52597919","55093519","374","萨帝鹏"
"27546735","匡牧野","男","25754848","演员","是","21","25754848","琅琊榜","电视剧","2015-09-19","中国大陆","2015","剧情/古装","有评分","9.4","919060","919060","2939","51509745","55093519","375","谢弼"
"27322289","刘琳","女","34792295","演员","是","16","34792295","乔家的儿女","电视剧","2021-08-17","中国大陆","2021","剧情/家庭","有评分","7.7","235622","235622","1347","69584639","54644627","376","魏淑芳"
"27322289","刘琳","女","26928226","演员","是","7","26928226","知否知否应是绿肥红瘦","电视剧","2018-12-25","中国大陆","2018","剧情/爱情/古装","有评分","8.0","695224","695224","2358","53856501","54644627","377","王若弗"
"27322289","刘琳","女","26743573","演员","否","999","26743573","欢乐颂2","电视剧","2017-05-11","中国大陆","2017","剧情/爱情","有评分","5.4","154450","154450","913","53487195","54644627","378","秀媛院长"
"27322289","刘琳","女","26683725","演员","是","36","26683725","外科风云","电视剧","2017-04-17","中国大陆","2017","剧情/爱情","有评分","7.3","94754","94754","832","53367499","54644627","379","张淑梅"
"27322289","刘琳","女","26665065","演员","是","17","26665065","琅琊榜之风起长林","电视剧","2017-12-18","中国大陆","2017","剧情/古装","有评分","8.4","210088","210088","1328","53330179","54644627","380","莱阳太夫人"
"27322289","刘琳","女","26430092","演员","是","35","26430092","欢乐颂","电视剧","2016-04-18","中国大陆","2016","剧情/爱情","有评分","7.5","353514","353514","1628","52860233","54644627","381","秀媛院长"
"27483004","张建栋","男","26683725","演员","是","30","26683725","外科风云","电视剧","2017-04-17","中国大陆","2017","剧情/爱情","有评分","7.3","94754","94754","832","53367499","54966057","382","夏传铭"
"27553889","马斑马","男","26665065","配音","否","999","26665065","琅琊榜之风起长林","电视剧","2017-12-18","中国大陆","2017","剧情/古装","有评分","8.4","210088","210088","1328","53330179","55107827","383",
"27502847","张艺兴","男","34792298","演员","是","3","34792298","相逢时节","电视剧","2022-02-23","中国大陆","2022","剧情","有评分","4.9","33169","33169","403","69584645","55005743","384","宁恕"
"27557921","曲哲明","男","34792296","演员","是","56","34792296","欢迎光临","电视剧","2022-05-18","中国大陆","2022","剧情/喜剧/爱情","有评分","6.4","56516","56516","601","69584641","55115891","385","瘦高男"
"27557921","曲哲明","男","34792295","演员","是","8","34792295","乔家的儿女","电视剧","2021-08-17","中国大陆","2021","剧情/家庭","有评分","7.7","235622","235622","1347","69584639","55115891","386","王一丁"
"27481055","胡珂瑜","女","34792296","演员","是","22","34792296","欢迎光临","电视剧","2022-05-18","中国大陆","2022","剧情/喜剧/爱情","有评分","6.4","56516","56516","601","69584641","54962159","387","虞母"
"27554035","顾海","男","35033654","演员","是","33","35033654","山海情","电视剧","2021-01-12","中国大陆","2021","剧情","有评分","9.2","481571","481571","2105","70067357","55108119","388","李老栓"
"27484503","杜建桥","男","30423905","演员","是","39","30423905","大江大河2","电视剧","2020-12-20","中国大陆","2020","剧情/历史","有评分","8.7","208072","208072","1345","60847859","54969055","389","老贺"
"27551285","李威","男","30423905","演员","是","37","30423905","大江大河2","电视剧","2020-12-20","中国大陆","2020","剧情/历史","有评分","8.7","208072","208072","1345","60847859","55102619","390","闵忠生"
"27551285","李威","男","26797690","演员","是","36","26797690","大江大河","电视剧","2018-12-10","中国大陆","2018","剧情","有评分","8.8","260126","260126","1513","53595429","55102619","391","闵忠生"
"27554673","梁国荣","男","30423905","演员","是","26","30423905","大江大河2","电视剧","2020-12-20","中国大陆","2020","剧情/历史","有评分","8.7","208072","208072","1345","60847859","55109395","392","梁爷爷"
"27251328","尹子维","男","26088457","演员","是","8","26088457","他来了，请闭眼","电视剧","2015-10-15","中国大陆","2015","剧情/悬疑","有评分","6.7","74395","74395","706","52176963","54502705","393","蔺漪阳"
"27251328","尹子维","男","25870290","演员","是","19","25870290","温州两家人","电视剧","2015-11-26","中国大陆","2015","剧情","有评分","7.8","7118","7118","236","51740629","54502705","394","姜逊成"
"27482976","夏凡","男","26743573","演员","否","999","26743573","欢乐颂2","电视剧","2017-05-11","中国大陆","2017","剧情/爱情","有评分","5.4","154450","154450","913","53487195","54966001","395",
"27482976","夏凡","男","26665065","演员","否","999","26665065","琅琊榜之风起长林","电视剧","2017-12-18","中国大陆","2017","剧情/古装","有评分","8.4","210088","210088","1328","53330179","54966001","396","东青"
"27487544","杨昆","女","35613241","演员","是","31","35613241","县委大院","电视剧","2022-12-07","中国大陆","2022","剧情","有评分","6.8","109693","109693","864","71226531","54975137","397","汤阿姨"
"27487544","杨昆","女","34792296","演员","是","6","34792296","欢迎光临","电视剧","2022-05-18","中国大陆","2022","剧情/喜剧/爱情","有评分","6.4","56516","56516","601","69584641","54975137","398","柳美莉"
"27487544","杨昆","女","26743573","演员","否","999","26743573","欢乐颂2","电视剧","2017-05-11","中国大陆","2017","剧情/爱情","有评分","5.4","154450","154450","913","53487195","54975137","399",
"27503610","王若伊","女","26743573","演员","否","999","26743573","欢乐颂2","电视剧","2017-05-11","中国大陆","2017","剧情/爱情","有评分","5.4","154450","154450","913","53487195","55007269","400","前女友"
"27503316","施诗","女","34792298","演员","是","19","34792298","相逢时节","电视剧","2022-02-23","中国大陆","2022","剧情","有评分","4.9","33169","33169","403","69584645","55006681","401","顾维维"
"27503316","施诗","女","26928226","演员","是","4","26928226","知否知否应是绿肥红瘦","电视剧","2018-12-25","中国大陆","2018","剧情/爱情/古装","有评分","8.0","695224","695224","2358","53856501","55006681","402","盛墨兰"
"27503316","施诗","女","26797690","演员","是","12","26797690","大江大河","电视剧","2018-12-10","中国大陆","2018","剧情","有评分","8.8","260126","260126","1513","53595429","55006681","403","戴娇凤"
"27503316","施诗","女","26665065","演员","是","25","26665065","琅琊榜之风起长林","电视剧","2017-12-18","中国大陆","2017","剧情/古装","有评分","8.4","210088","210088","1328","53330179","55006681","404","重华郡主"
"27503300","赵丽颖","女","26928226","演员","是","1","26928226","知否知否应是绿肥红瘦","电视剧","2018-12-25","中国大陆","2018","剧情/爱情/古装","有评分","8.0","695224","695224","2358","53856501","55006649","405","盛明兰"
"27485105","赵麒","男","30421903","演员","否","999","30421903","淬火年代","电视剧","2025-06-18","中国大陆","2025","剧情","有评分","7.0","21373","21373","387","60843855","54970259","406","赵总"
"27529608","吴玉芳","女","36189205","演员","否","999","36189205","凡人歌","电视剧","2024-08-31","中国大陆","2024","剧情/喜剧","有评分","7.7","77700","77700","773","72378459","55059265","407","那母"
"27529608","吴玉芳","女","30421903","演员","是","19","30421903","淬火年代","电视剧","2025-06-18","中国大陆","2025","剧情","有评分","7.0","21373","21373","387","60843855","55059265","408","傅秋芳"
"27546645","王彦霖","男","30421903","演员","是","3","30421903","淬火年代","电视剧","2025-06-18","中国大陆","2025","剧情","有评分","7.0","21373","21373","387","60843855","55093339","409","钱宏明"
"27480649","窦骁","男","26779426","演员","是","6","26779426","欢乐颂3","电视剧","2022-08-11","中国大陆","2022","剧情/爱情","有评分","4.9","41716","41716","452","53558901","54961347","410","戴维"
"27491506","曹苑","女","36571896","演员","否","999","36571896","命悬一生","电视剧","2025-10-11","中国大陆","2025","剧情/悬疑","有评分","7.7","85010","85010","809","73143841","54983061","411","豆姐"
"27491506","曹苑","女","26088457","演员","是","9","26088457","他来了，请闭眼","电视剧","2015-10-15","中国大陆","2015","剧情/悬疑","有评分","6.7","74395","74395","706","52176963","54983061","412","简萱"
"27491506","曹苑","女","25870290","演员","是","12","25870290","温州两家人","电视剧","2015-11-26","中国大陆","2015","剧情","有评分","7.8","7118","7118","236","51740629","54983061","413","侯小帆"
"27504402","车晓","女","26759908","演员","是","46","26759908","清平乐","电视剧","2020-04-07","中国大陆","2020","剧情/古装","有评分","6.4","173456","173456","1054","53519865","55008853","414","李兰慧"
"27485030","符涛","男","25754848","演员","是","36","25754848","琅琊榜","电视剧","2015-09-19","中国大陆","2015","剧情/古装","有评分","9.4","919060","919060","2939","51509745","54970109","415","路原"
"27483836","卫小雨","女","26683725","演员","是","78","26683725","外科风云","电视剧","2017-04-17","中国大陆","2017","剧情/爱情","有评分","7.3","94754","94754","832","53367499","54967721","416","常海燕"
"27528685","王庆祥","男","26683725","演员","是","31","26683725","外科风云","电视剧","2017-04-17","中国大陆","2017","剧情/爱情","有评分","7.3","94754","94754","832","53367499","55057419","417","庄恕父亲"
"27528685","王庆祥","男","26665065","演员","是","10","26665065","琅琊榜之风起长林","电视剧","2017-12-18","中国大陆","2017","剧情/古装","有评分","8.4","210088","210088","1328","53330179","55057419","418","老阁主"
"27495264","高鑫","男","27088993","演员","是","6","27088993","都挺好","电视剧","2019-03-01","中国大陆","2019","剧情/家庭","有评分","7.7","394106","394106","1742","54178035","54990577","419","苏明哲"
"27495264","高鑫","男","26683725","演员","是","25","26683725","外科风云","电视剧","2017-04-17","中国大陆","2017","剧情/爱情","有评分","7.3","94754","94754","832","53367499","54990577","420","年轻修敏齐"
"27495264","高鑫","男","25994712","演员","是","14","25994712","伪装者","电视剧","2015-08-31","中国大陆","2015","剧情/悬疑","有评分","8.6","382758","382758","1814","51989473","54990577","421","张月印"
"27495264","高鑫","男","25754848","演员","是","7","25754848","琅琊榜","电视剧","2015-09-19","中国大陆","2015","剧情/古装","有评分","9.4","919060","919060","2939","51509745","54990577","422","萧景宣"
"27557945","冯晖","男","35033654","演员","是","26","35033654","山海情","电视剧","2021-01-12","中国大陆","2021","剧情","有评分","9.2","481571","481571","2105","70067357","55115939","423","青铜峡高书记"
"27557945","冯晖","男","34792298","演员","是","27","34792298","相逢时节","电视剧","2022-02-23","中国大陆","2022","剧情","有评分","4.9","33169","33169","403","69584645","55115939","424","曹老师"
"27557945","冯晖","男","34792296","演员","是","45","34792296","欢迎光临","电视剧","2022-05-18","中国大陆","2022","剧情/喜剧/爱情","有评分","6.4","56516","56516","601","69584641","55115939","425","陈精典父亲"
"27557945","冯晖","男","34792295","演员","是","77","34792295","乔家的儿女","电视剧","2021-08-17","中国大陆","2021","剧情/家庭","有评分","7.7","235622","235622","1347","69584639","55115939","426","石厂长"
"27557945","冯晖","男","33442331","演员","是","6","33442331","我是余欢水","电视剧","2020-04-06","中国大陆","2020","剧情","有评分","7.3","324953","324953","1540","66884711","55115939","427","魏广军"
"27557945","冯晖","男","30423905","演员","是","8","30423905","大江大河2","电视剧","2020-12-20","中国大陆","2020","剧情/历史","有评分","8.7","208072","208072","1345","60847859","55115939","428","程厂长"
"27557945","冯晖","男","26928226","演员","是","19","26928226","知否知否应是绿肥红瘦","电视剧","2018-12-25","中国大陆","2018","剧情/爱情/古装","有评分","8.0","695224","695224","2358","53856501","55115939","429","新帝"
"27557945","冯晖","男","26797690","演员","是","24","26797690","大江大河","电视剧","2018-12-10","中国大陆","2018","剧情","有评分","8.8","260126","260126","1513","53595429","55115939","430","程厂长"
"27557945","冯晖","男","26759908","演员","是","14","26759908","清平乐","电视剧","2020-04-07","中国大陆","2020","剧情/古装","有评分","6.4","173456","173456","1054","53519865","55115939","431","夏竦"
"27557945","冯晖","男","26743573","演员","否","999","26743573","欢乐颂2","电视剧","2017-05-11","中国大陆","2017","剧情/爱情","有评分","5.4","154450","154450","913","53487195","55115939","432",
"27557945","冯晖","男","26683725","演员","是","14","26683725","外科风云","电视剧","2017-04-17","中国大陆","2017","剧情/爱情","有评分","7.3","94754","94754","832","53367499","55115939","433","姜明"
"27557945","冯晖","男","26665065","演员","否","999","26665065","琅琊榜之风起长林","电视剧","2017-12-18","中国大陆","2017","剧情/古装","有评分","8.4","210088","210088","1328","53330179","55115939","434","林深"
"27557945","冯晖","男","26430092","演员","是","21","26430092","欢乐颂","电视剧","2016-04-18","中国大陆","2016","剧情/爱情","有评分","7.5","353514","353514","1628","52860233","55115939","435","邱父"
"27557945","冯晖","男","26298935","演员","是","7","26298935","鬼吹灯之精绝古城","电视剧","2016-12-19","中国大陆","2016","剧情/悬疑/惊悚","有评分","7.9","274802","274802","1473","52597919","55115939","436","郝爱国"
"27557945","冯晖","男","25994712","演员","是","20","25994712","伪装者","电视剧","2015-08-31","中国大陆","2015","剧情/悬疑","有评分","8.6","382758","382758","1814","51989473","55115939","437","明堂"
"27557945","冯晖","男","25870290","演员","是","14","25870290","温州两家人","电视剧","2015-11-26","中国大陆","2015","剧情","有评分","7.8","7118","7118","236","51740629","55115939","438","王存根"
"27557945","冯晖","男","25754848","演员","是","40","25754848","琅琊榜","电视剧","2015-09-19","中国大陆","2015","剧情/古装","有评分","9.4","919060","919060","2939","51509745","55115939","439","沈追"
"27484731","张颖","女","35613241","演员","否","999","35613241","县委大院","电视剧","2022-12-07","中国大陆","2022","剧情","有评分","6.8","109693","109693","864","71226531","54969511","440","工商局工作人员"
"27484685","张世会","男","35613241","演员","否","999","35613241","县委大院","电视剧","2022-12-07","中国大陆","2022","剧情","有评分","6.8","109693","109693","864","71226531","54969419","441","郝东风父亲"
"27491891","张晨光","男","27088993","演员","是","9","27088993","都挺好","电视剧","2019-03-01","中国大陆","2019","剧情/家庭","有评分","7.7","394106","394106","1742","54178035","54983831","442","蒙志远"
"27491891","张晨光","男","26743573","演员","是","14","26743573","欢乐颂2","电视剧","2017-05-11","中国大陆","2017","剧情/爱情","有评分","5.4","154450","154450","913","53487195","54983831","443","包父"
"27558575","朱鹏程","男","26928226","演员","否","999","26928226","知否知否应是绿肥红瘦","电视剧","2018-12-25","中国大陆","2018","剧情/爱情/古装","有评分","8.0","695224","695224","2358","53856501","55117199","444","白老太公"
"27495367","涓子","女","34792295","演员","是","54","34792295","乔家的儿女","电视剧","2021-08-17","中国大陆","2021","剧情/家庭","有评分","7.7","235622","235622","1347","69584639","54990783","445","项母"
"27495367","涓子","女","26928226","演员","是","44","26928226","知否知否应是绿肥红瘦","电视剧","2018-12-25","中国大陆","2018","剧情/爱情/古装","有评分","8.0","695224","695224","2358","53856501","54990783","446","沈皇后"
"27483375","秦焰","男","26928226","演员","是","20","26928226","知否知否应是绿肥红瘦","电视剧","2018-12-25","中国大陆","2018","剧情/爱情/古装","有评分","8.0","695224","695224","2358","53856501","54966799","447","皇帝"
"27484304","宋梓侨","女","26759908","演员","否","999","26759908","清平乐","电视剧","2020-04-07","中国大陆","2020","剧情/古装","有评分","6.4","173456","173456","1054","53519865","54968657","448","张尧佐妻"
"27497306","沈保平","男","26759908","演员","否","999","26759908","清平乐","电视剧","2020-04-07","中国大陆","2020","剧情/古装","有评分","6.4","173456","173456","1054","53519865","54994661","449","范镇"
"27485784","陈小妹","女","36571896","演员","否","999","36571896","命悬一生","电视剧","2025-10-11","中国大陆","2025","剧情/悬疑","有评分","7.7","85010","85010","809","73143841","54971617","450","二舅妈"
"27485784","陈小妹","女","35332289","演员","是","34","35332289","开端","电视剧","2022-01-11","中国大陆","2022","剧情","有评分","7.9","968506","968506","2766","70664627","54971617","451","于大姐"
"27485784","陈小妹","女","35321446","演员","否","999","35321446","大江大河之岁月如歌","电视剧","2024-01-08","中国大陆","2024","剧情","有评分","8.0","72953","72953","764","70642941","54971617","452","雷忠富媳妇"
"27485784","陈小妹","女","33442331","演员","是","44","33442331","我是余欢水","电视剧","2020-04-06","中国大陆","2020","剧情","有评分","7.3","324953","324953","1540","66884711","54971617","453","李老师"
"27485784","陈小妹","女","26797690","演员","是","20","26797690","大江大河","电视剧","2018-12-10","中国大陆","2018","剧情","有评分","8.8","260126","260126","1513","53595429","54971617","454","忠富媳妇"
"27504260","黄觉","男","35613241","演员","是","20","35613241","县委大院","电视剧","2022-12-07","中国大陆","2022","剧情","有评分","6.8","109693","109693","864","71226531","55008569","455","蒋新民"
"27504260","黄觉","男","35332289","演员","是","5","35332289","开端","电视剧","2022-01-11","中国大陆","2022","剧情","有评分","7.9","968506","968506","2766","70664627","55008569","456","王兴德"
"27504260","黄觉","男","35321446","演员","是","8","35321446","大江大河之岁月如歌","电视剧","2024-01-08","中国大陆","2024","剧情","有评分","8.0","72953","72953","764","70642941","55008569","457","王持恒"
"27504260","黄觉","男","35033654","演员","是","4","35033654","山海情","电视剧","2021-01-12","中国大陆","2021","剧情","有评分","9.2","481571","481571","2105","70067357","55008569","458","凌一农"
"27504260","黄觉","男","26779426","演员","否","999","26779426","欢乐颂3","电视剧","2022-08-11","中国大陆","2022","剧情/爱情","有评分","4.9","41716","41716","452","53558901","55008569","459",
"27546024","韩振华","男","25754848","演员","是","46","25754848","琅琊榜","电视剧","2015-09-19","中国大陆","2015","剧情/古装","有评分","9.4","919060","919060","2939","51509745","55092097","460","柳澄"
"27235942","黄维德","男","25754848","演员","是","5","25754848","琅琊榜","电视剧","2015-09-19","中国大陆","2015","剧情/古装","有评分","9.4","919060","919060","2939","51509745","54471933","461","萧景桓"
"27488337","谭希和","男","35033654","演员","是","22","35033654","山海情","电视剧","2021-01-12","中国大陆","2021","剧情","有评分","9.2","481571","481571","2105","70067357","54976723","462","谭书记"
"27488337","谭希和","男","33442331","演员","是","34","33442331","我是余欢水","电视剧","2020-04-06","中国大陆","2020","剧情","有评分","7.3","324953","324953","1540","66884711","54976723","463","院长"
"27488337","谭希和","男","26928226","演员","是","18","26928226","知否知否应是绿肥红瘦","电视剧","2018-12-25","中国大陆","2018","剧情/爱情/古装","有评分","8.0","695224","695224","2358","53856501","54976723","464","顾五爷"
"27488337","谭希和","男","26759908","演员","是","16","26759908","清平乐","电视剧","2020-04-07","中国大陆","2020","剧情/古装","有评分","6.4","173456","173456","1054","53519865","54976723","465","吕夷简"
"27488337","谭希和","男","26743573","演员","否","999","26743573","欢乐颂2","电视剧","2017-05-11","中国大陆","2017","剧情/爱情","有评分","5.4","154450","154450","913","53487195","54976723","466","关雎尔父"
"27488337","谭希和","男","26683725","演员","是","71","26683725","外科风云","电视剧","2017-04-17","中国大陆","2017","剧情/爱情","有评分","7.3","94754","94754","832","53367499","54976723","467","林皓"
"27488337","谭希和","男","26430092","演员","是","22","26430092","欢乐颂","电视剧","2016-04-18","中国大陆","2016","剧情/爱情","有评分","7.5","353514","353514","1628","52860233","54976723","468","关雎尔父"
"27488337","谭希和","男","26345137","演员","是","20","26345137","如果蜗牛有爱情","电视剧","2016-10-24","中国大陆","2016","剧情/爱情/悬疑","有评分","7.2","105271","105271","871","52690323","54976723","469","胡志山"
"27488337","谭希和","男","25870290","演员","是","15","25870290","温州两家人","电视剧","2015-11-26","中国大陆","2015","剧情","有评分","7.8","7118","7118","236","51740629","54976723","470","江丐辉"
"27488337","谭希和","男","25754848","演员","是","25","25754848","琅琊榜","电视剧","2015-09-19","中国大陆","2015","剧情/古装","有评分","9.4","919060","919060","2939","51509745","54976723","471","高湛"
"27552308","司源","男","26683725","演员","是","67","26683725","外科风云","电视剧","2017-04-17","中国大陆","2017","剧情/爱情","有评分","7.3","94754","94754","832","53367499","55104665","472","林伟"
"27480243","倪大红","男","27088993","演员","是","2","27088993","都挺好","电视剧","2019-03-01","中国大陆","2019","剧情/家庭","有评分","7.7","394106","394106","1742","54178035","54960535","481","苏大强"
"27480597","李洪权","男","35321446","演员","否","999","35321446","大江大河之岁月如歌","电视剧","2024-01-08","中国大陆","2024","剧情","有评分","8.0","72953","72953","764","70642941","54961243","482","信贷主任"
"27496239","李倩","女","36534750","演员","是","11","36534750","小巷人家","电视剧","2024-10-28","中国大陆","2024","剧情/家庭","有评分","8.4","287902","287902","1555","73069549","54992527","483","张阿妹"
"27496239","李倩","女","35321446","演员","否","999","35321446","大江大河之岁月如歌","电视剧","2024-01-08","中国大陆","2024","剧情","有评分","8.0","72953","72953","764","70642941","54992527","484","许淑秀"
"27496239","李倩","女","33442331","演员","是","17","33442331","我是余欢水","电视剧","2020-04-06","中国大陆","2020","剧情","有评分","7.3","324953","324953","1540","66884711","54992527","485","张妈妈"
"27484943","杜子名","男","35613241","演员","否","999","35613241","县委大院","电视剧","2022-12-07","中国大陆","2022","剧情","有评分","6.8","109693","109693","864","71226531","54969935","486","城管队长"
"27483089","郭广平","男","35613241","演员","是","33","35613241","县委大院","电视剧","2022-12-07","中国大陆","2022","剧情","有评分","6.8","109693","109693","864","71226531","54966227","487","谷文章"
"27483089","郭广平","男","26797690","演员","是","33","26797690","大江大河","电视剧","2018-12-10","中国大陆","2018","剧情","有评分","8.8","260126","260126","1513","53595429","54966227","488","莫老师"
"27235134","姚晨","女","35033654","演员","是","5","35033654","山海情","电视剧","2021-01-12","中国大陆","2021","剧情","有评分","9.2","481571","481571","2105","70067357","54470317","489","吴月娟"
"27235134","姚晨","女","27088993","演员","是","1","27088993","都挺好","电视剧","2019-03-01","中国大陆","2019","剧情/家庭","有评分","7.7","394106","394106","1742","54178035","54470317","490","苏明玉"
"27484636","王鑫","男","30423905","演员","是","22","30423905","大江大河2","电视剧","2020-12-20","中国大陆","2020","剧情/历史","有评分","8.7","208072","208072","1345","60847859","54969321","491","老徐（徐县长）"
"27484636","王鑫","男","26797690","演员","是","16","26797690","大江大河","电视剧","2018-12-10","中国大陆","2018","剧情","有评分","8.8","260126","260126","1513","53595429","54969321","492","徐县长"
"27559357","袁晓旭","女","35588265","演员","否","999","35588265","樱桃琥珀","电视剧","2025-07-14","中国大陆","2025","剧情/爱情","有评分","5.7","38891","38891","471","71176579","55118763","493","曹双燕"
"27250367","保剑锋","男","35588265","演员","是","4","35588265","樱桃琥珀","电视剧","2025-07-14","中国大陆","2025","剧情/爱情","有评分","5.7","38891","38891","471","71176579","54500783","494","林海风"
"27489074","吴雨珏","女","26928226","演员","否","999","26928226","知否知否应是绿肥红瘦","电视剧","2018-12-25","中国大陆","2018","剧情/爱情/古装","有评分","8.0","695224","695224","2358","53856501","54978197","495","蕊初"
"27546999","王梓薇","女","26928226","演员","是","29","26928226","知否知否应是绿肥红瘦","电视剧","2018-12-25","中国大陆","2018","剧情/爱情/古装","有评分","8.0","695224","695224","2358","53856501","55094047","496","小桃"
"27482269","任重","男","35613241","演员","是","27","35613241","县委大院","电视剧","2022-12-07","中国大陆","2022","剧情","有评分","6.8","109693","109693","864","71226531","54964587","497","段迎九"
"27482269","任重","男","30421903","演员","否","999","30421903","淬火年代","电视剧","2025-06-18","中国大陆","2025","剧情","有评分","7.0","21373","21373","387","60843855","54964587","498","金老板"
"27482848","张志忠","男","36571896","演员","否","999","36571896","命悬一生","电视剧","2025-10-11","中国大陆","2025","剧情/悬疑","有评分","7.7","85010","85010","809","73143841","54965745","499","曾大爷"
"27483183","许毛毛","男","26759908","演员","是","39","26759908","清平乐","电视剧","2020-04-07","中国大陆","2020","剧情/古装","有评分","6.4","173456","173456","1054","53519865","54966415","500","宋真宗"
"27484217","任山","男","30421903","演员","否","999","30421903","淬火年代","电视剧","2025-06-18","中国大陆","2025","剧情","有评分","7.0","21373","21373","387","60843855","54968483","501","廖工"
"27484217","任山","男","26759908","演员","是","35","26759908","清平乐","电视剧","2020-04-07","中国大陆","2020","剧情/古装","有评分","6.4","173456","173456","1054","53519865","54968483","502","王曾"
"27502306","李感","男","35332289","演员","是","13","35332289","开端","电视剧","2022-01-11","中国大陆","2022","剧情","有评分","7.9","968506","968506","2766","70664627","55004661","503","江枫"
"27553892","杨晨","女","26759908","配音","否","999","26759908","清平乐","电视剧","2020-04-07","中国大陆","2020","剧情/古装","有评分","6.4","173456","173456","1054","53519865","55107833","504",
"27553892","杨晨","女","26743573","配音","否","999","26743573","欢乐颂2","电视剧","2017-05-11","中国大陆","2017","剧情/爱情","有评分","5.4","154450","154450","913","53487195","55107833","505",
"27553892","杨晨","女","26683725","配音","否","999","26683725","外科风云","电视剧","2017-04-17","中国大陆","2017","剧情/爱情","有评分","7.3","94754","94754","832","53367499","55107833","506",
"27553892","杨晨","女","25754848","配音","否","999","25754848","琅琊榜","电视剧","2015-09-19","中国大陆","2015","剧情/古装","有评分","9.4","919060","919060","2939","51509745","55107833","507",
"27484749","高海鹏","男","35613241","演员","否","999","35613241","县委大院","电视剧","2022-12-07","中国大陆","2022","剧情","有评分","6.8","109693","109693","864","71226531","54969547","508","刘晋飞"
"27484749","高海鹏","男","35332289","演员","是","23","35332289","开端","电视剧","2022-01-11","中国大陆","2022","剧情","有评分","7.9","968506","968506","2766","70664627","54969547","509","秦警官"
"27484749","高海鹏","男","35033654","演员","否","999","35033654","山海情","电视剧","2021-01-12","中国大陆","2021","剧情","有评分","9.2","481571","481571","2105","70067357","54969547","510","老赵"
"27484749","高海鹏","男","33442331","演员","是","21","33442331","我是余欢水","电视剧","2020-04-06","中国大陆","2020","剧情","有评分","7.3","324953","324953","1540","66884711","54969547","511","聂主任"
"27484749","高海鹏","男","26928226","演员","否","999","26928226","知否知否应是绿肥红瘦","电视剧","2018-12-25","中国大陆","2018","剧情/爱情/古装","有评分","8.0","695224","695224","2358","53856501","54969547","512","张郎中"
"27484749","高海鹏","男","26797690","演员","否","999","26797690","大江大河","电视剧","2018-12-10","中国大陆","2018","剧情","有评分","8.8","260126","260126","1513","53595429","54969547","513","黄国兴"
"27484749","高海鹏","男","26683725","演员","是","27","26683725","外科风云","电视剧","2017-04-17","中国大陆","2017","剧情/爱情","有评分","7.3","94754","94754","832","53367499","54969547","514","张默涵"
"27484749","高海鹏","男","26665065","演员","是","36","26665065","琅琊榜之风起长林","电视剧","2017-12-18","中国大陆","2017","剧情/古装","有评分","8.4","210088","210088","1328","53330179","54969547","515","元叔"
"27484749","高海鹏","男","26088457","演员","否","999","26088457","他来了，请闭眼","电视剧","2015-10-15","中国大陆","2015","剧情/悬疑","有评分","6.7","74395","74395","706","52176963","54969547","516","王叔"
"27485481","田丽","女","27088993","演员","是","14","27088993","都挺好","电视剧","2019-03-01","中国大陆","2019","剧情/家庭","有评分","7.7","394106","394106","1742","54178035","54971011","517","沈英殊"
"27556226","任正斌","男","26797690","演员","是","38","26797690","大江大河","电视剧","2018-12-10","中国大陆","2018","剧情","有评分","8.8","260126","260126","1513","53595429","55112501","518","韩总"
"27549894","王一","男","36534750","演员","否","999","36534750","小巷人家","电视剧","2024-10-28","中国大陆","2024","剧情/家庭","有评分","8.4","287902","287902","1555","73069549","55099837","519","张春雷"
"27482740","章申","男","35321446","演员","否","999","35321446","大江大河之岁月如歌","电视剧","2024-01-08","中国大陆","2024","剧情","有评分","8.0","72953","72953","764","70642941","54965529","520","沈浩星"
"27560040","冯千","男","26665065","演员","否","999","26665065","琅琊榜之风起长林","电视剧","2017-12-18","中国大陆","2017","剧情/古装","有评分","8.4","210088","210088","1328","53330179","55120129","521","李固"
"27560040","冯千","男","25994712","演员","是","25","25994712","伪装者","电视剧","2015-08-31","中国大陆","2015","剧情/悬疑","有评分","8.6","382758","382758","1814","51989473","55120129","522","汪芙蕖"
"27484307","黄精一","男","35033654","演员","否","999","35033654","山海情","电视剧","2021-01-12","中国大陆","2021","剧情","有评分","9.2","481571","481571","2105","70067357","54968663","523","老者"
"27552451","田昊","男","35033654","演员","否","999","35033654","山海情","电视剧","2021-01-12","中国大陆","2021","剧情","有评分","9.2","481571","481571","2105","70067357","55104951","524","马建川"
"27551435","柴碧云","女","35033654","演员","是","25","35033654","山海情","电视剧","2021-01-12","中国大陆","2021","剧情","有评分","9.2","481571","481571","2105","70067357","55102919","525","高青峡"
"27551435","柴碧云","女","34792296","演员","是","7","34792296","欢迎光临","电视剧","2022-05-18","中国大陆","2022","剧情/喜剧/爱情","有评分","6.4","56516","56516","601","69584641","55102919","526","佟娜娜"
"27482865","霍青","男","35321446","演员","否","999","35321446","大江大河之岁月如歌","电视剧","2024-01-08","中国大陆","2024","剧情","有评分","8.0","72953","72953","764","70642941","54965779","527","马保平"
"27482865","霍青","男","30423905","演员","是","6","30423905","大江大河2","电视剧","2020-12-20","中国大陆","2020","剧情/历史","有评分","8.7","208072","208072","1345","60847859","54965779","528","马保平"
"27559901","韩姝妹","女","36534750","演员","否","999","36534750","小巷人家","电视剧","2024-10-28","中国大陆","2024","剧情/家庭","有评分","8.4","287902","287902","1555","73069549","55119851","529","陈桂英"
"27559901","韩姝妹","女","36189205","演员","否","999","36189205","凡人歌","电视剧","2024-08-31","中国大陆","2024","剧情/喜剧","有评分","7.7","77700","77700","773","72378459","55119851","530","佳家母婴店负责人"
"27559901","韩姝妹","女","35321446","演员","否","999","35321446","大江大河之岁月如歌","电视剧","2024-01-08","中国大陆","2024","剧情","有评分","8.0","72953","72953","764","70642941","55119851","531","律师"
"27559901","韩姝妹","女","26430092","演员","否","999","26430092","欢乐颂","电视剧","2016-04-18","中国大陆","2016","剧情/爱情","有评分","7.5","353514","353514","1628","52860233","55119851","532","经理"
"27558785","曹毅","男","34792295","演员","是","55","34792295","乔家的儿女","电视剧","2021-08-17","中国大陆","2021","剧情/家庭","有评分","7.7","235622","235622","1347","69584639","55117619","533","项父"
"27558785","曹毅","男","26743573","演员","否","999","26743573","欢乐颂2","电视剧","2017-05-11","中国大陆","2017","剧情/爱情","有评分","5.4","154450","154450","913","53487195","55117619","534",
"27484123","谢承颖","女","36534750","演员","否","999","36534750","小巷人家","电视剧","2024-10-28","中国大陆","2024","剧情/家庭","有评分","8.4","287902","287902","1555","73069549","54968295","535","女工甲"
"27484123","谢承颖","女","26928226","演员","否","999","26928226","知否知否应是绿肥红瘦","电视剧","2018-12-25","中国大陆","2018","剧情/爱情/古装","有评分","8.0","695224","695224","2358","53856501","54968295","536","邕王妃"
"27484123","谢承颖","女","25994712","演员","是","28","25994712","伪装者","电视剧","2015-08-31","中国大陆","2015","剧情/悬疑","有评分","8.6","382758","382758","1814","51989473","54968295","537","梁太太"
"27483920","陈楚翰","男","30421903","演员","否","999","30421903","淬火年代","电视剧","2025-06-18","中国大陆","2025","剧情","有评分","7.0","21373","21373","387","60843855","54967889","538","方叔"
"27541412","王骁","男","36189205","演员","是","2","36189205","凡人歌","电视剧","2024-08-31","中国大陆","2024","剧情/喜剧","有评分","7.7","77700","77700","773","72378459","55082873","539","那伟"
"27541412","王骁","男","35613241","演员","是","8","35613241","县委大院","电视剧","2022-12-07","中国大陆","2022","剧情","有评分","6.8","109693","109693","864","71226531","55082873","540","乔胜利"
"27541412","王骁","男","26779426","演员","否","999","26779426","欢乐颂3","电视剧","2022-08-11","中国大陆","2022","剧情/爱情","有评分","4.9","41716","41716","452","53558901","55082873","541","崔先生"
"27547753","孙强","男","35613241","演员","是","34","35613241","县委大院","电视剧","2022-12-07","中国大陆","2022","剧情","有评分","6.8","109693","109693","864","71226531","55095555","542","路长宇"
"27547753","孙强","男","26779426","演员","否","999","26779426","欢乐颂3","电视剧","2022-08-11","中国大陆","2022","剧情/爱情","有评分","4.9","41716","41716","452","53558901","55095555","543","陶教授"
"27558002","李培铭","男","36571896","演员","否","999","36571896","命悬一生","电视剧","2025-10-11","中国大陆","2025","剧情/悬疑","有评分","7.7","85010","85010","809","73143841","55116053","544","梁大"
"27558002","李培铭","男","35613241","演员","否","999","35613241","县委大院","电视剧","2022-12-07","中国大陆","2022","剧情","有评分","6.8","109693","109693","864","71226531","55116053","545","纪东亮"
"27558002","李培铭","男","26345137","演员","是","18","26345137","如果蜗牛有爱情","电视剧","2016-10-24","中国大陆","2016","剧情/爱情/悬疑","有评分","7.2","105271","105271","871","52690323","55116053","546","战峰"
"27556534","胡夏","男","26928226","演唱","否","999","26928226","知否知否应是绿肥红瘦","电视剧","2018-12-25","中国大陆","2018","剧情/爱情/古装","有评分","8.0","695224","695224","2358","53856501","55113117","547",
"27556534","胡夏","男","26759908","演唱","否","999","26759908","清平乐","电视剧","2020-04-07","中国大陆","2020","剧情/古装","有评分","6.4","173456","173456","1054","53519865","55113117","548",
"27480970","邓英","女","26759908","演员","是","43","26759908","清平乐","电视剧","2020-04-07","中国大陆","2020","剧情/古装","有评分","6.4","173456","173456","1054","53519865","54961989","549","曹夫人"
"27550584","王汀","女","36189205","演员","否","999","36189205","凡人歌","电视剧","2024-08-31","中国大陆","2024","剧情/喜剧","有评分","7.7","77700","77700","773","72378459","55101217","550","刘燕"
"27550584","王汀","女","35332289","演员","是","37","35332289","开端","电视剧","2022-01-11","中国大陆","2022","剧情","有评分","7.9","968506","968506","2766","70664627","55101217","551","110接线员"
"27550584","王汀","女","26779426","演员","是","10","26779426","欢乐颂3","电视剧","2022-08-11","中国大陆","2022","剧情/爱情","有评分","4.9","41716","41716","452","53558901","55101217","552",
"27483570","蓝天","男","25754848","演员","是","113","25754848","琅琊榜","电视剧","2015-09-19","中国大陆","2015","剧情/古装","有评分","9.4","919060","919060","2939","51509745","54967189","553","成年庭生"
"27498367","孔笙","男","35613241","导演","是","1","35613241","县委大院","电视剧","2022-12-07","中国大陆","2022","剧情","有评分","6.8","109693","109693","864","71226531","54996783","554",
"27498367","孔笙","男","35321446","总导演","否","999","35321446","大江大河之岁月如歌","电视剧","2024-01-08","中国大陆","2024","剧情","有评分","8.0","72953","72953","764","70642941","54996783","555",
"27498367","孔笙","男","35033654","导演","是","1","35033654","山海情","电视剧","2021-01-12","中国大陆","2021","剧情","有评分","9.2","481571","481571","2105","70067357","54996783","556",
"27498367","孔笙","男","30423905","监制","否","999","30423905","大江大河2","电视剧","2020-12-20","中国大陆","2020","剧情/历史","有评分","8.7","208072","208072","1345","60847859","54996783","557",
"27498367","孔笙","男","26797690","导演","是","1","26797690","大江大河","电视剧","2018-12-10","中国大陆","2018","剧情","有评分","8.8","260126","260126","1513","53595429","54996783","558",
"27498367","孔笙","男","26743573","总监制","否","999","26743573","欢乐颂2","电视剧","2017-05-11","中国大陆","2017","剧情/爱情","有评分","5.4","154450","154450","913","53487195","54996783","559",
"27498367","孔笙","男","26671336","导演","是","1","26671336","得闲谨制","电影","2025-12-06","中国大陆","2025","剧情/战争","有评分","6.9","268554","268554","1361","53342721","54996783","560",
"27498367","孔笙","男","26665065","导演","是","1","26665065","琅琊榜之风起长林","电视剧","2017-12-18","中国大陆","2017","剧情/古装","有评分","8.4","210088","210088","1328","53330179","54996783","561",
"27498367","孔笙","男","26430092","导演","是","1","26430092","欢乐颂","电视剧","2016-04-18","中国大陆","2016","剧情/爱情","有评分","7.5","353514","353514","1628","52860233","54996783","562",
"27498367","孔笙","男","26298935","导演","是","1","26298935","鬼吹灯之精绝古城","电视剧","2016-12-19","中国大陆","2016","剧情/悬疑/惊悚","有评分","7.9","274802","274802","1473","52597919","54996783","563",
"27498367","孔笙","男","26088457","总监制","否","999","26088457","他来了，请闭眼","电视剧","2015-10-15","中国大陆","2015","剧情/悬疑","有评分","6.7","74395","74395","706","52176963","54996783","564",
"27498367","孔笙","男","25870290","导演","是","1","25870290","温州两家人","电视剧","2015-11-26","中国大陆","2015","剧情","有评分","7.8","7118","7118","236","51740629","54996783","565",
"27498367","孔笙","男","25754848","导演","是","1","25754848","琅琊榜","电视剧","2015-09-19","中国大陆","2015","剧情/古装","有评分","9.4","919060","919060","2939","51509745","54996783","566",
"27549470","罗昱焜","女","26683725","演员","是","75","26683725","外科风云","电视剧","2017-04-17","中国大陆","2017","剧情/爱情","有评分","7.3","94754","94754","832","53367499","55098989","567","蓉蓉"
"27484973","王永泉","男","36571896","演员","是","9","36571896","命悬一生","电视剧","2025-10-11","中国大陆","2025","剧情/悬疑","有评分","7.7","85010","85010","809","73143841","54969995","568","孙传海"
"27484973","王永泉","男","35613241","演员","是","24","35613241","县委大院","电视剧","2022-12-07","中国大陆","2022","剧情","有评分","6.8","109693","109693","864","71226531","54969995","569","老拐"
"27484973","王永泉","男","26928226","演员","是","22","26928226","知否知否应是绿肥红瘦","电视剧","2018-12-25","中国大陆","2018","剧情/爱情/古装","有评分","8.0","695224","695224","2358","53856501","54969995","570","兖王/英国公"
"27484973","王永泉","男","26797690","演员","是","9","26797690","大江大河","电视剧","2018-12-10","中国大陆","2018","剧情","有评分","8.8","260126","260126","1513","53595429","54969995","571","老书记"
"27484973","王永泉","男","26743573","演员","是","16","26743573","欢乐颂2","电视剧","2017-05-11","中国大陆","2017","剧情/爱情","有评分","5.4","154450","154450","913","53487195","54969995","572",
"27484973","王永泉","男","26683725","演员","是","19","26683725","外科风云","电视剧","2017-04-17","中国大陆","2017","剧情/爱情","有评分","7.3","94754","94754","832","53367499","54969995","573","董学斌"
"27484973","王永泉","男","26665065","演员","是","21","26665065","琅琊榜之风起长林","电视剧","2017-12-18","中国大陆","2017","剧情/古装","有评分","8.4","210088","210088","1328","53330179","54969995","574","黎老堂主"
"27484973","王永泉","男","26430092","演员","是","16","26430092","欢乐颂","电视剧","2016-04-18","中国大陆","2016","剧情/爱情","有评分","7.5","353514","353514","1628","52860233","54969995","575","曲父"
"27484973","王永泉","男","26298935","演员","是","5","26298935","鬼吹灯之精绝古城","电视剧","2016-12-19","中国大陆","2016","剧情/悬疑/惊悚","有评分","7.9","274802","274802","1473","52597919","54969995","576","安力满"
"27484973","王永泉","男","26088457","演员","是","16","26088457","他来了，请闭眼","电视剧","2015-10-15","中国大陆","2015","剧情/悬疑","有评分","6.7","74395","74395","706","52176963","54969995","577","李局长"
"27484973","王永泉","男","25870290","演员","是","17","25870290","温州两家人","电视剧","2015-11-26","中国大陆","2015","剧情","有评分","7.8","7118","7118","236","51740629","54969995","578","满叔"
"27484973","王永泉","男","25754848","演员","是","30","25754848","琅琊榜","电视剧","2015-09-19","中国大陆","2015","剧情/古装","有评分","9.4","919060","919060","2939","51509745","54969995","579","夏江"
"27484803","王煜","男","33442331","演员","是","32","33442331","我是余欢水","电视剧","2020-04-06","中国大陆","2020","剧情","有评分","7.3","324953","324953","1540","66884711","54969655","580","年轻上班族"
"27503637","叶青","女","33442331","演员","是","13","33442331","我是余欢水","电视剧","2020-04-06","中国大陆","2020","剧情","有评分","7.3","324953","324953","1540","66884711","55007323","581","唐韵"
"27483214","刘涛","男","36534750","演员","否","999","36534750","小巷人家","电视剧","2024-10-28","中国大陆","2024","剧情/家庭","有评分","8.4","287902","287902","1555","73069549","54966477","582","朱教授"
"27483214","刘涛","男","35321446","演员","否","999","35321446","大江大河之岁月如歌","电视剧","2024-01-08","中国大陆","2024","剧情","有评分","8.0","72953","72953","764","70642941","54966477","583","刘主任"
"27552650","刘昊然","男","35613241","演员","是","18","35613241","县委大院","电视剧","2022-12-07","中国大陆","2022","剧情","有评分","6.8","109693","109693","864","71226531","55105349","584","青年梅晓歌"
"27552650","刘昊然","男","26671336","鸣谢","否","999","26671336","得闲谨制","电影","2025-12-06","中国大陆","2025","剧情/战争","有评分","6.9","268554","268554","1361","53342721","55105349","585",
"27552650","刘昊然","男","26665065","演员","是","2","26665065","琅琊榜之风起长林","电视剧","2017-12-18","中国大陆","2017","剧情/古装","有评分","8.4","210088","210088","1328","53330179","55105349","586","萧平旌"
"27484905","贾景晖","男","35613241","演员","否","999","35613241","县委大院","电视剧","2022-12-07","中国大陆","2022","剧情","有评分","6.8","109693","109693","864","71226531","54969859","587","李东霖"
"27484905","贾景晖","男","34792296","演员","否","999","34792296","欢迎光临","电视剧","2022-05-18","中国大陆","2022","剧情/喜剧/爱情","有评分","6.4","56516","56516","601","69584641","54969859","588","虞鹏"
"27493373","林鹏","女","34792296","演员","是","52","34792296","欢迎光临","电视剧","2022-05-18","中国大陆","2022","剧情/喜剧/爱情","有评分","6.4","56516","56516","601","69584641","54986795","589","醉酒客人"
"27551896","郎月婷","女","35033654","演员","是","18","35033654","山海情","电视剧","2021-01-12","中国大陆","2021","剧情","有评分","9.2","481571","481571","2105","70067357","55103841","590","马秋红"
"27500388","王放","男","36189205","演员","否","999","36189205","凡人歌","电视剧","2024-08-31","中国大陆","2024","剧情/喜剧","有评分","7.7","77700","77700","773","72378459","55000825","591","沈磊单位科长"
"27542181","董子健","男","35321446","演员","是","3","35321446","大江大河之岁月如歌","电视剧","2024-01-08","中国大陆","2024","剧情","有评分","8.0","72953","72953","764","70642941","55084411","592","杨巡"
"27542181","董子健","男","30423905","演员","是","3","30423905","大江大河2","电视剧","2020-12-20","中国大陆","2020","剧情/历史","有评分","8.7","208072","208072","1345","60847859","55084411","593","杨巡"
"27542181","董子健","男","26797690","演员","是","3","26797690","大江大河","电视剧","2018-12-10","中国大陆","2018","剧情","有评分","8.8","260126","260126","1513","53595429","55084411","594","杨巡"
"27482758","王挺","男","35588265","演员","否","999","35588265","樱桃琥珀","电视剧","2025-07-14","中国大陆","2025","剧情/爱情","有评分","5.7","38891","38891","471","71176579","54965565","595","教导主任"
"27483106","章龄之","女","26088457","演员","是","6","26088457","他来了，请闭眼","电视剧","2015-10-15","中国大陆","2015","剧情/悬疑","有评分","6.7","74395","74395","706","52176963","54966261","596","尹姿琪"
"27548127","王自健","男","26779426","演员","否","999","26779426","欢乐颂3","电视剧","2022-08-11","中国大陆","2022","剧情/爱情","有评分","4.9","41716","41716","452","53558901","55096303","597",
"27558581","梅寒","女","26759908","演员","否","999","26759908","清平乐","电视剧","2020-04-07","中国大陆","2020","剧情/古装","有评分","6.4","173456","173456","1054","53519865","55117211","598","文彦博夫人"
"27494369","车永莉","女","26759908","演员","否","999","26759908","清平乐","电视剧","2020-04-07","中国大陆","2020","剧情/古装","有评分","6.4","173456","173456","1054","53519865","54988787","599",
"27559460","张欣源","女","26928226","演员","否","999","26928226","知否知否应是绿肥红瘦","电视剧","2018-12-25","中国大陆","2018","剧情/爱情/古装","有评分","8.0","695224","695224","2358","53856501","55118969","600","芸娘"
"27559460","张欣源","女","26759908","演员","是","45","26759908","清平乐","电视剧","2020-04-07","中国大陆","2020","剧情/古装","有评分","6.4","173456","173456","1054","53519865","55118969","601","扶月"
"27548904","胡小庭","女","26759908","演员","是","42","26759908","清平乐","电视剧","2020-04-07","中国大陆","2020","剧情/古装","有评分","6.4","173456","173456","1054","53519865","55097857","602","许嬷嬷"
"27482843","何明翰","男","26759908","演员","是","26","26759908","清平乐","电视剧","2020-04-07","中国大陆","2020","剧情/古装","有评分","6.4","173456","173456","1054","53519865","54965735","603","王拱辰"
"27492521","马东","男","25754848","总监制","否","999","25754848","琅琊榜","电视剧","2015-09-19","中国大陆","2015","剧情/古装","有评分","9.4","919060","919060","2939","51509745","54985091","604",
"27553620","陆揆","男","25754848","配音","否","999","25754848","琅琊榜","电视剧","2015-09-19","中国大陆","2015","剧情/古装","有评分","9.4","919060","919060","2939","51509745","55107289","605",
"27558444","王春妹","女","34792296","演员","是","57","34792296","欢迎光临","电视剧","2022-05-18","中国大陆","2022","剧情/喜剧/爱情","有评分","6.4","56516","56516","601","69584641","55116937","606","刘姐"
"27558444","王春妹","女","26683725","演员","是","62","26683725","外科风云","电视剧","2017-04-17","中国大陆","2017","剧情/爱情","有评分","7.3","94754","94754","832","53367499","55116937","607","肖母"
"27499802","高露","女","33442331","演员","是","3","33442331","我是余欢水","电视剧","2020-04-06","中国大陆","2020","剧情","有评分","7.3","324953","324953","1540","66884711","54999653","608","甘虹"
"27499802","高露","女","30421903","演员","是","10","30421903","淬火年代","电视剧","2025-06-18","中国大陆","2025","剧情","有评分","7.0","21373","21373","387","60843855","54999653","609","钱宏英"
"27499802","高露","女","27088993","演员","是","7","27088993","都挺好","电视剧","2019-03-01","中国大陆","2019","剧情/家庭","有评分","7.7","394106","394106","1742","54178035","54999653","610","吴非"
"27499802","高露","女","26928226","演员","是","8","26928226","知否知否应是绿肥红瘦","电视剧","2018-12-25","中国大陆","2018","剧情/爱情/古装","有评分","8.0","695224","695224","2358","53856501","54999653","611","林噙霜"
"27499802","高露","女","26683725","演员","是","12","26683725","外科风云","电视剧","2017-04-17","中国大陆","2017","剧情/爱情","有评分","7.3","94754","94754","832","53367499","54999653","612","林欢"
"27541073","李佳航","男","34792295","演员","是","14","34792295","乔家的儿女","电视剧","2021-08-17","中国大陆","2021","剧情/家庭","有评分","7.7","235622","235622","1347","69584639","55082195","613","齐唯民"
"27541073","李佳航","男","30421903","演员","是","14","30421903","淬火年代","电视剧","2025-06-18","中国大陆","2025","剧情","有评分","7.0","21373","21373","387","60843855","55082195","614","老高"
"27541073","李佳航","男","26683725","演员","是","3","26683725","外科风云","电视剧","2017-04-17","中国大陆","2017","剧情/爱情","有评分","7.3","94754","94754","832","53367499","55082195","615","陈绍聪"
"27494413","王建兵","男","26797690","演员","否","999","26797690","大江大河","电视剧","2018-12-10","中国大陆","2018","剧情","有评分","8.8","260126","260126","1513","53595429","54988875","616","长脚"
"27484758","葛四","男","36534750","演员","否","999","36534750","小巷人家","电视剧","2024-10-28","中国大陆","2024","剧情/家庭","有评分","8.4","287902","287902","1555","73069549","54969565","617","阮老师"
"27482778","迟蓬","女","36534750","演员","是","16","36534750","小巷人家","电视剧","2024-10-28","中国大陆","2024","剧情/家庭","有评分","8.4","287902","287902","1555","73069549","54965605","618","庄奶奶"
"27558571","朱海军","男","26665065","演员","否","999","26665065","琅琊榜之风起长林","电视剧","2017-12-18","中国大陆","2017","剧情/古装","有评分","8.4","210088","210088","1328","53330179","55117191","619","东海使臣"
"27495086","李乃文","男","34792298","演员","是","8","34792298","相逢时节","电视剧","2022-02-23","中国大陆","2022","剧情","有评分","4.9","33169","33169","403","69584645","54990221","620","郝青林"
"27504442","贾乃亮","男","34792298","演员","是","4","34792298","相逢时节","电视剧","2022-02-23","中国大陆","2022","剧情","有评分","4.9","33169","33169","403","69584645","55008933","621","田景野"
"27487459","李滨","男","35613241","演员","否","999","35613241","县委大院","电视剧","2022-12-07","中国大陆","2022","剧情","有评分","6.8","109693","109693","864","71226531","54974967","622","蒋树林"
"27553548","袁百梓卉","女","34792296","演员","是","54","34792296","欢迎光临","电视剧","2022-05-18","中国大陆","2022","剧情/喜剧/爱情","有评分","6.4","56516","56516","601","69584641","55107145","623","情侣女"
"27554720","张优","男","35033654","演员","是","32","35033654","山海情","电视剧","2021-01-12","中国大陆","2021","剧情","有评分","9.2","481571","481571","2105","70067357","55109489","624","安永富"
"27558273","韩福利","男","35033654","演员","否","999","35033654","山海情","电视剧","2021-01-12","中国大陆","2021","剧情","有评分","9.2","481571","481571","2105","70067357","55116595","625","张老板"
"27558273","韩福利","男","25870290","演员","是","25","25870290","温州两家人","电视剧","2015-11-26","中国大陆","2015","剧情","有评分","7.8","7118","7118","236","51740629","55116595","626","李保光"
"27483137","曹征","男","36189205","演员","否","999","36189205","凡人歌","电视剧","2024-08-31","中国大陆","2024","剧情/喜剧","有评分","7.7","77700","77700","773","72378459","54966323","627","姜山"
"27504284","苏小明","女","30423905","演员","是","54","30423905","大江大河2","电视剧","2020-12-20","中国大陆","2020","剧情/历史","有评分","8.7","208072","208072","1345","60847859","55008617","628","雷母"
"27504284","苏小明","女","26797690","演员","是","30","26797690","大江大河","电视剧","2018-12-10","中国大陆","2018","剧情","有评分","8.8","260126","260126","1513","53595429","55008617","629","雷母"
"27480763","任伟","男","35613241","演员","否","999","35613241","县委大院","电视剧","2022-12-07","中国大陆","2022","剧情","有评分","6.8","109693","109693","864","71226531","54961575","630","乔麦父亲"
"27480763","任伟","男","26430092","演员","是","14","26430092","欢乐颂","电视剧","2016-04-18","中国大陆","2016","剧情/爱情","有评分","7.5","353514","353514","1628","52860233","54961575","631","姜队长"
"27480763","任伟","男","25870290","演员","是","27","25870290","温州两家人","电视剧","2015-11-26","中国大陆","2015","剧情","有评分","7.8","7118","7118","236","51740629","54961575","632","陈大潮"
"27483655","张鲁一","男","26088457","演员","是","3","26088457","他来了，请闭眼","电视剧","2015-10-15","中国大陆","2015","剧情/悬疑","有评分","6.7","74395","74395","706","52176963","54967359","633","谢晗"
"27500192","王子文","女","26743573","演员","是","3","26743573","欢乐颂2","电视剧","2017-05-11","中国大陆","2017","剧情/爱情","有评分","5.4","154450","154450","913","53487195","55000433","634","曲筱绡"
"27500192","王子文","女","26430092","演员","是","3","26430092","欢乐颂","电视剧","2016-04-18","中国大陆","2016","剧情/爱情","有评分","7.5","353514","353514","1628","52860233","55000433","635","曲筱绡"
"27500192","王子文","女","26345137","演员","是","2","26345137","如果蜗牛有爱情","电视剧","2016-10-24","中国大陆","2016","剧情/爱情/悬疑","有评分","7.2","105271","105271","871","52690323","55000433","636","许诩"
"27552878","成国栋","男","35613241","演员","否","999","35613241","县委大院","电视剧","2022-12-07","中国大陆","2022","剧情","有评分","6.8","109693","109693","864","71226531","55105805","637","骨头店老赵"
"27552878","成国栋","男","26928226","演员","否","999","26928226","知否知否应是绿肥红瘦","电视剧","2018-12-25","中国大陆","2018","剧情/爱情/古装","有评分","8.0","695224","695224","2358","53856501","55105805","638","韩章"
"27552878","成国栋","男","26671336","演员","否","999","26671336","得闲谨制","电影","2025-12-06","中国大陆","2025","剧情/战争","有评分","6.9","268554","268554","1361","53342721","55105805","639","船上民众"
"27551461","王仁君","男","26928226","演员","是","9","26928226","知否知否应是绿肥红瘦","电视剧","2018-12-25","中国大陆","2018","剧情/爱情/古装","有评分","8.0","695224","695224","2358","53856501","55102971","640","盛长柏"
"27551495","宣晓鸣","男","26928226","配音","否","999","26928226","知否知否应是绿肥红瘦","电视剧","2018-12-25","中国大陆","2018","剧情/爱情/古装","有评分","8.0","695224","695224","2358","53856501","55103039","641",
"27551495","宣晓鸣","男","26683725","配音","否","999","26683725","外科风云","电视剧","2017-04-17","中国大陆","2017","剧情/爱情","有评分","7.3","94754","94754","832","53367499","55103039","642",
"27551495","宣晓鸣","男","26665065","配音","否","999","26665065","琅琊榜之风起长林","电视剧","2017-12-18","中国大陆","2017","剧情/古装","有评分","8.4","210088","210088","1328","53330179","55103039","643",
"27551495","宣晓鸣","男","25870290","配音","否","999","25870290","温州两家人","电视剧","2015-11-26","中国大陆","2015","剧情","有评分","7.8","7118","7118","236","51740629","55103039","644",
"27551495","宣晓鸣","男","25754848","配音","否","999","25754848","琅琊榜","电视剧","2015-09-19","中国大陆","2015","剧情/古装","有评分","9.4","919060","919060","2939","51509745","55103039","645",
"27482982","姜广涛","男","26683725","配音","否","999","26683725","外科风云","电视剧","2017-04-17","中国大陆","2017","剧情/爱情","有评分","7.3","94754","94754","832","53367499","54966013","646",
"27482982","姜广涛","男","26665065","配音导演","否","999","26665065","琅琊榜之风起长林","电视剧","2017-12-18","中国大陆","2017","剧情/古装","有评分","8.4","210088","210088","1328","53330179","54966013","647",
"27482982","姜广涛","男","26665065","配音","否","999","26665065","琅琊榜之风起长林","电视剧","2017-12-18","中国大陆","2017","剧情/古装","有评分","8.4","210088","210088","1328","53330179","54966013","648",
"27482982","姜广涛","男","25994712","配音导演","否","999","25994712","伪装者","电视剧","2015-08-31","中国大陆","2015","剧情/悬疑","有评分","8.6","382758","382758","1814","51989473","54966013","649",
"27482982","姜广涛","男","25754848","配音导演","否","999","25754848","琅琊榜","电视剧","2015-09-19","中国大陆","2015","剧情/古装","有评分","9.4","919060","919060","2939","51509745","54966013","650",
"27482982","姜广涛","男","25754848","配音","否","999","25754848","琅琊榜","电视剧","2015-09-19","中国大陆","2015","剧情/古装","有评分","9.4","919060","919060","2939","51509745","54966013","651",
"27483050","张陆","男","26743573","演员","是","9","26743573","欢乐颂2","电视剧","2017-05-11","中国大陆","2017","剧情/爱情","有评分","5.4","154450","154450","913","53487195","54966149","652","王柏川"
"27483050","张陆","男","26683725","演员","是","42","26683725","外科风云","电视剧","2017-04-17","中国大陆","2017","剧情/爱情","有评分","7.3","94754","94754","832","53367499","54966149","653","曹广义"
"27483050","张陆","男","26430092","演员","是","8","26430092","欢乐颂","电视剧","2016-04-18","中国大陆","2016","剧情/爱情","有评分","7.5","353514","353514","1628","52860233","54966149","654","王柏川"
"27483050","张陆","男","26345137","演员","是","13","26345137","如果蜗牛有爱情","电视剧","2016-10-24","中国大陆","2016","剧情/爱情/悬疑","有评分","7.2","105271","105271","871","52690323","54966149","655","苏穆"
"27499984","任程伟","男","36571896","演员","是","8","36571896","命悬一生","电视剧","2025-10-11","中国大陆","2025","剧情/悬疑","有评分","7.7","85010","85010","809","73143841","55000017","656","马驰华"
"27499984","任程伟","男","35613241","演员","是","9","35613241","县委大院","电视剧","2022-12-07","中国大陆","2022","剧情","有评分","6.8","109693","109693","864","71226531","55000017","657","三宝"
"27499984","任程伟","男","30421903","演员","是","4","30421903","淬火年代","电视剧","2025-06-18","中国大陆","2025","剧情","有评分","7.0","21373","21373","387","60843855","55000017","658","柳石堂"
"27499984","任程伟","男","26683725","演员","是","32","26683725","外科风云","电视剧","2017-04-17","中国大陆","2017","剧情/爱情","有评分","7.3","94754","94754","832","53367499","55000017","659","赵重光"
"27499984","任程伟","男","26671336","演员","是","14","26671336","得闲谨制","电影","2025-12-06","中国大陆","2025","剧情/战争","有评分","6.9","268554","268554","1361","53342721","55000017","660","宜昌码头管理员"
"27499984","任程伟","男","25870290","演员","是","2","25870290","温州两家人","电视剧","2015-11-26","中国大陆","2015","剧情","有评分","7.8","7118","7118","236","51740629","55000017","661","黄瑞诚"
"27495011","王一楠","女","26928226","演员","是","10","26928226","知否知否应是绿肥红瘦","电视剧","2018-12-25","中国大陆","2018","剧情/爱情/古装","有评分","8.0","695224","695224","2358","53856501","54990071","662","小秦氏"
"27495011","王一楠","女","26683725","演员","是","26","26683725","外科风云","电视剧","2017-04-17","中国大陆","2017","剧情/爱情","有评分","7.3","94754","94754","832","53367499","54990071","663","程慧英"
"27488088","邢瀚","男","33442331","演员","是","24","33442331","我是余欢水","电视剧","2020-04-06","中国大陆","2020","剧情","有评分","7.3","324953","324953","1540","66884711","54976225","664","徐大炮"
"27483303","马赫","男","36534750","演员","否","999","36534750","小巷人家","电视剧","2024-10-28","中国大陆","2024","剧情/家庭","有评分","8.4","287902","287902","1555","73069549","54966655","665","老师"
"27482346","柴浩伟","男","26665065","演员","是","22","26665065","琅琊榜之风起长林","电视剧","2017-12-18","中国大陆","2017","剧情/古装","有评分","8.4","210088","210088","1328","53330179","54964741","666","鲁昭"
"27551275","邢岷山","男","26665065","演员","是","18","26665065","琅琊榜之风起长林","电视剧","2017-12-18","中国大陆","2017","剧情/古装","有评分","8.4","210088","210088","1328","53330179","55102599","667","段桐舟"
"27494337","王双宝","男","26797690","演员","是","43","26797690","大江大河","电视剧","2018-12-10","中国大陆","2018","剧情","有评分","8.8","260126","260126","1513","53595429","54988723","668","老王"
"27494337","王双宝","男","26298935","演员","是","17","26298935","鬼吹灯之精绝古城","电视剧","2016-12-19","中国大陆","2016","剧情/悬疑/惊悚","有评分","7.9","274802","274802","1473","52597919","54988723","669","老支书"
"27495164","王莎莎","女","35033654","演员","是","14","35033654","山海情","电视剧","2021-01-12","中国大陆","2021","剧情","有评分","9.2","481571","481571","2105","70067357","54990377","670","秀儿"
"27481068","吴冕","女","36189205","演员","否","999","36189205","凡人歌","电视剧","2024-08-31","中国大陆","2024","剧情/喜剧","有评分","7.7","77700","77700","773","72378459","54962185","671","丁母"
"27483142","曹磊","男","35033654","演员","否","999","35033654","山海情","电视剧","2021-01-12","中国大陆","2021","剧情","有评分","9.2","481571","481571","2105","70067357","54966333","672","王区长/王镇长"
"27483142","曹磊","男","30423905","演员","否","999","30423905","大江大河2","电视剧","2020-12-20","中国大陆","2020","剧情/历史","有评分","8.7","208072","208072","1345","60847859","54966333","673","国荣律师"
"27483142","曹磊","男","25870290","演员","是","16","25870290","温州两家人","电视剧","2015-11-26","中国大陆","2015","剧情","有评分","7.8","7118","7118","236","51740629","54966333","674","林万山"
"27504420","董璇","女","35588265","演员","是","5","35588265","樱桃琥珀","电视剧","2025-07-14","中国大陆","2025","剧情/爱情","有评分","5.7","38891","38891","471","71176579","55008889","675","梁虹飞"
"27504017","杨紫","女","26743573","演员","是","4","26743573","欢乐颂2","电视剧","2017-05-11","中国大陆","2017","剧情/爱情","有评分","5.4","154450","154450","913","53487195","55008083","676","邱莹莹"
"27504017","杨紫","女","26430092","演员","是","4","26430092","欢乐颂","电视剧","2016-04-18","中国大陆","2016","剧情/爱情","有评分","7.5","353514","353514","1628","52860233","55008083","677","邱莹莹"
"27558000","曾璐","女","35588265","编剧","是","1","35588265","樱桃琥珀","电视剧","2025-07-14","中国大陆","2025","剧情/爱情","有评分","5.7","38891","38891","471","71176579","55116049","678",
"27558000","曾璐","女","27088993","文学顾问","否","999","27088993","都挺好","电视剧","2019-03-01","中国大陆","2019","剧情/家庭","有评分","7.7","394106","394106","1742","54178035","55116049","679",
"27558000","曾璐","女","26928226","编剧","是","1","26928226","知否知否应是绿肥红瘦","电视剧","2018-12-25","中国大陆","2018","剧情/爱情/古装","有评分","8.0","695224","695224","2358","53856501","55116049","680",
"27558000","曾璐","女","26743573","文学顾问","否","999","26743573","欢乐颂2","电视剧","2017-05-11","中国大陆","2017","剧情/爱情","有评分","5.4","154450","154450","913","53487195","55116049","681",
"27558437","红木","女","26928226","演员","否","999","26928226","知否知否应是绿肥红瘦","电视剧","2018-12-25","中国大陆","2018","剧情/爱情/古装","有评分","8.0","695224","695224","2358","53856501","55116923","682","李氏"
"27547563","宁晓志","男","26928226","演员","否","999","26928226","知否知否应是绿肥红瘦","电视剧","2018-12-25","中国大陆","2018","剧情/爱情/古装","有评分","8.0","695224","695224","2358","53856501","55095175","683","庄学究"
"27494357","邓莎","女","26928226","演员","是","31","26928226","知否知否应是绿肥红瘦","电视剧","2018-12-25","中国大陆","2018","剧情/爱情/古装","有评分","8.0","695224","695224","2358","53856501","54988763","684","余嫣然"
"27550703","刘頔","男","30421903","演员","否","999","30421903","淬火年代","电视剧","2025-06-18","中国大陆","2025","剧情","有评分","7.0","21373","21373","387","60843855","55101455","685","生产管理员"
"27559858","杨宝龙","男","26779426","演员","否","999","26779426","欢乐颂3","电视剧","2022-08-11","中国大陆","2022","剧情/爱情","有评分","4.9","41716","41716","452","53558901","55119765","686","老陶教授"
"27494356","陶珞依","女","26779426","演员","是","11","26779426","欢乐颂3","电视剧","2022-08-11","中国大陆","2022","剧情/爱情","有评分","4.9","41716","41716","452","53558901","54988761","687",
"27556562","赵圆圆","女","26759908","演员","否","999","26759908","清平乐","电视剧","2020-04-07","中国大陆","2020","剧情/古装","有评分","6.4","173456","173456","1054","53519865","55113173","688","晏清素"
"27544992","陈卫","女","35332289","演员","是","32","35332289","开端","电视剧","2022-01-11","中国大陆","2022","剧情","有评分","7.9","968506","968506","2766","70664627","55090033","689","卢笛妈妈"
"27559717","张志伟","男","25754848","演员","是","114","25754848","琅琊榜","电视剧","2015-09-19","中国大陆","2015","剧情/古装","有评分","9.4","919060","919060","2939","51509745","55119483","690","陈元直"
"27483934","侯鸿亮","男","36571896","总制片人","否","999","36571896","命悬一生","电视剧","2025-10-11","中国大陆","2025","剧情/悬疑","有评分","7.7","85010","85010","809","73143841","54967917","691",
"27483934","侯鸿亮","男","36534750","制片人","否","999","36534750","小巷人家","电视剧","2024-10-28","中国大陆","2024","剧情/家庭","有评分","8.4","287902","287902","1555","73069549","54967917","692",
"27483934","侯鸿亮","男","36189205","制片人","否","999","36189205","凡人歌","电视剧","2024-08-31","中国大陆","2024","剧情/喜剧","有评分","7.7","77700","77700","773","72378459","54967917","693",
"27483934","侯鸿亮","男","35613241","出品人","否","999","35613241","县委大院","电视剧","2022-12-07","中国大陆","2022","剧情","有评分","6.8","109693","109693","864","71226531","54967917","694",
"27483934","侯鸿亮","男","35332289","总制片人","否","999","35332289","开端","电视剧","2022-01-11","中国大陆","2022","剧情","有评分","7.9","968506","968506","2766","70664627","54967917","695",
"27483934","侯鸿亮","男","35321446","制片人","否","999","35321446","大江大河之岁月如歌","电视剧","2024-01-08","中国大陆","2024","剧情","有评分","8.0","72953","72953","764","70642941","54967917","696",
"27483934","侯鸿亮","男","35033654","制片人","否","999","35033654","山海情","电视剧","2021-01-12","中国大陆","2021","剧情","有评分","9.2","481571","481571","2105","70067357","54967917","697",
"27483934","侯鸿亮","男","34792298","制片人","否","999","34792298","相逢时节","电视剧","2022-02-23","中国大陆","2022","剧情","有评分","4.9","33169","33169","403","69584645","54967917","698",
"27483934","侯鸿亮","男","34792296","总制片","否","999","34792296","欢迎光临","电视剧","2022-05-18","中国大陆","2022","剧情/喜剧/爱情","有评分","6.4","56516","56516","601","69584641","54967917","699",
"27483934","侯鸿亮","男","34792295","制片人","否","999","34792295","乔家的儿女","电视剧","2021-08-17","中国大陆","2021","剧情/家庭","有评分","7.7","235622","235622","1347","69584639","54967917","700",
"27483934","侯鸿亮","男","33442331","出品人/制片人","否","999","33442331","我是余欢水","电视剧","2020-04-06","中国大陆","2020","剧情","有评分","7.3","324953","324953","1540","66884711","54967917","701",
"27483934","侯鸿亮","男","30423905","制片人","否","999","30423905","大江大河2","电视剧","2020-12-20","中国大陆","2020","剧情/历史","有评分","8.7","208072","208072","1345","60847859","54967917","702",
"27483934","侯鸿亮","男","30421903","总制片","否","999","30421903","淬火年代","电视剧","2025-06-18","中国大陆","2025","剧情","有评分","7.0","21373","21373","387","60843855","54967917","703",
"27483934","侯鸿亮","男","27088993","制片人","否","999","27088993","都挺好","电视剧","2019-03-01","中国大陆","2019","剧情/家庭","有评分","7.7","394106","394106","1742","54178035","54967917","704",
"27483934","侯鸿亮","男","26928226","未知","否","999","26928226","知否知否应是绿肥红瘦","电视剧","2018-12-25","中国大陆","2018","剧情/爱情/古装","有评分","8.0","695224","695224","2358","53856501","54967917","705",
"27483934","侯鸿亮","男","26797690","制片人","否","999","26797690","大江大河","电视剧","2018-12-10","中国大陆","2018","剧情","有评分","8.8","260126","260126","1513","53595429","54967917","706",
"27483934","侯鸿亮","男","26779426","总制片","否","999","26779426","欢乐颂3","电视剧","2022-08-11","中国大陆","2022","剧情/爱情","有评分","4.9","41716","41716","452","53558901","54967917","707",
"27483934","侯鸿亮","男","26759908","制片人/出品人","否","999","26759908","清平乐","电视剧","2020-04-07","中国大陆","2020","剧情/古装","有评分","6.4","173456","173456","1054","53519865","54967917","708",
"27483934","侯鸿亮","男","26743573","出品人","否","999","26743573","欢乐颂2","电视剧","2017-05-11","中国大陆","2017","剧情/爱情","有评分","5.4","154450","154450","913","53487195","54967917","709",
"27483934","侯鸿亮","男","26683725","制片人","否","999","26683725","外科风云","电视剧","2017-04-17","中国大陆","2017","剧情/爱情","有评分","7.3","94754","94754","832","53367499","54967917","710",
"27483934","侯鸿亮","男","26671336","总制片人","否","999","26671336","得闲谨制","电影","2025-12-06","中国大陆","2025","剧情/战争","有评分","6.9","268554","268554","1361","53342721","54967917","711",
"27483934","侯鸿亮","男","26665065","制片人","否","999","26665065","琅琊榜之风起长林","电视剧","2017-12-18","中国大陆","2017","剧情/古装","有评分","8.4","210088","210088","1328","53330179","54967917","712",
"27483934","侯鸿亮","男","26430092","未知","否","999","26430092","欢乐颂","电视剧","2016-04-18","中国大陆","2016","剧情/爱情","有评分","7.5","353514","353514","1628","52860233","54967917","713",
"27483934","侯鸿亮","男","26345137","制片人","否","999","26345137","如果蜗牛有爱情","电视剧","2016-10-24","中国大陆","2016","剧情/爱情/悬疑","有评分","7.2","105271","105271","871","52690323","54967917","714",
"27483934","侯鸿亮","男","26298935","未知","否","999","26298935","鬼吹灯之精绝古城","电视剧","2016-12-19","中国大陆","2016","剧情/悬疑/惊悚","有评分","7.9","274802","274802","1473","52597919","54967917","715",
"27483934","侯鸿亮","男","26088457","未知","否","999","26088457","他来了，请闭眼","电视剧","2015-10-15","中国大陆","2015","剧情/悬疑","有评分","6.7","74395","74395","706","52176963","54967917","716",
"27483934","侯鸿亮","男","25994712","未知","否","999","25994712","伪装者","电视剧","2015-08-31","中国大陆","2015","剧情/悬疑","有评分","8.6","382758","382758","1814","51989473","54967917","717",
"27483934","侯鸿亮","男","25870290","未知","否","999","25870290","温州两家人","电视剧","2015-11-26","中国大陆","2015","剧情","有评分","7.8","7118","7118","236","51740629","54967917","718",
"27483934","侯鸿亮","男","25754848","制片人","否","999","25754848","琅琊榜","电视剧","2015-09-19","中国大陆","2015","剧情/古装","有评分","9.4","919060","919060","2939","51509745","54967917","719",
"27547877","林家川","男","26683725","演员","是","53","26683725","外科风云","电视剧","2017-04-17","中国大陆","2017","剧情/爱情","有评分","7.3","94754","94754","832","53367499","55095803","720","张磊"
"27484922","王乐君","女","34792296","演员","是","59","34792296","欢迎光临","电视剧","2022-05-18","中国大陆","2022","剧情/喜剧/爱情","有评分","6.4","56516","56516","601","69584641","54969893","721","店员甲"
"27484922","王乐君","女","26683725","演员","是","41","26683725","外科风云","电视剧","2017-04-17","中国大陆","2017","剧情/爱情","有评分","7.3","94754","94754","832","53367499","54969893","722","小何"
"27484922","王乐君","女","25994712","演员","是","6","25994712","伪装者","电视剧","2015-08-31","中国大陆","2015","剧情/悬疑","有评分","8.6","382758","382758","1814","51989473","54969893","723","程锦云"
"27493516","童瑶","女","26797690","演员","是","4","26797690","大江大河","电视剧","2018-12-10","中国大陆","2018","剧情","有评分","8.8","260126","260126","1513","53595429","54987081","731","宋运萍"
"27482926","巩向东","男","35321446","编剧","是","5","35321446","大江大河之岁月如歌","电视剧","2024-01-08","中国大陆","2024","剧情","有评分","8.0","72953","72953","764","70642941","54965901","732",
"27482985","孙岩","男","35321446","演员","否","999","35321446","大江大河之岁月如歌","电视剧","2024-01-08","中国大陆","2024","剧情","有评分","8.0","72953","72953","764","70642941","54966019","733","王冀阳"
"27492513","黄绮珊","女","26665065","演唱","否","999","26665065","琅琊榜之风起长林","电视剧","2017-12-18","中国大陆","2017","剧情/古装","有评分","8.4","210088","210088","1328","53330179","54985075","734",
"27402318","成泰燊","男","26665065","演员","是","13","26665065","琅琊榜之风起长林","电视剧","2017-12-18","中国大陆","2017","剧情/古装","有评分","8.4","210088","210088","1328","53330179","54804685","735","墨淄侯"
"27483864","王艺禅","女","35613241","演员","否","999","35613241","县委大院","电视剧","2022-12-07","中国大陆","2022","剧情","有评分","6.8","109693","109693","864","71226531","54967777","736","油坊老板娘"
"27482589","徐佳","男","35613241","演员","是","36","35613241","县委大院","电视剧","2022-12-07","中国大陆","2022","剧情","有评分","6.8","109693","109693","864","71226531","54965227","737","刘亚军"
"27483984","韩丹彤","女","35321446","演员","否","999","35321446","大江大河之岁月如歌","电视剧","2024-01-08","中国大陆","2024","剧情","有评分","8.0","72953","72953","764","70642941","54968017","738","记者"
"27483984","韩丹彤","女","35033654","演员","是","21","35033654","山海情","电视剧","2021-01-12","中国大陆","2021","剧情","有评分","9.2","481571","481571","2105","70067357","54968017","739","娟子"
"27495180","郭京飞","男","35033654","演员","是","15","35033654","山海情","电视剧","2021-01-12","中国大陆","2021","剧情","有评分","9.2","481571","481571","2105","70067357","54990409","740","陈金山"
"27495180","郭京飞","男","33442331","演员","是","1","33442331","我是余欢水","电视剧","2020-04-06","中国大陆","2020","剧情","有评分","7.3","324953","324953","1540","66884711","54990409","741","余欢水"
"27495180","郭京飞","男","27088993","演员","是","3","27088993","都挺好","电视剧","2019-03-01","中国大陆","2019","剧情/家庭","有评分","7.7","394106","394106","1742","54178035","54990409","742","苏明成"
"27495180","郭京飞","男","26665065","演员","是","7","26665065","琅琊榜之风起长林","电视剧","2017-12-18","中国大陆","2017","剧情/古装","有评分","8.4","210088","210088","1328","53330179","54990409","743","濮阳缨"
"27504346","胡明","男","35033654","演员","是","12","35033654","山海情","电视剧","2021-01-12","中国大陆","2021","剧情","有评分","9.2","481571","481571","2105","70067357","55008741","744","张树成"
"27529798","尤勇智","男","35613241","演员","是","10","35613241","县委大院","电视剧","2022-12-07","中国大陆","2022","剧情","有评分","6.8","109693","109693","864","71226531","55059645","745","老邱"
"27529798","尤勇智","男","35033654","演员","是","11","35033654","山海情","电视剧","2021-01-12","中国大陆","2021","剧情","有评分","9.2","481571","481571","2105","70067357","55059645","746","李大有"
"27529798","尤勇智","男","26665065","演员","是","11","26665065","琅琊榜之风起长林","电视剧","2017-12-18","中国大陆","2017","剧情/古装","有评分","8.4","210088","210088","1328","53330179","55059645","747","宋浮"
"27495233","汪永贵","男","36534750","演员","否","999","36534750","小巷人家","电视剧","2024-10-28","中国大陆","2024","剧情/家庭","有评分","8.4","287902","287902","1555","73069549","54990515","748","门卫张大爷"
"27495233","汪永贵","男","36189205","演员","否","999","36189205","凡人歌","电视剧","2024-08-31","中国大陆","2024","剧情/喜剧","有评分","7.7","77700","77700","773","72378459","54990515","749","沈志成父亲"
"27495233","汪永贵","男","34792296","演员","是","62","34792296","欢迎光临","电视剧","2022-05-18","中国大陆","2022","剧情/喜剧/爱情","有评分","6.4","56516","56516","601","69584641","54990515","750","四爷"
"27495233","汪永贵","男","26797690","演员","否","999","26797690","大江大河","电视剧","2018-12-10","中国大陆","2018","剧情","有评分","8.8","260126","260126","1513","53595429","54990515","751","老五爹"
"27547754","丁凯","男","36189205","演员","否","999","36189205","凡人歌","电视剧","2024-08-31","中国大陆","2024","剧情/喜剧","有评分","7.7","77700","77700","773","72378459","55095557","752","老贾"
"27481221","张国强","男","36189205","演员","否","999","36189205","凡人歌","电视剧","2024-08-31","中国大陆","2024","剧情/喜剧","有评分","7.7","77700","77700","773","72378459","54962491","753","王睿智"
"27494783","孙艺洲","男","30423905","演员","是","55","30423905","大江大河2","电视剧","2020-12-20","中国大陆","2020","剧情/历史","有评分","8.7","208072","208072","1345","60847859","54989615","754","萧然"
"27249319","唐文龙","男","35588265","演员","否","999","35588265","樱桃琥珀","电视剧","2025-07-14","中国大陆","2025","剧情/爱情","有评分","5.7","38891","38891","471","71176579","54498687","755","蒋若诚"
"27559575","王一鸣","男","26088457","演员","否","999","26088457","他来了，请闭眼","电视剧","2015-10-15","中国大陆","2015","剧情/悬疑","有评分","6.7","74395","74395","706","52176963","55119199","756","黄队长"
"27483697","杨梓墨","女","26088457","演员","否","999","26088457","他来了，请闭眼","电视剧","2015-10-15","中国大陆","2015","剧情/悬疑","有评分","6.7","74395","74395","706","52176963","54967443","757","霍小璐"
"27504254","马思纯","女","26088457","演员","是","2","26088457","他来了，请闭眼","电视剧","2015-10-15","中国大陆","2015","剧情/悬疑","有评分","6.7","74395","74395","706","52176963","55008557","758","简瑶"
"27503406","刘晴","女","26928226","演员","否","999","26928226","知否知否应是绿肥红瘦","电视剧","2018-12-25","中国大陆","2018","剧情/爱情/古装","有评分","8.0","695224","695224","2358","53856501","55006861","759","卫姨妈"
"27484078","葛玟希","女","26779426","演员","否","999","26779426","欢乐颂3","电视剧","2022-08-11","中国大陆","2022","剧情/爱情","有评分","4.9","41716","41716","452","53558901","54968205","760","中年女"
"27556252","李立宏","男","26665065","配音","否","999","26665065","琅琊榜之风起长林","电视剧","2017-12-18","中国大陆","2017","剧情/古装","有评分","8.4","210088","210088","1328","53330179","55112553","761",
"27556252","李立宏","男","25754848","配音","否","999","25754848","琅琊榜","电视剧","2015-09-19","中国大陆","2015","剧情/古装","有评分","9.4","919060","919060","2939","51509745","55112553","762",
"27558532","岳俊岭","男","25754848","演员","是","96","25754848","琅琊榜","电视剧","2015-09-19","中国大陆","2015","剧情/古装","有评分","9.4","919060","919060","2939","51509745","55117113","763","李林"
"27558275","刘红星","男","35033654","演员","是","43","35033654","山海情","电视剧","2021-01-12","中国大陆","2021","剧情","有评分","9.2","481571","481571","2105","70067357","55116599","764","星哥"
"27558275","刘红星","男","30423905","演员","否","999","30423905","大江大河2","电视剧","2020-12-20","中国大陆","2020","剧情/历史","有评分","8.7","208072","208072","1345","60847859","55116599","765","青工乙"
"27558275","刘红星","男","25870290","演员","是","33","25870290","温州两家人","电视剧","2015-11-26","中国大陆","2015","剧情","有评分","7.8","7118","7118","236","51740629","55116599","766","赵杰美"
"27558275","刘红星","男","25754848","演员","是","81","25754848","琅琊榜","电视剧","2015-09-19","中国大陆","2015","剧情/古装","有评分","9.4","919060","919060","2939","51509745","55116599","767","欧阳迟"
"27483378","倪土","男","25754848","演员","是","62","25754848","琅琊榜","电视剧","2015-09-19","中国大陆","2015","剧情/古装","有评分","9.4","919060","919060","2939","51509745","54966805","768","素天枢"
"27245908","程枫","男","25754848","演员","是","19","25754848","琅琊榜","电视剧","2015-09-19","中国大陆","2015","剧情/古装","有评分","9.4","919060","919060","2939","51509745","54491865","769","萧景睿"
"27541044","江佳奇","女","26683725","演员","是","70","26683725","外科风云","电视剧","2017-04-17","中国大陆","2017","剧情/爱情","有评分","7.3","94754","94754","832","53367499","55082137","770","王芳"
"27481067","曹翠芬","女","26928226","演员","是","16","26928226","知否知否应是绿肥红瘦","电视剧","2018-12-25","中国大陆","2018","剧情/爱情/古装","有评分","8.0","695224","695224","2358","53856501","54962183","771","盛老太太"
"27481067","曹翠芬","女","26683725","演员","是","34","26683725","外科风云","电视剧","2017-04-17","中国大陆","2017","剧情/爱情","有评分","7.3","94754","94754","832","53367499","54962183","772","赵雨西奶奶"
"27485102","孙墨龙","男","36571896","导演","是","1","36571896","命悬一生","电视剧","2025-10-11","中国大陆","2025","剧情/悬疑","有评分","7.7","85010","85010","809","73143841","54970253","773",
"27485102","孙墨龙","男","35613241","演员","否","999","35613241","县委大院","电视剧","2022-12-07","中国大陆","2022","剧情","有评分","6.8","109693","109693","864","71226531","54970253","774","婚纱摄影师"
"27485102","孙墨龙","男","35332289","导演","是","1","35332289","开端","电视剧","2022-01-11","中国大陆","2022","剧情","有评分","7.9","968506","968506","2766","70664627","54970253","775",
"27485102","孙墨龙","男","35321446","导演","是","2","35321446","大江大河之岁月如歌","电视剧","2024-01-08","中国大陆","2024","剧情","有评分","8.0","72953","72953","764","70642941","54970253","776",
"27485102","孙墨龙","男","35033654","导演","是","2","35033654","山海情","电视剧","2021-01-12","中国大陆","2021","剧情","有评分","9.2","481571","481571","2105","70067357","54970253","777",
"27485102","孙墨龙","男","33442331","导演","是","1","33442331","我是余欢水","电视剧","2020-04-06","中国大陆","2020","剧情","有评分","7.3","324953","324953","1540","66884711","54970253","778",
"27485102","孙墨龙","男","26797690","制作顾问","否","999","26797690","大江大河","电视剧","2018-12-10","中国大陆","2018","剧情","有评分","8.8","260126","260126","1513","53595429","54970253","779",
"27485102","孙墨龙","男","26683725","分组导演","否","999","26683725","外科风云","电视剧","2017-04-17","中国大陆","2017","剧情/爱情","有评分","7.3","94754","94754","832","53367499","54970253","780",
"27485102","孙墨龙","男","26665065","摄影指导","否","999","26665065","琅琊榜之风起长林","电视剧","2017-12-18","中国大陆","2017","剧情/古装","有评分","8.4","210088","210088","1328","53330179","54970253","781",
"27485102","孙墨龙","男","26665065","分组导演","否","999","26665065","琅琊榜之风起长林","电视剧","2017-12-18","中国大陆","2017","剧情/古装","有评分","8.4","210088","210088","1328","53330179","54970253","782",
"27485102","孙墨龙","男","26298935","导演","是","3","26298935","鬼吹灯之精绝古城","电视剧","2016-12-19","中国大陆","2016","剧情/悬疑/惊悚","有评分","7.9","274802","274802","1473","52597919","54970253","783",
"27485102","孙墨龙","男","25870290","导演","是","2","25870290","温州两家人","电视剧","2015-11-26","中国大陆","2015","剧情","有评分","7.8","7118","7118","236","51740629","54970253","784",
"27485102","孙墨龙","男","25754848","摄影指导","否","999","25754848","琅琊榜","电视剧","2015-09-19","中国大陆","2015","剧情/古装","有评分","9.4","919060","919060","2939","51509745","54970253","785",
"27500037","唐艺昕","女","34792295","演员","是","13","34792295","乔家的儿女","电视剧","2021-08-17","中国大陆","2021","剧情/家庭","有评分","7.7","235622","235622","1347","69584639","55000123","786","项南方"
"27482645","曹馨月","女","33442331","演员","否","999","33442331","我是余欢水","电视剧","2020-04-06","中国大陆","2020","剧情","有评分","7.3","324953","324953","1540","66884711","54965339","787","服装店导购"
"27483576","高叶","女","33442331","演员","是","5","33442331","我是余欢水","电视剧","2020-04-06","中国大陆","2020","剧情","有评分","7.3","324953","324953","1540","66884711","54967201","788","梁安妮"
"27487725","林鹏","男","35321446","演员","否","999","35321446","大江大河之岁月如歌","电视剧","2024-01-08","中国大陆","2024","剧情","有评分","8.0","72953","72953","764","70642941","54975499","789","周部长"
"27487725","林鹏","男","34792298","演员","是","32","34792298","相逢时节","电视剧","2022-02-23","中国大陆","2022","剧情","有评分","4.9","33169","33169","403","69584645","54975499","790","管总"
"27546701","吴京京","男","26671336","声音指导","否","999","26671336","得闲谨制","电影","2025-12-06","中国大陆","2025","剧情/战争","有评分","6.9","268554","268554","1361","53342721","55093451","791",
"27481048","罗京民","男","35033654","演员","是","55","35033654","山海情","电视剧","2021-01-12","中国大陆","2021","剧情","有评分","9.2","481571","481571","2105","70067357","54962145","792","李老太爷"
"27485160","田璐","男","35033654","演员","是","45","35033654","山海情","电视剧","2021-01-12","中国大陆","2021","剧情","有评分","9.2","481571","481571","2105","70067357","54970369","793","安家舅舅"
"27481612","王子瑜","女","35033654","演员","是","30","35033654","山海情","电视剧","2021-01-12","中国大陆","2021","剧情","有评分","9.2","481571","481571","2105","70067357","54963273","794","翠玲（大有媳妇）"
"27504136","张嘉益","男","35033654","演员","是","2","35033654","山海情","电视剧","2021-01-12","中国大陆","2021","剧情","有评分","9.2","481571","481571","2105","70067357","55008321","795","马喊水"
"27553328","商虹","男","26665065","配音","否","999","26665065","琅琊榜之风起长林","电视剧","2017-12-18","中国大陆","2017","剧情/古装","有评分","8.4","210088","210088","1328","53330179","55106705","796",
"27553328","商虹","男","25870290","配音","否","999","25870290","温州两家人","电视剧","2015-11-26","中国大陆","2015","剧情","有评分","7.8","7118","7118","236","51740629","55106705","797",
"27547613","马睿","女","25870290","演员","是","35","25870290","温州两家人","电视剧","2015-11-26","中国大陆","2015","剧情","有评分","7.8","7118","7118","236","51740629","55095275","798","袁采萍"
"27557937","郭彤彤","女","26430092","演员","否","999","26430092","欢乐颂","电视剧","2016-04-18","中国大陆","2016","剧情/爱情","有评分","7.5","353514","353514","1628","52860233","55115923","799","女主人"
"27557937","郭彤彤","女","25994712","演员","是","34","25994712","伪装者","电视剧","2015-08-31","中国大陆","2015","剧情/悬疑","有评分","8.6","382758","382758","1814","51989473","55115923","800","桃子小姐"
"27495415","赵正阳","男","35588265","演员","否","999","35588265","樱桃琥珀","电视剧","2025-07-14","中国大陆","2025","剧情/爱情","有评分","5.7","38891","38891","471","71176579","54990879","801","余振锋"
"27483797","胡天阳","男","26088457","演员","否","999","26088457","他来了，请闭眼","电视剧","2015-10-15","中国大陆","2015","剧情/悬疑","有评分","6.7","74395","74395","706","52176963","54967643","802","小金"
"27482860","朱怀旭","女","34792296","演员","是","63","34792296","欢迎光临","电视剧","2022-05-18","中国大陆","2022","剧情/喜剧/爱情","有评分","6.4","56516","56516","601","69584641","54965769","803","关大妈"
"27482860","朱怀旭","女","26928226","演员","否","999","26928226","知否知否应是绿肥红瘦","电视剧","2018-12-25","中国大陆","2018","剧情/爱情/古装","有评分","8.0","695224","695224","2358","53856501","54965769","804","大老太太"
"27495178","傅淼","女","36189205","演员","否","999","36189205","凡人歌","电视剧","2024-08-31","中国大陆","2024","剧情/喜剧","有评分","7.7","77700","77700","773","72378459","54990405","805","秦玲玲"
"27495178","傅淼","女","26928226","演员","是","45","26928226","知否知否应是绿肥红瘦","电视剧","2018-12-25","中国大陆","2018","剧情/爱情/古装","有评分","8.0","695224","695224","2358","53856501","54990405","806","刘贵妃"
"27504006","张含韵","女","26928226","演员","是","33","26928226","知否知否应是绿肥红瘦","电视剧","2018-12-25","中国大陆","2018","剧情/爱情/古装","有评分","8.0","695224","695224","2358","53856501","55008061","807","盛淑兰"
"27484443","孟秀","女","30421903","演员","否","999","30421903","淬火年代","电视剧","2025-06-18","中国大陆","2025","剧情","有评分","7.0","21373","21373","387","60843855","54968935","808","曹母"
"27554879","李欢","男","26759908","演员","否","999","26759908","清平乐","电视剧","2020-04-07","中国大陆","2020","剧情/古装","有评分","6.4","173456","173456","1054","53519865","55109807","809","苏辙"
"27481782","朱铁","男","26797690","演员","是","35","26797690","大江大河","电视剧","2018-12-10","中国大陆","2018","剧情","有评分","8.8","260126","260126","1513","53595429","54963613","810","叶工"
"27481782","朱铁","男","26759908","演员","否","999","26759908","清平乐","电视剧","2020-04-07","中国大陆","2020","剧情/古装","有评分","6.4","173456","173456","1054","53519865","54963613","811","何郯"
"27558315","张昕瑶","女","25754848","演员","是","57","25754848","琅琊榜","电视剧","2015-09-19","中国大陆","2015","剧情/古装","有评分","9.4","919060","919060","2939","51509745","55116679","812","心柳"
"27481045","王劲松","男","25754848","演员","是","16","25754848","琅琊榜","电视剧","2015-09-19","中国大陆","2015","剧情/古装","有评分","9.4","919060","919060","2939","51509745","54962139","813","言阙"
"27481026","武笑羽","女","26928226","演员","是","30","26928226","知否知否应是绿肥红瘦","电视剧","2018-12-25","中国大陆","2018","剧情/爱情/古装","有评分","8.0","695224","695224","2358","53856501","54962101","814","张氏"
"27481026","武笑羽","女","26759908","演员","否","999","26759908","清平乐","电视剧","2020-04-07","中国大陆","2020","剧情/古装","有评分","6.4","173456","173456","1054","53519865","54962101","815","薛玉湖"
"27481026","武笑羽","女","26683725","演员","是","17","26683725","外科风云","电视剧","2017-04-17","中国大陆","2017","剧情/爱情","有评分","7.3","94754","94754","832","53367499","54962101","816","柳灵"
"27481026","武笑羽","女","26345137","演员","是","6","26345137","如果蜗牛有爱情","电视剧","2016-10-24","中国大陆","2016","剧情/爱情/悬疑","有评分","7.2","105271","105271","871","52690323","54962101","817","叶俏"
"27488162","黄毅","男","34792295","演员","是","21","34792295","乔家的儿女","电视剧","2021-08-17","中国大陆","2021","剧情/家庭","有评分","7.7","235622","235622","1347","69584639","54976373","818","少年乔一成"
"27495176","刘冠麟","男","33442331","演员","是","37","33442331","我是余欢水","电视剧","2020-04-06","中国大陆","2020","剧情","有评分","7.3","324953","324953","1540","66884711","54990401","819","吴安同"
"27553396","刘陆","女","25994712","演员","是","22","25994712","伪装者","电视剧","2015-08-31","中国大陆","2015","剧情/悬疑","有评分","8.6","382758","382758","1814","51989473","55106841","820","刘秘书/山本纯子"
"27488679","蔡珩","男","26345137","演员","是","19","26345137","如果蜗牛有爱情","电视剧","2016-10-24","中国大陆","2016","剧情/爱情/悬疑","有评分","7.2","105271","105271","871","52690323","54977407","821","珀将军"
"27548240","薛亦伦","男","35321446","演员","否","999","35321446","大江大河之岁月如歌","电视剧","2024-01-08","中国大陆","2024","剧情","有评分","8.0","72953","72953","764","70642941","55096529","822","乔振茂"
"27553498","梁超","男","35321446","演员","是","21","35321446","大江大河之岁月如歌","电视剧","2024-01-08","中国大陆","2024","剧情","有评分","8.0","72953","72953","764","70642941","55107045","823","申宝田"
"27487547","晋松","男","26665065","演员","否","999","26665065","琅琊榜之风起长林","电视剧","2017-12-18","中国大陆","2017","剧情/古装","有评分","8.4","210088","210088","1328","53330179","54975143","824","覃凌硕"
"27494988","董彦麟","男","26665065","演员","是","29","26665065","琅琊榜之风起长林","电视剧","2017-12-18","中国大陆","2017","剧情/古装","有评分","8.4","210088","210088","1328","53330179","54990025","825","纪琛"
"27541356","徐敏","男","34792298","演员","是","20","34792298","相逢时节","电视剧","2022-02-23","中国大陆","2022","剧情","有评分","4.9","33169","33169","403","69584645","55082761","826","郝父"
"27504007","张靓颖","女","26298935","演唱","否","999","26298935","鬼吹灯之精绝古城","电视剧","2016-12-19","中国大陆","2016","剧情/悬疑/惊悚","有评分","7.9","274802","274802","1473","52597919","55008063","827",
"27256115","孙明明","男","26298935","演员","是","20","26298935","鬼吹灯之精绝古城","电视剧","2016-12-19","中国大陆","2016","剧情/悬疑/惊悚","有评分","7.9","274802","274802","1473","52597919","54512279","828","红犼"
"27482597","白宇","男","35033654","演员","是","17","35033654","山海情","电视剧","2021-01-12","中国大陆","2021","剧情","有评分","9.2","481571","481571","2105","70067357","54965243","829","丁世俊"
"27482597","白宇","男","34792295","演员","是","1","34792295","乔家的儿女","电视剧","2021-08-17","中国大陆","2021","剧情/家庭","有评分","7.7","235622","235622","1347","69584639","54965243","830","乔一成"
"27482726","周放","女","36189205","演员","否","999","36189205","凡人歌","电视剧","2024-08-31","中国大陆","2024","剧情/喜剧","有评分","7.7","77700","77700","773","72378459","54965501","831","胡海莉"
"27482726","周放","女","35033654","演员","否","999","35033654","山海情","电视剧","2021-01-12","中国大陆","2021","剧情","有评分","9.2","481571","481571","2105","70067357","54965501","832","杨明珍"
"27482726","周放","女","34792298","演员","是","11","34792298","相逢时节","电视剧","2022-02-23","中国大陆","2022","剧情","有评分","4.9","33169","33169","403","69584645","54965501","833","蔡凌霄"
"27482726","周放","女","34792295","演员","是","7","34792295","乔家的儿女","电视剧","2021-08-17","中国大陆","2021","剧情/家庭","有评分","7.7","235622","235622","1347","69584639","54965501","834","叶小朗"
"27482726","周放","女","30423905","演员","是","5","30423905","大江大河2","电视剧","2020-12-20","中国大陆","2020","剧情/历史","有评分","8.7","208072","208072","1345","60847859","54965501","835","程开颜"
"27482726","周放","女","26797690","演员","是","6","26797690","大江大河","电视剧","2018-12-10","中国大陆","2018","剧情","有评分","8.8","260126","260126","1513","53595429","54965501","836","程开颜"
"27256456","袁咏仪","女","25870290","演员","是","3","25870290","温州两家人","电视剧","2015-11-26","中国大陆","2015","剧情","有评分","7.8","7118","7118","236","51740629","54512961","837","林佳来"
"27552804","常海波","男","35588265","演员","否","999","35588265","樱桃琥珀","电视剧","2025-07-14","中国大陆","2025","剧情/爱情","有评分","5.7","38891","38891","471","71176579","55105657","838","李书记"
"27560061","颜景瑶","女","35613241","演员","否","999","35613241","县委大院","电视剧","2022-12-07","中国大陆","2022","剧情","有评分","6.8","109693","109693","864","71226531","55120171","839","江霞母亲"
"27560061","颜景瑶","女","26928226","演员","否","999","26928226","知否知否应是绿肥红瘦","电视剧","2018-12-25","中国大陆","2018","剧情/爱情/古装","有评分","8.0","695224","695224","2358","53856501","55120171","840","曹姨母"
"27560061","颜景瑶","女","26759908","演员","否","999","26759908","清平乐","电视剧","2020-04-07","中国大陆","2020","剧情/古装","有评分","6.4","173456","173456","1054","53519865","55120171","841","赵宗实母亲"
"27560061","颜景瑶","女","26743573","演员","否","999","26743573","欢乐颂2","电视剧","2017-05-11","中国大陆","2017","剧情/爱情","有评分","5.4","154450","154450","913","53487195","55120171","842",
"27495141","曹曦文","女","26759908","演员","是","12","26759908","清平乐","电视剧","2020-04-07","中国大陆","2020","剧情/古装","有评分","6.4","173456","173456","1054","53519865","54990331","843","贾婆婆"
"27498686","金丰","女","26779426","演员","否","999","26779426","欢乐颂3","电视剧","2022-08-11","中国大陆","2022","剧情/爱情","有评分","4.9","41716","41716","452","53558901","54997421","844",
"27498686","金丰","女","25754848","演员","是","39","25754848","琅琊榜","电视剧","2015-09-19","中国大陆","2015","剧情/古装","有评分","9.4","919060","919060","2939","51509745","54997421","845","隽娘"
"27483036","陈丽娜","女","26665065","演员","否","999","26665065","琅琊榜之风起长林","电视剧","2017-12-18","中国大陆","2017","剧情/古装","有评分","8.4","210088","210088","1328","53330179","54966121","846","濮阳缨母"
"27483036","陈丽娜","女","25870290","演员","是","4","25870290","温州两家人","电视剧","2015-11-26","中国大陆","2015","剧情","有评分","7.8","7118","7118","236","51740629","54966121","847","苏若冰"
"27483036","陈丽娜","女","25754848","演员","是","22","25754848","琅琊榜","电视剧","2015-09-19","中国大陆","2015","剧情/古装","有评分","9.4","919060","919060","2939","51509745","54966121","848","惠妃"
"27482766","莫诗旎","女","26683725","演员","是","74","26683725","外科风云","电视剧","2017-04-17","中国大陆","2017","剧情/爱情","有评分","7.3","94754","94754","832","53367499","54965581","849","张晓涵"
"27495156","李勤勤","女","26683725","演员","是","49","26683725","外科风云","电视剧","2017-04-17","中国大陆","2017","剧情/爱情","有评分","7.3","94754","94754","832","53367499","54990361","850","陈景平"
"27504288","白百何","女","34792296","演员","是","2","34792296","欢迎光临","电视剧","2022-05-18","中国大陆","2022","剧情/喜剧/爱情","有评分","6.4","56516","56516","601","69584641","55008625","851","郑有恩"
"27504288","白百何","女","26683725","演员","是","2","26683725","外科风云","电视剧","2017-04-17","中国大陆","2017","剧情/爱情","有评分","7.3","94754","94754","832","53367499","55008625","852","陆晨曦"
"27551038","曹雷","男","27088993","演员","否","999","27088993","都挺好","电视剧","2019-03-01","中国大陆","2019","剧情/家庭","有评分","7.7","394106","394106","1742","54178035","55102125","856","刘律师"
"27484591","张琛","男","36534750","演员","否","999","36534750","小巷人家","电视剧","2024-10-28","中国大陆","2024","剧情/家庭","有评分","8.4","287902","287902","1555","73069549","54969231","857","余涛"
"27482918","种丹妮","女","34792298","演员","是","44","34792298","相逢时节","电视剧","2022-02-23","中国大陆","2022","剧情","有评分","4.9","33169","33169","403","69584645","54965885","858","青年简敏敏"
"27480802","赵滨","男","35613241","演员","否","999","35613241","县委大院","电视剧","2022-12-07","中国大陆","2022","剧情","有评分","6.8","109693","109693","864","71226531","54961653","859","侯国栋"
"27560122","刘振安","男","35613241","演员","否","999","35613241","县委大院","电视剧","2022-12-07","中国大陆","2022","剧情","有评分","6.8","109693","109693","864","71226531","55120293","860","瞭望男副总"
"27553518","张磊","男","26298935","配音","否","999","26298935","鬼吹灯之精绝古城","电视剧","2016-12-19","中国大陆","2016","剧情/悬疑/惊悚","有评分","7.9","274802","274802","1473","52597919","55107085","861",
"27555108","万国鹏","男","26671336","演员","否","999","26671336","得闲谨制","电影","2025-12-06","中国大陆","2025","剧情/战争","有评分","6.9","268554","268554","1361","53342721","55110265","862","水手"
"27484135","赵岩松","男","30423905","演员","否","999","30423905","大江大河2","电视剧","2020-12-20","中国大陆","2020","剧情/历史","有评分","8.7","208072","208072","1345","60847859","54968319","863","国荣律师"
"27499997","蒋欣","女","36534750","演员","是","4","36534750","小巷人家","电视剧","2024-10-28","中国大陆","2024","剧情/家庭","有评分","8.4","287902","287902","1555","73069549","55000043","864","宋莹"
"27499997","蒋欣","女","26743573","演员","是","2","26743573","欢乐颂2","电视剧","2017-05-11","中国大陆","2017","剧情/爱情","有评分","5.4","154450","154450","913","53487195","55000043","865","樊胜美"
"27499997","蒋欣","女","26430092","演员","是","2","26430092","欢乐颂","电视剧","2016-04-18","中国大陆","2016","剧情/爱情","有评分","7.5","353514","353514","1628","52860233","55000043","866","樊胜美"
"27495359","刘希媛","女","26928226","演员","是","42","26928226","知否知否应是绿肥红瘦","电视剧","2018-12-25","中国大陆","2018","剧情/爱情/古装","有评分","8.0","695224","695224","2358","53856501","54990767","867","卫小娘"
"27484794","崔奕","女","36189205","演员","否","999","36189205","凡人歌","电视剧","2024-08-31","中国大陆","2024","剧情/喜剧","有评分","7.7","77700","77700","773","72378459","54969637","868","杨雪"
"27484794","崔奕","女","34792295","演员","是","20","34792295","乔家的儿女","电视剧","2021-08-17","中国大陆","2021","剧情/家庭","有评分","7.7","235622","235622","1347","69584639","54969637","869","吴姨"
"27484794","崔奕","女","30421903","演员","否","999","30421903","淬火年代","电视剧","2025-06-18","中国大陆","2025","剧情","有评分","7.0","21373","21373","387","60843855","54969637","870",
"27484794","崔奕","女","26928226","演员","否","999","26928226","知否知否应是绿肥红瘦","电视剧","2018-12-25","中国大陆","2018","剧情/爱情/古装","有评分","8.0","695224","695224","2358","53856501","54969637","871","顾四婶娘"
"27493937","杨烁","男","35321446","演员","是","2","35321446","大江大河之岁月如歌","电视剧","2024-01-08","中国大陆","2024","剧情","有评分","8.0","72953","72953","764","70642941","54987923","872","雷东宝"
"27493937","杨烁","男","34792296","演员","是","10","34792296","欢迎光临","电视剧","2022-05-18","中国大陆","2022","剧情/喜剧/爱情","有评分","6.4","56516","56516","601","69584641","54987923","873","徐斌"
"27493937","杨烁","男","30423905","演员","是","2","30423905","大江大河2","电视剧","2020-12-20","中国大陆","2020","剧情/历史","有评分","8.7","208072","208072","1345","60847859","54987923","874","雷东宝"
"27493937","杨烁","男","30421903","演员","是","17","30421903","淬火年代","电视剧","2025-06-18","中国大陆","2025","剧情","有评分","7.0","21373","21373","387","60843855","54987923","875","雷东宝"
"27493937","杨烁","男","26797690","演员","是","2","26797690","大江大河","电视剧","2018-12-10","中国大陆","2018","剧情","有评分","8.8","260126","260126","1513","53595429","54987923","876","雷东宝"
"27493937","杨烁","男","26743573","演员","是","8","26743573","欢乐颂2","电视剧","2017-05-11","中国大陆","2017","剧情/爱情","有评分","5.4","154450","154450","913","53487195","54987923","877","包奕凡"
"27493937","杨烁","男","26430092","演员","是","10","26430092","欢乐颂","电视剧","2016-04-18","中国大陆","2016","剧情/爱情","有评分","7.5","353514","353514","1628","52860233","54987923","878","包奕凡"
"27484855","徐正运","男","26759908","演员","否","999","26759908","清平乐","电视剧","2020-04-07","中国大陆","2020","剧情/古装","有评分","6.4","173456","173456","1054","53519865","54969759","879","张士逊"
"27484477","文静","女","27088993","演员","否","999","27088993","都挺好","电视剧","2019-03-01","中国大陆","2019","剧情/家庭","有评分","7.7","394106","394106","1742","54178035","54969003","880","小新"
"27484477","文静","女","26759908","演员","否","999","26759908","清平乐","电视剧","2020-04-07","中国大陆","2020","剧情/古装","有评分","6.4","173456","173456","1054","53519865","54969003","881","李司饰"
"27484477","文静","女","26665065","演员","是","44","26665065","琅琊榜之风起长林","电视剧","2017-12-18","中国大陆","2017","剧情/古装","有评分","8.4","210088","210088","1328","53330179","54969003","882","淑妃"
"27483524","杨玏","男","26759908","演员","是","4","26759908","清平乐","电视剧","2020-04-07","中国大陆","2020","剧情/古装","有评分","6.4","173456","173456","1054","53519865","54967097","883","韩琦"
"27558316","柳欣言","女","36571896","演员","否","999","36571896","命悬一生","电视剧","2025-10-11","中国大陆","2025","剧情/悬疑","有评分","7.7","85010","85010","809","73143841","55116681","884","章姨"
"27558316","柳欣言","女","35613241","演员","否","999","35613241","县委大院","电视剧","2022-12-07","中国大陆","2022","剧情","有评分","6.8","109693","109693","864","71226531","55116681","885","二嫂"
"27558316","柳欣言","女","35332289","演员","是","54","35332289","开端","电视剧","2022-01-11","中国大陆","2022","剧情","有评分","7.9","968506","968506","2766","70664627","55116681","886","药店大姐"
"27558316","柳欣言","女","25870290","未知","否","999","25870290","温州两家人","电视剧","2015-11-26","中国大陆","2015","剧情","有评分","7.8","7118","7118","236","51740629","55116681","887",
"27483301","李大光","男","26759908","演员","否","999","26759908","清平乐","电视剧","2020-04-07","中国大陆","2020","剧情/古装","有评分","6.4","173456","173456","1054","53519865","54966651","888","邓保吉"
"27483301","李大光","男","26683725","演员","是","79","26683725","外科风云","电视剧","2017-04-17","中国大陆","2017","剧情/爱情","有评分","7.3","94754","94754","832","53367499","54966651","889","马主任"
"27483301","李大光","男","25870290","演员","是","24","25870290","温州两家人","电视剧","2015-11-26","中国大陆","2015","剧情","有评分","7.8","7118","7118","236","51740629","54966651","890","卢富有"
"27554827","赵千紫","女","36571896","演员","否","999","36571896","命悬一生","电视剧","2025-10-11","中国大陆","2025","剧情/悬疑","有评分","7.7","85010","85010","809","73143841","55109703","891","周婶"
"27554827","赵千紫","女","35613241","演员","否","999","35613241","县委大院","电视剧","2022-12-07","中国大陆","2022","剧情","有评分","6.8","109693","109693","864","71226531","55109703","892","郝东风三姑"
"27554827","赵千紫","女","35332289","演员","是","25","35332289","开端","电视剧","2022-01-11","中国大陆","2022","剧情","有评分","7.9","968506","968506","2766","70664627","55109703","893","刘彩彩"
"27554827","赵千紫","女","35033654","演员","是","31","35033654","山海情","电视剧","2021-01-12","中国大陆","2021","剧情","有评分","9.2","481571","481571","2105","70067357","55109703","894","马秋水"
"27554827","赵千紫","女","34792296","演员","是","28","34792296","欢迎光临","电视剧","2022-05-18","中国大陆","2022","剧情/喜剧/爱情","有评分","6.4","56516","56516","601","69584641","55109703","895","张姐"
"27554827","赵千紫","女","33442331","演员","是","19","33442331","我是余欢水","电视剧","2020-04-06","中国大陆","2020","剧情","有评分","7.3","324953","324953","1540","66884711","55109703","896","女摊主"
"27554827","赵千紫","女","30423905","演员","是","24","30423905","大江大河2","电视剧","2020-12-20","中国大陆","2020","剧情/历史","有评分","8.7","208072","208072","1345","60847859","55109703","897","李继红"
"27554827","赵千紫","女","27088993","演员","是","26","27088993","都挺好","电视剧","2019-03-01","中国大陆","2019","剧情/家庭","有评分","7.7","394106","394106","1742","54178035","55109703","898","客栈老板娘"
"27554827","赵千紫","女","26928226","演员","否","999","26928226","知否知否应是绿肥红瘦","电视剧","2018-12-25","中国大陆","2018","剧情/爱情/古装","有评分","8.0","695224","695224","2358","53856501","55109703","899","向妈妈"
"27554827","赵千紫","女","26743573","演员","是","19","26743573","欢乐颂2","电视剧","2017-05-11","中国大陆","2017","剧情/爱情","有评分","5.4","154450","154450","913","53487195","55109703","900",
"27554827","赵千紫","女","26683725","演员","是","76","26683725","外科风云","电视剧","2017-04-17","中国大陆","2017","剧情/爱情","有评分","7.3","94754","94754","832","53367499","55109703","901","韩冬梅"
"27554827","赵千紫","女","26671336","演员","否","999","26671336","得闲谨制","电影","2025-12-06","中国大陆","2025","剧情/战争","有评分","6.9","268554","268554","1361","53342721","55109703","902","船上民众"
"27554827","赵千紫","女","26665065","演员","否","999","26665065","琅琊榜之风起长林","电视剧","2017-12-18","中国大陆","2017","剧情/古装","有评分","8.4","210088","210088","1328","53330179","55109703","903","大娘"
"27554827","赵千紫","女","26430092","演员","是","27","26430092","欢乐颂","电视剧","2016-04-18","中国大陆","2016","剧情/爱情","有评分","7.5","353514","353514","1628","52860233","55109703","904","樊胜美嫂子"
"27554827","赵千紫","女","26345137","演员","否","999","26345137","如果蜗牛有爱情","电视剧","2016-10-24","中国大陆","2016","剧情/爱情/悬疑","有评分","7.2","105271","105271","871","52690323","55109703","905","赵姐"
"27554827","赵千紫","女","25870290","演员","是","20","25870290","温州两家人","电视剧","2015-11-26","中国大陆","2015","剧情","有评分","7.8","7118","7118","236","51740629","55109703","906","金青云"
"27549623","宫政","男","34792295","演员","是","43","34792295","乔家的儿女","电视剧","2021-08-17","中国大陆","2021","剧情/家庭","有评分","7.7","235622","235622","1347","69584639","55099295","907","小陈"
"27554562","刘琮","男","26665065","配音","否","999","26665065","琅琊榜之风起长林","电视剧","2017-12-18","中国大陆","2017","剧情/古装","有评分","8.4","210088","210088","1328","53330179","55109173","908",
"27553834","朱子墨","男","34792298","演员","是","17","34792298","相逢时节","电视剧","2022-02-23","中国大陆","2022","剧情","有评分","4.9","33169","33169","403","69584645","55107717","909","郝聿怀"
"27503764","赵冉","女","34792298","演员","是","12","34792298","相逢时节","电视剧","2022-02-23","中国大陆","2022","剧情","有评分","4.9","33169","33169","403","69584645","55007577","910","邵彦"
"27227822","陈乔恩","女","26298935","演员","是","2","26298935","鬼吹灯之精绝古城","电视剧","2016-12-19","中国大陆","2016","剧情/悬疑/惊悚","有评分","7.9","274802","274802","1473","52597919","54455693","911","Shirley杨"
"27542406","陈同勋","男","26671336","造型指导","否","999","26671336","得闲谨制","电影","2025-12-06","中国大陆","2025","剧情/战争","有评分","6.9","268554","268554","1361","53342721","55084861","912",
"27559482","许君聪","男","26671336","演员","是","12","26671336","得闲谨制","电影","2025-12-06","中国大陆","2025","剧情/战争","有评分","6.9","268554","268554","1361","53342721","55119013","913","船长"
"27495929","杜维瀚","男","34792296","演员","是","70","34792296","欢迎光临","电视剧","2022-05-18","中国大陆","2022","剧情/喜剧/爱情","有评分","6.4","56516","56516","601","69584641","54991907","914","健壮服务生"
"27547624","冯雷","男","36189205","演员","否","999","36189205","凡人歌","电视剧","2024-08-31","中国大陆","2024","剧情/喜剧","有评分","7.7","77700","77700","773","72378459","55095297","915","朱培东"
"27480253","郁可唯","女","26928226","演唱","否","999","26928226","知否知否应是绿肥红瘦","电视剧","2018-12-25","中国大陆","2018","剧情/爱情/古装","有评分","8.0","695224","695224","2358","53856501","54960555","916",
"27558286","阿耐","女","35321446","原著作者","否","999","35321446","大江大河之岁月如歌","电视剧","2024-01-08","中国大陆","2024","剧情","有评分","8.0","72953","72953","764","70642941","55116621","917",
"27558286","阿耐","女","34792298","编剧","是","1","34792298","相逢时节","电视剧","2022-02-23","中国大陆","2022","剧情","有评分","4.9","33169","33169","403","69584645","55116621","918",
"27558286","阿耐","女","30423905","原著作者","否","999","30423905","大江大河2","电视剧","2020-12-20","中国大陆","2020","剧情/历史","有评分","8.7","208072","208072","1345","60847859","55116621","919",
"27558286","阿耐","女","30421903","原著作者","否","999","30421903","淬火年代","电视剧","2025-06-18","中国大陆","2025","剧情","有评分","7.0","21373","21373","387","60843855","55116621","920",
"27558286","阿耐","女","27088993","原著作者","否","999","27088993","都挺好","电视剧","2019-03-01","中国大陆","2019","剧情/家庭","有评分","7.7","394106","394106","1742","54178035","55116621","921",
"27558286","阿耐","女","26797690","原著作者","否","999","26797690","大江大河","电视剧","2018-12-10","中国大陆","2018","剧情","有评分","8.8","260126","260126","1513","53595429","55116621","922",
"27558286","阿耐","女","26779426","原著作者","否","999","26779426","欢乐颂3","电视剧","2022-08-11","中国大陆","2022","剧情/爱情","有评分","4.9","41716","41716","452","53558901","55116621","923",
"27558286","阿耐","女","26743573","原著作者","否","999","26743573","欢乐颂2","电视剧","2017-05-11","中国大陆","2017","剧情/爱情","有评分","5.4","154450","154450","913","53487195","55116621","924",
"27558286","阿耐","女","26430092","原著作者","否","999","26430092","欢乐颂","电视剧","2016-04-18","中国大陆","2016","剧情/爱情","有评分","7.5","353514","353514","1628","52860233","55116621","925",
"27483155","赵倩","女","26779426","演员","否","999","26779426","欢乐颂3","电视剧","2022-08-11","中国大陆","2022","剧情/爱情","有评分","4.9","41716","41716","452","53558901","54966359","926",
"27549441","张琪","男","36571896","演员","否","999","36571896","命悬一生","电视剧","2025-10-11","中国大陆","2025","剧情/悬疑","有评分","7.7","85010","85010","809","73143841","55098931","927","徐财增"
"27484513","边程","男","26759908","演员","是","5","26759908","清平乐","电视剧","2020-04-07","中国大陆","2020","剧情/古装","有评分","6.4","173456","173456","1054","53519865","54969075","928","梁怀吉"
"27559722","高鸿涛","男","25754848","演员","是","92","25754848","琅琊榜","电视剧","2015-09-19","中国大陆","2015","剧情/古装","有评分","9.4","919060","919060","2939","51509745","55119493","929","庆国公"
"27482763","陈龙","男","26743573","演员","是","12","26743573","欢乐颂2","电视剧","2017-05-11","中国大陆","2017","剧情/爱情","有评分","5.4","154450","154450","913","53487195","54965575","930","陈家康"
"27482763","陈龙","男","25754848","演员","是","4","25754848","琅琊榜","电视剧","2015-09-19","中国大陆","2015","剧情/古装","有评分","9.4","919060","919060","2939","51509745","54965575","931","蒙挚"
"27495102","赵丽娟","女","26743573","演员","是","15","26743573","欢乐颂2","电视剧","2017-05-11","中国大陆","2017","剧情/爱情","有评分","5.4","154450","154450","913","53487195","54990253","932","包母"
"27495102","赵丽娟","女","26683725","演员","是","15","26683725","外科风云","电视剧","2017-04-17","中国大陆","2017","剧情/爱情","有评分","7.3","94754","94754","832","53367499","54990253","933","赵静"
"27481509","王森","男","26683725","演员","是","8","26683725","外科风云","电视剧","2017-04-17","中国大陆","2017","剧情/爱情","有评分","7.3","94754","94754","832","53367499","54963067","934","扬子轩"
"27495350","马少骅","男","26683725","演员","是","4","26683725","外科风云","电视剧","2017-04-17","中国大陆","2017","剧情/爱情","有评分","7.3","94754","94754","832","53367499","54990749","935","傅博文"
"27555877","王旭峰","男","26797690","演员","是","39","26797690","大江大河","电视剧","2018-12-10","中国大陆","2018","剧情","有评分","8.8","260126","260126","1513","53595429","55111803","941","石科长"
"27252844","梅婷","女","26665065","演员","是","5","26665065","琅琊榜之风起长林","电视剧","2017-12-18","中国大陆","2017","剧情/古装","有评分","8.4","210088","210088","1328","53330179","54505737","942","荀皇后"
"27485278","蒋君","女","34792296","演员","是","27","34792296","欢迎光临","电视剧","2022-05-18","中国大陆","2022","剧情/喜剧/爱情","有评分","6.4","56516","56516","601","69584641","54970605","943","客舱经理"
"27393857","陶红","女","35033654","演员","是","6","35033654","山海情","电视剧","2021-01-12","中国大陆","2021","剧情","有评分","9.2","481571","481571","2105","70067357","54787763","944","得福妈"
"27495261","徐幸","女","36189205","演员","否","999","36189205","凡人歌","电视剧","2024-08-31","中国大陆","2024","剧情/喜剧","有评分","7.7","77700","77700","773","72378459","54990571","945","沈母"
"27499805","代乐乐","女","36189205","演员","否","999","36189205","凡人歌","电视剧","2024-08-31","中国大陆","2024","剧情/喜剧","有评分","7.7","77700","77700","773","72378459","54999659","946","田意萌"
"27503980","齐奎","男","36189205","演员","否","999","36189205","凡人歌","电视剧","2024-08-31","中国大陆","2024","剧情/喜剧","有评分","7.7","77700","77700","773","72378459","55008009","947","沈志成"
"27503980","齐奎","男","35613241","演员","是","37","35613241","县委大院","电视剧","2022-12-07","中国大陆","2022","剧情","有评分","6.8","109693","109693","864","71226531","55008009","948","谭队长"
"27503980","齐奎","男","35321446","演员","否","999","35321446","大江大河之岁月如歌","电视剧","2024-01-08","中国大陆","2024","剧情","有评分","8.0","72953","72953","764","70642941","55008009","949","韩则钢"
"27503980","齐奎","男","34792296","演员","是","25","34792296","欢迎光临","电视剧","2022-05-18","中国大陆","2022","剧情/喜剧/爱情","有评分","6.4","56516","56516","601","69584641","55008009","950","土豪大哥"
"27503980","齐奎","男","30423905","演员","是","10","30423905","大江大河2","电视剧","2020-12-20","中国大陆","2020","剧情/历史","有评分","8.7","208072","208072","1345","60847859","55008009","951","韩则钢"
"27484179","洪京京","女","35588265","演员","否","999","35588265","樱桃琥珀","电视剧","2025-07-14","中国大陆","2025","剧情/爱情","有评分","5.7","38891","38891","471","71176579","54968407","952","曲老师"
"27558279","吴昊宸","男","26743573","演员","是","10","26743573","欢乐颂2","电视剧","2017-05-11","中国大陆","2017","剧情/爱情","有评分","5.4","154450","154450","913","53487195","55116607","953","应勤"
"27558279","吴昊宸","男","26665065","演员","是","12","26665065","琅琊榜之风起长林","电视剧","2017-12-18","中国大陆","2017","剧情/古装","有评分","8.4","210088","210088","1328","53330179","55116607","954","萧元启"
"27558279","吴昊宸","男","26430092","演员","是","19","26430092","欢乐颂","电视剧","2016-04-18","中国大陆","2016","剧情/爱情","有评分","7.5","353514","353514","1628","52860233","55116607","955","应勤"
"27558279","吴昊宸","男","26298935","演员","是","13","26298935","鬼吹灯之精绝古城","电视剧","2016-12-19","中国大陆","2016","剧情/悬疑/惊悚","有评分","7.9","274802","274802","1473","52597919","55116607","956","小战士"
"27558279","吴昊宸","男","25994712","演员","否","999","25994712","伪装者","电视剧","2015-08-31","中国大陆","2015","剧情/悬疑","有评分","8.6","382758","382758","1814","51989473","55116607","957","日本兵"
"27480722","王同辉","男","30421903","演员","否","999","30421903","淬火年代","电视剧","2025-06-18","中国大陆","2025","剧情","有评分","7.0","21373","21373","387","60843855","54961493","958","崔父"
"27559764","于恒","男","35613241","演员","否","999","35613241","县委大院","电视剧","2022-12-07","中国大陆","2022","剧情","有评分","6.8","109693","109693","864","71226531","55119577","959","九原县冯主任"
"27559764","于恒","男","30421903","演员","否","999","30421903","淬火年代","电视剧","2025-06-18","中国大陆","2025","剧情","有评分","7.0","21373","21373","387","60843855","55119577","960","周警官"
"27559764","于恒","男","26779426","演员","否","999","26779426","欢乐颂3","电视剧","2022-08-11","中国大陆","2022","剧情/爱情","有评分","4.9","41716","41716","452","53558901","55119577","961","叶尚"
"27559764","于恒","男","26345137","演员","是","4","26345137","如果蜗牛有爱情","电视剧","2016-10-24","中国大陆","2016","剧情/爱情/悬疑","有评分","7.2","105271","105271","871","52690323","55119577","962","赵寒"
"27481430","张佳宁","女","35321446","演员","是","5","35321446","大江大河之岁月如歌","电视剧","2024-01-08","中国大陆","2024","剧情","有评分","8.0","72953","72953","764","70642941","54962909","963","任遐迩"
"27481430","张佳宁","女","34792296","演员","是","11","34792296","欢迎光临","电视剧","2022-05-18","中国大陆","2022","剧情/喜剧/爱情","有评分","6.4","56516","56516","601","69584641","54962909","964","九斤"
"27481430","张佳宁","女","34792295","演员","是","17","34792295","乔家的儿女","电视剧","2021-08-17","中国大陆","2021","剧情/家庭","有评分","7.7","235622","235622","1347","69584639","54962909","965","常星宇"
"27481430","张佳宁","女","30423905","演员","是","56","30423905","大江大河2","电视剧","2020-12-20","中国大陆","2020","剧情/历史","有评分","8.7","208072","208072","1345","60847859","54962909","966","任遐迩"
"27481430","张佳宁","女","26928226","演员","是","5","26928226","知否知否应是绿肥红瘦","电视剧","2018-12-25","中国大陆","2018","剧情/爱情/古装","有评分","8.0","695224","695224","2358","53856501","54962909","967","盛如兰"
"27481430","张佳宁","女","26779426","演员","是","3","26779426","欢乐颂3","电视剧","2022-08-11","中国大陆","2022","剧情/爱情","有评分","4.9","41716","41716","452","53558901","54962909","968","朱喆"
"27552504","李金江","男","35613241","演员","否","999","35613241","县委大院","电视剧","2022-12-07","中国大陆","2022","剧情","有评分","6.8","109693","109693","864","71226531","55105057","969","二乖"
"27552504","李金江","男","35332289","演员","是","40","35332289","开端","电视剧","2022-01-11","中国大陆","2022","剧情","有评分","7.9","968506","968506","2766","70664627","55105057","970","外卖员"
"27552504","李金江","男","35321446","演员","否","999","35321446","大江大河之岁月如歌","电视剧","2024-01-08","中国大陆","2024","剧情","有评分","8.0","72953","72953","764","70642941","55105057","971","起哄人"
"27552504","李金江","男","35033654","演员","是","20","35033654","山海情","电视剧","2021-01-12","中国大陆","2021","剧情","有评分","9.2","481571","481571","2105","70067357","55105057","972","杨尕娃"
"27552504","李金江","男","34792296","演员","是","35","34792296","欢迎光临","电视剧","2022-05-18","中国大陆","2022","剧情/喜剧/爱情","有评分","6.4","56516","56516","601","69584641","55105057","973","小李"
"27552504","李金江","男","33442331","演员","是","33","33442331","我是余欢水","电视剧","2020-04-06","中国大陆","2020","剧情","有评分","7.3","324953","324953","1540","66884711","55105057","974","小鱼"
"27483377","刘敏涛","女","36571896","演员","是","10","36571896","命悬一生","电视剧","2025-10-11","中国大陆","2025","剧情/悬疑","有评分","7.7","85010","85010","809","73143841","54966803","975","童母"
"27483377","刘敏涛","女","26743573","演员","是","21","26743573","欢乐颂2","电视剧","2017-05-11","中国大陆","2017","剧情/爱情","有评分","5.4","154450","154450","913","53487195","54966803","976",
"27483377","刘敏涛","女","26683725","配音","否","999","26683725","外科风云","电视剧","2017-04-17","中国大陆","2017","剧情/爱情","有评分","7.3","94754","94754","832","53367499","54966803","977",
"27483377","刘敏涛","女","26430092","演员","是","23","26430092","欢乐颂","电视剧","2016-04-18","中国大陆","2016","剧情/爱情","有评分","7.5","353514","353514","1628","52860233","54966803","978","关母"
"27483377","刘敏涛","女","25994712","演员","是","3","25994712","伪装者","电视剧","2015-08-31","中国大陆","2015","剧情/悬疑","有评分","8.6","382758","382758","1814","51989473","54966803","979","明镜"
"27483377","刘敏涛","女","25754848","演员","是","18","25754848","琅琊榜","电视剧","2015-09-19","中国大陆","2015","剧情/古装","有评分","9.4","919060","919060","2939","51509745","54966803","980","静嫔"
"27484178","岳旸","男","34792296","演员","是","9","34792296","欢迎光临","电视剧","2022-05-18","中国大陆","2022","剧情/喜剧/爱情","有评分","6.4","56516","56516","601","69584641","54968405","981","孙经理（孙广庭）"
"27484178","岳旸","男","34792295","演员","是","41","34792295","乔家的儿女","电视剧","2021-08-17","中国大陆","2021","剧情/家庭","有评分","7.7","235622","235622","1347","69584639","54968405","982","李和满"
"27484178","岳旸","男","33442331","演员","是","4","33442331","我是余欢水","电视剧","2020-04-06","中国大陆","2020","剧情","有评分","7.3","324953","324953","1540","66884711","54968405","983","赵觉民"
"27484178","岳旸","男","30423905","演员","是","35","30423905","大江大河2","电视剧","2020-12-20","中国大陆","2020","剧情/历史","有评分","8.7","208072","208072","1345","60847859","54968405","984","冯工"
"27484178","岳旸","男","27088993","演员","是","24","27088993","都挺好","电视剧","2019-03-01","中国大陆","2019","剧情/家庭","有评分","7.7","394106","394106","1742","54178035","54968405","985","警察"
"27484178","岳旸","男","26743573","演员","是","18","26743573","欢乐颂2","电视剧","2017-05-11","中国大陆","2017","剧情/爱情","有评分","5.4","154450","154450","913","53487195","54968405","986","樊胜英"
"27484178","岳旸","男","26683725","演员","是","47","26683725","外科风云","电视剧","2017-04-17","中国大陆","2017","剧情/爱情","有评分","7.3","94754","94754","832","53367499","54968405","987","刘长河"
"27484178","岳旸","男","26665065","演员","是","26","26665065","琅琊榜之风起长林","电视剧","2017-12-18","中国大陆","2017","剧情/古装","有评分","8.4","210088","210088","1328","53330179","54968405","988","张府尹"
"27484178","岳旸","男","26430092","演员","是","26","26430092","欢乐颂","电视剧","2016-04-18","中国大陆","2016","剧情/爱情","有评分","7.5","353514","353514","1628","52860233","54968405","989","樊胜英"
"27484178","岳旸","男","26298935","演员","是","4","26298935","鬼吹灯之精绝古城","电视剧","2016-12-19","中国大陆","2016","剧情/悬疑/惊悚","有评分","7.9","274802","274802","1473","52597919","54968405","990","大金牙"
"27484178","岳旸","男","26088457","演员","是","11","26088457","他来了，请闭眼","电视剧","2015-10-15","中国大陆","2015","剧情/悬疑","有评分","6.7","74395","74395","706","52176963","54968405","991","老周"
"27484178","岳旸","男","25994712","演员","是","9","25994712","伪装者","电视剧","2015-08-31","中国大陆","2015","剧情/悬疑","有评分","8.6","382758","382758","1814","51989473","54968405","992","梁仲春"
"27549497","丁勇岱","男","33442331","演员","是","40","33442331","我是余欢水","电视剧","2020-04-06","中国大陆","2020","剧情","有评分","7.3","324953","324953","1540","66884711","55099043","993","电视台副台长"
"27549497","丁勇岱","男","26743573","演员","否","999","26743573","欢乐颂2","电视剧","2017-05-11","中国大陆","2017","剧情/爱情","有评分","5.4","154450","154450","913","53487195","55099043","994",
"27549497","丁勇岱","男","26683725","演员","是","22","26683725","外科风云","电视剧","2017-04-17","中国大陆","2017","剧情/爱情","有评分","7.3","94754","94754","832","53367499","55099043","995","高洪祥"
"27549497","丁勇岱","男","26430092","演员","是","18","26430092","欢乐颂","电视剧","2016-04-18","中国大陆","2016","剧情/爱情","有评分","7.5","353514","353514","1628","52860233","55099043","996","魏国强"
"27549497","丁勇岱","男","25754848","演员","是","15","25754848","琅琊榜","电视剧","2015-09-19","中国大陆","2015","剧情/古装","有评分","9.4","919060","919060","2939","51509745","55099043","997","梁帝萧选"
"27493545","靳东","男","26743573","演员","是","13","26743573","欢乐颂2","电视剧","2017-05-11","中国大陆","2017","剧情/爱情","有评分","5.4","154450","154450","913","53487195","54987139","998","谭宗明"
"27493545","靳东","男","26683725","演员","是","1","26683725","外科风云","电视剧","2017-04-17","中国大陆","2017","剧情/爱情","有评分","7.3","94754","94754","832","53367499","54987139","999","庄恕/小斌"
"27493545","靳东","男","26430092","演员","是","9","26430092","欢乐颂","电视剧","2016-04-18","中国大陆","2016","剧情/爱情","有评分","7.5","353514","353514","1628","52860233","54987139","1000","谭宗明"
"27493545","靳东","男","26298935","演员","是","1","26298935","鬼吹灯之精绝古城","电视剧","2016-12-19","中国大陆","2016","剧情/悬疑/惊悚","有评分","7.9","274802","274802","1473","52597919","54987139","1001","胡八一"
"27493545","靳东","男","25994712","演员","是","2","25994712","伪装者","电视剧","2015-08-31","中国大陆","2015","剧情/悬疑","有评分","8.6","382758","382758","1814","51989473","54987139","1002","明楼"
"27493545","靳东","男","25754848","演员","是","6","25754848","琅琊榜","电视剧","2015-09-19","中国大陆","2015","剧情/古装","有评分","9.4","919060","919060","2939","51509745","54987139","1003","蔺晨"
"27549827","毛晓彤","女","34792295","演员","是","3","34792295","乔家的儿女","电视剧","2021-08-17","中国大陆","2021","剧情/家庭","有评分","7.7","235622","235622","1347","69584639","55099703","1004","乔三丽"
"27555673","王永强","男","26345137","演员","是","21","26345137","如果蜗牛有爱情","电视剧","2016-10-24","中国大陆","2016","剧情/爱情/悬疑","有评分","7.2","105271","105271","871","52690323","55111395","1005","赵琅"
"27493269","许亚军","男","35321446","演员","是","7","35321446","大江大河之岁月如歌","电视剧","2024-01-08","中国大陆","2024","剧情","有评分","8.0","72953","72953","764","70642941","54986587","1006","梁父"
"27503897","田小洁","男","35613241","演员","是","39","35613241","县委大院","电视剧","2022-12-07","中国大陆","2022","剧情","有评分","6.8","109693","109693","864","71226531","55007843","1007","孙组长"
"27484062","张鹭","女","35613241","演员","否","999","35613241","县委大院","电视剧","2022-12-07","中国大陆","2022","剧情","有评分","6.8","109693","109693","864","71226531","54968173","1008","杨海燕"
"27484062","张鹭","女","34792296","演员","是","18","34792296","欢迎光临","电视剧","2022-05-18","中国大陆","2022","剧情/喜剧/爱情","有评分","6.4","56516","56516","601","69584641","54968173","1009","李大妈"
"27554722","吴优","男","35033654","演员","是","38","35033654","山海情","电视剧","2021-01-12","中国大陆","2021","剧情","有评分","9.2","481571","481571","2105","70067357","55109493","1010","立仓"
"27493513","江奇霖","男","35613241","演员","否","999","35613241","县委大院","电视剧","2022-12-07","中国大陆","2022","剧情","有评分","6.8","109693","109693","864","71226531","54987075","1011","刘喜"
"27493513","江奇霖","男","35033654","演员","是","23","35033654","山海情","电视剧","2021-01-12","中国大陆","2021","剧情","有评分","9.2","481571","481571","2105","70067357","54987075","1012","郭闽航"
"27493513","江奇霖","男","26671336","演员","是","13","26671336","得闲谨制","电影","2025-12-06","中国大陆","2025","剧情/战争","有评分","6.9","268554","268554","1361","53342721","54987075","1013","刘木匠"
"27482871","房子斌","男","36189205","演员","否","999","36189205","凡人歌","电视剧","2024-08-31","中国大陆","2024","剧情/喜剧","有评分","7.7","77700","77700","773","72378459","54965791","1014","秦峰"
"27482871","房子斌","男","35613241","演员","是","12","35613241","县委大院","电视剧","2022-12-07","中国大陆","2022","剧情","有评分","6.8","109693","109693","864","71226531","54965791","1015","李保平（李乡长）"
"27482871","房子斌","男","35321446","演员","是","10","35321446","大江大河之岁月如歌","电视剧","2024-01-08","中国大陆","2024","剧情","有评分","8.0","72953","72953","764","70642941","54965791","1016","宫新鸣"
"27547707","秦俊杰","男","36189205","演员","是","4","36189205","凡人歌","电视剧","2024-08-31","中国大陆","2024","剧情/喜剧","有评分","7.7","77700","77700","773","72378459","55095463","1017","沈磊"
"27484520","张瑞涵","男","36534750","演员","是","12","36534750","小巷人家","电视剧","2024-10-28","中国大陆","2024","剧情/家庭","有评分","8.4","287902","287902","1555","73069549","54969089","1018","吴建国"
"27484520","张瑞涵","男","30423905","演员","是","42","30423905","大江大河2","电视剧","2020-12-20","中国大陆","2020","剧情/历史","有评分","8.7","208072","208072","1345","60847859","54969089","1019","程千里"
"27558001","吴桐","女","34792298","编剧","是","4","34792298","相逢时节","电视剧","2022-02-23","中国大陆","2022","剧情","有评分","4.9","33169","33169","403","69584645","55116051","1020",
"27558001","吴桐","女","27088993","文学顾问","否","999","27088993","都挺好","电视剧","2019-03-01","中国大陆","2019","剧情/家庭","有评分","7.7","394106","394106","1742","54178035","55116051","1021",
"27558001","吴桐","女","26928226","编剧","是","2","26928226","知否知否应是绿肥红瘦","电视剧","2018-12-25","中国大陆","2018","剧情/爱情/古装","有评分","8.0","695224","695224","2358","53856501","55116051","1022",
"27547011","叶子诚","男","26928226","演员","否","999","26928226","知否知否应是绿肥红瘦","电视剧","2018-12-25","中国大陆","2018","剧情/爱情/古装","有评分","8.0","695224","695224","2358","53856501","55094071","1023","顾廷炳"
"27483732","王柏安","女","26928226","演员","否","999","26928226","知否知否应是绿肥红瘦","电视剧","2018-12-25","中国大陆","2018","剧情/爱情/古装","有评分","8.0","695224","695224","2358","53856501","54967513","1024","秋江"
"27503498","刘岳","男","26928226","演员","是","28","26928226","知否知否应是绿肥红瘦","电视剧","2018-12-25","中国大陆","2018","剧情/爱情/古装","有评分","8.0","695224","695224","2358","53856501","55007045","1025","贺弘文"
"27499941","李依晓","女","26928226","演员","是","11","26928226","知否知否应是绿肥红瘦","电视剧","2018-12-25","中国大陆","2018","剧情/爱情/古装","有评分","8.0","695224","695224","2358","53856501","54999931","1026","朱曼娘"
"27483837","宋祖儿","女","34792295","演员","是","2","34792295","乔家的儿女","电视剧","2021-08-17","中国大陆","2021","剧情/家庭","有评分","7.7","235622","235622","1347","69584639","54967723","1027","乔四美"
"27483837","宋祖儿","女","30421903","演员","是","2","30421903","淬火年代","电视剧","2025-06-18","中国大陆","2025","剧情","有评分","7.0","21373","21373","387","60843855","54967723","1028","崔冰冰"
"27483521","鲍大志","男","26779426","演员","否","999","26779426","欢乐颂3","电视剧","2022-08-11","中国大陆","2022","剧情/爱情","有评分","4.9","41716","41716","452","53558901","54967091","1029","戴维父亲"
"27484201","于莎莎","女","34792296","演员","是","13","34792296","欢迎光临","电视剧","2022-05-18","中国大陆","2022","剧情/喜剧/爱情","有评分","6.4","56516","56516","601","69584641","54968451","1030","甜妹子"
"27484201","于莎莎","女","26779426","演员","是","9","26779426","欢乐颂3","电视剧","2022-08-11","中国大陆","2022","剧情/爱情","有评分","4.9","41716","41716","452","53558901","54968451","1031",
"27492122","张天爱","女","26759908","演员","是","13","26759908","清平乐","电视剧","2020-04-07","中国大陆","2020","剧情/古装","有评分","6.4","173456","173456","1054","53519865","54984293","1032","陈熙春"
"27550595","乔欣","女","26743573","演员","是","5","26743573","欢乐颂2","电视剧","2017-05-11","中国大陆","2017","剧情/爱情","有评分","5.4","154450","154450","913","53487195","55101239","1033","关雎尔"
"27550595","乔欣","女","26665065","演员","是","14","26665065","琅琊榜之风起长林","电视剧","2017-12-18","中国大陆","2017","剧情/古装","有评分","8.4","210088","210088","1328","53330179","55101239","1034","荀安如"
"27550595","乔欣","女","26430092","演员","是","5","26430092","欢乐颂","电视剧","2016-04-18","中国大陆","2016","剧情/爱情","有评分","7.5","353514","353514","1628","52860233","55101239","1035","关雎尔"
"27550595","乔欣","女","25754848","演员","是","29","25754848","琅琊榜","电视剧","2015-09-19","中国大陆","2015","剧情/古装","有评分","9.4","919060","919060","2939","51509745","55101239","1036","宇文念"
"27484718","方晓莉","女","26779426","演员","否","999","26779426","欢乐颂3","电视剧","2022-08-11","中国大陆","2022","剧情/爱情","有评分","4.9","41716","41716","452","53558901","54969485","1037","李其行母亲"
"27484718","方晓莉","女","25754848","演员","是","26","25754848","琅琊榜","电视剧","2015-09-19","中国大陆","2015","剧情/古装","有评分","9.4","919060","919060","2939","51509745","54969485","1038","皇后言氏"
"27558281","康群智","女","34792298","演员","是","26","34792298","相逢时节","电视剧","2022-02-23","中国大陆","2022","剧情","有评分","4.9","33169","33169","403","69584645","55116611","1039","许大姐"
"27558281","康群智","女","27088993","演员","是","12","27088993","都挺好","电视剧","2019-03-01","中国大陆","2019","剧情/家庭","有评分","7.7","394106","394106","1742","54178035","55116611","1040","朱丽母亲"
"27558281","康群智","女","26928226","演员","是","26","26928226","知否知否应是绿肥红瘦","电视剧","2018-12-25","中国大陆","2018","剧情/爱情/古装","有评分","8.0","695224","695224","2358","53856501","55116611","1041","常嬷嬷"
"27558281","康群智","女","26759908","演员","是","38","26759908","清平乐","电视剧","2020-04-07","中国大陆","2020","剧情/古装","有评分","6.4","173456","173456","1054","53519865","55116611","1042","大长公主"
"27558281","康群智","女","26743573","演员","否","999","26743573","欢乐颂2","电视剧","2017-05-11","中国大陆","2017","剧情/爱情","有评分","5.4","154450","154450","913","53487195","55116611","1043",
"27558281","康群智","女","26683725","演员","是","44","26683725","外科风云","电视剧","2017-04-17","中国大陆","2017","剧情/爱情","有评分","7.3","94754","94754","832","53367499","55116611","1044","曹母"
"27558281","康群智","女","26665065","演员","是","41","26665065","琅琊榜之风起长林","电视剧","2017-12-18","中国大陆","2017","剧情/古装","有评分","8.4","210088","210088","1328","53330179","55116611","1045","荀夫人"
"27558281","康群智","女","26430092","演员","是","25","26430092","欢乐颂","电视剧","2016-04-18","中国大陆","2016","剧情/爱情","有评分","7.5","353514","353514","1628","52860233","55116611","1046","刘美兰"
"27504104","王宏","男","35613241","演员","是","43","35613241","县委大院","电视剧","2022-12-07","中国大陆","2022","剧情","有评分","6.8","109693","109693","864","71226531","55008257","1047","穆宏"
"27504104","王宏","男","35613241","导演","是","3","35613241","县委大院","电视剧","2022-12-07","中国大陆","2022","剧情","有评分","6.8","109693","109693","864","71226531","55008257","1048",
"27504104","王宏","男","35332289","演员","是","30","35332289","开端","电视剧","2022-01-11","中国大陆","2022","剧情","有评分","7.9","968506","968506","2766","70664627","55008257","1049","私家车爸爸"
"27504104","王宏","男","35321446","演员","是","11","35321446","大江大河之岁月如歌","电视剧","2024-01-08","中国大陆","2024","剧情","有评分","8.0","72953","72953","764","70642941","55008257","1050","雷士根"
"27504104","王宏","男","33442331","演员","是","36","33442331","我是余欢水","电视剧","2020-04-06","中国大陆","2020","剧情","有评分","7.3","324953","324953","1540","66884711","55008257","1051","小舅子"
"27504104","王宏","男","30423905","演员","是","18","30423905","大江大河2","电视剧","2020-12-20","中国大陆","2020","剧情/历史","有评分","8.7","208072","208072","1345","60847859","55008257","1052","雷士根"
"27504104","王宏","男","26797690","演员","是","11","26797690","大江大河","电视剧","2018-12-10","中国大陆","2018","剧情","有评分","8.8","260126","260126","1513","53595429","55008257","1053","雷士根"
"27504104","王宏","男","26683725","演员","是","43","26683725","外科风云","电视剧","2017-04-17","中国大陆","2017","剧情/爱情","有评分","7.3","94754","94754","832","53367499","55008257","1054","王忱"
"27504104","王宏","男","26665065","演员","否","999","26665065","琅琊榜之风起长林","电视剧","2017-12-18","中国大陆","2017","剧情/古装","有评分","8.4","210088","210088","1328","53330179","55008257","1055","天牢主管"
"27504104","王宏","男","26665065","执行导演","否","999","26665065","琅琊榜之风起长林","电视剧","2017-12-18","中国大陆","2017","剧情/古装","有评分","8.4","210088","210088","1328","53330179","55008257","1056",
"27504104","王宏","男","26430092","演员","是","17","26430092","欢乐颂","电视剧","2016-04-18","中国大陆","2016","剧情/爱情","有评分","7.5","353514","353514","1628","52860233","55008257","1057","林靖"
"27504104","王宏","男","26298935","演员","是","15","26298935","鬼吹灯之精绝古城","电视剧","2016-12-19","中国大陆","2016","剧情/悬疑/惊悚","有评分","7.9","274802","274802","1473","52597919","55008257","1058","大个子"
"27504104","王宏","男","25994712","演员","是","27","25994712","伪装者","电视剧","2015-08-31","中国大陆","2015","剧情/悬疑","有评分","8.6","382758","382758","1814","51989473","55008257","1059","林参谋"
"27504104","王宏","男","25754848","演员","是","32","25754848","琅琊榜","电视剧","2015-09-19","中国大陆","2015","剧情/古装","有评分","9.4","919060","919060","2939","51509745","55008257","1060","黎纲"
"27480371","胡歌","男","35613241","演员","是","1","35613241","县委大院","电视剧","2022-12-07","中国大陆","2022","剧情","有评分","6.8","109693","109693","864","71226531","54960791","1061","梅晓歌"
"27480371","胡歌","男","26683725","演员","是","21","26683725","外科风云","电视剧","2017-04-17","中国大陆","2017","剧情/爱情","有评分","7.3","94754","94754","832","53367499","54960791","1062","胡歌"
"27480371","胡歌","男","25994712","演员","是","1","25994712","伪装者","电视剧","2015-08-31","中国大陆","2015","剧情/悬疑","有评分","8.6","382758","382758","1814","51989473","54960791","1063","明台"
"27480371","胡歌","男","25754848","演员","是","1","25754848","琅琊榜","电视剧","2015-09-19","中国大陆","2015","剧情/古装","有评分","9.4","919060","919060","2939","51509745","54960791","1064","梅长苏/苏哲/林殊"
"27501552","耿乐","男","26683725","演员","是","13","26683725","外科风云","电视剧","2017-04-17","中国大陆","2017","剧情/爱情","有评分","7.3","94754","94754","832","53367499","55003153","1065","薛栾"
"27553398","于彭","女","33442331","演员","否","999","33442331","我是余欢水","电视剧","2020-04-06","中国大陆","2020","剧情","有评分","7.3","324953","324953","1540","66884711","55106845","1066","邻居阿姨"
"27484683","王正权","男","35321446","演员","否","999","35321446","大江大河之岁月如歌","电视剧","2024-01-08","中国大陆","2024","剧情","有评分","8.0","72953","72953","764","70642941","54969415","1067","老专家"
"27484683","王正权","男","27088993","演员","是","15","27088993","都挺好","电视剧","2019-03-01","中国大陆","2019","剧情/家庭","有评分","7.7","394106","394106","1742","54178035","54969415","1068","舅舅"
"27484005","张衣","男","35321446","演员","否","999","35321446","大江大河之岁月如歌","电视剧","2024-01-08","中国大陆","2024","剧情","有评分","8.0","72953","72953","764","70642941","54968059","1069","张家权"
"27541364","张博","男","26665065","演员","是","6","26665065","琅琊榜之风起长林","电视剧","2017-12-18","中国大陆","2017","剧情/古装","有评分","8.4","210088","210088","1328","53330179","55082777","1070","荀飞盏"
"27247159","黄晓明","男","26665065","演员","是","1","26665065","琅琊榜之风起长林","电视剧","2017-12-18","中国大陆","2017","剧情/古装","有评分","8.4","210088","210088","1328","53330179","54494367","1071","萧平章"
"27483821","刘旭","男","35613241","演员","否","999","35613241","县委大院","电视剧","2022-12-07","中国大陆","2022","剧情","有评分","6.8","109693","109693","864","71226531","54967691","1072","宋海平"
"27547505","王砚辉","男","35613241","演员","是","22","35613241","县委大院","电视剧","2022-12-07","中国大陆","2022","剧情","有评分","6.8","109693","109693","864","71226531","55095059","1073","马广群"
"27554130","彤阳","男","34792296","演员","是","51","34792296","欢迎光临","电视剧","2022-05-18","中国大陆","2022","剧情/喜剧/爱情","有评分","6.4","56516","56516","601","69584641","55108309","1074","年轻马大妈"
"27481231","郭涛","男","25870290","演员","是","1","25870290","温州两家人","电视剧","2015-11-26","中国大陆","2015","剧情","有评分","7.8","7118","7118","236","51740629","54962511","1075","侯三寿"
"27482854","霍桠明","男","36534750","演员","否","999","36534750","小巷人家","电视剧","2024-10-28","中国大陆","2024","剧情/家庭","有评分","8.4","287902","287902","1555","73069549","54965757","1076","王勇"
"27482854","霍桠明","男","34792295","演员","是","42","34792295","乔家的儿女","电视剧","2021-08-17","中国大陆","2021","剧情/家庭","有评分","7.7","235622","235622","1347","69584639","54965757","1077","陈主任"
"27482854","霍桠明","男","26928226","演员","否","999","26928226","知否知否应是绿肥红瘦","电视剧","2018-12-25","中国大陆","2018","剧情/爱情/古装","有评分","8.0","695224","695224","2358","53856501","54965757","1078","桓王"
"27482854","霍桠明","男","26345137","演员","是","10","26345137","如果蜗牛有爱情","电视剧","2016-10-24","中国大陆","2016","剧情/爱情/悬疑","有评分","7.2","105271","105271","871","52690323","54965757","1079","叶梓强"
"27482854","霍桠明","男","26088457","演员","是","12","26088457","他来了，请闭眼","电视剧","2015-10-15","中国大陆","2015","剧情/悬疑","有评分","6.7","74395","74395","706","52176963","54965757","1080","吴队长"
"27484844","刘梦珂","女","26928226","演员","否","999","26928226","知否知否应是绿肥红瘦","电视剧","2018-12-25","中国大陆","2018","剧情/爱情/古装","有评分","8.0","695224","695224","2358","53856501","54969737","1081","明月"
"27549357","张慧雯","女","26779426","演员","是","4","26779426","欢乐颂3","电视剧","2022-08-11","中国大陆","2022","剧情/爱情","有评分","4.9","41716","41716","452","53558901","55098763","1082","何悯鸿"
"27549357","张慧雯","女","26665065","演员","是","4","26665065","琅琊榜之风起长林","电视剧","2017-12-18","中国大陆","2017","剧情/古装","有评分","8.4","210088","210088","1328","53330179","55098763","1083","林奚"
"27489544","吴珏瑾","女","35332289","演员","是","33","35332289","开端","电视剧","2022-01-11","中国大陆","2022","剧情","有评分","7.9","968506","968506","2766","70664627","54979137","1084","刘瑶妈"
"27547744","钱漪","男","35332289","演员","是","31","35332289","开端","电视剧","2022-01-11","中国大陆","2022","剧情","有评分","7.9","968506","968506","2766","70664627","55095537","1085","卢笛爸爸"
"27547786","李洪涛","男","26928226","演员","是","15","26928226","知否知否应是绿肥红瘦","电视剧","2018-12-25","中国大陆","2018","剧情/爱情/古装","有评分","8.0","695224","695224","2358","53856501","55095621","1086","顾偃开"
"27547786","李洪涛","男","26683725","演员","是","45","26683725","外科风云","电视剧","2017-04-17","中国大陆","2017","剧情/爱情","有评分","7.3","94754","94754","832","53367499","55095621","1087","祁大伟"
"27488329","杨新鸣","男","35033654","配音","否","999","35033654","山海情","电视剧","2021-01-12","中国大陆","2021","剧情","有评分","9.2","481571","481571","2105","70067357","54976707","1088",
"27488329","杨新鸣","男","26928226","演员","是","17","26928226","知否知否应是绿肥红瘦","电视剧","2018-12-25","中国大陆","2018","剧情/爱情/古装","有评分","8.0","695224","695224","2358","53856501","54976707","1089","顾四爷"
"27488329","杨新鸣","男","26683725","演员","是","7","26683725","外科风云","电视剧","2017-04-17","中国大陆","2017","剧情/爱情","有评分","7.3","94754","94754","832","53367499","54976707","1090","钟西北"
"27488329","杨新鸣","男","26671336","演员","是","4","26671336","得闲谨制","电影","2025-12-06","中国大陆","2025","剧情/战争","有评分","6.9","268554","268554","1361","53342721","54976707","1091","太爷"
"27488329","杨新鸣","男","26298935","演员","是","6","26298935","鬼吹灯之精绝古城","电视剧","2016-12-19","中国大陆","2016","剧情/悬疑/惊悚","有评分","7.9","274802","274802","1473","52597919","54976707","1092","陈久仁"
"27488329","杨新鸣","男","25870290","演员","是","8","25870290","温州两家人","电视剧","2015-11-26","中国大陆","2015","剧情","有评分","7.8","7118","7118","236","51740629","54976707","1093","唐元彪"
"27551132","何杜娟","女","34792296","演员","是","31","34792296","欢迎光临","电视剧","2022-05-18","中国大陆","2022","剧情/喜剧/爱情","有评分","6.4","56516","56516","601","69584641","55102313","1094","女护工"
"27551132","何杜娟","女","26683725","演员","是","6","26683725","外科风云","电视剧","2017-04-17","中国大陆","2017","剧情/爱情","有评分","7.3","94754","94754","832","53367499","55102313","1095","楚珺"
"27551132","何杜娟","女","25870290","演员","是","6","25870290","温州两家人","电视剧","2015-11-26","中国大陆","2015","剧情","有评分","7.8","7118","7118","236","51740629","55102313","1096","刘灵子"
"27559707","任婉婧","女","26928226","演员","否","999","26928226","知否知否应是绿肥红瘦","电视剧","2018-12-25","中国大陆","2018","剧情/爱情/古装","有评分","8.0","695224","695224","2358","53856501","55119463","1097","海氏"
"27559707","任婉婧","女","26759908","演员","否","999","26759908","清平乐","电视剧","2020-04-07","中国大陆","2020","剧情/古装","有评分","6.4","173456","173456","1054","53519865","55119463","1099",
"27503117","李念","女","27088993","演员","是","5","27088993","都挺好","电视剧","2019-03-01","中国大陆","2019","剧情/家庭","有评分","7.7","394106","394106","1742","54178035","55006283","1103","朱丽"
"27493357","张勇","女","25994712","编剧","是","1","25994712","伪装者","电视剧","2015-08-31","中国大陆","2015","剧情/悬疑","有评分","8.6","382758","382758","1814","51989473","54986763","1104",
"27559766","江森","男","26345137","演员","是","12","26345137","如果蜗牛有爱情","电视剧","2016-10-24","中国大陆","2016","剧情/爱情/悬疑","有评分","7.2","105271","105271","871","52690323","55119581","1105","提萨"
"27482880","蒋冰","男","26345137","演员","是","9","26345137","如果蜗牛有爱情","电视剧","2016-10-24","中国大陆","2016","剧情/爱情/悬疑","有评分","7.2","105271","105271","871","52690323","54965809","1106","张士雍"
"27498460","王黎雯","女","26665065","演员","否","999","26665065","琅琊榜之风起长林","电视剧","2017-12-18","中国大陆","2017","剧情/古装","有评分","8.4","210088","210088","1328","53330179","54996969","1107","林母"
"27483363","江柏萱","男","34792298","演员","是","22","34792298","相逢时节","电视剧","2022-02-23","中国大陆","2022","剧情","有评分","4.9","33169","33169","403","69584645","54966775","1108","简志国"
"27558901","黄澄澄","男","35613241","演员","是","38","35613241","县委大院","电视剧","2022-12-07","中国大陆","2022","剧情","有评分","6.8","109693","109693","864","71226531","55117851","1109","袁浩"
"27503138","毛孩","男","35613241","演员","是","25","35613241","县委大院","电视剧","2022-12-07","中国大陆","2022","剧情","有评分","6.8","109693","109693","864","71226531","55006325","1110","宝根"
"27484215","张艺心","女","36189205","演员","否","999","36189205","凡人歌","电视剧","2024-08-31","中国大陆","2024","剧情/喜剧","有评分","7.7","77700","77700","773","72378459","54968479","1111","宁家保姆"
"27492012","潘斌龙","男","36189205","演员","否","999","36189205","凡人歌","电视剧","2024-08-31","中国大陆","2024","剧情/喜剧","有评分","7.7","77700","77700","773","72378459","54984073","1112","老柯"
"27482877","王海地","男","30423905","演员","是","33","30423905","大江大河2","电视剧","2020-12-20","中国大陆","2020","剧情/历史","有评分","8.7","208072","208072","1345","60847859","54965803","1113","靳长晓"
"27480984","石云鹏","男","36534750","演员","是","9","36534750","小巷人家","电视剧","2024-10-28","中国大陆","2024","剧情/家庭","有评分","8.4","287902","287902","1555","73069549","54962017","1114","向鹏飞"
"27480984","石云鹏","男","35321446","演员","否","999","35321446","大江大河之岁月如歌","电视剧","2024-01-08","中国大陆","2024","剧情","有评分","8.0","72953","72953","764","70642941","54962017","1115","杨速"
"27480984","石云鹏","男","26743573","演员","是","17","26743573","欢乐颂2","电视剧","2017-05-11","中国大陆","2017","剧情/爱情","有评分","5.4","154450","154450","913","53487195","54962017","1116",
"27480984","石云鹏","男","26430092","演员","是","32","26430092","欢乐颂","电视剧","2016-04-18","中国大陆","2016","剧情/爱情","有评分","7.5","353514","353514","1628","52860233","54962017","1117","小明"
"27484473","徐雷智","男","26779426","演员","否","999","26779426","欢乐颂3","电视剧","2022-08-11","中国大陆","2022","剧情/爱情","有评分","4.9","41716","41716","452","53558901","54968995","1118","陆总"
"27482773","刘钧","男","36534750","演员","否","999","36534750","小巷人家","电视剧","2024-10-28","中国大陆","2024","剧情/家庭","有评分","8.4","287902","287902","1555","73069549","54965595","1119","张书记"
"27482773","刘钧","男","35613241","演员","是","23","35613241","县委大院","电视剧","2022-12-07","中国大陆","2022","剧情","有评分","6.8","109693","109693","864","71226531","54965595","1120","李国春"
"27482773","刘钧","男","34792295","演员","是","6","34792295","乔家的儿女","电视剧","2021-08-17","中国大陆","2021","剧情/家庭","有评分","7.7","235622","235622","1347","69584639","54965595","1121","乔祖望"
"27482773","刘钧","男","30421903","演员","是","11","30421903","淬火年代","电视剧","2025-06-18","中国大陆","2025","剧情","有评分","7.0","21373","21373","387","60843855","54965595","1122","汪总工"
"27482773","刘钧","男","27088993","演员","是","25","27088993","都挺好","电视剧","2019-03-01","中国大陆","2019","剧情/家庭","有评分","7.7","394106","394106","1742","54178035","54965595","1123","洪总"
"27482773","刘钧","男","26928226","演员","是","6","26928226","知否知否应是绿肥红瘦","电视剧","2018-12-25","中国大陆","2018","剧情/爱情/古装","有评分","8.0","695224","695224","2358","53856501","54965595","1124","盛紘"
"27482773","刘钧","男","26759908","演员","是","9","26759908","清平乐","电视剧","2020-04-07","中国大陆","2020","剧情/古装","有评分","6.4","173456","173456","1054","53519865","54965595","1125","范仲淹"
"27482773","刘钧","男","26665065","演员","是","15","26665065","琅琊榜之风起长林","电视剧","2017-12-18","中国大陆","2017","剧情/古装","有评分","8.4","210088","210088","1328","53330179","54965595","1126","梁帝萧歆"
"27482773","刘钧","男","25870290","演员","是","18","25870290","温州两家人","电视剧","2015-11-26","中国大陆","2015","剧情","有评分","7.8","7118","7118","236","51740629","54965595","1127","浦律师"
"27557621","龙斌","男","35332289","演员","是","50","35332289","开端","电视剧","2022-01-11","中国大陆","2022","剧情","有评分","7.9","968506","968506","2766","70664627","55115291","1128","老江"
"27554352","王沛禄","男","36571896","演员","是","18","36571896","命悬一生","电视剧","2025-10-11","中国大陆","2025","剧情/悬疑","有评分","7.7","85010","85010","809","73143841","55108753","1129","郭阿弟"
"27554352","王沛禄","男","35332289","演员","是","43","35332289","开端","电视剧","2022-01-11","中国大陆","2022","剧情","有评分","7.9","968506","968506","2766","70664627","55108753","1130","油罐车副驾"
"27554352","王沛禄","男","35033654","演员","否","999","35033654","山海情","电视剧","2021-01-12","中国大陆","2021","剧情","有评分","9.2","481571","481571","2105","70067357","55108753","1131","瘦脸"
"27554352","王沛禄","男","33442331","演员","是","11","33442331","我是余欢水","电视剧","2020-04-06","中国大陆","2020","剧情","有评分","7.3","324953","324953","1540","66884711","55108753","1132","赵悟民"
"27483015","墨阳","男","35613241","演员","否","999","35613241","县委大院","电视剧","2022-12-07","中国大陆","2022","剧情","有评分","6.8","109693","109693","864","71226531","54966079","1133","河洞乡书记"
"27483015","墨阳","男","26683725","演员","是","48","26683725","外科风云","电视剧","2017-04-17","中国大陆","2017","剧情/爱情","有评分","7.3","94754","94754","832","53367499","54966079","1134","赵峥"
"27547648","任帅","男","35332289","演员","是","21","35332289","开端","电视剧","2022-01-11","中国大陆","2022","剧情","有评分","7.9","968506","968506","2766","70664627","55095345","1135","夏江"
"27547648","任帅","男","33442331","演员","是","42","33442331","我是余欢水","电视剧","2020-04-06","中国大陆","2020","剧情","有评分","7.3","324953","324953","1540","66884711","55095345","1136","王局长"
"27547648","任帅","男","26797690","演员","是","32","26797690","大江大河","电视剧","2018-12-10","中国大陆","2018","剧情","有评分","8.8","260126","260126","1513","53595429","55095345","1137","李主任"
"27547648","任帅","男","26683725","演员","是","39","26683725","外科风云","电视剧","2017-04-17","中国大陆","2017","剧情/爱情","有评分","7.3","94754","94754","832","53367499","55095345","1138","常立生"
"27547938","宋轶","女","25994712","演员","是","5","25994712","伪装者","电视剧","2015-08-31","中国大陆","2015","剧情/悬疑","有评分","8.6","382758","382758","1814","51989473","55095925","1139","于曼丽"
"27516241","赵君","男","26797690","演员","是","25","26797690","大江大河","电视剧","2018-12-10","中国大陆","2018","剧情","有评分","8.8","260126","260126","1513","53595429","55032531","1140","刘总工"
"27480653","郭晓东","男","36534750","演员","是","3","36534750","小巷人家","电视剧","2024-10-28","中国大陆","2024","剧情/家庭","有评分","8.4","287902","287902","1555","73069549","54961355","1141","庄超英"
"27488381","周野芒","男","34792298","演员","是","28","34792298","相逢时节","电视剧","2022-02-23","中国大陆","2022","剧情","有评分","4.9","33169","33169","403","69584645","54976811","1142","田父"
"27502631","周铁","男","34792298","演员","是","13","34792298","相逢时节","电视剧","2022-02-23","中国大陆","2022","剧情","有评分","4.9","33169","33169","403","69584645","55005311","1143","阿才哥"
"27496260","傅英彰","男","26298935","艺术指导","否","999","26298935","鬼吹灯之精绝古城","电视剧","2016-12-19","中国大陆","2016","剧情/悬疑/惊悚","有评分","7.9","274802","274802","1473","52597919","54992569","1144",
"27500484","吴靖萱","女","34792296","演员","否","999","34792296","欢迎光临","电视剧","2022-05-18","中国大陆","2022","剧情/喜剧/爱情","有评分","6.4","56516","56516","601","69584641","55001017","1145","红唇女"
"27484451","张铎","男","35033654","演员","否","999","35033654","山海情","电视剧","2021-01-12","中国大陆","2021","剧情","有评分","9.2","481571","481571","2105","70067357","54968951","1146","警察甲"
"27557955","刘恩佳","女","35033654","演员","是","60","35033654","山海情","电视剧","2021-01-12","中国大陆","2021","剧情","有评分","9.2","481571","481571","2105","70067357","55115959","1147","成年安晓燕"
"27480702","国歌","女","35613241","演员","是","41","35613241","县委大院","电视剧","2022-12-07","中国大陆","2022","剧情","有评分","6.8","109693","109693","864","71226531","54961453","1148","王晚菊"
"27480702","国歌","女","34792295","演员","是","33","34792295","乔家的儿女","电视剧","2021-08-17","中国大陆","2021","剧情/家庭","有评分","7.7","235622","235622","1347","69584639","54961453","1149","魏淑英"
"27480702","国歌","女","30423905","演员","是","45","30423905","大江大河2","电视剧","2020-12-20","中国大陆","2020","剧情/历史","有评分","8.7","208072","208072","1345","60847859","54961453","1150","陶医生"
"27483487","陈思斯","女","30423905","演员","是","41","30423905","大江大河2","电视剧","2020-12-20","中国大陆","2020","剧情/历史","有评分","8.7","208072","208072","1345","60847859","54967023","1151","袁湘"
"27484241","孙浩涪","男","30423905","演员","是","40","30423905","大江大河2","电视剧","2020-12-20","中国大陆","2020","剧情/历史","有评分","8.7","208072","208072","1345","60847859","54968531","1152","赵小波"
"27484241","孙浩涪","男","26797690","演员","是","42","26797690","大江大河","电视剧","2018-12-10","中国大陆","2018","剧情","有评分","8.8","260126","260126","1513","53595429","54968531","1153","赵小波"
"27483025","徐囡楠","女","30423905","演员","是","34","30423905","大江大河2","电视剧","2020-12-20","中国大陆","2020","剧情/历史","有评分","8.7","208072","208072","1345","60847859","54966099","1154","冯雪华"
"27560088","韩淼","男","26430092","演员","否","999","26430092","欢乐颂","电视剧","2016-04-18","中国大陆","2016","剧情/爱情","有评分","7.5","353514","353514","1628","52860233","55120225","1155","关雎尔师兄"
"27551843","冯军","女","34792296","演员","是","21","34792296","欢迎光临","电视剧","2022-05-18","中国大陆","2022","剧情/喜剧/爱情","有评分","6.4","56516","56516","601","69584641","55103735","1156","唐大妈"
"27551843","冯军","女","26928226","演员","否","999","26928226","知否知否应是绿肥红瘦","电视剧","2018-12-25","中国大陆","2018","剧情/爱情/古装","有评分","8.0","695224","695224","2358","53856501","55103735","1157","余老夫人"
"27483544","夏一瑶","女","26928226","演员","否","999","26928226","知否知否应是绿肥红瘦","电视剧","2018-12-25","中国大陆","2018","剧情/爱情/古装","有评分","8.0","695224","695224","2358","53856501","54967137","1158","朱氏"
"27483739","牛飘","男","26779426","演员","否","999","26779426","欢乐颂3","电视剧","2022-08-11","中国大陆","2022","剧情/爱情","有评分","4.9","41716","41716","452","53558901","54967527","1159","叶蓁蓁父亲"
"27480743","李明珠","女","36571896","演员","是","21","36571896","命悬一生","电视剧","2025-10-11","中国大陆","2025","剧情/悬疑","有评分","7.7","85010","85010","809","73143841","54961535","1160","李老太太"
"27480743","李明珠","女","33442331","演员","是","23","33442331","我是余欢水","电视剧","2020-04-06","中国大陆","2020","剧情","有评分","7.3","324953","324953","1540","66884711","54961535","1161","李姐"
"27554851","刘秋实","男","34792298","演员","是","14","34792298","相逢时节","电视剧","2022-02-23","中国大陆","2022","剧情","有评分","4.9","33169","33169","403","69584645","55109751","1162","刘之呈"
"27554851","刘秋实","男","26759908","演员","否","999","26759908","清平乐","电视剧","2020-04-07","中国大陆","2020","剧情/古装","有评分","6.4","173456","173456","1054","53519865","55109751","1163","葛闳"
"27483961","田璐菡","女","26759908","演员","是","32","26759908","清平乐","电视剧","2020-04-07","中国大陆","2020","剧情/古装","有评分","6.4","173456","173456","1054","53519865","54967971","1164","缳儿"
"27502065","郑皓原","男","26759908","演员","是","24","26759908","清平乐","电视剧","2020-04-07","中国大陆","2020","剧情/古装","有评分","6.4","173456","173456","1054","53519865","55004179","1165","苏舜钦"
"27539939","刘丹","女","35613241","演员","是","28","35613241","县委大院","电视剧","2022-12-07","中国大陆","2022","剧情","有评分","6.8","109693","109693","864","71226531","55079927","1166","沈大夫"
"27539939","刘丹","女","35332289","演员","是","6","35332289","开端","电视剧","2022-01-11","中国大陆","2022","剧情","有评分","7.9","968506","968506","2766","70664627","55079927","1167","陶映红"
"27539939","刘丹","女","35321446","演员","是","9","35321446","大江大河之岁月如歌","电视剧","2024-01-08","中国大陆","2024","剧情","有评分","8.0","72953","72953","764","70642941","55079927","1168","曹自立"
"27539939","刘丹","女","34792295","演员","是","36","34792295","乔家的儿女","电视剧","2021-08-17","中国大陆","2021","剧情/家庭","有评分","7.7","235622","235622","1347","69584639","55079927","1169","小茉妈"
"27558314","张昕琦","女","25754848","演员","是","56","25754848","琅琊榜","电视剧","2015-09-19","中国大陆","2015","剧情/古装","有评分","9.4","919060","919060","2939","51509745","55116677","1170","心杨"
"27487771","刘冠霖","男","35332289","演员","是","27","35332289","开端","电视剧","2022-01-11","中国大陆","2022","剧情","有评分","7.9","968506","968506","2766","70664627","54975591","1171","杨总"
"27487771","刘冠霖","男","25870290","演员","是","36","25870290","温州两家人","电视剧","2015-11-26","中国大陆","2015","剧情","有评分","7.8","7118","7118","236","51740629","54975591","1172",
"27487771","刘冠霖","男","25754848","演员","是","35","25754848","琅琊榜","电视剧","2015-09-19","中国大陆","2015","剧情/古装","有评分","9.4","919060","919060","2939","51509745","54975591","1173","夏春"
"27547952","张龄心","女","35332289","演员","是","17","35332289","开端","电视剧","2022-01-11","中国大陆","2022","剧情","有评分","7.9","968506","968506","2766","70664627","55095953","1174","莫医生"
"27547952","张龄心","女","26665065","演员","是","37","26665065","琅琊榜之风起长林","电视剧","2017-12-18","中国大陆","2017","剧情/古装","有评分","8.4","210088","210088","1328","53330179","55095953","1175","戚夫人"
"27547952","张龄心","女","25754848","演员","是","9","25754848","琅琊榜","电视剧","2015-09-19","中国大陆","2015","剧情/古装","有评分","9.4","919060","919060","2939","51509745","55095953","1176","夏冬"
"27217254","刘涛","女","35613241","演员","是","6","35613241","县委大院","电视剧","2022-12-07","中国大陆","2022","剧情","有评分","6.8","109693","109693","864","71226531","54434557","1177","李唐"
"27217254","刘涛","女","35332289","演员","是","4","35332289","开端","电视剧","2022-01-11","中国大陆","2022","剧情","有评分","7.9","968506","968506","2766","70664627","54434557","1178","杜局"
"27217254","刘涛","女","26743573","演员","是","1","26743573","欢乐颂2","电视剧","2017-05-11","中国大陆","2017","剧情/爱情","有评分","5.4","154450","154450","913","53487195","54434557","1179","安迪"
"27217254","刘涛","女","26430092","演员","是","1","26430092","欢乐颂","电视剧","2016-04-18","中国大陆","2016","剧情/爱情","有评分","7.5","353514","353514","1628","52860233","54434557","1180","安迪"
"27217254","刘涛","女","25754848","演员","是","2","25754848","琅琊榜","电视剧","2015-09-19","中国大陆","2015","剧情/古装","有评分","9.4","919060","919060","2939","51509745","54434557","1181","穆霓凰"
"27559770","朱朱","女","26759908","编剧","是","1","26759908","清平乐","电视剧","2020-04-07","中国大陆","2020","剧情/古装","有评分","6.4","173456","173456","1054","53519865","55119589","1182",
"27559770","朱朱","女","26683725","编剧","是","1","26683725","外科风云","电视剧","2017-04-17","中国大陆","2017","剧情/爱情","有评分","7.3","94754","94754","832","53367499","55119589","1183",
"27559770","朱朱","女","26345137","编剧","是","2","26345137","如果蜗牛有爱情","电视剧","2016-10-24","中国大陆","2016","剧情/爱情/悬疑","有评分","7.2","105271","105271","871","52690323","55119589","1184",
"27546068","穆丽燕","女","34792296","演员","是","24","34792296","欢迎光临","电视剧","2022-05-18","中国大陆","2022","剧情/喜剧/爱情","有评分","6.4","56516","56516","601","69584641","55092185","1185","段母"
"27546068","穆丽燕","女","33442331","演员","是","38","33442331","我是余欢水","电视剧","2020-04-06","中国大陆","2020","剧情","有评分","7.3","324953","324953","1540","66884711","55092185","1186","岳母"
"27546068","穆丽燕","女","26928226","演员","否","999","26928226","知否知否应是绿肥红瘦","电视剧","2018-12-25","中国大陆","2018","剧情/爱情/古装","有评分","8.0","695224","695224","2358","53856501","55092185","1187","贺老太太"
"27546068","穆丽燕","女","26743573","演员","否","999","26743573","欢乐颂2","电视剧","2017-05-11","中国大陆","2017","剧情/爱情","有评分","5.4","154450","154450","913","53487195","55092185","1188","曲筱绡母亲"
"27546068","穆丽燕","女","26683725","演员","是","72","26683725","外科风云","电视剧","2017-04-17","中国大陆","2017","剧情/爱情","有评分","7.3","94754","94754","832","53367499","55092185","1189","乔禾"
"27546068","穆丽燕","女","26430092","演员","是","20","26430092","欢乐颂","电视剧","2016-04-18","中国大陆","2016","剧情/爱情","有评分","7.5","353514","353514","1628","52860233","55092185","1190","曲母"
"27546068","穆丽燕","女","26088457","演员","否","999","26088457","他来了，请闭眼","电视剧","2015-10-15","中国大陆","2015","剧情/悬疑","有评分","6.7","74395","74395","706","52176963","55092185","1191","薄靳言母亲"
"27549621","张晚意","男","34792295","演员","是","4","34792295","乔家的儿女","电视剧","2021-08-17","中国大陆","2021","剧情/家庭","有评分","7.7","235622","235622","1347","69584639","55099291","1192","乔二强"
"27500359","寇智国","男","34792298","演员","是","18","34792298","相逢时节","电视剧","2022-02-23","中国大陆","2022","剧情","有评分","4.9","33169","33169","403","69584645","55000767","1193","大眼"
"27480705","张俪","女","34792298","演员","是","16","34792298","相逢时节","电视剧","2022-02-23","中国大陆","2022","剧情","有评分","4.9","33169","33169","403","69584645","54961459","1194","罗一归"
"27546840","彭昱畅","男","27088993","演员","是","11","27088993","都挺好","电视剧","2019-03-01","中国大陆","2019","剧情/家庭","有评分","7.7","394106","394106","1742","54178035","55093729","1195","小蒙"
"27546840","彭昱畅","男","26671336","演员","是","2","26671336","得闲谨制","电影","2025-12-06","中国大陆","2025","剧情/战争","有评分","6.9","268554","268554","1361","53342721","55093729","1196","肖衍"
"27518280","李易祥","男","35033654","演员","是","69","35033654","山海情","电视剧","2021-01-12","中国大陆","2021","剧情","有评分","9.2","481571","481571","2105","70067357","55036609","1197","春玲大"
"27484023","黄品沅","男","36189205","演员","否","999","36189205","凡人歌","电视剧","2024-08-31","中国大陆","2024","剧情/喜剧","有评分","7.7","77700","77700","773","72378459","54968095","1198","沈父"
"27558263","李雪婷","女","26430092","演员","是","36","26430092","欢乐颂","电视剧","2016-04-18","中国大陆","2016","剧情/爱情","有评分","7.5","353514","353514","1628","52860233","55116575","1199","阿关囡"
"27500361","刘润萱","女","26088457","演员","否","999","26088457","他来了，请闭眼","电视剧","2015-10-15","中国大陆","2015","剧情/悬疑","有评分","6.7","74395","74395","706","52176963","55000771","1200","韩娟"
"27556957","刘姝辰","女","26928226","演员","否","999","26928226","知否知否应是绿肥红瘦","电视剧","2018-12-25","中国大陆","2018","剧情/爱情/古装","有评分","8.0","695224","695224","2358","53856501","55113963","1201","余方氏"
"27553758","吴弘","男","26928226","演员","否","999","26928226","知否知否应是绿肥红瘦","电视剧","2018-12-25","中国大陆","2018","剧情/爱情/古装","有评分","8.0","695224","695224","2358","53856501","55107565","1202","梁晗"
"27553785","杜双宇","男","30421903","演员","否","999","30421903","淬火年代","电视剧","2025-06-18","中国大陆","2025","剧情","有评分","7.0","21373","21373","387","60843855","55107619","1203","王西"
"27551990","宋楚炎","男","30421903","演员","否","999","30421903","淬火年代","电视剧","2025-06-18","中国大陆","2025","剧情","有评分","7.0","21373","21373","387","60843855","55104029","1204","老许"
"27547507","练练","女","35321446","演员","是","6","35321446","大江大河之岁月如歌","电视剧","2024-01-08","中国大陆","2024","剧情","有评分","8.0","72953","72953","764","70642941","55095063","1205","韦春红"
"27547507","练练","女","34792298","演员","是","7","34792298","相逢时节","电视剧","2022-02-23","中国大陆","2022","剧情","有评分","4.9","33169","33169","403","69584645","55095063","1206","陈昕儿"
"27547507","练练","女","30423905","演员","是","7","30423905","大江大河2","电视剧","2020-12-20","中国大陆","2020","剧情/历史","有评分","8.7","208072","208072","1345","60847859","55095063","1207","韦春红"
"27547507","练练","女","30421903","演员","是","18","30421903","淬火年代","电视剧","2025-06-18","中国大陆","2025","剧情","有评分","7.0","21373","21373","387","60843855","55095063","1208","韦春红"
"27547507","练练","女","26797690","演员","是","13","26797690","大江大河","电视剧","2018-12-10","中国大陆","2018","剧情","有评分","8.8","260126","260126","1513","53595429","55095063","1209","韦春红"
"27552296","张新成","男","35613241","演员","是","3","35613241","县委大院","电视剧","2022-12-07","中国大陆","2022","剧情","有评分","6.8","109693","109693","864","71226531","55104641","1210","林志为"
"27552296","张新成","男","30421903","演员","是","1","30421903","淬火年代","电视剧","2025-06-18","中国大陆","2025","剧情","有评分","7.0","21373","21373","387","60843855","55104641","1211","柳钧"
"27484067","刘亭作","男","36571896","演员","是","11","36571896","命悬一生","电视剧","2025-10-11","中国大陆","2025","剧情/悬疑","有评分","7.7","85010","85010","809","73143841","54968183","1212","许青春"
"27484067","刘亭作","男","34792296","演员","是","41","34792296","欢迎光临","电视剧","2022-05-18","中国大陆","2022","剧情/喜剧/爱情","有评分","6.4","56516","56516","601","69584641","54968183","1213","马自达车主"
"27547034","陈洁怡","女","35332289","演员","是","42","35332289","开端","电视剧","2022-01-11","中国大陆","2022","剧情","有评分","7.9","968506","968506","2766","70664627","55094117","1214","王萌萌"
"27555572","王名扬","男","25870290","演员","是","39","25870290","温州两家人","电视剧","2015-11-26","中国大陆","2015","剧情","有评分","7.8","7118","7118","236","51740629","55111193","1215","林健林"
"27555572","王名扬","男","25754848","演员","否","999","25754848","琅琊榜","电视剧","2015-09-19","中国大陆","2015","剧情/古装","有评分","9.4","919060","919060","2939","51509745","55111193","1216","唐少使"
"27484211","宁文彤","男","35613241","演员","是","11","35613241","县委大院","电视剧","2022-12-07","中国大陆","2022","剧情","有评分","6.8","109693","109693","864","71226531","54968471","1217","李来有"
"27484211","宁文彤","男","35321446","演员","否","999","35321446","大江大河之岁月如歌","电视剧","2024-01-08","中国大陆","2024","剧情","有评分","8.0","72953","72953","764","70642941","54968471","1218","齐卫革"
"27484211","宁文彤","男","34792296","演员","是","40","34792296","欢迎光临","电视剧","2022-05-18","中国大陆","2022","剧情/喜剧/爱情","有评分","6.4","56516","56516","601","69584641","54968471","1219","超哥"
"27484211","宁文彤","男","33442331","演员","是","9","33442331","我是余欢水","电视剧","2020-04-06","中国大陆","2020","剧情","有评分","7.3","324953","324953","1540","66884711","54968471","1220","白副主任"
"27484211","宁文彤","男","26928226","演员","是","46","26928226","知否知否应是绿肥红瘦","电视剧","2018-12-25","中国大陆","2018","剧情/爱情/古装","有评分","8.0","695224","695224","2358","53856501","54968471","1221","邕王"
"27484211","宁文彤","男","26743573","演员","是","20","26743573","欢乐颂2","电视剧","2017-05-11","中国大陆","2017","剧情/爱情","有评分","5.4","154450","154450","913","53487195","54968471","1222",
"27484211","宁文彤","男","26683725","演员","是","40","26683725","外科风云","电视剧","2017-04-17","中国大陆","2017","剧情/爱情","有评分","7.3","94754","94754","832","53367499","54968471","1223","应志南"
"27484211","宁文彤","男","26430092","演员","是","15","26430092","欢乐颂","电视剧","2016-04-18","中国大陆","2016","剧情/爱情","有评分","7.5","353514","353514","1628","52860233","54968471","1224","严吕明"
"27484211","宁文彤","男","25754848","演员","是","23","25754848","琅琊榜","电视剧","2015-09-19","中国大陆","2015","剧情/古装","有评分","9.4","919060","919060","2939","51509745","54968471","1225","纪王"
"27547578","刘向京","男","26683725","演员","是","37","26683725","外科风云","电视剧","2017-04-17","中国大陆","2017","剧情/爱情","有评分","7.3","94754","94754","832","53367499","55095205","1226","李主任"
"27559782","刘杰毅","男","34792295","演员","是","47","34792295","乔家的儿女","电视剧","2021-08-17","中国大陆","2021","剧情/家庭","有评分","7.7","235622","235622","1347","69584639","55119613","1227","刘强"
"27482653","王东","男","27088993","演员","是","10","27088993","都挺好","电视剧","2019-03-01","中国大陆","2019","剧情/家庭","有评分","7.7","394106","394106","1742","54178035","54965355","1228","柳青"
"27558008","宿宇杰","男","26345137","演员","否","999","26345137","如果蜗牛有爱情","电视剧","2016-10-24","中国大陆","2016","剧情/爱情/悬疑","有评分","7.2","105271","105271","871","52690323","55116065","1229","周成博"
"27481692","梁冠华","男","34792298","演员","是","6","34792298","相逢时节","电视剧","2022-02-23","中国大陆","2022","剧情","有评分","4.9","33169","33169","403","69584645","54963433","1230","张立新"
"27213092","廖凡","男","26671336","演员","是","11","26671336","得闲谨制","电影","2025-12-06","中国大陆","2025","剧情/战争","有评分","6.9","268554","268554","1361","53342721","54426233","1231","山童"
"27502710","林栋甫","男","35321446","演员","否","999","35321446","大江大河之岁月如歌","电视剧","2024-01-08","中国大陆","2024","剧情","有评分","8.0","72953","72953","764","70642941","55005469","1232","梁外公"
"27502710","林栋甫","男","30423905","演员","是","52","30423905","大江大河2","电视剧","2020-12-20","中国大陆","2020","剧情/历史","有评分","8.7","208072","208072","1345","60847859","55005469","1233","梁外公"
"27498648","张雯","女","34792296","演员","是","14","34792296","欢迎光临","电视剧","2022-05-18","中国大陆","2022","剧情/喜剧/爱情","有评分","6.4","56516","56516","601","69584641","54997345","1234","郭玥"
"27483191","陆玲","女","26743573","演员","否","999","26743573","欢乐颂2","电视剧","2017-05-11","中国大陆","2017","剧情/爱情","有评分","5.4","154450","154450","913","53487195","54966431","1235",
"27504244","雷汉","男","26779426","演员","否","999","26779426","欢乐颂3","电视剧","2022-08-11","中国大陆","2022","剧情/爱情","有评分","4.9","41716","41716","452","53558901","55008537","1236","余初晖父亲"
"27487448","姬晨牧","男","36189205","演员","否","999","36189205","凡人歌","电视剧","2024-08-31","中国大陆","2024","剧情/喜剧","有评分","7.7","77700","77700","773","72378459","54974945","1237","李晓悦公司总监"
"27487448","姬晨牧","男","26779426","演员","否","999","26779426","欢乐颂3","电视剧","2022-08-11","中国大陆","2022","剧情/爱情","有评分","4.9","41716","41716","452","53558901","54974945","1238","何悯鸿父亲"
"27554881","李浩菲","女","26779426","演员","是","5","26779426","欢乐颂3","电视剧","2022-08-11","中国大陆","2022","剧情/爱情","有评分","4.9","41716","41716","452","53558901","55109811","1239","余初晖"
"27487918","周思羽","男","36571896","演员","是","19","36571896","命悬一生","电视剧","2025-10-11","中国大陆","2025","剧情/悬疑","有评分","7.7","85010","85010","809","73143841","54975885","1240","福昌"
"27487918","周思羽","男","26671336","演员","是","7","26671336","得闲谨制","电影","2025-12-06","中国大陆","2025","剧情/战争","有评分","6.9","268554","268554","1361","53342721","54975885","1241","康灵宝"
"27483822","马岩","男","36534750","演员","否","999","36534750","小巷人家","电视剧","2024-10-28","中国大陆","2024","剧情/家庭","有评分","8.4","287902","287902","1555","73069549","54967693","1242","向东"
"27483822","马岩","男","26928226","演员","否","999","26928226","知否知否应是绿肥红瘦","电视剧","2018-12-25","中国大陆","2018","剧情/爱情/古装","有评分","8.0","695224","695224","2358","53856501","54967693","1243","王舅父"
"27483822","马岩","男","26759908","演员","否","999","26759908","清平乐","电视剧","2020-04-07","中国大陆","2020","剧情/古装","有评分","6.4","173456","173456","1054","53519865","54967693","1244","贾昌朝"
"27482870","杨雨婷","女","26928226","演员","否","999","26928226","知否知否应是绿肥红瘦","电视剧","2018-12-25","中国大陆","2018","剧情/爱情/古装","有评分","8.0","695224","695224","2358","53856501","54965789","1245","荣妃"
"27482870","杨雨婷","女","25754848","演员","是","24","25754848","琅琊榜","电视剧","2015-09-19","中国大陆","2015","剧情/古装","有评分","9.4","919060","919060","2939","51509745","54965789","1246","越贵妃"
"27493459","毕彦君","男","34792296","演员","是","12","34792296","欢迎光临","电视剧","2022-05-18","中国大陆","2022","剧情/喜剧/爱情","有评分","6.4","56516","56516","601","69584641","54986967","1247","杨守义"
"27493459","毕彦君","男","26683725","演员","是","33","26683725","外科风云","电视剧","2017-04-17","中国大陆","2017","剧情/爱情","有评分","7.3","94754","94754","832","53367499","54986967","1248","梁思进"
"27493459","毕彦君","男","26665065","演员","是","8","26665065","琅琊榜之风起长林","电视剧","2017-12-18","中国大陆","2017","剧情/古装","有评分","8.4","210088","210088","1328","53330179","54986967","1249","荀白水"
"27550733","范湉湉","女","33442331","演员","是","18","33442331","我是余欢水","电视剧","2020-04-06","中国大陆","2020","剧情","有评分","7.3","324953","324953","1540","66884711","55101515","1250","中年妇女"
"27487192","黄杨钿甜","女","26665065","演员","否","999","26665065","琅琊榜之风起长林","电视剧","2017-12-18","中国大陆","2017","剧情/古装","有评分","8.4","210088","210088","1328","53330179","54974433","1251","童年林奚"
"27484365","胡先煦","男","26665065","演员","是","16","26665065","琅琊榜之风起长林","电视剧","2017-12-18","中国大陆","2017","剧情/古装","有评分","8.4","210088","210088","1328","53330179","54968779","1252","萧元时"
"27554176","杨一威","男","35613241","演员","否","999","35613241","县委大院","电视剧","2022-12-07","中国大陆","2022","剧情","有评分","6.8","109693","109693","864","71226531","55108401","1253","郝东风堂哥"
"27499089","周小镔","男","25870290","演员","是","30","25870290","温州两家人","电视剧","2015-11-26","中国大陆","2015","剧情","有评分","7.8","7118","7118","236","51740629","54998227","1254","阿斌"
"27547806","王星瀚","男","36189205","演员","否","999","36189205","凡人歌","电视剧","2024-08-31","中国大陆","2024","剧情/喜剧","有评分","7.7","77700","77700","773","72378459","55095661","1255","安全副总"
"27537219","捞仔","男","35033654","作曲","否","999","35033654","山海情","电视剧","2021-01-12","中国大陆","2021","剧情","有评分","9.2","481571","481571","2105","70067357","55074487","1256",
"27537219","捞仔","男","26430092","作曲","否","999","26430092","欢乐颂","电视剧","2016-04-18","中国大陆","2016","剧情/爱情","有评分","7.5","353514","353514","1628","52860233","55074487","1257",
"27537219","捞仔","男","25870290","作曲","否","999","25870290","温州两家人","电视剧","2015-11-26","中国大陆","2015","剧情","有评分","7.8","7118","7118","236","51740629","55074487","1258",
"27560238","蔡纲","男","27088993","演员","否","999","27088993","都挺好","电视剧","2019-03-01","中国大陆","2019","剧情/家庭","有评分","7.7","394106","394106","1742","54178035","55120525","1259","张总"
"27560238","蔡纲","男","26743573","演员","否","999","26743573","欢乐颂2","电视剧","2017-05-11","中国大陆","2017","剧情/爱情","有评分","5.4","154450","154450","913","53487195","55120525","1260",
"27548401","胡晴云","女","26928226","演员","否","999","26928226","知否知否应是绿肥红瘦","电视剧","2018-12-25","中国大陆","2018","剧情/爱情/古装","有评分","8.0","695224","695224","2358","53856501","55096851","1261","国公夫人"
"27488025","沈驰","男","26928226","演员","否","999","26928226","知否知否应是绿肥红瘦","电视剧","2018-12-25","中国大陆","2018","剧情/爱情/古装","有评分","8.0","695224","695224","2358","53856501","54976099","1262","石头"
"27559767","米特","男","26928226","演员","否","999","26928226","知否知否应是绿肥红瘦","电视剧","2018-12-25","中国大陆","2018","剧情/爱情/古装","有评分","8.0","695224","695224","2358","53856501","55119583","1263","段成泳"
"27559767","米特","男","26345137","演员","是","17","26345137","如果蜗牛有爱情","电视剧","2016-10-24","中国大陆","2016","剧情/爱情/悬疑","有评分","7.2","105271","105271","871","52690323","55119583","1264","大胡"
"27558179","袁媛","女","26928226","演员","否","999","26928226","知否知否应是绿肥红瘦","电视剧","2018-12-25","中国大陆","2018","剧情/爱情/古装","有评分","8.0","695224","695224","2358","53856501","55116407","1265","朱楼"
"27484569","赵淑珍","女","26928226","演员","否","999","26928226","知否知否应是绿肥红瘦","电视剧","2018-12-25","中国大陆","2018","剧情/爱情/古装","有评分","8.0","695224","695224","2358","53856501","54969187","1266","王老太太"
"27483468","朱一龙","男","26928226","演员","是","3","26928226","知否知否应是绿肥红瘦","电视剧","2018-12-25","中国大陆","2018","剧情/爱情/古装","有评分","8.0","695224","695224","2358","53856501","54966985","1267","齐衡"
"27503862","于小琬","女","26759908","演员","否","999","26759908","清平乐","电视剧","2020-04-07","中国大陆","2020","剧情/古装","有评分","6.4","173456","173456","1054","53519865","55007773","1268","冯娘子"
"27555494","陈伟栋","男","26759908","演员","是","17","26759908","清平乐","电视剧","2020-04-07","中国大陆","2020","剧情/古装","有评分","6.4","173456","173456","1054","53519865","55111037","1269","文彦博"
"27541400","周奇奇","女","25754848","演员","是","11","25754848","琅琊榜","电视剧","2015-09-19","中国大陆","2015","剧情/古装","有评分","9.4","919060","919060","2939","51509745","55082849","1270","宫羽"
"27483045","肖显鹏","男","34792295","演员","是","76","34792295","乔家的儿女","电视剧","2021-08-17","中国大陆","2021","剧情/家庭","有评分","7.7","235622","235622","1347","69584639","54966139","1272","马素芹男人"
"27547913","赵彦民","男","27088993","演员","是","17","27088993","都挺好","电视剧","2019-03-01","中国大陆","2019","剧情/家庭","有评分","7.7","394106","394106","1742","54178035","55095875","1273","聂来金"
"27256921","杨祐宁","男","27088993","演员","是","4","27088993","都挺好","电视剧","2019-03-01","中国大陆","2019","剧情/家庭","有评分","7.7","394106","394106","1742","54178035","54513891","1274","石天冬"
"27516239","延军","男","26797690","混音","否","999","26797690","大江大河","电视剧","2018-12-10","中国大陆","2018","剧情","有评分","8.8","260126","260126","1513","53595429","55032527","1275",
"27495157","孙淳","男","35613241","演员","是","16","35613241","县委大院","电视剧","2022-12-07","中国大陆","2022","剧情","有评分","6.8","109693","109693","864","71226531","54990363","1276","周良顺"
"27495157","孙淳","男","26665065","演员","是","9","26665065","琅琊榜之风起长林","电视剧","2017-12-18","中国大陆","2017","剧情/古装","有评分","8.4","210088","210088","1328","53330179","54990363","1277","萧庭生"
"27502878","肖战","男","26671336","演员","是","1","26671336","得闲谨制","电影","2025-12-06","中国大陆","2025","剧情/战争","有评分","6.9","268554","268554","1361","53342721","55005805","1278","莫得闲"
"27554145","原宁","男","34792296","演员","是","79","34792296","欢迎光临","电视剧","2022-05-18","中国大陆","2022","剧情/喜剧/爱情","有评分","6.4","56516","56516","601","69584641","55108339","1279","下棋大爷"
"27495304","袁文康","男","34792296","演员","是","23","34792296","欢迎光临","电视剧","2022-05-18","中国大陆","2022","剧情/喜剧/爱情","有评分","6.4","56516","56516","601","69584641","54990657","1280","段总"
"27485537","李晓川","男","35033654","演员","是","28","35033654","山海情","电视剧","2021-01-12","中国大陆","2021","剧情","有评分","9.2","481571","481571","2105","70067357","54971123","1281","痳副县长"
"27480378","闫妮","女","36534750","演员","是","1","36534750","小巷人家","电视剧","2024-10-28","中国大陆","2024","剧情/家庭","有评分","8.4","287902","287902","1555","73069549","54960805","1282","黄玲"
"27480378","闫妮","女","35033654","演员","是","3","35033654","山海情","电视剧","2021-01-12","中国大陆","2021","剧情","有评分","9.2","481571","481571","2105","70067357","54960805","1283","杨县长"
"27558277","华明伟","男","25870290","演员","是","38","25870290","温州两家人","电视剧","2015-11-26","中国大陆","2015","剧情","有评分","7.8","7118","7118","236","51740629","55116603","1284","张教授"
"27483689","赵芮","女","30423905","演员","是","44","30423905","大江大河2","电视剧","2020-12-20","中国大陆","2020","剧情/历史","有评分","8.7","208072","208072","1345","60847859","54967427","1285","刘芳"
"27554056","曲昱曈","男","26088457","演员","否","999","26088457","他来了，请闭眼","电视剧","2015-10-15","中国大陆","2015","剧情/悬疑","有评分","6.7","74395","74395","706","52176963","55108161","1286","阮明淮"
"27548382","崔心心","女","26088457","演员","是","13","26088457","他来了，请闭眼","电视剧","2015-10-15","中国大陆","2015","剧情/悬疑","有评分","6.7","74395","74395","706","52176963","55096813","1287","韩雨蒙"
"27484182","李宝安","男","35613241","演员","否","999","35613241","县委大院","电视剧","2022-12-07","中国大陆","2022","剧情","有评分","6.8","109693","109693","864","71226531","54968413","1288","肖俊学父亲"
"27484182","李宝安","男","35321446","演员","否","999","35321446","大江大河之岁月如歌","电视剧","2024-01-08","中国大陆","2024","剧情","有评分","8.0","72953","72953","764","70642941","54968413","1289","宋季山"
"27484182","李宝安","男","30423905","演员","是","19","30423905","大江大河2","电视剧","2020-12-20","中国大陆","2020","剧情/历史","有评分","8.7","208072","208072","1345","60847859","54968413","1290","宋季山"
"27484182","李宝安","男","26928226","演员","否","999","26928226","知否知否应是绿肥红瘦","电视剧","2018-12-25","中国大陆","2018","剧情/爱情/古装","有评分","8.0","695224","695224","2358","53856501","54968413","1291","刘知州"
"27484182","李宝安","男","26797690","演员","是","17","26797690","大江大河","电视剧","2018-12-10","中国大陆","2018","剧情","有评分","8.8","260126","260126","1513","53595429","54968413","1292","宋季山"
"27502789","孙鹏滨","男","30421903","演员","否","999","30421903","淬火年代","电视剧","2025-06-18","中国大陆","2025","剧情","有评分","7.0","21373","21373","387","60843855","55005627","1293","徐主任"
"27499292","佟悦","男","35613241","演员","是","13","35613241","县委大院","电视剧","2022-12-07","中国大陆","2022","剧情","有评分","6.8","109693","109693","864","71226531","54998633","1294","范太平"
"27499292","佟悦","男","35321446","演员","否","999","35321446","大江大河之岁月如歌","电视剧","2024-01-08","中国大陆","2024","剧情","有评分","8.0","72953","72953","764","70642941","54998633","1295","孙青山"
"27499292","佟悦","男","26779426","演员","否","999","26779426","欢乐颂3","电视剧","2022-08-11","中国大陆","2022","剧情/爱情","有评分","4.9","41716","41716","452","53558901","54998633","1296",
"27557969","王禹铮","男","36571896","演员","否","999","36571896","命悬一生","电视剧","2025-10-11","中国大陆","2025","剧情/悬疑","有评分","7.7","85010","85010","809","73143841","55115987","1297","工友王哥"
"27557969","王禹铮","男","35321446","演员","否","999","35321446","大江大河之岁月如歌","电视剧","2024-01-08","中国大陆","2024","剧情","有评分","8.0","72953","72953","764","70642941","55115987","1298","沈科长"
"27557969","王禹铮","男","33442331","演员","是","27","33442331","我是余欢水","电视剧","2020-04-06","中国大陆","2020","剧情","有评分","7.3","324953","324953","1540","66884711","55115987","1299","工头"
"27557969","王禹铮","男","26665065","演员","否","999","26665065","琅琊榜之风起长林","电视剧","2017-12-18","中国大陆","2017","剧情/古装","有评分","8.4","210088","210088","1328","53330179","55115987","1300","阿泰"
"27557969","王禹铮","男","26430092","演员","否","999","26430092","欢乐颂","电视剧","2016-04-18","中国大陆","2016","剧情/爱情","有评分","7.5","353514","353514","1628","52860233","55115987","1301","奇点同事甲"
"27557969","王禹铮","男","26345137","演员","是","15","26345137","如果蜗牛有爱情","电视剧","2016-10-24","中国大陆","2016","剧情/爱情/悬疑","有评分","7.2","105271","105271","871","52690323","55115987","1302","老李"
"27557969","王禹铮","男","25870290","演员","是","21","25870290","温州两家人","电视剧","2015-11-26","中国大陆","2015","剧情","有评分","7.8","7118","7118","236","51740629","55115987","1303","许瓯平"
"27484989","张开宙","男","36534750","导演","是","1","36534750","小巷人家","电视剧","2024-10-28","中国大陆","2024","剧情/家庭","有评分","8.4","287902","287902","1555","73069549","54970027","1304",
"27484989","张开宙","男","35588265","导演","是","1","35588265","樱桃琥珀","电视剧","2025-07-14","中国大陆","2025","剧情/爱情","有评分","5.7","38891","38891","471","71176579","54970027","1305",
"27484989","张开宙","男","34792295","导演","是","1","34792295","乔家的儿女","电视剧","2021-08-17","中国大陆","2021","剧情/家庭","有评分","7.7","235622","235622","1347","69584639","54970027","1306",
"27484989","张开宙","男","26928226","导演","是","1","26928226","知否知否应是绿肥红瘦","电视剧","2018-12-25","中国大陆","2018","剧情/爱情/古装","有评分","8.0","695224","695224","2358","53856501","54970027","1307",
"27484989","张开宙","男","26759908","导演","是","1","26759908","清平乐","电视剧","2020-04-07","中国大陆","2020","剧情/古装","有评分","6.4","173456","173456","1054","53519865","54970027","1308",
"27484989","张开宙","男","26743573","导演","是","2","26743573","欢乐颂2","电视剧","2017-05-11","中国大陆","2017","剧情/爱情","有评分","5.4","154450","154450","913","53487195","54970027","1309",
"27484989","张开宙","男","26345137","导演","是","1","26345137","如果蜗牛有爱情","电视剧","2016-10-24","中国大陆","2016","剧情/爱情/悬疑","有评分","7.2","105271","105271","871","52690323","54970027","1310",
"27484989","张开宙","男","26088457","导演","是","1","26088457","他来了，请闭眼","电视剧","2015-10-15","中国大陆","2015","剧情/悬疑","有评分","6.7","74395","74395","706","52176963","54970027","1311",
"27484989","张开宙","男","25870290","摄影指导","否","999","25870290","温州两家人","电视剧","2015-11-26","中国大陆","2015","剧情","有评分","7.8","7118","7118","236","51740629","54970027","1312",
"27484964","蒋林燕","女","27088993","演员","否","999","27088993","都挺好","电视剧","2019-03-01","中国大陆","2019","剧情/家庭","有评分","7.7","394106","394106","1742","54178035","54969977","1313","彩票店老板娘"
"27484964","蒋林燕","女","25754848","演员","是","53","25754848","琅琊榜","电视剧","2015-09-19","中国大陆","2015","剧情/古装","有评分","9.4","919060","919060","2939","51509745","54969977","1314","誉王妃"
"27546749","赵一龙","男","25754848","演员","是","33","25754848","琅琊榜","电视剧","2015-09-19","中国大陆","2015","剧情/古装","有评分","9.4","919060","919060","2939","51509745","55093547","1315","甄平"
"27482701","王鸥","女","25994712","演员","是","7","25994712","伪装者","电视剧","2015-08-31","中国大陆","2015","剧情/悬疑","有评分","8.6","382758","382758","1814","51989473","54965451","1316","汪曼春"
"27482701","王鸥","女","25754848","演员","是","10","25754848","琅琊榜","电视剧","2015-09-19","中国大陆","2015","剧情/古装","有评分","9.4","919060","919060","2939","51509745","54965451","1317","秦般若"
"27232185","柯蓝","女","26683725","演员","是","28","26683725","外科风云","电视剧","2017-04-17","中国大陆","2017","剧情/爱情","有评分","7.3","94754","94754","832","53367499","54464419","1318","郑燕华"
"27504291","王澜","女","34792295","演员","是","19","34792295","乔家的儿女","电视剧","2021-08-17","中国大陆","2021","剧情/家庭","有评分","7.7","235622","235622","1347","69584639","55008631","1327","曲阿英"
"27495212","富大龙","男","33442331","贝斯唢呐/《彩虹人儿》作曲","否","999","33442331","我是余欢水","电视剧","2020-04-06","中国大陆","2020","剧情","有评分","7.3","324953","324953","1540","66884711","54990473","1328",
"27548834","赵圆瑗","女","26345137","演员","是","5","26345137","如果蜗牛有爱情","电视剧","2016-10-24","中国大陆","2016","剧情/爱情/悬疑","有评分","7.2","105271","105271","871","52690323","55097717","1329","叶梓夕"
"27484769","淮文","男","36534750","演员","否","999","36534750","小巷人家","电视剧","2024-10-28","中国大陆","2024","剧情/家庭","有评分","8.4","287902","287902","1555","73069549","54969587","1330","刘健"
"27554712","王鲁","男","36534750","演员","否","999","36534750","小巷人家","电视剧","2024-10-28","中国大陆","2024","剧情/家庭","有评分","8.4","287902","287902","1555","73069549","55109473","1331","科员乙"
"27484659","王岗","男","26665065","演员","否","999","26665065","琅琊榜之风起长林","电视剧","2017-12-18","中国大陆","2017","剧情/古装","有评分","8.4","210088","210088","1328","53330179","54969367","1332","齐勋"
"27216195","袁泉","女","34792298","演员","是","2","34792298","相逢时节","电视剧","2022-02-23","中国大陆","2022","剧情","有评分","4.9","33169","33169","403","69584645","54432439","1333","宁宥"
"27549329","曾剑","男","26671336","摄影指导","否","999","26671336","得闲谨制","电影","2025-12-06","中国大陆","2025","剧情/战争","有评分","6.9","268554","268554","1361","53342721","55098707","1334",
"27481167","热依扎","女","35033654","演员","是","8","35033654","山海情","电视剧","2021-01-12","中国大陆","2021","剧情","有评分","9.2","481571","481571","2105","70067357","54962383","1335","李水花"
"27504141","殷桃","女","36189205","演员","是","1","36189205","凡人歌","电视剧","2024-08-31","中国大陆","2024","剧情/喜剧","有评分","7.7","77700","77700","773","72378459","55008331","1336","沈琳"
"27481755","赵阳","男","30423905","演员","是","17","30423905","大江大河2","电视剧","2020-12-20","中国大陆","2020","剧情/历史","有评分","8.7","208072","208072","1345","60847859","54963559","1337","虞山卿"
"27481755","赵阳","男","26797690","演员","是","10","26797690","大江大河","电视剧","2018-12-10","中国大陆","2018","剧情","有评分","8.8","260126","260126","1513","53595429","54963559","1338","虞山卿"
"27484772","袁子弹","女","34792296","编剧","是","1","34792296","欢迎光临","电视剧","2022-05-18","中国大陆","2022","剧情/喜剧/爱情","有评分","6.4","56516","56516","601","69584641","54969593","1339",
"27484772","袁子弹","女","26743573","编剧","是","1","26743573","欢乐颂2","电视剧","2017-05-11","中国大陆","2017","剧情/爱情","有评分","5.4","154450","154450","913","53487195","54969593","1340",
"27484772","袁子弹","女","26430092","编剧","是","1","26430092","欢乐颂","电视剧","2016-04-18","中国大陆","2016","剧情/爱情","有评分","7.5","353514","353514","1628","52860233","54969593","1341",
"27480492","朱雨辰","男","35613241","演员","是","17","35613241","县委大院","电视剧","2022-12-07","中国大陆","2022","剧情","有评分","6.8","109693","109693","864","71226531","54961033","1342","郑三"
"27480492","朱雨辰","男","34792296","演员","是","3","34792296","欢迎光临","电视剧","2022-05-18","中国大陆","2022","剧情/喜剧/爱情","有评分","6.4","56516","56516","601","69584641","54961033","1343","王牛郎"
"27480492","朱雨辰","男","30421903","演员","是","12","30421903","淬火年代","电视剧","2025-06-18","中国大陆","2025","剧情","有评分","7.0","21373","21373","387","60843855","54961033","1344","林岳"
"27483051","纪宁","男","26759908","演员","否","999","26759908","清平乐","电视剧","2020-04-07","中国大陆","2020","剧情/古装","有评分","6.4","173456","173456","1054","53519865","54966151","1345","冯京"
"27504447","何建泽","男","26759908","演员","是","40","26759908","清平乐","电视剧","2020-04-07","中国大陆","2020","剧情/古装","有评分","6.4","173456","173456","1054","53519865","55008943","1346","包拯"
"27502392","李超","男","36534750","演员","否","999","36534750","小巷人家","电视剧","2024-10-28","中国大陆","2024","剧情/家庭","有评分","8.4","287902","287902","1555","73069549","55004833","1347",
"27502392","李超","男","34792298","演员","是","31","34792298","相逢时节","电视剧","2022-02-23","中国大陆","2022","剧情","有评分","4.9","33169","33169","403","69584645","55004833","1348","小童"
"27502392","李超","男","34792295","演员","是","85","34792295","乔家的儿女","电视剧","2021-08-17","中国大陆","2021","剧情/家庭","有评分","7.7","235622","235622","1347","69584639","55004833","1349","指导员"
"27502392","李超","男","30423905","演员","是","25","30423905","大江大河2","电视剧","2020-12-20","中国大陆","2020","剧情/历史","有评分","8.7","208072","208072","1345","60847859","55004833","1350","梁凡"
"27502392","李超","男","25754848","演员","是","71","25754848","琅琊榜","电视剧","2015-09-19","中国大陆","2015","剧情/古装","有评分","9.4","919060","919060","2939","51509745","55004833","1351","徐大人"
"27484701","卢杉","女","25754848","演员","是","34","25754848","琅琊榜","电视剧","2015-09-19","中国大陆","2015","剧情/古装","有评分","9.4","919060","919060","2939","51509745","54969451","1352","靖王妃"
"27504444","吴磊","男","25754848","演员","是","12","25754848","琅琊榜","电视剧","2015-09-19","中国大陆","2015","剧情/古装","有评分","9.4","919060","919060","2939","51509745","55008937","1353","飞流"
"27499697","戴云霞","女","26683725","演员","是","46","26683725","外科风云","电视剧","2017-04-17","中国大陆","2017","剧情/爱情","有评分","7.3","94754","94754","832","53367499","54999443","1354","房宇辉"
"27484192","薛淑洁","女","35613241","演员","否","999","35613241","县委大院","电视剧","2022-12-07","中国大陆","2022","剧情","有评分","6.8","109693","109693","864","71226531","54968433","1355","周良顺妻"
"27484192","薛淑洁","女","26683725","演员","是","29","26683725","外科风云","电视剧","2017-04-17","中国大陆","2017","剧情/爱情","有评分","7.3","94754","94754","832","53367499","54968433","1356","程露"
"27560574","高旭阳","男","35613241","演员","否","999","35613241","县委大院","电视剧","2022-12-07","中国大陆","2022","剧情","有评分","6.8","109693","109693","864","71226531","55121197","1357","高乡长"
"27561922","李晨涛","女","30423905","演员","是","14","30423905","大江大河2","电视剧","2020-12-20","中国大陆","2020","剧情/历史","有评分","8.7","208072","208072","1345","60847859","55123893","1358","程母"
"27561922","李晨涛","女","26797690","演员","是","41","26797690","大江大河","电视剧","2018-12-10","中国大陆","2018","剧情","有评分","8.8","260126","260126","1513","53595429","55123893","1359","程母"
"33417570","李乐","男","34792295","演员","是","38","34792295","乔家的儿女","电视剧","2021-08-17","中国大陆","2021","剧情/家庭","有评分","7.7","235622","235622","1347","69584639","66835189","1360","文斌"
"30168671","周翊然","男","34792295","演员","是","5","34792295","乔家的儿女","电视剧","2021-08-17","中国大陆","2021","剧情/家庭","有评分","7.7","235622","235622","1347","69584639","60337391","1361","乔七七"
"27576853","葛兆美","女","27088993","演员","否","999","27088993","都挺好","电视剧","2019-03-01","中国大陆","2019","剧情/家庭","有评分","7.7","394106","394106","1742","54178035","55153755","1362","老太太"
"27562718","张怀公","男","27088993","演员","否","999","27088993","都挺好","电视剧","2019-03-01","中国大陆","2019","剧情/家庭","有评分","7.7","394106","394106","1742","54178035","55125485","1363","中年男子"
"30481550","安沺","女","27088993","演员","是","20","27088993","都挺好","电视剧","2019-03-01","中国大陆","2019","剧情/家庭","有评分","7.7","394106","394106","1742","54178035","60963149","1364","少年苏明玉"
"35239132","许晓楠","女","33442331","执行制片人","否","999","33442331","我是余欢水","电视剧","2020-04-06","中国大陆","2020","剧情","有评分","7.3","324953","324953","1540","66884711","70478313","1365",
"35707141","王海龙","男","25994712","演员","是","33","25994712","伪装者","电视剧","2015-08-31","中国大陆","2015","剧情/悬疑","有评分","8.6","382758","382758","1814","51989473","71414331","1366","阿三"
"36125724","喻庆辉","男","36534750","演员","否","999","36534750","小巷人家","电视剧","2024-10-28","中国大陆","2024","剧情/家庭","有评分","8.4","287902","287902","1555","73069549","72251497","1367","张爷爷"
"34876232","夏梦","女","34792298","演员","是","47","34792298","相逢时节","电视剧","2022-02-23","中国大陆","2022","剧情","有评分","4.9","33169","33169","403","69584645","69752513","1368","青年宁宥"
"35812541","么琳","女","34792298","演员","是","40","34792298","相逢时节","电视剧","2022-02-23","中国大陆","2022","剧情","有评分","4.9","33169","33169","403","69584645","71625131","1369","班主任李老师"
"27573655","张建新","女","34792298","演员","是","25","34792298","相逢时节","电视剧","2022-02-23","中国大陆","2022","剧情","有评分","4.9","33169","33169","403","69584645","55147359","1370","陈母"
"35516673","包圆圆","女","35613241","演员","否","999","35613241","县委大院","电视剧","2022-12-07","中国大陆","2022","剧情","有评分","6.8","109693","109693","864","71226531","71033395","1371","小玲"
"27576511","汤水雨","男","35033654","配音","否","999","35033654","山海情","电视剧","2021-01-12","中国大陆","2021","剧情","有评分","9.2","481571","481571","2105","70067357","55153071","1372",
"27576511","汤水雨","男","26665065","配音","否","999","26665065","琅琊榜之风起长林","电视剧","2017-12-18","中国大陆","2017","剧情/古装","有评分","8.4","210088","210088","1328","53330179","55153071","1373",
"30124167","老羊","男","35033654","演员","是","39","35033654","山海情","电视剧","2021-01-12","中国大陆","2021","剧情","有评分","9.2","481571","481571","2105","70067357","60248383","1374","菇贩老辛"
"34814755","郏莉莉","女","26430092","演员","否","999","26430092","欢乐颂","电视剧","2016-04-18","中国大陆","2016","剧情/爱情","有评分","7.5","353514","353514","1628","52860233","69629559","1375","夏文娟"
"30439419","梅宝莱","女","35588265","演员","否","999","35588265","樱桃琥珀","电视剧","2025-07-14","中国大陆","2025","剧情/爱情","有评分","5.7","38891","38891","471","71176579","60878887","1376","啦啦队教练"
"27665868","胡樱子","女","26743573","演员","否","999","26743573","欢乐颂2","电视剧","2017-05-11","中国大陆","2017","剧情/爱情","有评分","5.4","154450","154450","913","53487195","55331785","1377","恐恐"
"27565168","邓伦","男","26743573","演员","是","7","26743573","欢乐颂2","电视剧","2017-05-11","中国大陆","2017","剧情/爱情","有评分","5.4","154450","154450","913","53487195","55130385","1378","谢童"
"27562362","张天舒","男","36189205","演员","否","999","36189205","凡人歌","电视剧","2024-08-31","中国大陆","2024","剧情/喜剧","有评分","7.7","77700","77700","773","72378459","55124773","1379","老高"
"27562362","张天舒","男","27088993","演员","否","999","27088993","都挺好","电视剧","2019-03-01","中国大陆","2019","剧情/家庭","有评分","7.7","394106","394106","1742","54178035","55124773","1380","孙副总"
"27562362","张天舒","男","26779426","演员","否","999","26779426","欢乐颂3","电视剧","2022-08-11","中国大陆","2022","剧情/爱情","有评分","4.9","41716","41716","452","53558901","55124773","1381",
"27562362","张天舒","男","26743573","演员","否","999","26743573","欢乐颂2","电视剧","2017-05-11","中国大陆","2017","剧情/爱情","有评分","5.4","154450","154450","913","53487195","55124773","1382",
"35403475","施永隆","男","36534750","录音指导","否","999","36534750","小巷人家","电视剧","2024-10-28","中国大陆","2024","剧情/家庭","有评分","8.4","287902","287902","1555","73069549","70806999","1383",
"35403475","施永隆","男","34792295","录音指导","否","999","34792295","乔家的儿女","电视剧","2021-08-17","中国大陆","2021","剧情/家庭","有评分","7.7","235622","235622","1347","69584639","70806999","1384",
"35403475","施永隆","男","26928226","录音","否","999","26928226","知否知否应是绿肥红瘦","电视剧","2018-12-25","中国大陆","2018","剧情/爱情/古装","有评分","8.0","695224","695224","2358","53856501","70806999","1385",
"35403475","施永隆","男","26759908","录音","否","999","26759908","清平乐","电视剧","2020-04-07","中国大陆","2020","剧情/古装","有评分","6.4","173456","173456","1054","53519865","70806999","1386",
"36250045","莫然","男","26759908","配音","否","999","26759908","清平乐","电视剧","2020-04-07","中国大陆","2020","剧情/古装","有评分","6.4","173456","173456","1054","53519865","72500139","1387",
"30218358","王敏纳","男","26759908","配音","否","999","26759908","清平乐","电视剧","2020-04-07","中国大陆","2020","剧情/古装","有评分","6.4","173456","173456","1054","53519865","60436765","1388",
"30218358","王敏纳","男","26298935","配音","否","999","26298935","鬼吹灯之精绝古城","电视剧","2016-12-19","中国大陆","2016","剧情/悬疑/惊悚","有评分","7.9","274802","274802","1473","52597919","60436765","1389",
"27562637","金子","女","26759908","演员","否","999","26759908","清平乐","电视剧","2020-04-07","中国大陆","2020","剧情/古装","有评分","6.4","173456","173456","1054","53519865","55125323","1390","少女丹姝"
"27576304","马丁","女","34792298","演员","是","36","34792298","相逢时节","电视剧","2022-02-23","中国大陆","2022","剧情","有评分","4.9","33169","33169","403","69584645","55152657","1391","邹婷婷"
"27576304","马丁","女","34792295","演员","是","78","34792295","乔家的儿女","电视剧","2021-08-17","中国大陆","2021","剧情/家庭","有评分","7.7","235622","235622","1347","69584639","55152657","1392","石厂长老婆"
"27576304","马丁","女","26928226","演员","是","27","26928226","知否知否应是绿肥红瘦","电视剧","2018-12-25","中国大陆","2018","剧情/爱情/古装","有评分","8.0","695224","695224","2358","53856501","55152657","1393","雪娘"
"27576304","马丁","女","26759908","演员","否","999","26759908","清平乐","电视剧","2020-04-07","中国大陆","2020","剧情/古装","有评分","6.4","173456","173456","1054","53519865","55152657","1394","八大王妃"
"36425736","刘弋嘉","女","35613241","剪辑指导","否","999","35613241","县委大院","电视剧","2022-12-07","中国大陆","2022","剧情","有评分","6.8","109693","109693","864","71226531","72851521","1395",
"36425736","刘弋嘉","女","35332289","剪辑指导","否","999","35332289","开端","电视剧","2022-01-11","中国大陆","2022","剧情","有评分","7.9","968506","968506","2766","70664627","72851521","1396",
"36425736","刘弋嘉","女","35033654","剪辑指导","否","999","35033654","山海情","电视剧","2021-01-12","中国大陆","2021","剧情","有评分","9.2","481571","481571","2105","70067357","72851521","1397",
"36425736","刘弋嘉","女","34792296","剪辑指导","否","999","34792296","欢迎光临","电视剧","2022-05-18","中国大陆","2022","剧情/喜剧/爱情","有评分","6.4","56516","56516","601","69584641","72851521","1398",
"36425736","刘弋嘉","女","33442331","剪辑指导","否","999","33442331","我是余欢水","电视剧","2020-04-06","中国大陆","2020","剧情","有评分","7.3","324953","324953","1540","66884711","72851521","1399",
"36425736","刘弋嘉","女","30423905","剪辑指导","否","999","30423905","大江大河2","电视剧","2020-12-20","中国大陆","2020","剧情/历史","有评分","8.7","208072","208072","1345","60847859","72851521","1400",
"36425736","刘弋嘉","女","26797690","剪辑指导","否","999","26797690","大江大河","电视剧","2018-12-10","中国大陆","2018","剧情","有评分","8.8","260126","260126","1513","53595429","72851521","1401",
"35809401","杨毅春","男","35332289","演员","是","97","35332289","开端","电视剧","2022-01-11","中国大陆","2022","剧情","有评分","7.9","968506","968506","2766","70664627","71618851","1402","相关领导"
"35205528","李斌","男","35613241","演员","否","999","35613241","县委大院","电视剧","2022-12-07","中国大陆","2022","剧情","有评分","6.8","109693","109693","864","71226531","70411105","1403"," 陶然亭经理"
"35205528","李斌","男","35332289","演员","是","29","35332289","开端","电视剧","2022-01-11","中国大陆","2022","剧情","有评分","7.9","968506","968506","2766","70664627","70411105","1404","副市长"
"35205528","李斌","男","34792295","演员","是","113","34792295","乔家的儿女","电视剧","2021-08-17","中国大陆","2021","剧情/家庭","有评分","7.7","235622","235622","1347","69584639","70411105","1405","宁校长"
"30487885","会志勇","男","27088993","美术设计","否","999","27088993","都挺好","电视剧","2019-03-01","中国大陆","2019","剧情/家庭","有评分","7.7","394106","394106","1742","54178035","60975819","1416",
"27576081","汪小敏","女","27088993","演唱","否","999","27088993","都挺好","电视剧","2019-03-01","中国大陆","2019","剧情/家庭","有评分","7.7","394106","394106","1742","54178035","55152211","1417",
"35739967","高琨","男","34792298","摄影指导","否","999","34792298","相逢时节","电视剧","2022-02-23","中国大陆","2022","剧情","有评分","4.9","33169","33169","403","69584645","71479983","1418",
"34802139","景研竣","男","34792298","演员","是","48","34792298","相逢时节","电视剧","2022-02-23","中国大陆","2022","剧情","有评分","4.9","33169","33169","403","69584645","69604327","1419","青年田景野"
"27569671","美浓轮泰史","男","26671336","演员","否","999","26671336","得闲谨制","电影","2025-12-06","中国大陆","2025","剧情/战争","有评分","6.9","268554","268554","1361","53342721","55139391","1420","坦克车长"
"30153675","高满堂","男","35033654","编剧","是","1","35033654","山海情","电视剧","2021-01-12","中国大陆","2021","剧情","有评分","9.2","481571","481571","2105","70067357","60307399","1421",
"30153675","高满堂","男","25870290","编剧","是","1","25870290","温州两家人","电视剧","2015-11-26","中国大陆","2015","剧情","有评分","7.8","7118","7118","236","51740629","60307399","1422",
"27575679","德柏","男","36189205","演员","否","999","36189205","凡人歌","电视剧","2024-08-31","中国大陆","2024","剧情/喜剧","有评分","7.7","77700","77700","773","72378459","55151407","1423","赵鹏举"
"35282467","潘非佯","男","30423905","演员","否","999","30423905","大江大河2","电视剧","2020-12-20","中国大陆","2020","剧情/历史","有评分","8.7","208072","208072","1345","60847859","70564983","1424","吴晓波"
"30402186","金晖","男","36189205","演员","否","999","36189205","凡人歌","电视剧","2024-08-31","中国大陆","2024","剧情/喜剧","有评分","7.7","77700","77700","773","72378459","60804421","1425","陈总"
"30402186","金晖","男","26743573","演员","否","999","26743573","欢乐颂2","电视剧","2017-05-11","中国大陆","2017","剧情/爱情","有评分","5.4","154450","154450","913","53487195","60804421","1426","咖啡店长"
"30402186","金晖","男","26430092","演员","否","999","26430092","欢乐颂","电视剧","2016-04-18","中国大陆","2016","剧情/爱情","有评分","7.5","353514","353514","1628","52860233","60804421","1427","咖啡店张总"
"35211060","杨智迪","女","26928226","演员","否","999","26928226","知否知否应是绿肥红瘦","电视剧","2018-12-25","中国大陆","2018","剧情/爱情/古装","有评分","8.0","695224","695224","2358","53856501","70422169","1428","邵氏"
"27566429","彭杨","女","35613241","演员","否","999","35613241","县委大院","电视剧","2022-12-07","中国大陆","2022","剧情","有评分","6.8","109693","109693","864","71226531","55132907","1429","乔胜利妻"
"27566429","彭杨","女","30421903","演员","否","999","30421903","淬火年代","电视剧","2025-06-18","中国大陆","2025","剧情","有评分","7.0","21373","21373","387","60843855","55132907","1430","夏海萍"
"35637105","朱丛冉","男","36571896","演员","否","999","36571896","命悬一生","电视剧","2025-10-11","中国大陆","2025","剧情/悬疑","有评分","7.7","85010","85010","809","73143841","71274259","1431","法老王调酒师"
"35190853","贾笑涵","女","26759908","演员","否","999","26759908","清平乐","电视剧","2020-04-07","中国大陆","2020","剧情/古装","有评分","6.4","173456","173456","1054","53519865","70381755","1432","少女中心禾"
"35024933","于嘉溢","男","34792295","演员","是","40","34792295","乔家的儿女","电视剧","2021-08-17","中国大陆","2021","剧情/家庭","有评分","7.7","235622","235622","1347","69584639","70049915","1433","徐福年"
"35024933","于嘉溢","男","26759908","演员","否","999","26759908","清平乐","电视剧","2020-04-07","中国大陆","2020","剧情/古装","有评分","6.4","173456","173456","1054","53519865","70049915","1434","杨怀敏"
"30410647","孙忠怀","男","35332289","出品人","否","999","35332289","开端","电视剧","2022-01-11","中国大陆","2022","剧情","有评分","7.9","968506","968506","2766","70664627","60821343","1435",
"30410647","孙忠怀","男","35033654","出品人","否","999","35033654","山海情","电视剧","2021-01-12","中国大陆","2021","剧情","有评分","9.2","481571","481571","2105","70067357","60821343","1436",
"30410647","孙忠怀","男","34792295","出品人","否","999","34792295","乔家的儿女","电视剧","2021-08-17","中国大陆","2021","剧情/家庭","有评分","7.7","235622","235622","1347","69584639","60821343","1437",
"30410647","孙忠怀","男","30423905","出品人","否","999","30423905","大江大河2","电视剧","2020-12-20","中国大陆","2020","剧情/历史","有评分","8.7","208072","208072","1345","60847859","60821343","1438",
"30410647","孙忠怀","男","27088993","出品人","否","999","27088993","都挺好","电视剧","2019-03-01","中国大陆","2019","剧情/家庭","有评分","7.7","394106","394106","1742","54178035","60821343","1439",
"30410647","孙忠怀","男","26928226","出品人","否","999","26928226","知否知否应是绿肥红瘦","电视剧","2018-12-25","中国大陆","2018","剧情/爱情/古装","有评分","8.0","695224","695224","2358","53856501","60821343","1440",
"30410647","孙忠怀","男","26797690","出品人","否","999","26797690","大江大河","电视剧","2018-12-10","中国大陆","2018","剧情","有评分","8.8","260126","260126","1513","53595429","60821343","1441",
"30410647","孙忠怀","男","26759908","出品人","否","999","26759908","清平乐","电视剧","2020-04-07","中国大陆","2020","剧情/古装","有评分","6.4","173456","173456","1054","53519865","60821343","1442",
"30410647","孙忠怀","男","26743573","总监制","否","999","26743573","欢乐颂2","电视剧","2017-05-11","中国大陆","2017","剧情/爱情","有评分","5.4","154450","154450","913","53487195","60821343","1443",
"30410647","孙忠怀","男","26683725","出品人","否","999","26683725","外科风云","电视剧","2017-04-17","中国大陆","2017","剧情/爱情","有评分","7.3","94754","94754","832","53367499","60821343","1444",
"30410647","孙忠怀","男","26345137","出品人","否","999","26345137","如果蜗牛有爱情","电视剧","2016-10-24","中国大陆","2016","剧情/爱情/悬疑","有评分","7.2","105271","105271","871","52690323","60821343","1445",
"30410647","孙忠怀","男","26298935","出品人","否","999","26298935","鬼吹灯之精绝古城","电视剧","2016-12-19","中国大陆","2016","剧情/悬疑/惊悚","有评分","7.9","274802","274802","1473","52597919","60821343","1446",
"36726458","叶泉希","女","36534750","演员","是","15","36534750","小巷人家","电视剧","2024-10-28","中国大陆","2024","剧情/家庭","有评分","8.4","287902","287902","1555","73069549","73452965","1448","庄筱婷(童年"
"36720560","朱苏洁","女","26671336","演员","否","999","26671336","得闲谨制","电影","2025-12-06","中国大陆","2025","剧情/战争","有评分","6.9","268554","268554","1361","53342721","73441169","1449","船上民众"
"36572935","陆春吾","女","36571896","原著作者","否","999","36571896","命悬一生","电视剧","2025-10-11","中国大陆","2025","剧情/悬疑","有评分","7.7","85010","85010","809","73143841","73145919","1450",
"36915391","王江一","男","36571896","演员","否","999","36571896","命悬一生","电视剧","2025-10-11","中国大陆","2025","剧情/悬疑","有评分","7.7","85010","85010","809","73143841","73830831","1451","方达生"
"37102831","靳茗程","女","36534750","演员","否","999","36534750","小巷人家","电视剧","2024-10-28","中国大陆","2024","剧情/家庭","有评分","8.4","287902","287902","1555","73069549","74205711","1452","周晓莉"
"37102831","靳茗程","女","35321446","演员","否","999","35321446","大江大河之岁月如歌","电视剧","2024-01-08","中国大陆","2024","剧情","有评分","8.0","72953","72953","764","70642941","74205711","1453","护士"
"37102831","靳茗程","女","34792295","演员","否","999","34792295","乔家的儿女","电视剧","2021-08-17","中国大陆","2021","剧情/家庭","有评分","7.7","235622","235622","1347","69584639","74205711","1454",
"36624867","葛兴佳","男","26671336","演员","否","999","26671336","得闲谨制","电影","2025-12-06","中国大陆","2025","剧情/战争","有评分","6.9","268554","268554","1361","53342721","73249783","1455","船上民众"
"36572587","沈倩然","女","34792295","演员","是","79","34792295","乔家的儿女","电视剧","2021-08-17","中国大陆","2021","剧情/家庭","有评分","7.7","235622","235622","1347","69584639","73145223","1456","石厂长女儿"
"36572587","沈倩然","女","26928226","演员","否","999","26928226","知否知否应是绿肥红瘦","电视剧","2018-12-25","中国大陆","2018","剧情/爱情/古装","有评分","8.0","695224","695224","2358","53856501","73145223","1457","媚儿"
"36839758","赵烁","男","34792296","分组导演","否","999","34792296","欢迎光临","电视剧","2022-05-18","中国大陆","2022","剧情/喜剧/爱情","有评分","6.4","56516","56516","601","69584641","73679565","1458",
"36839758","赵烁","男","33442331","副导演","否","999","33442331","我是余欢水","电视剧","2020-04-06","中国大陆","2020","剧情","有评分","7.3","324953","324953","1540","66884711","73679565","1459",
"36839758","赵烁","男","30423905","副导演","否","999","30423905","大江大河2","电视剧","2020-12-20","中国大陆","2020","剧情/历史","有评分","8.7","208072","208072","1345","60847859","73679565","1460",
"36839758","赵烁","男","30421903","导演","是","2","30421903","淬火年代","电视剧","2025-06-18","中国大陆","2025","剧情","有评分","7.0","21373","21373","387","60843855","73679565","1461",
"36839758","赵烁","男","26683725","文学统筹","否","999","26683725","外科风云","电视剧","2017-04-17","中国大陆","2017","剧情/爱情","有评分","7.3","94754","94754","832","53367499","73679565","1462",
"36839758","赵烁","男","26683725","副导演","否","999","26683725","外科风云","电视剧","2017-04-17","中国大陆","2017","剧情/爱情","有评分","7.3","94754","94754","832","53367499","73679565","1463",
"36839758","赵烁","男","25994712","文学统筹","否","999","25994712","伪装者","电视剧","2015-08-31","中国大陆","2015","剧情/悬疑","有评分","8.6","382758","382758","1814","51989473","73679565","1464",
"27561063","冷海铭","男","36189205","演员","否","999","36189205","凡人歌","电视剧","2024-08-31","中国大陆","2024","剧情/喜剧","有评分","7.7","77700","77700","773","72378459","55122175","1465","老孙"
"27561063","冷海铭","男","35613241","演员","否","999","35613241","县委大院","电视剧","2022-12-07","中国大陆","2022","剧情","有评分","6.8","109693","109693","864","71226531","55122175","1466","矿业好心员工"
"27561063","冷海铭","男","26759908","演员","否","999","26759908","清平乐","电视剧","2020-04-07","中国大陆","2020","剧情/古装","有评分","6.4","173456","173456","1054","53519865","55122175","1467","王贽"
"27561063","冷海铭","男","26430092","演员","否","999","26430092","欢乐颂","电视剧","2016-04-18","中国大陆","2016","剧情/爱情","有评分","7.5","353514","353514","1628","52860233","55122175","1468","调查人"
"34903302","孙安可","女","34792295","演员","是","10","34792295","乔家的儿女","电视剧","2021-08-17","中国大陆","2021","剧情/家庭","有评分","7.7","235622","235622","1347","69584639","69806653","1469","孙小茉"
"35891994","毛分","男","33442331","数字绘景","否","999","33442331","我是余欢水","电视剧","2020-04-06","中国大陆","2020","剧情","有评分","7.3","324953","324953","1540","66884711","71784037","1470",
"35499257","马凡丁","女","35321446","演员","否","999","35321446","大江大河之岁月如歌","电视剧","2024-01-08","中国大陆","2024","剧情","有评分","8.0","72953","72953","764","70642941","70998563","1471","杨逦"
"36237135","金梦翼","男","26671336","演员","否","999","26671336","得闲谨制","电影","2025-12-06","中国大陆","2025","剧情/战争","有评分","6.9","268554","268554","1361","53342721","72474319","1472","被救男孩"
"35731541","宣宣","女","34792296","版权歌曲作曲","否","999","34792296","欢迎光临","电视剧","2022-05-18","中国大陆","2022","剧情/喜剧/爱情","有评分","6.4","56516","56516","601","69584641","71463131","1473",
"30487884","孙少华","男","34792298","灯光设计","否","999","34792298","相逢时节","电视剧","2022-02-23","中国大陆","2022","剧情","有评分","4.9","33169","33169","403","69584645","60975817","1474",
"30487884","孙少华","男","27088993","灯光设计","否","999","27088993","都挺好","电视剧","2019-03-01","中国大陆","2019","剧情/家庭","有评分","7.7","394106","394106","1742","54178035","60975817","1475",
"30487884","孙少华","男","26743573","灯光","否","999","26743573","欢乐颂2","电视剧","2017-05-11","中国大陆","2017","剧情/爱情","有评分","5.4","154450","154450","913","53487195","60975817","1476",
"30487884","孙少华","男","26430092","灯光","否","999","26430092","欢乐颂","电视剧","2016-04-18","中国大陆","2016","剧情/爱情","有评分","7.5","353514","353514","1628","52860233","60975817","1477",
"30484919","红花","女","35613241","演员","否","999","35613241","县委大院","电视剧","2022-12-07","中国大陆","2022","剧情","有评分","6.8","109693","109693","864","71226531","60969887","1478","牛姐"
"30484919","红花","女","34792296","演员","是","19","34792296","欢迎光临","电视剧","2022-05-18","中国大陆","2022","剧情/喜剧/爱情","有评分","6.4","56516","56516","601","69584641","60969887","1479","周大妈"
"30484919","红花","女","30423905","演员","是","32","30423905","大江大河2","电视剧","2020-12-20","中国大陆","2020","剧情/历史","有评分","8.7","208072","208072","1345","60847859","60969887","1480","裴有芬"
"30484919","红花","女","27088993","演员","是","16","27088993","都挺好","电视剧","2019-03-01","中国大陆","2019","剧情/家庭","有评分","7.7","394106","394106","1742","54178035","60969887","1481","舅妈"
"30484919","红花","女","26928226","演员","否","999","26928226","知否知否应是绿肥红瘦","电视剧","2018-12-25","中国大陆","2018","剧情/爱情/古装","有评分","8.0","695224","695224","2358","53856501","60969887","1482","刘妈妈"
"35290375","张忻恺","男","30421903","演员","否","999","30421903","淬火年代","电视剧","2025-06-18","中国大陆","2025","剧情","有评分","7.0","21373","21373","387","60843855","70580799","1483","范小龙"
"35290375","张忻恺","男","26671336","演员","否","999","26671336","得闲谨制","电影","2025-12-06","中国大陆","2025","剧情/战争","有评分","6.9","268554","268554","1361","53342721","70580799","1484","船上民众"
"27576416","颜北","男","30421903","演员","否","999","30421903","淬火年代","电视剧","2025-06-18","中国大陆","2025","剧情","有评分","7.0","21373","21373","387","60843855","55152881","1485","放贷人"
"30440805","王安宇","男","36534750","演员","是","7","36534750","小巷人家","电视剧","2024-10-28","中国大陆","2024","剧情/家庭","有评分","8.4","287902","287902","1555","73069549","60881659","1486","林栋哲"
"30440805","王安宇","男","26779426","演员","是","7","26779426","欢乐颂3","电视剧","2022-08-11","中国大陆","2022","剧情/爱情","有评分","4.9","41716","41716","452","53558901","60881659","1487","李其行"
"35281443","詹妮","女","36571896","演员","否","999","36571896","命悬一生","电视剧","2025-10-11","中国大陆","2025","剧情/悬疑","有评分","7.7","85010","85010","809","73143841","70562935","1488","何园"
"33408183","张哲华","男","36571896","演员","是","3","36571896","命悬一生","电视剧","2025-10-11","中国大陆","2025","剧情/悬疑","有评分","7.7","85010","85010","809","73143841","66816415","1489","孟朝"
"33408183","张哲华","男","36189205","演员","是","5","36189205","凡人歌","电视剧","2024-08-31","中国大陆","2024","剧情/喜剧","有评分","7.7","77700","77700","773","72378459","66816415","1490","那隽"
"35076356","宗宇宸","男","26759908","演员","否","999","26759908","清平乐","电视剧","2020-04-07","中国大陆","2020","剧情/古装","有评分","6.4","173456","173456","1054","53519865","70152761","1491","少年李玮"
"30135961","冷纪元","男","26759908","演员","否","999","26759908","清平乐","电视剧","2020-04-07","中国大陆","2020","剧情/古装","有评分","6.4","173456","173456","1054","53519865","60271971","1492","刘宜孙"
"27575109","许薇","女","35332289","演员","是","38","35332289","开端","电视剧","2022-01-11","中国大陆","2022","剧情","有评分","7.9","968506","968506","2766","70664627","55150267","1493","吴老师"
"27575109","许薇","女","34792296","演员","是","30","34792296","欢迎光临","电视剧","2022-05-18","中国大陆","2022","剧情/喜剧/爱情","有评分","6.4","56516","56516","601","69584641","55150267","1494","小薇"
"30135214","鄢佳辉","男","25754848","演员","是","111","25754848","琅琊榜","电视剧","2015-09-19","中国大陆","2015","剧情/古装","有评分","9.4","919060","919060","2939","51509745","60270477","1495","邱泽"
"27562688","苗克","男","26683725","演员","是","80","26683725","外科风云","电视剧","2017-04-17","中国大陆","2017","剧情/爱情","有评分","7.3","94754","94754","832","53367499","55125425","1496","年轻钟西北"
"27562688","苗克","男","25870290","演员","是","23","25870290","温州两家人","电视剧","2015-11-26","中国大陆","2015","剧情","有评分","7.8","7118","7118","236","51740629","55125425","1497",
"27562688","苗克","男","25754848","演员","是","59","25754848","琅琊榜","电视剧","2015-09-19","中国大陆","2015","剧情/古装","有评分","9.4","919060","919060","2939","51509745","55125425","1498","高升"
"30433946","傅铂涵","男","33442331","演员","是","22","33442331","我是余欢水","电视剧","2020-04-06","中国大陆","2020","剧情","有评分","7.3","324953","324953","1540","66884711","60867941","1499","张子铭"
"33478486","姚力烨","男","25994712","演员","是","26","25994712","伪装者","电视剧","2015-08-31","中国大陆","2015","剧情/悬疑","有评分","8.6","382758","382758","1814","51989473","66957021","1500","陈炳"
"30288415","朱健","男","27088993","演员","否","999","27088993","都挺好","电视剧","2019-03-01","中国大陆","2019","剧情/家庭","有评分","7.7","394106","394106","1742","54178035","60576879","1501","老倪"
"30288415","朱健","男","26797690","演员","否","999","26797690","大江大河","电视剧","2018-12-10","中国大陆","2018","剧情","有评分","8.8","260126","260126","1513","53595429","60576879","1502","陈科长"
"27581329","袁忠远","男","26345137","演员","否","999","26345137","如果蜗牛有爱情","电视剧","2016-10-24","中国大陆","2016","剧情/爱情/悬疑","有评分","7.2","105271","105271","871","52690323","55162707","1503","刘厅长"
"34902336","仇恩泽","男","36534750","演员","是","23","36534750","小巷人家","电视剧","2024-10-28","中国大陆","2024","剧情/家庭","有评分","8.4","287902","287902","1555","73069549","69804721","1504","向鹏飞(少年"
"35286695","卢禹豪","男","34792298","演员","是","57","34792298","相逢时节","电视剧","2022-02-23","中国大陆","2022","剧情","有评分","4.9","33169","33169","403","69584645","70573439","1505","幼年崔启明"
"35812536","何风","男","34792298","演员","是","39","34792298","相逢时节","电视剧","2022-02-23","中国大陆","2022","剧情","有评分","4.9","33169","33169","403","69584645","71625121","1506","王助理"
"35812536","何风","男","26665065","演员","否","999","26665065","琅琊榜之风起长林","电视剧","2017-12-18","中国大陆","2017","剧情/古装","有评分","8.4","210088","210088","1328","53330179","71625121","1507","孙统领"
"36134980","张治洲","男","35613241","演员","否","999","35613241","县委大院","电视剧","2022-12-07","中国大陆","2022","剧情","有评分","6.8","109693","109693","864","71226531","72270009","1508","油坊儿子"
"30395512","叶上庄","男","26671336","演员","否","999","26671336","得闲谨制","电影","2025-12-06","中国大陆","2025","剧情/战争","有评分","6.9","268554","268554","1361","53342721","60791073","1509","渣兵团"
"35568935","赵爱诚","女","34792296","演员","是","68","34792296","欢迎光临","电视剧","2022-05-18","中国大陆","2022","剧情/喜剧/爱情","有评分","6.4","56516","56516","601","69584641","71137919","1510","小汤圆"
"30267761","马柏全","男","36534750","演员","否","999","36534750","小巷人家","电视剧","2024-10-28","中国大陆","2024","剧情/家庭","有评分","8.4","287902","287902","1555","73069549","60535571","1511","吴军"
"30267761","马柏全","男","35033654","演员","是","52","35033654","山海情","电视剧","2021-01-12","中国大陆","2021","剧情","有评分","9.2","481571","481571","2105","70067357","60535571","1512","少年马得宝"
"36398080","纪静蓉","女","36189205","原著作者/编剧","否","999","36189205","凡人歌","电视剧","2024-08-31","中国大陆","2024","剧情/喜剧","有评分","7.7","77700","77700","773","72378459","72796209","1513",
"27567203","王晴","女","36189205","演员","否","999","36189205","凡人歌","电视剧","2024-08-31","中国大陆","2024","剧情/喜剧","有评分","7.7","77700","77700","773","72378459","55134455","1514","老高妻子"
"27567203","王晴","女","34792298","演员","是","34","34792298","相逢时节","电视剧","2022-02-23","中国大陆","2022","剧情","有评分","4.9","33169","33169","403","69584645","55134455","1515","李娜"
"27567203","王晴","女","33442331","演员","是","12","33442331","我是余欢水","电视剧","2020-04-06","中国大陆","2020","剧情","有评分","7.3","324953","324953","1540","66884711","55134455","1516","黄发女子"
"30189920","卢琳","女","36534750","演员","否","999","36534750","小巷人家","电视剧","2024-10-28","中国大陆","2024","剧情/家庭","有评分","8.4","287902","287902","1555","73069549","60379889","1517","知青办主任"
"30189920","卢琳","女","35588265","演员","否","999","35588265","樱桃琥珀","电视剧","2025-07-14","中国大陆","2025","剧情/爱情","有评分","5.7","38891","38891","471","71176579","60379889","1518","贺老师"
"27572785","陈冠甯","男","26743573","演员","否","999","26743573","欢乐颂2","电视剧","2017-05-11","中国大陆","2017","剧情/爱情","有评分","5.4","154450","154450","913","53487195","55145619","1519","陈总"
"27572785","陈冠甯","男","26430092","演员","否","999","26430092","欢乐颂","电视剧","2016-04-18","中国大陆","2016","剧情/爱情","有评分","7.5","353514","353514","1628","52860233","55145619","1520","经理"
"30481421","赵毅","男","26928226","外联制片","否","999","26928226","知否知否应是绿肥红瘦","电视剧","2018-12-25","中国大陆","2018","剧情/爱情/古装","有评分","8.0","695224","695224","2358","53856501","60962891","1521",
"30481421","赵毅","男","26665065","外联制片","否","999","26665065","琅琊榜之风起长林","电视剧","2017-12-18","中国大陆","2017","剧情/古装","有评分","8.4","210088","210088","1328","53330179","60962891","1522",
"30481421","赵毅","男","26345137","生活制片","否","999","26345137","如果蜗牛有爱情","电视剧","2016-10-24","中国大陆","2016","剧情/爱情/悬疑","有评分","7.2","105271","105271","871","52690323","60962891","1523",
"30149028","李若宁","女","26928226","演员","是","23","26928226","知否知否应是绿肥红瘦","电视剧","2018-12-25","中国大陆","2018","剧情/爱情/古装","有评分","8.0","695224","695224","2358","53856501","60298105","1524","魏行首"
"35101340","原若航","男","34792295","演员","是","73","34792295","乔家的儿女","电视剧","2021-08-17","中国大陆","2021","剧情/家庭","有评分","7.7","235622","235622","1347","69584639","70202729","1525","智勇"
"35101340","原若航","男","26779426","演员","否","999","26779426","欢乐颂3","电视剧","2022-08-11","中国大陆","2022","剧情/爱情","有评分","4.9","41716","41716","452","53558901","70202729","1526",
"35067559","胡原君","女","36571896","演员","否","999","36571896","命悬一生","电视剧","2025-10-11","中国大陆","2025","剧情/悬疑","有评分","7.7","85010","85010","809","73143841","70135167","1527","麻姐"
"35067559","胡原君","女","35613241","演员","否","999","35613241","县委大院","电视剧","2022-12-07","中国大陆","2022","剧情","有评分","6.8","109693","109693","864","71226531","70135167","1528","女村民"
"35067559","胡原君","女","35033654","演员","否","999","35033654","山海情","电视剧","2021-01-12","中国大陆","2021","剧情","有评分","9.2","481571","481571","2105","70067357","70135167","1529","肖丽丽"
"35067559","胡原君","女","33442331","演员","否","999","33442331","我是余欢水","电视剧","2020-04-06","中国大陆","2020","剧情","有评分","7.3","324953","324953","1540","66884711","70135167","1530","前台接待员"
"35067559","胡原君","女","26928226","演员","否","999","26928226","知否知否应是绿肥红瘦","电视剧","2018-12-25","中国大陆","2018","剧情/爱情/古装","有评分","8.0","695224","695224","2358","53856501","70135167","1531","顾廷狄妻"
"35067559","胡原君","女","26665065","演员","是","34","26665065","琅琊榜之风起长林","电视剧","2017-12-18","中国大陆","2017","剧情/古装","有评分","8.4","210088","210088","1328","53330179","70135167","1532","小胭"
"27576504","李晓强","男","36571896","演员","是","22","36571896","命悬一生","电视剧","2025-10-11","中国大陆","2025","剧情/悬疑","有评分","7.7","85010","85010","809","73143841","55153057","1533","老余"
"27576504","李晓强","男","35321446","演员","否","999","35321446","大江大河之岁月如歌","电视剧","2024-01-08","中国大陆","2024","剧情","有评分","8.0","72953","72953","764","70642941","55153057","1534","吴兴春"
"27576504","李晓强","男","35033654","演员","否","999","35033654","山海情","电视剧","2021-01-12","中国大陆","2021","剧情","有评分","9.2","481571","481571","2105","70067357","55153057","1535","宁总"
"27609994","杨树栋","男","26928226","化妆设计","否","999","26928226","知否知否应是绿肥红瘦","电视剧","2018-12-25","中国大陆","2018","剧情/爱情/古装","有评分","8.0","695224","695224","2358","53856501","55220037","1536",
"27609994","杨树栋","男","26759908","造型设计","否","999","26759908","清平乐","电视剧","2020-04-07","中国大陆","2020","剧情/古装","有评分","6.4","173456","173456","1054","53519865","55220037","1537",
"35575445","史迪文","男","26759908","演员","否","999","26759908","清平乐","电视剧","2020-04-07","中国大陆","2020","剧情/古装","有评分","6.4","173456","173456","1054","53519865","71150939","1538",
"27562153","冯瀑","男","26928226","演员","否","999","26928226","知否知否应是绿肥红瘦","电视剧","2018-12-25","中国大陆","2018","剧情/爱情/古装","有评分","8.0","695224","695224","2358","53856501","55124355","1539",
"27562153","冯瀑","男","26759908","演员","否","999","26759908","清平乐","电视剧","2020-04-07","中国大陆","2020","剧情/古装","有评分","6.4","173456","173456","1054","53519865","55124355","1540","范雍"
"27562153","冯瀑","男","26665065","演员","否","999","26665065","琅琊榜之风起长林","电视剧","2017-12-18","中国大陆","2017","剧情/古装","有评分","8.4","210088","210088","1328","53330179","55124355","1541","程大夫"
"35296415","赵子煜","男","35332289","制片人","否","999","35332289","开端","电视剧","2022-01-11","中国大陆","2022","剧情","有评分","7.9","968506","968506","2766","70664627","70592879","1542",
"35296415","赵子煜","男","34792296","演员","是","76","34792296","欢迎光临","电视剧","2022-05-18","中国大陆","2022","剧情/喜剧/爱情","有评分","6.4","56516","56516","601","69584641","70592879","1543","香客乙"
"35296415","赵子煜","男","30423905","演员","是","38","30423905","大江大河2","电视剧","2020-12-20","中国大陆","2020","剧情/历史","有评分","8.7","208072","208072","1345","60847859","70592879","1544","王处长"
"35296415","赵子煜","男","30421903","制片人","否","999","30421903","淬火年代","电视剧","2025-06-18","中国大陆","2025","剧情","有评分","7.0","21373","21373","387","60843855","70592879","1545",
"35296415","赵子煜","男","27088993","执行制片人","否","999","27088993","都挺好","电视剧","2019-03-01","中国大陆","2019","剧情/家庭","有评分","7.7","394106","394106","1742","54178035","70592879","1546",
"35296415","赵子煜","男","26743573","执行制片人","否","999","26743573","欢乐颂2","电视剧","2017-05-11","中国大陆","2017","剧情/爱情","有评分","5.4","154450","154450","913","53487195","70592879","1547",
"35296415","赵子煜","男","26430092","演员","否","999","26430092","欢乐颂","电视剧","2016-04-18","中国大陆","2016","剧情/爱情","有评分","7.5","353514","353514","1628","52860233","70592879","1548","励志讲师"
"35296415","赵子煜","男","26430092","执行制片人","否","999","26430092","欢乐颂","电视剧","2016-04-18","中国大陆","2016","剧情/爱情","有评分","7.5","353514","353514","1628","52860233","70592879","1549",
"35296415","赵子煜","男","25870290","执行制片人","否","999","25870290","温州两家人","电视剧","2015-11-26","中国大陆","2015","剧情","有评分","7.8","7118","7118","236","51740629","70592879","1550",
"35809076","彭亚辉","男","35332289","演员","是","101","35332289","开端","电视剧","2022-01-11","中国大陆","2022","剧情","有评分","7.9","968506","968506","2766","70664627","71618201","1551","公交公司员工"
"27562501","王志鹏","男","35332289","演员","是","53","35332289","开端","电视剧","2022-01-11","中国大陆","2022","剧情","有评分","7.9","968506","968506","2766","70664627","55125051","1552","员工丙"
"27576537","白雪岑","女","26759908","配音","否","999","26759908","清平乐","电视剧","2020-04-07","中国大陆","2020","剧情/古装","有评分","6.4","173456","173456","1054","53519865","55153123","1553",
"27576537","白雪岑","女","26683725","配音","否","999","26683725","外科风云","电视剧","2017-04-17","中国大陆","2017","剧情/爱情","有评分","7.3","94754","94754","832","53367499","55153123","1554",
"27576537","白雪岑","女","26298935","配音","否","999","26298935","鬼吹灯之精绝古城","电视剧","2016-12-19","中国大陆","2016","剧情/悬疑/惊悚","有评分","7.9","274802","274802","1473","52597919","55153123","1555",
"27576537","白雪岑","女","25994712","配音","否","999","25994712","伪装者","电视剧","2015-08-31","中国大陆","2015","剧情/悬疑","有评分","8.6","382758","382758","1814","51989473","55153123","1556",
"27576399","杨阳","女","26928226","演员","否","999","26928226","知否知否应是绿肥红瘦","电视剧","2018-12-25","中国大陆","2018","剧情/爱情/古装","有评分","8.0","695224","695224","2358","53856501","55152847","1557","车三娘"
"27576399","杨阳","女","26683725","演员","是","81","26683725","外科风云","电视剧","2017-04-17","中国大陆","2017","剧情/爱情","有评分","7.3","94754","94754","832","53367499","55152847","1558","年轻程露"
"37119450","钱希怡","女","36534750","演员","否","999","36534750","小巷人家","电视剧","2024-10-28","中国大陆","2024","剧情/家庭","有评分","8.4","287902","287902","1555","73069549","74238949","1560","柳絮(青年"
"37898951","罗刚","男","26671336","演员","否","999","26671336","得闲谨制","电影","2025-12-06","中国大陆","2025","剧情/战争","有评分","6.9","268554","268554","1361","53342721","75797951","1561","船上民众"
"37088829","韩欣桐","女","30423905","演员","否","999","30423905","大江大河2","电视剧","2020-12-20","中国大陆","2020","剧情/历史","有评分","8.7","208072","208072","1345","60847859","74177707","1562","酒店前台"
"37110373","杨雯晰","女","36534750","演员","否","999","36534750","小巷人家","电视剧","2024-10-28","中国大陆","2024","剧情/家庭","有评分","8.4","287902","287902","1555","73069549","74220795","1563","庄筱婷(少年"
"27561631","叶禾","男","26665065","演员","否","999","26665065","琅琊榜之风起长林","电视剧","2017-12-18","中国大陆","2017","剧情/古装","有评分","8.4","210088","210088","1328","53330179","55123311","1564","小刀"
"35812559","刘骁磊","男","34792298","演员","是","43","34792298","相逢时节","电视剧","2022-02-23","中国大陆","2022","剧情","有评分","4.9","33169","33169","403","69584645","71625167","1565","快递员"
"35671190","彭浩森","男","26671336","演员","否","999","26671336","得闲谨制","电影","2025-12-06","中国大陆","2025","剧情/战争","有评分","6.9","268554","268554","1361","53342721","71342429","1566","船务"
"30462947","许艺娜","女","26928226","演唱","否","999","26928226","知否知否应是绿肥红瘦","电视剧","2018-12-25","中国大陆","2018","剧情/爱情/古装","有评分","8.0","695224","695224","2358","53856501","60925943","1567",
"30297286","王晓晖","男","35033654","总监制","否","999","35033654","山海情","电视剧","2021-01-12","中国大陆","2021","剧情","有评分","9.2","481571","481571","2105","70067357","60594621","1568",
"30297286","王晓晖","男","33442331","总监制","否","999","33442331","我是余欢水","电视剧","2020-04-06","中国大陆","2020","剧情","有评分","7.3","324953","324953","1540","66884711","60594621","1569",
"30297286","王晓晖","男","30423905","总监制","否","999","30423905","大江大河2","电视剧","2020-12-20","中国大陆","2020","剧情/历史","有评分","8.7","208072","208072","1345","60847859","60594621","1570",
"30297286","王晓晖","男","27088993","总监制","否","999","27088993","都挺好","电视剧","2019-03-01","中国大陆","2019","剧情/家庭","有评分","7.7","394106","394106","1742","54178035","60594621","1571",
"30297286","王晓晖","男","26928226","总监制","否","999","26928226","知否知否应是绿肥红瘦","电视剧","2018-12-25","中国大陆","2018","剧情/爱情/古装","有评分","8.0","695224","695224","2358","53856501","60594621","1572",
"30297286","王晓晖","男","26797690","总监制","否","999","26797690","大江大河","电视剧","2018-12-10","中国大陆","2018","剧情","有评分","8.8","260126","260126","1513","53595429","60594621","1573",
"30297286","王晓晖","男","26743573","总策划","否","999","26743573","欢乐颂2","电视剧","2017-05-11","中国大陆","2017","剧情/爱情","有评分","5.4","154450","154450","913","53487195","60594621","1574",
"30297286","王晓晖","男","26665065","总监制","否","999","26665065","琅琊榜之风起长林","电视剧","2017-12-18","中国大陆","2017","剧情/古装","有评分","8.4","210088","210088","1328","53330179","60594621","1575",
"27573255","陈梦希","女","26928226","演员","是","40","26928226","知否知否应是绿肥红瘦","电视剧","2018-12-25","中国大陆","2018","剧情/爱情/古装","有评分","8.0","695224","695224","2358","53856501","55146559","1576","小邹氏"
"30227432","高秋梓","女","26779426","演员","否","999","26779426","欢乐颂3","电视剧","2022-08-11","中国大陆","2022","剧情/爱情","有评分","4.9","41716","41716","452","53558901","60454913","1577",
"27588593","刘煜宸","男","36571896","演员","否","999","36571896","命悬一生","电视剧","2025-10-11","中国大陆","2025","剧情/悬疑","有评分","7.7","85010","85010","809","73143841","55177235","1578","少年倪向东跟班甲"
"35082359","户元松","男","26759908","演员","否","999","26759908","清平乐","电视剧","2020-04-07","中国大陆","2020","剧情/古装","有评分","6.4","173456","173456","1054","53519865","70164767","1579","赵概"
"35082359","户元松","男","26665065","演员","否","999","26665065","琅琊榜之风起长林","电视剧","2017-12-18","中国大陆","2017","剧情/古装","有评分","8.4","210088","210088","1328","53330179","70164767","1580","少年濮阳缨爸"
"34990567","蓝城","男","26759908","演员","否","999","26759908","清平乐","电视剧","2020-04-07","中国大陆","2020","剧情/古装","有评分","6.4","173456","173456","1054","53519865","69981183","1581","梅尧臣"
"27568751","陈铁军","男","26759908","演员","否","999","26759908","清平乐","电视剧","2020-04-07","中国大陆","2020","剧情/古装","有评分","6.4","173456","173456","1054","53519865","55137551","1582","胡瑗"
"30288417","刘国际","男","26759908","演员","否","999","26759908","清平乐","电视剧","2020-04-07","中国大陆","2020","剧情/古装","有评分","6.4","173456","173456","1054","53519865","60576883","1583","陈执中"
"34987968","苏伊可","女","34792295","演员","是","30","34792295","乔家的儿女","电视剧","2021-08-17","中国大陆","2021","剧情/家庭","有评分","7.7","235622","235622","1347","69584639","69975985","1584","童年四美"
"34987968","苏伊可","女","26759908","演员","否","999","26759908","清平乐","电视剧","2020-04-07","中国大陆","2020","剧情/古装","有评分","6.4","173456","173456","1054","53519865","69975985","1585","小小徽柔"
"30232191","程世宇","男","36571896","演员","否","999","36571896","命悬一生","电视剧","2025-10-11","中国大陆","2025","剧情/悬疑","有评分","7.7","85010","85010","809","73143841","60464431","1586","糖厂人事干部"
"30232191","程世宇","男","35613241","演员","否","999","35613241","县委大院","电视剧","2022-12-07","中国大陆","2022","剧情","有评分","6.8","109693","109693","864","71226531","60464431","1587","廖总随行"
"30232191","程世宇","男","35332289","演员","是","88","35332289","开端","电视剧","2022-01-11","中国大陆","2022","剧情","有评分","7.9","968506","968506","2766","70664627","60464431","1588","方警官"
"30232191","程世宇","男","34792298","演员","否","999","34792298","相逢时节","电视剧","2022-02-23","中国大陆","2022","剧情","有评分","4.9","33169","33169","403","69584645","60464431","1589","程可欣父亲"
"30232191","程世宇","男","26797690","演员","否","999","26797690","大江大河","电视剧","2018-12-10","中国大陆","2018","剧情","有评分","8.8","260126","260126","1513","53595429","60464431","1590",
"30405730","李克伟","男","35613241","演员","否","999","35613241","县委大院","电视剧","2022-12-07","中国大陆","2022","剧情","有评分","6.8","109693","109693","864","71226531","60811509","1591","老崔"
"30405730","李克伟","男","35332289","演员","是","24","35332289","开端","电视剧","2022-01-11","中国大陆","2022","剧情","有评分","7.9","968506","968506","2766","70664627","60811509","1592","范永钢"
"30405730","李克伟","男","35321446","演员","否","999","35321446","大江大河之岁月如歌","电视剧","2024-01-08","中国大陆","2024","剧情","有评分","8.0","72953","72953","764","70642941","60811509","1593","雷忠富"
"30405730","李克伟","男","33442331","演员","是","43","33442331","我是余欢水","电视剧","2020-04-06","中国大陆","2020","剧情","有评分","7.3","324953","324953","1540","66884711","60811509","1594","超市老板"
"30405730","李克伟","男","26797690","演员","是","19","26797690","大江大河","电视剧","2018-12-10","中国大陆","2018","剧情","有评分","8.8","260126","260126","1513","53595429","60811509","1595","雷忠富"
"30405730","李克伟","男","26430092","演员","否","999","26430092","欢乐颂","电视剧","2016-04-18","中国大陆","2016","剧情/爱情","有评分","7.5","353514","353514","1628","52860233","60811509","1596","刘思明"
"36359490","孔兮","男","36571896","演员","否","999","36571896","命悬一生","电视剧","2025-10-11","中国大陆","2025","剧情/悬疑","有评分","7.7","85010","85010","809","73143841","72719029","1597","饭店孔老板"
"36359490","孔兮","男","35613241","演员","否","999","35613241","县委大院","电视剧","2022-12-07","中国大陆","2022","剧情","有评分","6.8","109693","109693","864","71226531","72719029","1598","大鹏"
"36359490","孔兮","男","35321446","演员","否","999","35321446","大江大河之岁月如歌","电视剧","2024-01-08","中国大陆","2024","剧情","有评分","8.0","72953","72953","764","70642941","72719029","1599","赵营超"
"36359490","孔兮","男","33442331","演员","否","999","33442331","我是余欢水","电视剧","2020-04-06","中国大陆","2020","剧情","有评分","7.3","324953","324953","1540","66884711","72719029","1600","三顺"
"36359490","孔兮","男","26665065","演员","否","999","26665065","琅琊榜之风起长林","电视剧","2017-12-18","中国大陆","2017","剧情/古装","有评分","8.4","210088","210088","1328","53330179","72719029","1601",
"36359490","孔兮","男","26430092","演员","否","999","26430092","欢乐颂","电视剧","2016-04-18","中国大陆","2016","剧情/爱情","有评分","7.5","353514","353514","1628","52860233","72719029","1602","要债人"
"36359490","孔兮","男","25754848","摄影","否","999","25754848","琅琊榜","电视剧","2015-09-19","中国大陆","2015","剧情/古装","有评分","9.4","919060","919060","2939","51509745","72719029","1603",
"35739964","郭增友","男","35332289","演员","是","91","35332289","开端","电视剧","2022-01-11","中国大陆","2022","剧情","有评分","7.9","968506","968506","2766","70664627","71479977","1604","公交车司机"
"35739964","郭增友","男","33442331","摄影指导","否","999","33442331","我是余欢水","电视剧","2020-04-06","中国大陆","2020","剧情","有评分","7.3","324953","324953","1540","66884711","71479977","1605",
"35739964","郭增友","男","25754848","摄影","否","999","25754848","琅琊榜","电视剧","2015-09-19","中国大陆","2015","剧情/古装","有评分","9.4","919060","919060","2939","51509745","71479977","1606",
"30487883","史成业","男","36571896","导演","是","2","36571896","命悬一生","电视剧","2025-10-11","中国大陆","2025","剧情/悬疑","有评分","7.7","85010","85010","809","73143841","60975815","1607",
"30487883","史成业","男","27088993","摄影指导","否","999","27088993","都挺好","电视剧","2019-03-01","中国大陆","2019","剧情/家庭","有评分","7.7","394106","394106","1742","54178035","60975815","1608",
"30487883","史成业","男","26743573","摄影师","否","999","26743573","欢乐颂2","电视剧","2017-05-11","中国大陆","2017","剧情/爱情","有评分","5.4","154450","154450","913","53487195","60975815","1609",
"30487883","史成业","男","26665065","摄影师","否","999","26665065","琅琊榜之风起长林","电视剧","2017-12-18","中国大陆","2017","剧情/古装","有评分","8.4","210088","210088","1328","53330179","60975815","1610",
"30487883","史成业","男","26430092","摄影师","否","999","26430092","欢乐颂","电视剧","2016-04-18","中国大陆","2016","剧情/爱情","有评分","7.5","353514","353514","1628","52860233","60975815","1611",
"30487883","史成业","男","26298935","摄影师","否","999","26298935","鬼吹灯之精绝古城","电视剧","2016-12-19","中国大陆","2016","剧情/悬疑/惊悚","有评分","7.9","274802","274802","1473","52597919","60975815","1612",
"30487883","史成业","男","25870290","摄影师","否","999","25870290","温州两家人","电视剧","2015-11-26","中国大陆","2015","剧情","有评分","7.8","7118","7118","236","51740629","60975815","1613",
"30487883","史成业","男","25754848","摄影师","否","999","25754848","琅琊榜","电视剧","2015-09-19","中国大陆","2015","剧情/古装","有评分","9.4","919060","919060","2939","51509745","60975815","1614",
"30302213","李斌","男","26665065","演员","是","45","26665065","琅琊榜之风起长林","电视剧","2017-12-18","中国大陆","2017","剧情/古装","有评分","8.4","210088","210088","1328","53330179","60604475","1615","宁王"
"30302213","李斌","男","25754848","演员","是","79","25754848","琅琊榜","电视剧","2015-09-19","中国大陆","2015","剧情/古装","有评分","9.4","919060","919060","2939","51509745","60604475","1616","宁王"
"27576094","李虹辰","男","34792295","演员","是","56","34792295","乔家的儿女","电视剧","2021-08-17","中国大陆","2021","剧情/家庭","有评分","7.7","235622","235622","1347","69584639","55152237","1622","项北方"
"35737962","张宇轩","男","34792295","演员","是","24","34792295","乔家的儿女","电视剧","2021-08-17","中国大陆","2021","剧情/家庭","有评分","7.7","235622","235622","1347","69584639","71475973","1623","少年二强"
"35156468","怀远","男","27088993","演员","否","999","27088993","都挺好","电视剧","2019-03-01","中国大陆","2019","剧情/家庭","有评分","7.7","394106","394106","1742","54178035","70312985","1624","老刘"
"27566516","田征","男","26797690","演员","否","999","26797690","大江大河","电视剧","2018-12-10","中国大陆","2018","剧情","有评分","8.8","260126","260126","1513","53595429","55133081","1625","二叔"
"36098293","张思敏","女","36534750","演员","否","999","36534750","小巷人家","电视剧","2024-10-28","中国大陆","2024","剧情/家庭","有评分","8.4","287902","287902","1555","73069549","72196635","1626","孙玉兰"
"35004937","左凌峰","男","35321446","演员","是","16","35321446","大江大河之岁月如歌","电视剧","2024-01-08","中国大陆","2024","剧情","有评分","8.0","72953","72953","764","70642941","70009923","1627","王鹏"
"30410779","胡昌霖","男","34792298","演员","是","53","34792298","相逢时节","电视剧","2022-02-23","中国大陆","2022","剧情","有评分","4.9","33169","33169","403","69584645","60821607","1628","少年简宏成"
"27577530","阿如那","男","26671336","演员","是","5","26671336","得闲谨制","电影","2025-12-06","中国大陆","2025","剧情/战争","有评分","6.9","268554","268554","1361","53342721","55155109","1629","麻郭富"
"30410632","赵雪","女","34792296","演员","是","47","34792296","欢迎光临","电视剧","2022-05-18","中国大陆","2022","剧情/喜剧/爱情","有评分","6.4","56516","56516","601","69584641","60821313","1630","年轻柳美莉"
"27570117","朱义","男","35033654","演员","否","999","35033654","山海情","电视剧","2021-01-12","中国大陆","2021","剧情","有评分","9.2","481571","481571","2105","70067357","55140283","1631","扬水站站长"
"35251083","姜健","男","36189205","演员","否","999","36189205","凡人歌","电视剧","2024-08-31","中国大陆","2024","剧情/喜剧","有评分","7.7","77700","77700","773","72378459","70502215","1632","猎头"
"34919551","师悦玲","女","35321446","演员","是","17","35321446","大江大河之岁月如歌","电视剧","2024-01-08","中国大陆","2024","剧情","有评分","8.0","72953","72953","764","70642941","69839151","1633","梁母"
"34919551","师悦玲","女","30423905","演员","是","28","30423905","大江大河2","电视剧","2020-12-20","中国大陆","2020","剧情/历史","有评分","8.7","208072","208072","1345","60847859","69839151","1634","梁母"
"33463215","高安艺","男","26430092","演员","否","999","26430092","欢乐颂","电视剧","2016-04-18","中国大陆","2016","剧情/爱情","有评分","7.5","353514","353514","1628","52860233","66926479","1635","面试官甲 "
"27563485","李逸男","男","35588265","演员","否","999","35588265","樱桃琥珀","电视剧","2025-07-14","中国大陆","2025","剧情/爱情","有评分","5.7","38891","38891","471","71176579","55127019","1636","陈明昊"
"30371639","马泰","男","26088457","演员","否","999","26088457","他来了，请闭眼","电视剧","2015-10-15","中国大陆","2015","剧情/悬疑","有评分","6.7","74395","74395","706","52176963","60743327","1637","Barnes-医生"
"30433944","李媛媛","女","30423905","演员","是","43","30423905","大江大河2","电视剧","2020-12-20","中国大陆","2020","剧情/历史","有评分","8.7","208072","208072","1345","60847859","60867937","1638","赵秀"
"30433944","李媛媛","女","26928226","演员","否","999","26928226","知否知否应是绿肥红瘦","电视剧","2018-12-25","中国大陆","2018","剧情/爱情/古装","有评分","8.0","695224","695224","2358","53856501","60867937","1639","翠微"
"34853739","甘昀宸","男","30421903","演员","否","999","30421903","淬火年代","电视剧","2025-06-18","中国大陆","2025","剧情","有评分","7.0","21373","21373","387","60843855","69707527","1640","小郑"
"34853739","甘昀宸","男","26671336","演员","是","6","26671336","得闲谨制","电影","2025-12-06","中国大陆","2025","剧情/战争","有评分","6.9","268554","268554","1361","53342721","69707527","1641","梅德福"
"27587580","张月","女","30421903","演员","是","5","30421903","淬火年代","电视剧","2025-06-18","中国大陆","2025","剧情","有评分","7.0","21373","21373","387","60843855","55175209","1642","林川"
"30419197","陈立唯","男","26759908","演员","否","999","26759908","清平乐","电视剧","2020-04-07","中国大陆","2020","剧情/古装","有评分","6.4","173456","173456","1054","53519865","60838443","1643","王质"
"35882098","王红梅","女","35321446","演员","否","999","35321446","大江大河之岁月如歌","电视剧","2024-01-08","中国大陆","2024","剧情","有评分","8.0","72953","72953","764","70642941","71764245","1644","冯母"
"35882098","王红梅","女","34792295","演员","是","58","34792295","乔家的儿女","电视剧","2021-08-17","中国大陆","2021","剧情/家庭","有评分","7.7","235622","235622","1347","69584639","71764245","1645","叶母"
"35882098","王红梅","女","26759908","演员","否","999","26759908","清平乐","电视剧","2020-04-07","中国大陆","2020","剧情/古装","有评分","6.4","173456","173456","1054","53519865","71764245","1646","盛姑姑"
"35093868","张勇民","男","26759908","演员","否","999","26759908","清平乐","电视剧","2020-04-07","中国大陆","2020","剧情/古装","有评分","6.4","173456","173456","1054","53519865","70187785","1647","宋庠"
"34449436","胡双全","男","26759908","演员","否","999","26759908","清平乐","电视剧","2020-04-07","中国大陆","2020","剧情/古装","有评分","6.4","173456","173456","1054","53519865","68898921","1648","梁全一"
"35003133","鲁文秀","男","26759908","演员","否","999","26759908","清平乐","电视剧","2020-04-07","中国大陆","2020","剧情/古装","有评分","6.4","173456","173456","1054","53519865","70006315","1649","曾巩"
"27571473","张本煜","男","26759908","演员","是","15","26759908","清平乐","电视剧","2020-04-07","中国大陆","2020","剧情/古装","有评分","6.4","173456","173456","1054","53519865","55142995","1650","欧阳修"
"35809350","阮样华","男","35332289","演员","是","103","35332289","开端","电视剧","2022-01-11","中国大陆","2022","剧情","有评分","7.9","968506","968506","2766","70664627","71618749","1651","药婆儿子"
"27589230","茹美琪","女","26928226","服装设计","否","999","26928226","知否知否应是绿肥红瘦","电视剧","2018-12-25","中国大陆","2018","剧情/爱情/古装","有评分","8.0","695224","695224","2358","53856501","55178509","1652",
"27589230","茹美琪","女","26665065","服装设计","否","999","26665065","琅琊榜之风起长林","电视剧","2017-12-18","中国大陆","2017","剧情/古装","有评分","8.4","210088","210088","1328","53330179","55178509","1653",
"27589230","茹美琪","女","26298935","服装设计","否","999","26298935","鬼吹灯之精绝古城","电视剧","2016-12-19","中国大陆","2016","剧情/悬疑/惊悚","有评分","7.9","274802","274802","1473","52597919","55178509","1654",
"27589230","茹美琪","女","25994712","服装设计","否","999","25994712","伪装者","电视剧","2015-08-31","中国大陆","2015","剧情/悬疑","有评分","8.6","382758","382758","1814","51989473","55178509","1655",
"27589230","茹美琪","女","25754848","未知","否","999","25754848","琅琊榜","电视剧","2015-09-19","中国大陆","2015","剧情/古装","有评分","9.4","919060","919060","2939","51509745","55178509","1656",
"27574992","龙德","男","25754848","演员","是","77","25754848","琅琊榜","电视剧","2015-09-19","中国大陆","2015","剧情/古装","有评分","9.4","919060","919060","2939","51509745","55150033","1657","季帮主"
"27567064","孙荣","男","25754848","演员","是","70","25754848","琅琊榜","电视剧","2015-09-19","中国大陆","2015","剧情/古装","有评分","9.4","919060","919060","2939","51509745","55134177","1658","穆王"
"27562462","马波","男","35613241","演员","否","999","35613241","县委大院","电视剧","2022-12-07","中国大陆","2022","剧情","有评分","6.8","109693","109693","864","71226531","55124973","1659","曹建林"
"27562462","马波","男","35332289","演员","是","26","35332289","开端","电视剧","2022-01-11","中国大陆","2022","剧情","有评分","7.9","968506","968506","2766","70664627","55124973","1660","室友"
"27562462","马波","男","35033654","演员","是","35","35033654","山海情","电视剧","2021-01-12","中国大陆","2021","剧情","有评分","9.2","481571","481571","2105","70067357","55124973","1661","杨三"
"27562462","马波","男","33442331","演员","是","45","33442331","我是余欢水","电视剧","2020-04-06","中国大陆","2020","剧情","有评分","7.3","324953","324953","1540","66884711","55124973","1662","丁助理"
"27562462","马波","男","30423905","演员","否","999","30423905","大江大河2","电视剧","2020-12-20","中国大陆","2020","剧情/历史","有评分","8.7","208072","208072","1345","60847859","55124973","1663","贾佳伟"
"27562462","马波","男","26797690","演员","否","999","26797690","大江大河","电视剧","2018-12-10","中国大陆","2018","剧情","有评分","8.8","260126","260126","1513","53595429","55124973","1664","贾佳伟"
"27562462","马波","男","26683725","演员","否","999","26683725","外科风云","电视剧","2017-04-17","中国大陆","2017","剧情/爱情","有评分","7.3","94754","94754","832","53367499","55124973","1665","蔡伟"
"27562462","马波","男","26665065","演员","否","999","26665065","琅琊榜之风起长林","电视剧","2017-12-18","中国大陆","2017","剧情/古装","有评分","8.4","210088","210088","1328","53330179","55124973","1666","高福"
"27562462","马波","男","26345137","演员","否","999","26345137","如果蜗牛有爱情","电视剧","2016-10-24","中国大陆","2016","剧情/爱情/悬疑","有评分","7.2","105271","105271","871","52690323","55124973","1667","关南"
"27562462","马波","男","26088457","演员","否","999","26088457","他来了，请闭眼","电视剧","2015-10-15","中国大陆","2015","剧情/悬疑","有评分","6.7","74395","74395","706","52176963","55124973","1668","沈一丹"
"27562462","马波","男","25754848","演员","是","76","25754848","琅琊榜","电视剧","2015-09-19","中国大陆","2015","剧情/古装","有评分","9.4","919060","919060","2939","51509745","55124973","1669","朱寿春"
"34444417","张庭菲","女","26683725","演员","否","999","26683725","外科风云","电视剧","2017-04-17","中国大陆","2017","剧情/爱情","有评分","7.3","94754","94754","832","53367499","68888883","1670","护士张丽"
"27562687","白马竞","男","34792295","演员","是","71","34792295","乔家的儿女","电视剧","2021-08-17","中国大陆","2021","剧情/家庭","有评分","7.7","235622","235622","1347","69584639","55125423","1671","玲子爸"
"27562687","白马竞","男","26683725","演员","是","77","26683725","外科风云","电视剧","2017-04-17","中国大陆","2017","剧情/爱情","有评分","7.3","94754","94754","832","53367499","55125423","1672","叶洪达"
"33454693","李尔云","女","27088993","总策划","否","999","27088993","都挺好","电视剧","2019-03-01","中国大陆","2019","剧情/家庭","有评分","7.7","394106","394106","1742","54178035","66909435","1674",
"33454693","李尔云","女","26928226","总策划","否","999","26928226","知否知否应是绿肥红瘦","电视剧","2018-12-25","中国大陆","2018","剧情/爱情/古装","有评分","8.0","695224","695224","2358","53856501","66909435","1675",
"33454693","李尔云","女","26797690","总策划","否","999","26797690","大江大河","电视剧","2018-12-10","中国大陆","2018","剧情","有评分","8.8","260126","260126","1513","53595429","66909435","1677",
"33454693","李尔云","女","26683725","策划","否","999","26683725","外科风云","电视剧","2017-04-17","中国大陆","2017","剧情/爱情","有评分","7.3","94754","94754","832","53367499","66909435","1678",
"35201375","刘建民","男","34792295","演员","是","83","34792295","乔家的儿女","电视剧","2021-08-17","中国大陆","2021","剧情/家庭","有评分","7.7","235622","235622","1347","69584639","70402799","1679","孟桂芝爸"
"36599986","高若芯","女","25994712","演员","否","999","25994712","伪装者","电视剧","2015-08-31","中国大陆","2015","剧情/悬疑","有评分","8.6","382758","382758","1814","51989473","73200021","1681","青年明镜"
"37066300","柴宗立","男","35588265","演员","是","13","35588265","樱桃琥珀","电视剧","2025-07-14","中国大陆","2025","剧情/爱情","有评分","5.7","38891","38891","471","71176579","74132649","1682","冯乐天"
"36465314","徐喆","女","26928226","演员","否","999","26928226","知否知否应是绿肥红瘦","电视剧","2018-12-25","中国大陆","2018","剧情/爱情/古装","有评分","8.0","695224","695224","2358","53856501","72930677","1683","羊毫"
"36929235","傅闽南","男","35332289","演员","是","96","35332289","开端","电视剧","2022-01-11","中国大陆","2022","剧情","有评分","7.9","968506","968506","2766","70664627","73858519","1684",
"27561633","松浦敬之","男","25994712","演员","是","21","25994712","伪装者","电视剧","2015-08-31","中国大陆","2015","剧情/悬疑","有评分","8.6","382758","382758","1814","51989473","55123315","1685","高木"
"34433974","丁业恒","男","27088993","声音指导","否","999","27088993","都挺好","电视剧","2019-03-01","中国大陆","2019","剧情/家庭","有评分","7.7","394106","394106","1742","54178035","68867997","1686",
"34433974","丁业恒","男","27088993","后期制作总监","否","999","27088993","都挺好","电视剧","2019-03-01","中国大陆","2019","剧情/家庭","有评分","7.7","394106","394106","1742","54178035","68867997","1687",
"30377692","郝鹏飞","男","35321446","演员","否","999","35321446","大江大河之岁月如歌","电视剧","2024-01-08","中国大陆","2024","剧情","有评分","8.0","72953","72953","764","70642941","60755433","1688","钱伟星"
"33418829","任剑伟","女","26665065","策划","否","999","26665065","琅琊榜之风起长林","电视剧","2017-12-18","中国大陆","2017","剧情/古装","有评分","8.4","210088","210088","1328","53330179","66837707","1689",
"27562411","徐为平","男","35613241","演员","否","999","35613241","县委大院","电视剧","2022-12-07","中国大陆","2022","剧情","有评分","6.8","109693","109693","864","71226531","55124871","1690","九原县文联主席"
"34786046","刘季","女","35613241","演员","否","999","35613241","县委大院","电视剧","2022-12-07","中国大陆","2022","剧情","有评分","6.8","109693","109693","864","71226531","69572141","1691","乡卫生院董大夫"
"27567182","白一骢","男","26298935","编剧","是","1","26298935","鬼吹灯之精绝古城","电视剧","2016-12-19","中国大陆","2016","剧情/悬疑/惊悚","有评分","7.9","274802","274802","1473","52597919","55134413","1692",
"35784878","庄园","男","26671336","演员","否","999","26671336","得闲谨制","电影","2025-12-06","中国大陆","2025","剧情/战争","有评分","6.9","268554","268554","1361","53342721","71569805","1693","渣兵团"
"34467207","李越","男","26671336","演员","否","999","26671336","得闲谨制","电影","2025-12-06","中国大陆","2025","剧情/战争","有评分","6.9","268554","268554","1361","53342721","68934463","1694","渣兵团"
"35414152","栾茗媛","女","34792296","演员","是","37","34792296","欢迎光临","电视剧","2022-05-18","中国大陆","2022","剧情/喜剧/爱情","有评分","6.4","56516","56516","601","69584641","70828353","1695","小媛"
"27579889","黄尧","女","35613241","演员","是","21","35613241","县委大院","电视剧","2022-12-07","中国大陆","2022","剧情","有评分","6.8","109693","109693","864","71226531","55159827","1696","何亚萍"
"27579889","黄尧","女","35033654","演员","是","9","35033654","山海情","电视剧","2021-01-12","中国大陆","2021","剧情","有评分","9.2","481571","481571","2105","70067357","55159827","1697","白麦苗"
"35717288","周杰","男","30423905","演员","否","999","30423905","大江大河2","电视剧","2020-12-20","中国大陆","2020","剧情/历史","有评分","8.7","208072","208072","1345","60847859","71434625","1698","厂办负责人"
"27563209","段冉","男","30423905","演员","否","999","30423905","大江大河2","电视剧","2020-12-20","中国大陆","2020","剧情/历史","有评分","8.7","208072","208072","1345","60847859","55126467","1699","孙主任"
"27633286","冯棉","女","26430092","演员","否","999","26430092","欢乐颂","电视剧","2016-04-18","中国大陆","2016","剧情/爱情","有评分","7.5","353514","353514","1628","52860233","55266621","1700","咖啡店店长"
"34909447","于小鸣","男","30421903","演员","否","999","30421903","淬火年代","电视剧","2025-06-18","中国大陆","2025","剧情","有评分","7.0","21373","21373","387","60843855","69818943","1701","吴朝阳"
"27572928","蒋沁芸","女","26759908","演员","是","41","26759908","清平乐","电视剧","2020-04-07","中国大陆","2020","剧情/古装","有评分","6.4","173456","173456","1054","53519865","55145905","1702","郭皇后"
"35577165","霍雨佳","女","35613241","演员","否","999","35613241","县委大院","电视剧","2022-12-07","中国大陆","2022","剧情","有评分","6.8","109693","109693","864","71226531","71154379","1703","吕青山妻"
"35577165","霍雨佳","女","35332289","演员","是","76","35332289","开端","电视剧","2022-01-11","中国大陆","2022","剧情","有评分","7.9","968506","968506","2766","70664627","71154379","1704","老张妻子"
"33418830","王磊卿","男","35033654","总策划","否","999","35033654","山海情","电视剧","2021-01-12","中国大陆","2021","剧情","有评分","9.2","481571","481571","2105","70067357","66837709","1705",
"33418830","王磊卿","男","30423905","总制片","否","999","30423905","大江大河2","电视剧","2020-12-20","中国大陆","2020","剧情/历史","有评分","8.7","208072","208072","1345","60847859","66837709","1706",
"33418830","王磊卿","男","26797690","总制片","否","999","26797690","大江大河","电视剧","2018-12-10","中国大陆","2018","剧情","有评分","8.8","260126","260126","1513","53595429","66837709","1707",
"33418830","王磊卿","男","26743573","总策划","否","999","26743573","欢乐颂2","电视剧","2017-05-11","中国大陆","2017","剧情/爱情","有评分","5.4","154450","154450","913","53487195","66837709","1708",
"33418830","王磊卿","男","26665065","总策划","否","999","26665065","琅琊榜之风起长林","电视剧","2017-12-18","中国大陆","2017","剧情/古装","有评分","8.4","210088","210088","1328","53330179","66837709","1709",
"33418830","王磊卿","男","26430092","总策划","否","999","26430092","欢乐颂","电视剧","2016-04-18","中国大陆","2016","剧情/爱情","有评分","7.5","353514","353514","1628","52860233","66837709","1710",
"33418830","王磊卿","男","26345137","总策划","否","999","26345137","如果蜗牛有爱情","电视剧","2016-10-24","中国大陆","2016","剧情/爱情/悬疑","有评分","7.2","105271","105271","871","52690323","66837709","1711",
"33418830","王磊卿","男","26298935","总策划","否","999","26298935","鬼吹灯之精绝古城","电视剧","2016-12-19","中国大陆","2016","剧情/悬疑/惊悚","有评分","7.9","274802","274802","1473","52597919","66837709","1712",
"33418830","王磊卿","男","26088457","总策划","否","999","26088457","他来了，请闭眼","电视剧","2015-10-15","中国大陆","2015","剧情/悬疑","有评分","6.7","74395","74395","706","52176963","66837709","1713",
"33418830","王磊卿","男","25754848","总策划","否","999","25754848","琅琊榜","电视剧","2015-09-19","中国大陆","2015","剧情/古装","有评分","9.4","919060","919060","2939","51509745","66837709","1714",
"30288953","陈奕恩","男","26088457","演员","否","999","26088457","他来了，请闭眼","电视剧","2015-10-15","中国大陆","2015","剧情/悬疑","有评分","6.7","74395","74395","706","52176963","60577955","1715","魏思源"
"30288953","陈奕恩","男","25870290","演员","否","999","25870290","温州两家人","电视剧","2015-11-26","中国大陆","2015","剧情","有评分","7.8","7118","7118","236","51740629","60577955","1716","吴海洲"
"30288953","陈奕恩","男","25754848","演员","否","999","25754848","琅琊榜","电视剧","2015-09-19","中国大陆","2015","剧情/古装","有评分","9.4","919060","919060","2939","51509745","60577955","1717","少将军"
"27563524","郝文学","男","26665065","演员","否","999","26665065","琅琊榜之风起长林","电视剧","2017-12-18","中国大陆","2017","剧情/古装","有评分","8.4","210088","210088","1328","53330179","55127097","1718","太医"
"27563524","郝文学","男","25754848","演员","是","61","25754848","琅琊榜","电视剧","2015-09-19","中国大陆","2015","剧情/古装","有评分","9.4","919060","919060","2939","51509745","55127097","1719","岳秀泽"
"27568460","张巨明","男","25994712","演员","是","37","25994712","伪装者","电视剧","2015-08-31","中国大陆","2015","剧情/悬疑","有评分","8.6","382758","382758","1814","51989473","55136969","1720","满崽"
"27568460","张巨明","男","25754848","演员","是","54","25754848","琅琊榜","电视剧","2015-09-19","中国大陆","2015","剧情/古装","有评分","9.4","919060","919060","2939","51509745","55136969","1721","萧庭生"
"35639963","佐菲","女","33442331","演员","否","999","33442331","我是余欢水","电视剧","2020-04-06","中国大陆","2020","剧情","有评分","7.3","324953","324953","1540","66884711","71279975","1722","女记者"
"35812549","王梓","男","34792298","演员","是","41","34792298","相逢时节","电视剧","2022-02-23","中国大陆","2022","剧情","有评分","4.9","33169","33169","403","69584645","71625147","1723","阿辰"
"30320904","任宇","男","35613241","演员","否","999","35613241","县委大院","电视剧","2022-12-07","中国大陆","2022","剧情","有评分","6.8","109693","109693","864","71226531","60641857","1724","财政局吴主任"
"35125454","姬磊","男","26671336","服装设计","否","999","26671336","得闲谨制","电影","2025-12-06","中国大陆","2025","剧情/战争","有评分","6.9","268554","268554","1361","53342721","70250957","1725",
"27588249","王梓权","男","36189205","演员","否","999","36189205","凡人歌","电视剧","2024-08-31","中国大陆","2024","剧情/喜剧","有评分","7.7","77700","77700","773","72378459","55176547","1726","路杰"
"27562762","李沁霏","女","26430092","演员","否","999","26430092","欢乐颂","电视剧","2016-04-18","中国大陆","2016","剧情/爱情","有评分","7.5","353514","353514","1628","52860233","55125573","1727","部门经理"
"30224457","朱凌雾","女","26665065","演员","否","999","26665065","琅琊榜之风起长林","电视剧","2017-12-18","中国大陆","2017","剧情/古装","有评分","8.4","210088","210088","1328","53330179","60448963","1728","敏儿"
"30224457","朱凌雾","女","26430092","演员","否","999","26430092","欢乐颂","电视剧","2016-04-18","中国大陆","2016","剧情/爱情","有评分","7.5","353514","353514","1628","52860233","60448963","1729","樊同事乙"
"36446551","邹梓越","女","35588265","演员","否","999","35588265","樱桃琥珀","电视剧","2025-07-14","中国大陆","2025","剧情/爱情","有评分","5.7","38891","38891","471","71176579","72893151","1730","辛婷婷"
"27568834","董羽生","男","36571896","演员","否","999","36571896","命悬一生","电视剧","2025-10-11","中国大陆","2025","剧情/悬疑","有评分","7.7","85010","85010","809","73143841","55137717","1731","混混头子"
"34880343","黄凯文","女","35332289","编剧","是","4","35332289","开端","电视剧","2022-01-11","中国大陆","2022","剧情","有评分","7.9","968506","968506","2766","70664627","69760735","1732",
"34880343","黄凯文","女","35321446","编剧","是","4","35321446","大江大河之岁月如歌","电视剧","2024-01-08","中国大陆","2024","剧情","有评分","8.0","72953","72953","764","70642941","69760735","1733",
"34880343","黄凯文","女","26797690","文学责编","否","999","26797690","大江大河","电视剧","2018-12-10","中国大陆","2018","剧情","有评分","8.8","260126","260126","1513","53595429","69760735","1734",
"35809410","程小刚","男","35332289","演员","是","59","35332289","开端","电视剧","2022-01-11","中国大陆","2022","剧情","有评分","7.9","968506","968506","2766","70664627","71618869","1735","路人乙"
"34934473","徐燕","女","25754848","配音","否","999","25754848","琅琊榜","电视剧","2015-09-19","中国大陆","2015","剧情/古装","有评分","9.4","919060","919060","2939","51509745","69868995","1736",
"27567479","季晨","男","26759908","演员","是","27","26759908","清平乐","电视剧","2020-04-07","中国大陆","2020","剧情/古装","有评分","6.4","173456","173456","1054","53519865","55135007","1737","狄青"
"27567479","季晨","男","25754848","演员","是","69","25754848","琅琊榜","电视剧","2015-09-19","中国大陆","2015","剧情/古装","有评分","9.4","919060","919060","2939","51509745","55135007","1738","祁王萧景禹"
"34921604","郑杨","男","35332289","摄影","否","999","35332289","开端","电视剧","2022-01-11","中国大陆","2022","剧情","有评分","7.9","968506","968506","2766","70664627","69843257","1739",
"34921604","郑杨","男","33442331","演员","是","28","33442331","我是余欢水","电视剧","2020-04-06","中国大陆","2020","剧情","有评分","7.3","324953","324953","1540","66884711","69843257","1740","厂房保安"
"34921604","郑杨","男","26759908","摄影","否","999","26759908","清平乐","电视剧","2020-04-07","中国大陆","2020","剧情/古装","有评分","6.4","173456","173456","1054","53519865","69843257","1741",
"34921604","郑杨","男","26683725","掌机","否","999","26683725","外科风云","电视剧","2017-04-17","中国大陆","2017","剧情/爱情","有评分","7.3","94754","94754","832","53367499","69843257","1742",
"34921604","郑杨","男","26665065","摄影","否","999","26665065","琅琊榜之风起长林","电视剧","2017-12-18","中国大陆","2017","剧情/古装","有评分","8.4","210088","210088","1328","53330179","69843257","1743",
"34921604","郑杨","男","25994712","摄影师","否","999","25994712","伪装者","电视剧","2015-08-31","中国大陆","2015","剧情/悬疑","有评分","8.6","382758","382758","1814","51989473","69843257","1744",
"34921604","郑杨","男","25870290","摄影师","否","999","25870290","温州两家人","电视剧","2015-11-26","中国大陆","2015","剧情","有评分","7.8","7118","7118","236","51740629","69843257","1745",
"34921604","郑杨","男","25754848","摄影师","否","999","25754848","琅琊榜","电视剧","2015-09-19","中国大陆","2015","剧情/古装","有评分","9.4","919060","919060","2939","51509745","69843257","1746",
"37066301","刘俊坚","男","35588265","演员","是","12","35588265","樱桃琥珀","电视剧","2025-07-14","中国大陆","2025","剧情/爱情","有评分","5.7","38891","38891","471","71176579","74132651","1747","费林格"
"37055789","沈佳钰","女","35588265","演员","是","7","35588265","樱桃琥珀","电视剧","2025-07-14","中国大陆","2025","剧情/爱情","有评分","5.7","38891","38891","471","71176579","74111627","1748","秦野云"
"37821014","刘冠麟","男","35588265","执行美术","否","999","35588265","樱桃琥珀","电视剧","2025-07-14","中国大陆","2025","剧情/爱情","有评分","5.7","38891","38891","471","71176579","75642077","1749",
"37821014","刘冠麟","男","35033654","执行美术","否","999","35033654","山海情","电视剧","2021-01-12","中国大陆","2021","剧情","有评分","9.2","481571","481571","2105","70067357","75642077","1750",
"37821014","刘冠麟","男","33442331","执行美术","否","999","33442331","我是余欢水","电视剧","2020-04-06","中国大陆","2020","剧情","有评分","7.3","324953","324953","1540","66884711","75642077","1751",
"37821014","刘冠麟","男","26928226","副美术","否","999","26928226","知否知否应是绿肥红瘦","电视剧","2018-12-25","中国大陆","2018","剧情/爱情/古装","有评分","8.0","695224","695224","2358","53856501","75642077","1752",
"37821014","刘冠麟","男","26743573","戏用美术","否","999","26743573","欢乐颂2","电视剧","2017-05-11","中国大陆","2017","剧情/爱情","有评分","5.4","154450","154450","913","53487195","75642077","1753",
"37810154","韩志达","男","36571896","美术制片","否","999","36571896","命悬一生","电视剧","2025-10-11","中国大陆","2025","剧情/悬疑","有评分","7.7","85010","85010","809","73143841","75620357","1754",
"37810154","韩志达","男","35588265","美术制片","否","999","35588265","樱桃琥珀","电视剧","2025-07-14","中国大陆","2025","剧情/爱情","有评分","5.7","38891","38891","471","71176579","75620357","1755",
"37241614","贝伊勒","男","36571896","演员","否","999","36571896","命悬一生","电视剧","2025-10-11","中国大陆","2025","剧情/悬疑","有评分","7.7","85010","85010","809","73143841","74483277","1756","少年曹小军"
"36540759","谢昊廷","男","36571896","演员","否","999","36571896","命悬一生","电视剧","2025-10-11","中国大陆","2025","剧情/悬疑","有评分","7.7","85010","85010","809","73143841","73081567","1757","少年倪向东"
"36577760","孟艺","女","34792295","演员","是","112","34792295","乔家的儿女","电视剧","2021-08-17","中国大陆","2021","剧情/家庭","有评分","7.7","235622","235622","1347","69584639","73155569","1758","朱老师"
"37397171","杨震钧","男","36534750","演员","否","999","36534750","小巷人家","电视剧","2024-10-28","中国大陆","2024","剧情/家庭","有评分","8.4","287902","287902","1555","73069549","74794391","1759","司机"
"37041329","林壮煜","男","26671336","剪辑指导","否","999","26671336","得闲谨制","电影","2025-12-06","中国大陆","2025","剧情/战争","有评分","6.9","268554","268554","1361","53342721","74082707","1760",
"36552891","任潇逸","男","26671336","联合制片人","否","999","26671336","得闲谨制","电影","2025-12-06","中国大陆","2025","剧情/战争","有评分","6.9","268554","268554","1361","53342721","73105831","1761",
"35091779","刘禹霆","男","34792295","演员","是","81","34792295","乔家的儿女","电视剧","2021-08-17","中国大陆","2021","剧情/家庭","有评分","7.7","235622","235622","1347","69584639","70183607","1762","黄志超"
"36140571","谢春懿","男","34792295","演员","是","50","34792295","乔家的儿女","电视剧","2021-08-17","中国大陆","2021","剧情/家庭","有评分","7.7","235622","235622","1347","69584639","72281191","1763","牛野"
"30229469","桑茗胜","男","25994712","演员","是","32","25994712","伪装者","电视剧","2015-08-31","中国大陆","2015","剧情/悬疑","有评分","8.6","382758","382758","1814","51989473","60458987","1764","唐川"
"36350641","曾怀毅","男","36534750","演员","否","999","36534750","小巷人家","电视剧","2024-10-28","中国大陆","2024","剧情/家庭","有评分","8.4","287902","287902","1555","73069549","72701331","1765",
"35439369","侯玮涛","男","35321446","演员","否","999","35321446","大江大河之岁月如歌","电视剧","2024-01-08","中国大陆","2024","剧情","有评分","8.0","72953","72953","764","70642941","70878787","1766","李成亮"
"35439369","侯玮涛","男","34792295","演员","是","48","34792295","乔家的儿女","电视剧","2021-08-17","中国大陆","2021","剧情/家庭","有评分","7.7","235622","235622","1347","69584639","70878787","1767","王一宁"
"30469050","陈奎希","男","34792296","演员","是","44","34792296","欢迎光临","电视剧","2022-05-18","中国大陆","2022","剧情/喜剧/爱情","有评分","6.4","56516","56516","601","69584641","60938149","1768","郭玥老公"
"30329977","李先亮","男","35033654","演员","否","999","35033654","山海情","电视剧","2021-01-12","中国大陆","2021","剧情","有评分","9.2","481571","481571","2105","70067357","60660003","1769","货车司机"
"36298672","丁榆","女","36189205","演员","否","999","36189205","凡人歌","电视剧","2024-08-31","中国大陆","2024","剧情/喜剧","有评分","7.7","77700","77700","773","72378459","72597393","1770",
"27593286","郑希","男","26430092","配音导演","否","999","26430092","欢乐颂","电视剧","2016-04-18","中国大陆","2016","剧情/爱情","有评分","7.5","353514","353514","1628","52860233","55186621","1771",
"34958750","冯雪雅","女","35588265","演员","否","999","35588265","樱桃琥珀","电视剧","2025-07-14","中国大陆","2025","剧情/爱情","有评分","5.7","38891","38891","471","71176579","69917549","1772","中其乐"
"27562103","闫龙飞","男","26088457","演员","否","999","26088457","他来了，请闭眼","电视剧","2015-10-15","中国大陆","2015","剧情/悬疑","有评分","6.7","74395","74395","706","52176963","55124255","1773","Tommy"
"33418821","陈潇","男","35033654","总策划","否","999","35033654","山海情","电视剧","2021-01-12","中国大陆","2021","剧情","有评分","9.2","481571","481571","2105","70067357","66837691","1774",
"33418821","陈潇","男","33442331","总策划","否","999","33442331","我是余欢水","电视剧","2020-04-06","中国大陆","2020","剧情","有评分","7.3","324953","324953","1540","66884711","66837691","1775",
"33418821","陈潇","男","30423905","总策划","否","999","30423905","大江大河2","电视剧","2020-12-20","中国大陆","2020","剧情/历史","有评分","8.7","208072","208072","1345","60847859","66837691","1776",
"33418821","陈潇","男","27088993","总策划","否","999","27088993","都挺好","电视剧","2019-03-01","中国大陆","2019","剧情/家庭","有评分","7.7","394106","394106","1742","54178035","66837691","1777",
"33418821","陈潇","男","26928226","总策划","否","999","26928226","知否知否应是绿肥红瘦","电视剧","2018-12-25","中国大陆","2018","剧情/爱情/古装","有评分","8.0","695224","695224","2358","53856501","66837691","1778",
"33418821","陈潇","男","26797690","总策划","否","999","26797690","大江大河","电视剧","2018-12-10","中国大陆","2018","剧情","有评分","8.8","260126","260126","1513","53595429","66837691","1779",
"27577596","姜珮瑶","女","36571896","演员","是","6","36571896","命悬一生","电视剧","2025-10-11","中国大陆","2025","剧情/悬疑","有评分","7.7","85010","85010","809","73143841","55155241","1780","田宝珍"
"35809091","姜蓉","女","30423905","演员","否","999","30423905","大江大河2","电视剧","2020-12-20","中国大陆","2020","剧情/历史","有评分","8.7","208072","208072","1345","60847859","71618231","1781","范姐"
"35809091","姜蓉","女","26759908","演员","否","999","26759908","清平乐","电视剧","2020-04-07","中国大陆","2020","剧情/古装","有评分","6.4","173456","173456","1054","53519865","71618231","1782","王曾夫人"
"35160096","张毓宜","女","26759908","演员","否","999","26759908","清平乐","电视剧","2020-04-07","中国大陆","2020","剧情/古装","有评分","6.4","173456","173456","1054","53519865","70320241","1783","小徽柔"
"30484372","李沛泽","男","26759908","演员","否","999","26759908","清平乐","电视剧","2020-04-07","中国大陆","2020","剧情/古装","有评分","6.4","173456","173456","1054","53519865","60968793","1784","晏几道"
"36414664","陈宇喆","男","35332289","演员","是","56","35332289","开端","电视剧","2022-01-11","中国大陆","2022","剧情","有评分","7.9","968506","968506","2766","70664627","72829377","1785","私车男孩"
"34441911","邵昌勇","男","35613241","美术指导","否","999","35613241","县委大院","电视剧","2022-12-07","中国大陆","2022","剧情","有评分","6.8","109693","109693","864","71226531","68883871","1786",
"34441911","邵昌勇","男","26797690","美术指导","否","999","26797690","大江大河","电视剧","2018-12-10","中国大陆","2018","剧情","有评分","8.8","260126","260126","1513","53595429","68883871","1787",
"34441911","邵昌勇","男","26665065","美术设计","否","999","26665065","琅琊榜之风起长林","电视剧","2017-12-18","中国大陆","2017","剧情/古装","有评分","8.4","210088","210088","1328","53330179","68883871","1788",
"34441911","邵昌勇","男","26298935","美术指导","否","999","26298935","鬼吹灯之精绝古城","电视剧","2016-12-19","中国大陆","2016","剧情/悬疑/惊悚","有评分","7.9","274802","274802","1473","52597919","68883871","1789",
"34441911","邵昌勇","男","26088457","美术指导","否","999","26088457","他来了，请闭眼","电视剧","2015-10-15","中国大陆","2015","剧情/悬疑","有评分","6.7","74395","74395","706","52176963","68883871","1790",
"34441911","邵昌勇","男","25994712","美术指导","否","999","25994712","伪装者","电视剧","2015-08-31","中国大陆","2015","剧情/悬疑","有评分","8.6","382758","382758","1814","51989473","68883871","1791",
"34441911","邵昌勇","男","25754848","美术指导","否","999","25754848","琅琊榜","电视剧","2015-09-19","中国大陆","2015","剧情/古装","有评分","9.4","919060","919060","2939","51509745","68883871","1792",
"30302199","孟可","男","34792296","作曲","否","999","34792296","欢迎光临","电视剧","2022-05-18","中国大陆","2022","剧情/喜剧/爱情","有评分","6.4","56516","56516","601","69584641","60604447","1793",
"30302199","孟可","男","34792295","作曲","否","999","34792295","乔家的儿女","电视剧","2021-08-17","中国大陆","2021","剧情/家庭","有评分","7.7","235622","235622","1347","69584639","60604447","1794",
"30302199","孟可","男","26928226","作曲","否","999","26928226","知否知否应是绿肥红瘦","电视剧","2018-12-25","中国大陆","2018","剧情/爱情/古装","有评分","8.0","695224","695224","2358","53856501","60604447","1795",
"30302199","孟可","男","26759908","作曲","否","999","26759908","清平乐","电视剧","2020-04-07","中国大陆","2020","剧情/古装","有评分","6.4","173456","173456","1054","53519865","60604447","1796",
"30302199","孟可","男","26683725","作曲","否","999","26683725","外科风云","电视剧","2017-04-17","中国大陆","2017","剧情/爱情","有评分","7.3","94754","94754","832","53367499","60604447","1797",
"30302199","孟可","男","26665065","作曲","否","999","26665065","琅琊榜之风起长林","电视剧","2017-12-18","中国大陆","2017","剧情/古装","有评分","8.4","210088","210088","1328","53330179","60604447","1798",
"30302199","孟可","男","25994712","编曲","否","999","25994712","伪装者","电视剧","2015-08-31","中国大陆","2015","剧情/悬疑","有评分","8.6","382758","382758","1814","51989473","60604447","1799",
"30302199","孟可","男","25754848","作曲","否","999","25754848","琅琊榜","电视剧","2015-09-19","中国大陆","2015","剧情/古装","有评分","9.4","919060","919060","2939","51509745","60604447","1800",
"28442493","张捷","女","34792295","演员","是","69","34792295","乔家的儿女","电视剧","2021-08-17","中国大陆","2021","剧情/家庭","有评分","7.7","235622","235622","1347","69584639","56885035","1808","玲子姨妈"
"27578518","孙伊涵","女","34792295","演员","是","12","34792295","乔家的儿女","电视剧","2021-08-17","中国大陆","2021","剧情/家庭","有评分","7.7","235622","235622","1347","69584639","55157085","1809","文居岸"
"30484923","王成","男","27088993","演员","是","22","27088993","都挺好","电视剧","2019-03-01","中国大陆","2019","剧情/家庭","有评分","7.7","394106","394106","1742","54178035","60969895","1810","少年苏明哲"
"35165369","余骁睿","男","34792298","演员","是","55","34792298","相逢时节","电视剧","2022-02-23","中国大陆","2022","剧情","有评分","4.9","33169","33169","403","69584645","70330787","1811","幼年简宏图"
"27577561","节冰","男","36534750","演员","否","999","36534750","小巷人家","电视剧","2024-10-28","中国大陆","2024","剧情/家庭","有评分","8.4","287902","287902","1555","73069549","55155171","1812","周教授"
"27577561","节冰","男","35613241","演员","否","999","35613241","县委大院","电视剧","2022-12-07","中国大陆","2022","剧情","有评分","6.8","109693","109693","864","71226531","55155171","1813","林志为父亲"
"30312666","张樟","女","34792296","演员","是","72","34792296","欢迎光临","电视剧","2022-05-18","中国大陆","2022","剧情/喜剧/爱情","有评分","6.4","56516","56516","601","69584641","60625381","1814","电影院情侣女"
"30206589","杨旻咏","男","35033654","演员","是","34","35033654","山海情","电视剧","2021-01-12","中国大陆","2021","剧情","有评分","9.2","481571","481571","2105","70067357","60413227","1815","安万升"
"27565381","王志刚","男","25870290","演员","是","26","25870290","温州两家人","电视剧","2015-11-26","中国大陆","2015","剧情","有评分","7.8","7118","7118","236","51740629","55130811","1816",
"34459825","冷心清","女","36189205","演员","否","999","36189205","凡人歌","电视剧","2024-08-31","中国大陆","2024","剧情/喜剧","有评分","7.7","77700","77700","773","72378459","68919699","1817","彭欣怡"
"27584601","迈克尔·寇特斯","男","30423905","演员","否","999","30423905","大江大河2","电视剧","2020-12-20","中国大陆","2020","剧情/历史","有评分","8.7","208072","208072","1345","60847859","55169251","1818","吉恩"
"34866760","王逸伟","男","26430092","摄影指导","否","999","26430092","欢乐颂","电视剧","2016-04-18","中国大陆","2016","剧情/爱情","有评分","7.5","353514","353514","1628","52860233","69733569","1819",
"34866844","吴凌云","男","26430092","配音","否","999","26430092","欢乐颂","电视剧","2016-04-18","中国大陆","2016","剧情/爱情","有评分","7.5","353514","353514","1628","52860233","69733737","1820",
"30267156","罗周红","女","26430092","演员","否","999","26430092","欢乐颂","电视剧","2016-04-18","中国大陆","2016","剧情/爱情","有评分","7.5","353514","353514","1628","52860233","60534361","1821","家属"
"27580695","王沚渊","女","26430092","演员","否","999","26430092","欢乐颂","电视剧","2016-04-18","中国大陆","2016","剧情/爱情","有评分","7.5","353514","353514","1628","52860233","55161439","1822","病孩母亲"
"35407870","王文龙","男","35588265","美术指导","否","999","35588265","樱桃琥珀","电视剧","2025-07-14","中国大陆","2025","剧情/爱情","有评分","5.7","38891","38891","471","71176579","70815789","1823",
"35407870","王文龙","男","34792295","美术指导","否","999","34792295","乔家的儿女","电视剧","2021-08-17","中国大陆","2021","剧情/家庭","有评分","7.7","235622","235622","1347","69584639","70815789","1824",
"35407870","王文龙","男","26928226","执行美术","否","999","26928226","知否知否应是绿肥红瘦","电视剧","2018-12-25","中国大陆","2018","剧情/爱情/古装","有评分","8.0","695224","695224","2358","53856501","70815789","1825",
"30313293","魏劲松","男","26928226","演员","否","999","26928226","知否知否应是绿肥红瘦","电视剧","2018-12-25","中国大陆","2018","剧情/爱情/古装","有评分","8.0","695224","695224","2358","53856501","60626635","1826","李太监"
"35328468","许超","男","35613241","演员","否","999","35613241","县委大院","电视剧","2022-12-07","中国大陆","2022","剧情","有评分","6.8","109693","109693","864","71226531","70656985","1827","东亚星副总"
"35328468","许超","男","30421903","演员","否","999","30421903","淬火年代","电视剧","2025-06-18","中国大陆","2025","剧情","有评分","7.0","21373","21373","387","60843855","70656985","1828","孙警官"
"30232159","严丰","男","30421903","演员","否","999","30421903","淬火年代","电视剧","2025-06-18","中国大陆","2025","剧情","有评分","7.0","21373","21373","387","60843855","60464367","1829","严副厂长"
"33431560","陈奕歌","男","26779426","演员","否","999","26779426","欢乐颂3","电视剧","2022-08-11","中国大陆","2022","剧情/爱情","有评分","4.9","41716","41716","452","53558901","66863169","1830",
"35360125","洪悦熙","女","26759908","演员","否","999","26759908","清平乐","电视剧","2020-04-07","中国大陆","2020","剧情/古装","有评分","6.4","173456","173456","1054","53519865","70720299","1831","小高滔滔"
"34955300","予辰","女","26759908","演员","否","999","26759908","清平乐","电视剧","2020-04-07","中国大陆","2020","剧情/古装","有评分","6.4","173456","173456","1054","53519865","69910649","1832","许静奴"
"27573064","杨玥","女","26759908","演员","否","999","26759908","清平乐","电视剧","2020-04-07","中国大陆","2020","剧情/古装","有评分","6.4","173456","173456","1054","53519865","55146177","1833","高滔滔"
"27581067","徐佳琦","女","26665065","配音","否","999","26665065","琅琊榜之风起长林","电视剧","2017-12-18","中国大陆","2017","剧情/古装","有评分","8.4","210088","210088","1328","53330179","55162183","1834",
"27581067","徐佳琦","女","25994712","配音","否","999","25994712","伪装者","电视剧","2015-08-31","中国大陆","2015","剧情/悬疑","有评分","8.6","382758","382758","1814","51989473","55162183","1835",
"27581067","徐佳琦","女","25754848","配音","否","999","25754848","琅琊榜","电视剧","2015-09-19","中国大陆","2015","剧情/古装","有评分","9.4","919060","919060","2939","51509745","55162183","1836",
"35272642","郑军见","男","34792298","造型指导","否","999","34792298","相逢时节","电视剧","2022-02-23","中国大陆","2022","剧情","有评分","4.9","33169","33169","403","69584645","70545333","1837",
"35272642","郑军见","男","26743573","造型指导","否","999","26743573","欢乐颂2","电视剧","2017-05-11","中国大陆","2017","剧情/爱情","有评分","5.4","154450","154450","913","53487195","70545333","1838",
"35272642","郑军见","男","26683725","造型指导","否","999","26683725","外科风云","电视剧","2017-04-17","中国大陆","2017","剧情/爱情","有评分","7.3","94754","94754","832","53367499","70545333","1839",
"35272642","郑军见","男","26683725","化妆","否","999","26683725","外科风云","电视剧","2017-04-17","中国大陆","2017","剧情/爱情","有评分","7.3","94754","94754","832","53367499","70545333","1840",
"30438929","王竞","男","36534750","艺术指导","否","999","36534750","小巷人家","电视剧","2024-10-28","中国大陆","2024","剧情/家庭","有评分","8.4","287902","287902","1555","73069549","60877907","1841",
"30438929","王竞","男","35033654","美术指导","否","999","35033654","山海情","电视剧","2021-01-12","中国大陆","2021","剧情","有评分","9.2","481571","481571","2105","70067357","60877907","1842",
"30438929","王竞","男","34792298","美术指导","否","999","34792298","相逢时节","电视剧","2022-02-23","中国大陆","2022","剧情","有评分","4.9","33169","33169","403","69584645","60877907","1843",
"30438929","王竞","男","34792296","美术指导","否","999","34792296","欢迎光临","电视剧","2022-05-18","中国大陆","2022","剧情/喜剧/爱情","有评分","6.4","56516","56516","601","69584641","60877907","1844",
"30438929","王竞","男","33442331","美术指导","否","999","33442331","我是余欢水","电视剧","2020-04-06","中国大陆","2020","剧情","有评分","7.3","324953","324953","1540","66884711","60877907","1845",
"30438929","王竞","男","30421903","美术指导","否","999","30421903","淬火年代","电视剧","2025-06-18","中国大陆","2025","剧情","有评分","7.0","21373","21373","387","60843855","60877907","1846",
"30438929","王竞","男","26928226","美术指导","否","999","26928226","知否知否应是绿肥红瘦","电视剧","2018-12-25","中国大陆","2018","剧情/爱情/古装","有评分","8.0","695224","695224","2358","53856501","60877907","1847",
"30438929","王竞","男","26759908","美术指导","否","999","26759908","清平乐","电视剧","2020-04-07","中国大陆","2020","剧情/古装","有评分","6.4","173456","173456","1054","53519865","60877907","1848",
"30438929","王竞","男","26743573","美术指导","否","999","26743573","欢乐颂2","电视剧","2017-05-11","中国大陆","2017","剧情/爱情","有评分","5.4","154450","154450","913","53487195","60877907","1849",
"30438929","王竞","男","26683725","美术指导","否","999","26683725","外科风云","电视剧","2017-04-17","中国大陆","2017","剧情/爱情","有评分","7.3","94754","94754","832","53367499","60877907","1850",
"30438929","王竞","男","26671336","美术指导","否","999","26671336","得闲谨制","电影","2025-12-06","中国大陆","2025","剧情/战争","有评分","6.9","268554","268554","1361","53342721","60877907","1851",
"30438929","王竞","男","26430092","美术指导","否","999","26430092","欢乐颂","电视剧","2016-04-18","中国大陆","2016","剧情/爱情","有评分","7.5","353514","353514","1628","52860233","60877907","1852",
"30438929","王竞","男","26430092","演员","否","999","26430092","欢乐颂","电视剧","2016-04-18","中国大陆","2016","剧情/爱情","有评分","7.5","353514","353514","1628","52860233","60877907","1853","绯闻男"
"30438929","王竞","男","25870290","美术指导","否","999","25870290","温州两家人","电视剧","2015-11-26","中国大陆","2015","剧情","有评分","7.8","7118","7118","236","51740629","60877907","1854",
"34874369","王娟","女","35332289","总策划","否","999","35332289","开端","电视剧","2022-01-11","中国大陆","2022","剧情","有评分","7.9","968506","968506","2766","70664627","69748787","1855",
"34874369","王娟","女","35033654","总策划","否","999","35033654","山海情","电视剧","2021-01-12","中国大陆","2021","剧情","有评分","9.2","481571","481571","2105","70067357","69748787","1856",
"34874369","王娟","女","34792295","总策划","否","999","34792295","乔家的儿女","电视剧","2021-08-17","中国大陆","2021","剧情/家庭","有评分","7.7","235622","235622","1347","69584639","69748787","1857",
"34874369","王娟","女","30423905","总策划","否","999","30423905","大江大河2","电视剧","2020-12-20","中国大陆","2020","剧情/历史","有评分","8.7","208072","208072","1345","60847859","69748787","1858",
"34874369","王娟","女","27088993","总监制","否","999","27088993","都挺好","电视剧","2019-03-01","中国大陆","2019","剧情/家庭","有评分","7.7","394106","394106","1742","54178035","69748787","1859",
"34874369","王娟","女","26928226","总监制","否","999","26928226","知否知否应是绿肥红瘦","电视剧","2018-12-25","中国大陆","2018","剧情/爱情/古装","有评分","8.0","695224","695224","2358","53856501","69748787","1860",
"34874369","王娟","女","26797690","总监制","否","999","26797690","大江大河","电视剧","2018-12-10","中国大陆","2018","剧情","有评分","8.8","260126","260126","1513","53595429","69748787","1861",
"34874369","王娟","女","26759908","总策划","否","999","26759908","清平乐","电视剧","2020-04-07","中国大陆","2020","剧情/古装","有评分","6.4","173456","173456","1054","53519865","69748787","1862",
"34874369","王娟","女","26683725","总监制","否","999","26683725","外科风云","电视剧","2017-04-17","中国大陆","2017","剧情/爱情","有评分","7.3","94754","94754","832","53367499","69748787","1863",
"34874369","王娟","女","26345137","总策划","否","999","26345137","如果蜗牛有爱情","电视剧","2016-10-24","中国大陆","2016","剧情/爱情/悬疑","有评分","7.2","105271","105271","871","52690323","69748787","1864",
"34874369","王娟","女","26298935","总策划","否","999","26298935","鬼吹灯之精绝古城","电视剧","2016-12-19","中国大陆","2016","剧情/悬疑/惊悚","有评分","7.9","274802","274802","1473","52597919","69748787","1865",
"27567821","张永健","男","26683725","演员","是","54","26683725","外科风云","电视剧","2017-04-17","中国大陆","2017","剧情/爱情","有评分","7.3","94754","94754","832","53367499","55135691","1866","葛树新"
"36576823","沈逸卓","男","34792295","演员","是","90","34792295","乔家的儿女","电视剧","2021-08-17","中国大陆","2021","剧情/家庭","有评分","7.7","235622","235622","1347","69584639","73153695","1867","少年牛野"
"37898949","朱强","男","26671336","制片主任","否","999","26671336","得闲谨制","电影","2025-12-06","中国大陆","2025","剧情/战争","有评分","6.9","268554","268554","1361","53342721","75797947","1868",
"37899054","佐佐木大智","男","26671336","演员","否","999","26671336","得闲谨制","电影","2025-12-06","中国大陆","2025","剧情/战争","有评分","6.9","268554","268554","1361","53342721","75798157","1869","坦克炮手"
"37899052","山口改","男","26671336","演员","否","999","26671336","得闲谨制","电影","2025-12-06","中国大陆","2025","剧情/战争","有评分","6.9","268554","268554","1361","53342721","75798153","1870","八木"
"36576785","王子木","男","34792295","演员","是","88","34792295","乔家的儿女","电视剧","2021-08-17","中国大陆","2021","剧情/家庭","有评分","7.7","235622","235622","1347","69584639","73153619","1871","陈威"
"36576785","王子木","男","26759908","演员","否","999","26759908","清平乐","电视剧","2020-04-07","中国大陆","2020","剧情/古装","有评分","6.4","173456","173456","1054","53519865","73153619","1872","曹诱"
"36619624","钱正忠","男","25754848","演员","是","87","25754848","琅琊榜","电视剧","2015-09-19","中国大陆","2015","剧情/古装","有评分","9.4","919060","919060","2939","51509745","73239297","1873","秦山 / 柴都统"
"36572606","朱剑峰","男","34792295","演员","是","84","34792295","乔家的儿女","电视剧","2021-08-17","中国大陆","2021","剧情/家庭","有评分","7.7","235622","235622","1347","69584639","73145261","1874","大块头"
"37067027","张瀚生","男","34792296","演员","否","999","34792296","欢迎光临","电视剧","2022-05-18","中国大陆","2022","剧情/喜剧/爱情","有评分","6.4","56516","56516","601","69584641","74134103","1875",
"27562104","李子轩","男","34792295","演员","是","67","34792295","乔家的儿女","电视剧","2021-08-17","中国大陆","2021","剧情/家庭","有评分","7.7","235622","235622","1347","69584639","55124257","1877","学生"
"30183850","魏瑾","女","34792295","演员","是","49","34792295","乔家的儿女","电视剧","2021-08-17","中国大陆","2021","剧情/家庭","有评分","7.7","235622","235622","1347","69584639","60367749","1878","齐小雅"
"27573573","毛不易","男","27088993","主题曲演唱者","否","999","27088993","都挺好","电视剧","2019-03-01","中国大陆","2019","剧情/家庭","有评分","7.7","394106","394106","1742","54178035","55147195","1879",
"34990625","埃里克·海斯","男","26797690","演员","否","999","26797690","大江大河","电视剧","2018-12-10","中国大陆","2018","剧情","有评分","8.8","260126","260126","1513","53595429","69981299","1880","珂勒医生"
"35882053","谷明晨","男","26797690","演员","否","999","26797690","大江大河","电视剧","2018-12-10","中国大陆","2018","剧情","有评分","8.8","260126","260126","1513","53595429","71764155","1881","徐秘书"
"35577113","贺琦玉","女","26797690","演员","否","999","26797690","大江大河","电视剧","2018-12-10","中国大陆","2018","剧情","有评分","8.8","260126","260126","1513","53595429","71154275","1882","张淑桦"
"34995522","金有明","男","26665065","演员","否","999","26665065","琅琊榜之风起长林","电视剧","2017-12-18","中国大陆","2017","剧情/古装","有评分","8.4","210088","210088","1328","53330179","69991093","1883","中书令"
"34905108","白沙","女","34792298","演员","否","999","34792298","相逢时节","电视剧","2022-02-23","中国大陆","2022","剧情","有评分","4.9","33169","33169","403","69584645","69810265","1884","青年袁柳"
"34905108","白沙","女","34792295","演员","是","39","34792295","乔家的儿女","电视剧","2021-08-17","中国大陆","2021","剧情/家庭","有评分","7.7","235622","235622","1347","69584639","69810265","1885","余美勤"
"27588590","孙宁","男","34792298","演员","是","9","34792298","相逢时节","电视剧","2022-02-23","中国大陆","2022","剧情","有评分","4.9","33169","33169","403","69584645","55177229","1886","简宏图"
"35954268","郭晗","男","26671336","演员","否","999","26671336","得闲谨制","电影","2025-12-06","中国大陆","2025","剧情/战争","有评分","6.9","268554","268554","1361","53342721","71908585","1887","渣兵团"
"27587708","唐尧","男","35321446","编剧","是","1","35321446","大江大河之岁月如歌","电视剧","2024-01-08","中国大陆","2024","剧情","有评分","8.0","72953","72953","764","70642941","55175465","1888",
"27587708","唐尧","男","30423905","编剧","是","1","30423905","大江大河2","电视剧","2020-12-20","中国大陆","2020","剧情/历史","有评分","8.7","208072","208072","1345","60847859","55175465","1889",
"27587708","唐尧","男","26797690","编剧","是","2","26797690","大江大河","电视剧","2018-12-10","中国大陆","2018","剧情","有评分","8.8","260126","260126","1513","53595429","55175465","1890",
"30446678","韩龙瑄","男","30423905","演员","否","999","30423905","大江大河2","电视剧","2020-12-20","中国大陆","2020","剧情/历史","有评分","8.7","208072","208072","1345","60847859","60893405","1891","中年官员"
"27575593","胡耘豪","男","35321446","演员","是","19","35321446","大江大河之岁月如歌","电视剧","2024-01-08","中国大陆","2024","剧情","有评分","8.0","72953","72953","764","70642941","55151235","1892","雷正明"
"27575593","胡耘豪","男","30423905","演员","是","16","30423905","大江大河2","电视剧","2020-12-20","中国大陆","2020","剧情/历史","有评分","8.7","208072","208072","1345","60847859","55151235","1893","雷正明"
"27575593","胡耘豪","男","26797690","演员","是","15","26797690","大江大河","电视剧","2018-12-10","中国大陆","2018","剧情","有评分","8.8","260126","260126","1513","53595429","55151235","1894","雷正明"
"27581921","陆进","男","26928226","演员","否","999","26928226","知否知否应是绿肥红瘦","电视剧","2018-12-25","中国大陆","2018","剧情/爱情/古装","有评分","8.0","695224","695224","2358","53856501","55163891","1895","康晋"
"30488702","吴双","女","26759908","演员","否","999","26759908","清平乐","电视剧","2020-04-07","中国大陆","2020","剧情/古装","有评分","6.4","173456","173456","1054","53519865","60977453","1896","蕙儿"
"30346097","邱玉洁","女","35332289","编剧","是","2","35332289","开端","电视剧","2022-01-11","中国大陆","2022","剧情","有评分","7.9","968506","968506","2766","70664627","60692243","1897",
"30346097","邱玉洁","女","35033654","编剧","是","6","35033654","山海情","电视剧","2021-01-12","中国大陆","2021","剧情","有评分","9.2","481571","481571","2105","70067357","60692243","1898",
"34901029","沐桐","男","35332289","演员","是","35","35332289","开端","电视剧","2022-01-11","中国大陆","2022","剧情","有评分","7.9","968506","968506","2766","70664627","69802107","1899","马小龙"
"27562154","焦鹏","男","36571896","演员","否","999","36571896","命悬一生","电视剧","2025-10-11","中国大陆","2025","剧情/悬疑","有评分","7.7","85010","85010","809","73143841","55124357","1900","李清福"
"27562154","焦鹏","男","35332289","演员","是","11","35332289","开端","电视剧","2022-01-11","中国大陆","2022","剧情","有评分","7.9","968506","968506","2766","70664627","55124357","1901","焦向荣"
"27562154","焦鹏","男","35321446","演员","否","999","35321446","大江大河之岁月如歌","电视剧","2024-01-08","中国大陆","2024","剧情","有评分","8.0","72953","72953","764","70642941","55124357","1902","丁森学"
"27562154","焦鹏","男","35033654","演员","是","37","35033654","山海情","电视剧","2021-01-12","中国大陆","2021","剧情","有评分","9.2","481571","481571","2105","70067357","55124357","1903","五蹲"
"34853560","金雁","女","25994712","配音","否","999","25994712","伪装者","电视剧","2015-08-31","中国大陆","2015","剧情/悬疑","有评分","8.6","382758","382758","1814","51989473","69707169","1904",
"34853560","金雁","女","25754848","配音","否","999","25754848","琅琊榜","电视剧","2015-09-19","中国大陆","2015","剧情/古装","有评分","9.4","919060","919060","2939","51509745","69707169","1905",
"35122406","郑胜利","男","25754848","演员","是","97","25754848","琅琊榜","电视剧","2015-09-19","中国大陆","2015","剧情/古装","有评分","9.4","919060","919060","2939","51509745","70244861","1906","林燮"
"27570735","路知行","男","26743573","配音","否","999","26743573","欢乐颂2","电视剧","2017-05-11","中国大陆","2017","剧情/爱情","有评分","5.4","154450","154450","913","53487195","55141519","1907",
"27570735","路知行","男","26683725","配音","否","999","26683725","外科风云","电视剧","2017-04-17","中国大陆","2017","剧情/爱情","有评分","7.3","94754","94754","832","53367499","55141519","1908",
"27570735","路知行","男","26430092","配音","否","999","26430092","欢乐颂","电视剧","2016-04-18","中国大陆","2016","剧情/爱情","有评分","7.5","353514","353514","1628","52860233","55141519","1909",
"27570735","路知行","男","25754848","配音","否","999","25754848","琅琊榜","电视剧","2015-09-19","中国大陆","2015","剧情/古装","有评分","9.4","919060","919060","2939","51509745","55141519","1910",
"36151818","朱茉颜","女","34792295","演员","是","117","34792295","乔家的儿女","电视剧","2021-08-17","中国大陆","2021","剧情/家庭","有评分","7.7","235622","235622","1347","69584639","72303685","1911","时髦女人"
"35090999","杨晨睿","男","34792295","演员","是","92","34792295","乔家的儿女","电视剧","2021-08-17","中国大陆","2021","剧情/家庭","有评分","7.7","235622","235622","1347","69584639","70182047","1912","少年智勇"
"36430292","李蕊初","女","36534750","演员","否","999","36534750","小巷人家","电视剧","2024-10-28","中国大陆","2024","剧情/家庭","有评分","8.4","287902","287902","1555","73069549","72860633","1913","吴珊珊(童年"
"35662232","刘琪锜","女","36534750","演员","是","18","36534750","小巷人家","电视剧","2024-10-28","中国大陆","2024","剧情/家庭","有评分","8.4","287902","287902","1555","73069549","71324513","1914","庄筱婷(青年"
"30481467","杨雨潼","女","34792298","演员","是","49","34792298","相逢时节","电视剧","2022-02-23","中国大陆","2022","剧情","有评分","4.9","33169","33169","403","69584645","60962983","1915","青年陈昕儿"
"36016219","王彬","男","35613241","演员","否","999","35613241","县委大院","电视剧","2022-12-07","中国大陆","2022","剧情","有评分","6.8","109693","109693","864","71226531","72032487","1916","廖君"
"35065399","李子涵","女","35613241","演员","否","999","35613241","县委大院","电视剧","2022-12-07","中国大陆","2022","剧情","有评分","6.8","109693","109693","864","71226531","70130847","1917","采访记者"
"27562088","芮伟航","男","34792296","演员","是","53","34792296","欢迎光临","电视剧","2022-05-18","中国大陆","2022","剧情/喜剧/爱情","有评分","6.4","56516","56516","601","69584641","55124225","1918","情侣男"
"27562096","柯国庆","男","35321446","演员","否","999","35321446","大江大河之岁月如歌","电视剧","2024-01-08","中国大陆","2024","剧情","有评分","8.0","72953","72953","764","70642941","55124241","1919","詹姆斯"
"27562096","柯国庆","男","34792296","演员","是","43","34792296","欢迎光临","电视剧","2022-05-18","中国大陆","2022","剧情/喜剧/爱情","有评分","6.4","56516","56516","601","69584641","55124241","1920","外籍高管"
"30482823","张振荣","男","35033654","演员","否","999","35033654","山海情","电视剧","2021-01-12","中国大陆","2021","剧情","有评分","9.2","481571","481571","2105","70067357","60965695","1921","李书记"
"35739560","徐小舒","女","36189205","演员","否","999","36189205","凡人歌","电视剧","2024-08-31","中国大陆","2024","剧情/喜剧","有评分","7.7","77700","77700","773","72378459","71479169","1922","小柳"
"30204190","骆言","女","36189205","演员","否","999","36189205","凡人歌","电视剧","2024-08-31","中国大陆","2024","剧情/喜剧","有评分","7.7","77700","77700","773","72378459","60408429","1923","相亲乙"
"34856714","谢颖","女","35033654","总监制","否","999","35033654","山海情","电视剧","2021-01-12","中国大陆","2021","剧情","有评分","9.2","481571","481571","2105","70067357","69713477","1924",
"34856714","谢颖","女","30423905","总监制","否","999","30423905","大江大河2","电视剧","2020-12-20","中国大陆","2020","剧情/历史","有评分","8.7","208072","208072","1345","60847859","69713477","1925",
"35567845","高榕","女","35588265","演员","否","999","35588265","樱桃琥珀","电视剧","2025-07-14","中国大陆","2025","剧情/爱情","有评分","5.7","38891","38891","471","71176579","71135739","1926","方畅"
"34892919","路思奇","男","36571896","演员","否","999","36571896","命悬一生","电视剧","2025-10-11","中国大陆","2025","剧情/悬疑","有评分","7.7","85010","85010","809","73143841","69785887","1927","大年"
"35439368","从瑞麟","男","26759908","演员","否","999","26759908","清平乐","电视剧","2020-04-07","中国大陆","2020","剧情/古装","有评分","6.4","173456","173456","1054","53519865","70878785","1928","刘几"
"33425651","李嘉欣","女","26759908","演员","否","999","26759908","清平乐","电视剧","2020-04-07","中国大陆","2020","剧情/古装","有评分","6.4","173456","173456","1054","53519865","66851351","1929","富若兰"
"33394834","肖添仁","男","36534750","演员","否","999","36534750","小巷人家","电视剧","2024-10-28","中国大陆","2024","剧情/家庭","有评分","8.4","287902","287902","1555","73069549","66789717","1930","少年庄图南"
"33394834","肖添仁","男","26759908","演员","否","999","26759908","清平乐","电视剧","2020-04-07","中国大陆","2020","剧情/古装","有评分","6.4","173456","173456","1054","53519865","66789717","1931","童年赵宗实"
"30421974","陈梁","男","25754848","总监制","否","999","25754848","琅琊榜","电视剧","2015-09-19","中国大陆","2015","剧情/古装","有评分","9.4","919060","919060","2939","51509745","60843997","1932",
"27593287","邱秋","女","30423905","配音导演","否","999","30423905","大江大河2","电视剧","2020-12-20","中国大陆","2020","剧情/历史","有评分","8.7","208072","208072","1345","60847859","55186623","1933",
"27593287","邱秋","女","27088993","配音导演","否","999","27088993","都挺好","电视剧","2019-03-01","中国大陆","2019","剧情/家庭","有评分","7.7","394106","394106","1742","54178035","55186623","1934",
"27593287","邱秋","女","26665065","配音","否","999","26665065","琅琊榜之风起长林","电视剧","2017-12-18","中国大陆","2017","剧情/古装","有评分","8.4","210088","210088","1328","53330179","55186623","1935",
"27593287","邱秋","女","25754848","配音","否","999","25754848","琅琊榜","电视剧","2015-09-19","中国大陆","2015","剧情/古装","有评分","9.4","919060","919060","2939","51509745","55186623","1936",
"36721272","吴兆麟","男","35588265","演员","否","999","35588265","樱桃琥珀","电视剧","2025-07-14","中国大陆","2025","剧情/爱情","有评分","5.7","38891","38891","471","71176579","73442593","1942","韩引"
"37194741","张瀚方","女","36534750","演员","否","999","36534750","小巷人家","电视剧","2024-10-28","中国大陆","2024","剧情/家庭","有评分","8.4","287902","287902","1555","73069549","74389531","1943","李佳室友"
"37660667","孔钰铭","男","36571896","演员","是","17","36571896","命悬一生","电视剧","2025-10-11","中国大陆","2025","剧情/悬疑","有评分","7.7","85010","85010","809","73143841","75321383","1944","刘铮"
"36762032","殷晨曦","女","35332289","演员","是","69","35332289","开端","电视剧","2022-01-11","中国大陆","2022","剧情","有评分","7.9","968506","968506","2766","70664627","73524113","1945","何鹰俊女儿"
"33433280","简弘亦","男","27088993","演唱","否","999","27088993","都挺好","电视剧","2019-03-01","中国大陆","2019","剧情/家庭","有评分","7.7","394106","394106","1742","54178035","66866609","1946",
"27562504","啜二勇","男","26797690","演员","否","999","26797690","大江大河","电视剧","2018-12-10","中国大陆","2018","剧情","有评分","8.8","260126","260126","1513","53595429","55125057","1947","费厂长"
"27622501","周洁琼","女","36534750","演员","是","10","36534750","小巷人家","电视剧","2024-10-28","中国大陆","2024","剧情/家庭","有评分","8.4","287902","287902","1555","73069549","55245051","1948","吴姗姗"
"35175726","陈凯瑞","男","35613241","演员","否","999","35613241","县委大院","电视剧","2022-12-07","中国大陆","2022","剧情","有评分","6.8","109693","109693","864","71226531","70351501","1949"," 门卫乙"
"30269700","刘惠仪","女","35613241","演员","否","999","35613241","县委大院","电视剧","2022-12-07","中国大陆","2022","剧情","有评分","6.8","109693","109693","864","71226531","60539449","1950","李保平母亲"
"30347474","张镒麟","男","34792296","作曲","否","999","34792296","欢迎光临","电视剧","2022-05-18","中国大陆","2022","剧情/喜剧/爱情","有评分","6.4","56516","56516","601","69584641","60694997","1951",
"30371660","边天扬","男","26928226","演员","否","999","26928226","知否知否应是绿肥红瘦","电视剧","2018-12-25","中国大陆","2018","剧情/爱情/古装","有评分","8.0","695224","695224","2358","53856501","60743369","1952","少年顾廷烨"
"30426524","孙延笙","男","36571896","演员","否","999","36571896","命悬一生","电视剧","2025-10-11","中国大陆","2025","剧情/悬疑","有评分","7.7","85010","85010","809","73143841","60853097","1953","包德发"
"35197604","王议伟","男","36571896","演员","否","999","36571896","命悬一生","电视剧","2025-10-11","中国大陆","2025","剧情/悬疑","有评分","7.7","85010","85010","809","73143841","70395257","1954","包德盛"
"36125725","薛宾","男","26759908","演员","否","999","26759908","清平乐","电视剧","2020-04-07","中国大陆","2020","剧情/古装","有评分","6.4","173456","173456","1054","53519865","72251499","1955","冯士元"
"27610484","赵述仁","男","25754848","配音","否","999","25754848","琅琊榜","电视剧","2015-09-19","中国大陆","2015","剧情/古装","有评分","9.4","919060","919060","2939","51509745","55221017","1956",
"30302217","尹元章","男","30421903","演员","否","999","30421903","淬火年代","电视剧","2025-06-18","中国大陆","2025","剧情","有评分","7.0","21373","21373","387","60843855","60604483","1957","曹父"
"30302217","尹元章","男","25754848","演员","是","65","25754848","琅琊榜","电视剧","2015-09-19","中国大陆","2015","剧情/古装","有评分","9.4","919060","919060","2939","51509745","60604483","1958","楼之敬"
"27567225","李小燕","女","34792298","演员","是","21","34792298","相逢时节","电视剧","2022-02-23","中国大陆","2022","剧情","有评分","4.9","33169","33169","403","69584645","55134499","1959","郝母"
"27567225","李小燕","女","26743573","演员","否","999","26743573","欢乐颂2","电视剧","2017-05-11","中国大陆","2017","剧情/爱情","有评分","5.4","154450","154450","913","53487195","55134499","1960",
"27567225","李小燕","女","26683725","演员","是","64","26683725","外科风云","电视剧","2017-04-17","中国大陆","2017","剧情/爱情","有评分","7.3","94754","94754","832","53367499","55134499","1961","林母"
"27567583","嵇波","男","36571896","演员","否","999","36571896","命悬一生","电视剧","2025-10-11","中国大陆","2025","剧情/悬疑","有评分","7.7","85010","85010","809","73143841","55135215","1962","老嵇"
"27567583","嵇波","男","26683725","演员","是","50","26683725","外科风云","电视剧","2017-04-17","中国大陆","2017","剧情/爱情","有评分","7.3","94754","94754","832","53367499","55135215","1963","年轻傅博文"
"27567583","嵇波","男","25870290","演员","是","22","25870290","温州两家人","电视剧","2015-11-26","中国大陆","2015","剧情","有评分","7.8","7118","7118","236","51740629","55135215","1964","黄金娒"
"35176675","何籽乐","女","34792295","演员","是","65","34792295","乔家的儿女","电视剧","2021-08-17","中国大陆","2021","剧情/家庭","有评分","7.7","235622","235622","1347","69584639","70353399","1966","小敏"
"27564312","李世荣","女","25994712","配音","否","999","25994712","伪装者","电视剧","2015-08-31","中国大陆","2015","剧情/悬疑","有评分","8.6","382758","382758","1814","51989473","55128673","1967",
"36056230","陈艳艳","女","36534750","演员","否","999","36534750","小巷人家","电视剧","2024-10-28","中国大陆","2024","剧情/家庭","有评分","8.4","287902","287902","1555","73069549","72112509","1968","张老师"
"34443516","赵语彤","女","36534750","演员","是","21","36534750","小巷人家","电视剧","2024-10-28","中国大陆","2024","剧情/家庭","有评分","8.4","287902","287902","1555","73069549","68887081","1969","张敏(青年"
"36350639","雷丰瑞","男","36534750","演员","是","19","36534750","小巷人家","电视剧","2024-10-28","中国大陆","2024","剧情/家庭","有评分","8.4","287902","287902","1555","73069549","72701327","1970","王大志"
"35748131","魏智","男","26665065","演员","是","40","26665065","琅琊榜之风起长林","电视剧","2017-12-18","中国大陆","2017","剧情/古装","有评分","8.4","210088","210088","1328","53330179","71496311","1971","惠王"
"30484357","高尚","男","34792298","编剧","是","3","34792298","相逢时节","电视剧","2022-02-23","中国大陆","2022","剧情","有评分","4.9","33169","33169","403","69584645","60968763","1972",
"34982100","郜峰","男","26671336","演员","否","999","26671336","得闲谨制","电影","2025-12-06","中国大陆","2025","剧情/战争","有评分","6.9","268554","268554","1361","53342721","69964249","1973","船上民众"
"30268759","侯晓","男","34792296","演员","是","32","34792296","欢迎光临","电视剧","2022-05-18","中国大陆","2022","剧情/喜剧/爱情","有评分","6.4","56516","56516","601","69584641","60537567","1974","侯先生"
"35224586","吴金鑫","男","36534750","演员","否","999","36534750","小巷人家","电视剧","2024-10-28","中国大陆","2024","剧情/家庭","有评分","8.4","287902","287902","1555","73069549","70449221","1975","陈达"
"35224586","吴金鑫","男","35033654","演员","是","47","35033654","山海情","电视剧","2021-01-12","中国大陆","2021","剧情","有评分","9.2","481571","481571","2105","70067357","70449221","1976","黄展旗"
"35343301","吴倩","女","35033654","总策划","否","999","35033654","山海情","电视剧","2021-01-12","中国大陆","2021","剧情","有评分","9.2","481571","481571","2105","70067357","70686651","1977",
"35343301","吴倩","女","30423905","总策划","否","999","30423905","大江大河2","电视剧","2020-12-20","中国大陆","2020","剧情/历史","有评分","8.7","208072","208072","1345","60847859","70686651","1978",
"35343301","吴倩","女","27088993","总策划","否","999","27088993","都挺好","电视剧","2019-03-01","中国大陆","2019","剧情/家庭","有评分","7.7","394106","394106","1742","54178035","70686651","1979",
"35047525","曹松","男","36534750","灯光","否","999","36534750","小巷人家","电视剧","2024-10-28","中国大陆","2024","剧情/家庭","有评分","8.4","287902","287902","1555","73069549","70095099","1980",
"35047525","曹松","男","34792295","演员","是","120","34792295","乔家的儿女","电视剧","2021-08-17","中国大陆","2021","剧情/家庭","有评分","7.7","235622","235622","1347","69584639","70095099","1981","报亭老板"
"35047525","曹松","男","33442331","灯光","否","999","33442331","我是余欢水","电视剧","2020-04-06","中国大陆","2020","剧情","有评分","7.3","324953","324953","1540","66884711","70095099","1982",
"35047525","曹松","男","26928226","灯光","否","999","26928226","知否知否应是绿肥红瘦","电视剧","2018-12-25","中国大陆","2018","剧情/爱情/古装","有评分","8.0","695224","695224","2358","53856501","70095099","1983",
"35047525","曹松","男","26759908","灯光","否","999","26759908","清平乐","电视剧","2020-04-07","中国大陆","2020","剧情/古装","有评分","6.4","173456","173456","1054","53519865","70095099","1984",
"35047525","曹松","男","26743573","灯光","否","999","26743573","欢乐颂2","电视剧","2017-05-11","中国大陆","2017","剧情/爱情","有评分","5.4","154450","154450","913","53487195","70095099","1985",
"35047525","曹松","男","26665065","灯光","否","999","26665065","琅琊榜之风起长林","电视剧","2017-12-18","中国大陆","2017","剧情/古装","有评分","8.4","210088","210088","1328","53330179","70095099","1986",
"35047525","曹松","男","26345137","灯光","否","999","26345137","如果蜗牛有爱情","电视剧","2016-10-24","中国大陆","2016","剧情/爱情/悬疑","有评分","7.2","105271","105271","871","52690323","70095099","1987",
"35047525","曹松","男","26088457","灯光","否","999","26088457","他来了，请闭眼","电视剧","2015-10-15","中国大陆","2015","剧情/悬疑","有评分","6.7","74395","74395","706","52176963","70095099","1988",
"34853847","张家硕","男","26759908","演员","否","999","26759908","清平乐","电视剧","2020-04-07","中国大陆","2020","剧情/古装","有评分","6.4","173456","173456","1054","53519865","69707743","1989","少年宋仁宗"
"27562160","沈雪炜","男","25754848","演员","是","93","25754848","琅琊榜","电视剧","2015-09-19","中国大陆","2015","剧情/古装","有评分","9.4","919060","919060","2939","51509745","55124369","1990","北燕使臣"
"27576558","王侃","男","26743573","演员","否","999","26743573","欢乐颂2","电视剧","2017-05-11","中国大陆","2017","剧情/爱情","有评分","5.4","154450","154450","913","53487195","55153165","1991","霍老"
"27576558","王侃","男","25754848","演员","是","63","25754848","琅琊榜","电视剧","2015-09-19","中国大陆","2015","剧情/古装","有评分","9.4","919060","919060","2939","51509745","55153165","1992","何敬中"
"27602011","隋名旸","男","25754848","演员","是","45","25754848","琅琊榜","电视剧","2015-09-19","中国大陆","2015","剧情/古装","有评分","9.4","919060","919060","2939","51509745","55204071","1993","夏秋"
"27562689","张婉儿","女","26683725","演员","是","69","26683725","外科风云","电视剧","2017-04-17","中国大陆","2017","剧情/爱情","有评分","7.3","94754","94754","832","53367499","55125427","1994","赵雨西"
"36576782","翟骏弛","男","34792295","演员","是","86","34792295","乔家的儿女","电视剧","2021-08-17","中国大陆","2021","剧情/家庭","有评分","7.7","235622","235622","1347","69584639","73153613","1995","小黑"
"37898952","乔牧","男","26671336","演员","否","999","26671336","得闲谨制","电影","2025-12-06","中国大陆","2025","剧情/战争","有评分","6.9","268554","268554","1361","53342721","75797953","1996","船上民众"
"37396344","罗霆","男","26759908","演员","否","999","26759908","清平乐","电视剧","2020-04-07","中国大陆","2020","剧情/古装","有评分","6.4","173456","173456","1054","53519865","74792737","1997","李迪"
"37811413","于宝坤","男","26671336","演员","否","999","26671336","得闲谨制","电影","2025-12-06","中国大陆","2025","剧情/战争","有评分","6.9","268554","268554","1361","53342721","75622875","1998","渣兵团"
"27560391","邵伟桐","男","26683725","演员","是","60","26683725","外科风云","电视剧","2017-04-17","中国大陆","2017","剧情/爱情","有评分","7.3","94754","94754","832","53367499","55120831","1999","肖铮"
"35544766","梁文慧","女","34792295","演员","是","35","34792295","乔家的儿女","电视剧","2021-08-17","中国大陆","2021","剧情/家庭","有评分","7.7","235622","235622","1347","69584639","71089581","2000","孟桂芝"
"27568090","刘惜君","女","27088993","演唱","否","999","27088993","都挺好","电视剧","2019-03-01","中国大陆","2019","剧情/家庭","有评分","7.7","394106","394106","1742","54178035","55136229","2001",
"30197247","崔绍涵","男","33442331","演员","是","31","33442331","我是余欢水","电视剧","2020-04-06","中国大陆","2020","剧情","有评分","7.3","324953","324953","1540","66884711","60394543","2002","贝壳经纪人"
"35868308","秦子为","男","26345137","演员","否","999","26345137","如果蜗牛有爱情","电视剧","2016-10-24","中国大陆","2016","剧情/爱情/悬疑","有评分","7.2","105271","105271","871","52690323","71736665","2003",
"27567057","王菁华","女","36534750","演员","否","999","36534750","小巷人家","电视剧","2024-10-28","中国大陆","2024","剧情/家庭","有评分","8.4","287902","287902","1555","73069549","55134163","2004","书记老婆"
"27567057","王菁华","女","34792295","演员","是","70","34792295","乔家的儿女","电视剧","2021-08-17","中国大陆","2021","剧情/家庭","有评分","7.7","235622","235622","1347","69584639","55134163","2005","玲子妈"
"30206588","豆艺坤","男","35321446","演员","否","999","35321446","大江大河之岁月如歌","电视剧","2024-01-08","中国大陆","2024","剧情","有评分","8.0","72953","72953","764","70642941","60413225","2006","贾士伟"
"34886546","王珏","女","26665065","总监制","否","999","26665065","琅琊榜之风起长林","电视剧","2017-12-18","中国大陆","2017","剧情/古装","有评分","8.4","210088","210088","1328","53330179","69773141","2007",
"27588596","张遥函","男","26665065","配音","否","999","26665065","琅琊榜之风起长林","电视剧","2017-12-18","中国大陆","2017","剧情/古装","有评分","8.4","210088","210088","1328","53330179","55177241","2008",
"27576403","马正阳","男","26665065","配音","否","999","26665065","琅琊榜之风起长林","电视剧","2017-12-18","中国大陆","2017","剧情/古装","有评分","8.4","210088","210088","1328","53330179","55152855","2009",
"35457802","王福","男","34792298","原创音乐","否","999","34792298","相逢时节","电视剧","2022-02-23","中国大陆","2022","剧情","有评分","4.9","33169","33169","403","69584645","70915653","2010",
"35661606","刘舒祎","女","36189205","演员","否","999","36189205","凡人歌","电视剧","2024-08-31","中国大陆","2024","剧情/喜剧","有评分","7.7","77700","77700","773","72378459","71323261","2011","梁老师"
"30335050","姚清仁","男","35588265","演员","否","999","35588265","樱桃琥珀","电视剧","2025-07-14","中国大陆","2025","剧情/爱情","有评分","5.7","38891","38891","471","71176579","60670149","2012","冯老师"
"34800456","张凌赫","男","35588265","演员","是","2","35588265","樱桃琥珀","电视剧","2025-07-14","中国大陆","2025","剧情/爱情","有评分","5.7","38891","38891","471","71176579","69600961","2013","蒋峤西"
"27609077","何雨虹","女","34792296","演员","是","29","34792296","欢迎光临","电视剧","2022-05-18","中国大陆","2022","剧情/喜剧/爱情","有评分","6.4","56516","56516","601","69584641","55218203","2014","小虹"
"27609077","何雨虹","女","30421903","演员","是","6","30421903","淬火年代","电视剧","2025-06-18","中国大陆","2025","剧情","有评分","7.0","21373","21373","387","60843855","55218203","2015","沈嘉丽"
"33454694","方芳","女","35332289","总策划","否","999","35332289","开端","电视剧","2022-01-11","中国大陆","2022","剧情","有评分","7.9","968506","968506","2766","70664627","66909437","2016",
"33454694","方芳","女","35033654","总策划","否","999","35033654","山海情","电视剧","2021-01-12","中国大陆","2021","剧情","有评分","9.2","481571","481571","2105","70067357","66909437","2017",
"33454694","方芳","女","34792295","总策划","否","999","34792295","乔家的儿女","电视剧","2021-08-17","中国大陆","2021","剧情/家庭","有评分","7.7","235622","235622","1347","69584639","66909437","2018",
"33454694","方芳","女","30423905","总策划","否","999","30423905","大江大河2","电视剧","2020-12-20","中国大陆","2020","剧情/历史","有评分","8.7","208072","208072","1345","60847859","66909437","2019",
"33454694","方芳","女","26759908","制片人","否","999","26759908","清平乐","电视剧","2020-04-07","中国大陆","2020","剧情/古装","有评分","6.4","173456","173456","1054","53519865","66909437","2020",
"33454694","方芳","女","26345137","制片人","否","999","26345137","如果蜗牛有爱情","电视剧","2016-10-24","中国大陆","2016","剧情/爱情/悬疑","有评分","7.2","105271","105271","871","52690323","66909437","2021",
"33454694","方芳","女","26298935","总制片","否","999","26298935","鬼吹灯之精绝古城","电视剧","2016-12-19","中国大陆","2016","剧情/悬疑/惊悚","有评分","7.9","274802","274802","1473","52597919","66909437","2022",
"35473437","祈祷君","女","35332289","编剧","是","1","35332289","开端","电视剧","2022-01-11","中国大陆","2022","剧情","有评分","7.9","968506","968506","2766","70664627","70946923","2023",
"27567264","张喜前","男","35332289","演员","是","9","35332289","开端","电视剧","2022-01-11","中国大陆","2022","剧情","有评分","7.9","968506","968506","2766","70664627","55134577","2024","马国强"
"30481400","聂闻","男","25754848","演员","是","86","25754848","琅琊榜","电视剧","2015-09-19","中国大陆","2015","剧情/古装","有评分","9.4","919060","919060","2939","51509745","60962849","2025","锦衣胖子"
"27562157","刘丕中","男","26928226","演员","否","999","26928226","知否知否应是绿肥红瘦","电视剧","2018-12-25","中国大陆","2018","剧情/爱情/古装","有评分","8.0","695224","695224","2358","53856501","55124363","2026","齐国公"
"27562157","刘丕中","男","25754848","演员","是","42","25754848","琅琊榜","电视剧","2015-09-19","中国大陆","2015","剧情/古装","有评分","9.4","919060","919060","2939","51509745","55124363","2027","卓鼎风"
"35599085","郑千里","男","34792295","演员","是","66","34792295","乔家的儿女","电视剧","2021-08-17","中国大陆","2021","剧情/家庭","有评分","7.7","235622","235622","1347","69584639","71198219","2028","童年七七"
"35567738","李洛伊","女","34792295","演员","是","25","34792295","乔家的儿女","电视剧","2021-08-17","中国大陆","2021","剧情/家庭","有评分","7.7","235622","235622","1347","69584639","71135525","2029","童年乔三丽"
"27567299","朱佳煜","男","36534750","演员","否","999","36534750","小巷人家","电视剧","2024-10-28","中国大陆","2024","剧情/家庭","有评分","8.4","287902","287902","1555","73069549","55134647","2030","庄振北(少年"
"35774352","余知远","男","36534750","演员","是","26","36534750","小巷人家","电视剧","2024-10-28","中国大陆","2024","剧情/家庭","有评分","8.4","287902","287902","1555","73069549","71548753","2031","向鹏飞(青年"
"35013901","卢思宇","男","35321446","演员","否","999","35321446","大江大河之岁月如歌","电视剧","2024-01-08","中国大陆","2024","剧情","有评分","8.0","72953","72953","764","70642941","70027851","2032","齐小飞"
"30378003","赵梓冲","男","35321446","演员","否","999","35321446","大江大河之岁月如歌","电视剧","2024-01-08","中国大陆","2024","剧情","有评分","8.0","72953","72953","764","70642941","60756055","2033","曲队长"
"27667538","凌振赫","男","26665065","配音","否","999","26665065","琅琊榜之风起长林","电视剧","2017-12-18","中国大陆","2017","剧情/古装","有评分","8.4","210088","210088","1328","53330179","55335125","2034",
"30379015","洪佳宁","女","34792296","演员","是","66","34792296","欢迎光临","电视剧","2022-05-18","中国大陆","2022","剧情/喜剧/爱情","有评分","6.4","56516","56516","601","69584641","60758079","2035","化妆师"
"30208071","姜冠南","男","35321446","演员","否","999","35321446","大江大河之岁月如歌","电视剧","2024-01-08","中国大陆","2024","剧情","有评分","8.0","72953","72953","764","70642941","60416191","2036","雷正山"
"30208071","姜冠南","男","35033654","演员","是","13","35033654","山海情","电视剧","2021-01-12","中国大陆","2021","剧情","有评分","9.2","481571","481571","2105","70067357","60416191","2037","李水旺"
"35932307","林潇","女","36189205","演员","否","999","36189205","凡人歌","电视剧","2024-08-31","中国大陆","2024","剧情/喜剧","有评分","7.7","77700","77700","773","72378459","71864663","2038","刘妙颖"
"30135170","刘志云","男","30423905","演员","否","999","30423905","大江大河2","电视剧","2020-12-20","中国大陆","2020","剧情/历史","有评分","8.7","208072","208072","1345","60847859","60270389","2039","王区长"
"30386297","曹世平","男","27088993","演员","否","999","27088993","都挺好","电视剧","2019-03-01","中国大陆","2019","剧情/家庭","有评分","7.7","394106","394106","1742","54178035","60772643","2040","医生"
"30386297","曹世平","男","26430092","演员","否","999","26430092","欢乐颂","电视剧","2016-04-18","中国大陆","2016","剧情/爱情","有评分","7.5","353514","353514","1628","52860233","60772643","2041","老方"
"27588931","何淼澍","男","26088457","作曲","否","999","26088457","他来了，请闭眼","电视剧","2015-10-15","中国大陆","2015","剧情/悬疑","有评分","6.7","74395","74395","706","52176963","55177911","2042",
"27564834","付滢竹","女","26743573","演员","否","999","26743573","欢乐颂2","电视剧","2017-05-11","中国大陆","2017","剧情/爱情","有评分","5.4","154450","154450","913","53487195","55129717","2043","叶子"
"30446573","邬倩","女","36534750","演员","否","999","36534750","小巷人家","电视剧","2024-10-28","中国大陆","2024","剧情/家庭","有评分","8.4","287902","287902","1555","73069549","60893195","2044","女工乙"
"30446573","邬倩","女","36189205","演员","否","999","36189205","凡人歌","电视剧","2024-08-31","中国大陆","2024","剧情/喜剧","有评分","7.7","77700","77700","773","72378459","60893195","2045","沈丽萍"
"30446573","邬倩","女","30421903","演员","否","999","30421903","淬火年代","电视剧","2025-06-18","中国大陆","2025","剧情","有评分","7.0","21373","21373","387","60843855","60893195","2046","刘厅长"
"30446573","邬倩","女","27088993","演员","否","999","27088993","都挺好","电视剧","2019-03-01","中国大陆","2019","剧情/家庭","有评分","7.7","394106","394106","1742","54178035","60893195","2047","人事主管"
"30446573","邬倩","女","26743573","演员","否","999","26743573","欢乐颂2","电视剧","2017-05-11","中国大陆","2017","剧情/爱情","有评分","5.4","154450","154450","913","53487195","60893195","2048","樊胜美主管"
"30388045","马瑞泽","男","26759908","演员","否","999","26759908","清平乐","电视剧","2020-04-07","中国大陆","2020","剧情/古装","有评分","6.4","173456","173456","1054","53519865","60776139","2049","梁生"
"34903269","蒋未","男","26759908","演员","否","999","26759908","清平乐","电视剧","2020-04-07","中国大陆","2020","剧情/古装","有评分","6.4","173456","173456","1054","53519865","69806587","2050","王益柔"
"35346201","张浩","男","36571896","演员","是","24","36571896","命悬一生","电视剧","2025-10-11","中国大陆","2025","剧情/悬疑","有评分","7.7","85010","85010","809","73143841","70692451","2051","道哥"
"35346201","张浩","男","35613241","演员","否","999","35613241","县委大院","电视剧","2022-12-07","中国大陆","2022","剧情","有评分","6.8","109693","109693","864","71226531","70692451","2052","买牛村民"
"35346201","张浩","男","35332289","演员","是","41","35332289","开端","电视剧","2022-01-11","中国大陆","2022","剧情","有评分","7.9","968506","968506","2766","70664627","70692451","2053","翻斗车司机"
"35346201","张浩","男","35033654","演员","是","36","35033654","山海情","电视剧","2021-01-12","中国大陆","2021","剧情","有评分","9.2","481571","481571","2105","70067357","70692451","2054","拴闷"
"27571485","白敬亭","男","35332289","演员","是","1","35332289","开端","电视剧","2022-01-11","中国大陆","2022","剧情","有评分","7.9","968506","968506","2766","70664627","55143019","2055","肖鹤云"
"30164877","张喆","女","25754848","配音","否","999","25754848","琅琊榜","电视剧","2015-09-19","中国大陆","2015","剧情/古装","有评分","9.4","919060","919060","2939","51509745","60329803","2056",
"36770885","李雨璇","女","36534750","演员","否","999","36534750","小巷人家","电视剧","2024-10-28","中国大陆","2024","剧情/家庭","有评分","8.4","287902","287902","1555","73069549","73541819","2057","庄赶美媳妇"
"37898956","向孝文","男","26671336","演员","否","999","26671336","得闲谨制","电影","2025-12-06","中国大陆","2025","剧情/战争","有评分","6.9","268554","268554","1361","53342721","75797961","2058","船务"
"37887887","严知度","男","26671336","演员","是","8","26671336","得闲谨制","电影","2025-12-06","中国大陆","2025","剧情/战争","有评分","6.9","268554","268554","1361","53342721","75775823","2059","莫等闲"
"36928733","谭鑫磊","男","26779426","演员","否","999","26779426","欢乐颂3","电视剧","2022-08-11","中国大陆","2022","剧情/爱情","有评分","4.9","41716","41716","452","53558901","73857515","2060",
"36038158","吕梓航","男","34792295","演员","是","31","34792295","乔家的儿女","电视剧","2021-08-17","中国大陆","2021","剧情/家庭","有评分","7.7","235622","235622","1347","69584639","72076365","2062","青年唯民"
"30389758","明星","女","33442331","演员","否","999","33442331","我是余欢水","电视剧","2020-04-06","中国大陆","2020","剧情","有评分","7.3","324953","324953","1540","66884711","60779565","2063","4s店女销售"
"33412604","高斌","男","26797690","造型设计","否","999","26797690","大江大河","电视剧","2018-12-10","中国大陆","2018","剧情","有评分","8.8","260126","260126","1513","53595429","66825257","2064",
"34971211","简宇熙","男","36534750","演员","是","27","36534750","小巷人家","电视剧","2024-10-28","中国大陆","2024","剧情/家庭","有评分","8.4","287902","287902","1555","73069549","69942471","2065","林栋哲(青年"
"34950445","范诗然","女","35321446","演员","否","999","35321446","大江大河之岁月如歌","电视剧","2024-01-08","中国大陆","2024","剧情","有评分","8.0","72953","72953","764","70642941","69900939","2066","樊净"
"36109526","朱卫民","男","34792298","演员","否","999","34792298","相逢时节","电视剧","2022-02-23","中国大陆","2022","剧情","有评分","4.9","33169","33169","403","69584645","72219101","2067","孙片警"
"35231428","赵力","男","30423905","海报设计","否","999","30423905","大江大河2","电视剧","2020-12-20","中国大陆","2020","剧情/历史","有评分","8.7","208072","208072","1345","60847859","70462905","2068",
"33433070","朱丽群","女","35613241","演员","否","999","35613241","县委大院","电视剧","2022-12-07","中国大陆","2022","剧情","有评分","6.8","109693","109693","864","71226531","66866189","2069","宝根妻"
"33433070","朱丽群","女","30423905","演员","否","999","30423905","大江大河2","电视剧","2020-12-20","中国大陆","2020","剧情/历史","有评分","8.7","208072","208072","1345","60847859","66866189","2070","胡桂玲"
"30271857","章若楠","女","36189205","演员","是","3","36189205","凡人歌","电视剧","2024-08-31","中国大陆","2024","剧情/喜剧","有评分","7.7","77700","77700","773","72378459","60543763","2071","李晓悦"
"27570086","徐玉兰","女","26928226","演员","否","999","26928226","知否知否应是绿肥红瘦","电视剧","2018-12-25","中国大陆","2018","剧情/爱情/古装","有评分","8.0","695224","695224","2358","53856501","55140221","2072","姑老太太"
"27570086","徐玉兰","女","26797690","演员","否","999","26797690","大江大河","电视剧","2018-12-10","中国大陆","2018","剧情","有评分","8.8","260126","260126","1513","53595429","55140221","2073","张母"
"30474726","刘怡潼","男","30421903","演员","否","999","30421903","淬火年代","电视剧","2025-06-18","中国大陆","2025","剧情","有评分","7.0","21373","21373","387","60843855","60949501","2074","小柯"
"35457775","苏梦迪","女","30421903","演员","否","999","30421903","淬火年代","电视剧","2025-06-18","中国大陆","2025","剧情","有评分","7.0","21373","21373","387","60843855","70915599","2075","谭工"
"35271147","王影璐","女","30421903","演员","是","8","30421903","淬火年代","电视剧","2025-06-18","中国大陆","2025","剧情","有评分","7.0","21373","21373","387","60843855","70542343","2076","余珊珊"
"27577029","邹元清","女","35588265","演员","否","999","35588265","樱桃琥珀","电视剧","2025-07-14","中国大陆","2025","剧情/爱情","有评分","5.7","38891","38891","471","71176579","55154107","2077","孟莉君"
"27577029","邹元清","女","35033654","演员","是","19","35033654","山海情","电视剧","2021-01-12","中国大陆","2021","剧情","有评分","9.2","481571","481571","2105","70067357","55154107","2078","马得花"
"27577029","邹元清","女","26779426","演员","否","999","26779426","欢乐颂3","电视剧","2022-08-11","中国大陆","2022","剧情/爱情","有评分","4.9","41716","41716","452","53558901","55154107","2079","宋砾"
"34887992","董照","男","36571896","演员","否","999","36571896","命悬一生","电视剧","2025-10-11","中国大陆","2025","剧情/悬疑","有评分","7.7","85010","85010","809","73143841","69776033","2080","老乞丐"
"34887992","董照","男","35321446","演员","否","999","35321446","大江大河之岁月如歌","电视剧","2024-01-08","中国大陆","2024","剧情","有评分","8.0","72953","72953","764","70642941","69776033","2081","陈七叔"
"34887992","董照","男","35033654","演员","是","71","35033654","山海情","电视剧","2021-01-12","中国大陆","2021","剧情","有评分","9.2","481571","481571","2105","70067357","69776033","2082","小川爷"
"34887992","董照","男","26928226","演员","否","999","26928226","知否知否应是绿肥红瘦","电视剧","2018-12-25","中国大陆","2018","剧情/爱情/古装","有评分","8.0","695224","695224","2358","53856501","69776033","2083","赵太医"
"35065693","嘉泽","女","36571896","演员","是","12","36571896","命悬一生","电视剧","2025-10-11","中国大陆","2025","剧情/悬疑","有评分","7.7","85010","85010","809","73143841","70131435","2084","夏洁"
"30406432","唐启荣","男","34792298","演员","否","999","34792298","相逢时节","电视剧","2022-02-23","中国大陆","2022","剧情","有评分","4.9","33169","33169","403","69584645","60812913","2085","车祸患者父亲"
"30406432","唐启荣","男","26759908","演员","否","999","26759908","清平乐","电视剧","2020-04-07","中国大陆","2020","剧情/古装","有评分","6.4","173456","173456","1054","53519865","60812913","2086","龚鼎臣"
"35206797","陈昱彤","女","35588265","演员","否","999","35588265","樱桃琥珀","电视剧","2025-07-14","中国大陆","2025","剧情/爱情","有评分","5.7","38891","38891","471","71176579","70413643","2087","小其乐"
"35206797","陈昱彤","女","26759908","演员","否","999","26759908","清平乐","电视剧","2020-04-07","中国大陆","2020","剧情/古装","有评分","6.4","173456","173456","1054","53519865","70413643","2088","十一公主"
"27587444","卫羽","男","26759908","演员","否","999","26759908","清平乐","电视剧","2020-04-07","中国大陆","2020","剧情/古装","有评分","6.4","173456","173456","1054","53519865","55174937","2089","高若讷"
"27567294","赵达","男","35321446","演员","是","14","35321446","大江大河之岁月如歌","电视剧","2024-01-08","中国大陆","2024","剧情","有评分","8.0","72953","72953","764","70642941","55134637","2090","寻建祥"
"27567294","赵达","男","33442331","演员","是","7","33442331","我是余欢水","电视剧","2020-04-06","中国大陆","2020","剧情","有评分","7.3","324953","324953","1540","66884711","55134637","2091","吕夫蒙"
"27567294","赵达","男","30423905","演员","是","9","30423905","大江大河2","电视剧","2020-12-20","中国大陆","2020","剧情/历史","有评分","8.7","208072","208072","1345","60847859","55134637","2092","寻建祥"
"27567294","赵达","男","26797690","演员","是","8","26797690","大江大河","电视剧","2018-12-10","中国大陆","2018","剧情","有评分","8.8","260126","260126","1513","53595429","55134637","2093","寻建祥"
"27567294","赵达","男","26759908","演员","是","47","26759908","清平乐","电视剧","2020-04-07","中国大陆","2020","剧情/古装","有评分","6.4","173456","173456","1054","53519865","55134637","2094","赵元俨"
"27567294","赵达","男","26665065","演员","是","28","26665065","琅琊榜之风起长林","电视剧","2017-12-18","中国大陆","2017","剧情/古装","有评分","8.4","210088","210088","1328","53330179","55134637","2095","拓跋宇"
"27567294","赵达","男","26430092","演员","否","999","26430092","欢乐颂","电视剧","2016-04-18","中国大陆","2016","剧情/爱情","有评分","7.5","353514","353514","1628","52860233","55134637","2096","男主人"
"27567294","赵达","男","26298935","演员","是","3","26298935","鬼吹灯之精绝古城","电视剧","2016-12-19","中国大陆","2016","剧情/悬疑/惊悚","有评分","7.9","274802","274802","1473","52597919","55134637","2097","王胖子/王凯旋"
"34876230","余沛杉","男","35613241","演员","否","999","35613241","县委大院","电视剧","2022-12-07","中国大陆","2022","剧情","有评分","6.8","109693","109693","864","71226531","69752509","2098","门卫甲"
"34876230","余沛杉","男","35332289","演员","是","16","35332289","开端","电视剧","2022-01-11","中国大陆","2022","剧情","有评分","7.9","968506","968506","2766","70664627","69752509","2099","余雷"
"34876230","余沛杉","男","26759908","演员","否","999","26759908","清平乐","电视剧","2020-04-07","中国大陆","2020","剧情/古装","有评分","6.4","173456","173456","1054","53519865","69752509","2100","曹佾"
"30275333","算","男","35332289","编剧","是","3","35332289","开端","电视剧","2022-01-11","中国大陆","2022","剧情","有评分","7.9","968506","968506","2766","70664627","60550715","2101",
"30275333","算","男","35332289","导演","是","3","35332289","开端","电视剧","2022-01-11","中国大陆","2022","剧情","有评分","7.9","968506","968506","2766","70664627","60550715","2102",
"27567902","郭晓然","男","26743573","演员","否","999","26743573","欢乐颂2","电视剧","2017-05-11","中国大陆","2017","剧情/爱情","有评分","5.4","154450","154450","913","53487195","55135853","2103","曲连杰"
"27567902","郭晓然","男","26430092","演员","是","12","26430092","欢乐颂","电视剧","2016-04-18","中国大陆","2016","剧情/爱情","有评分","7.5","353514","353514","1628","52860233","55135853","2104","曲连杰"
"27567902","郭晓然","男","26088457","演员","是","14","26088457","他来了，请闭眼","电视剧","2015-10-15","中国大陆","2015","剧情/悬疑","有评分","6.7","74395","74395","706","52176963","55135853","2105","梁凯文"
"27567902","郭晓然","男","25870290","演员","是","7","25870290","温州两家人","电视剧","2015-11-26","中国大陆","2015","剧情","有评分","7.8","7118","7118","236","51740629","55135853","2106","娄新宝"
"27567902","郭晓然","男","25754848","演员","是","20","25754848","琅琊榜","电视剧","2015-09-19","中国大陆","2015","剧情/古装","有评分","9.4","919060","919060","2939","51509745","55135853","2107","言豫津"
"34434461","韩志杰","男","35332289","总监制","否","999","35332289","开端","电视剧","2022-01-11","中国大陆","2022","剧情","有评分","7.9","968506","968506","2766","70664627","68868971","2108",
"34434461","韩志杰","男","35033654","总监制","否","999","35033654","山海情","电视剧","2021-01-12","中国大陆","2021","剧情","有评分","9.2","481571","481571","2105","70067357","68868971","2109",
"34434461","韩志杰","男","34792295","总监制","否","999","34792295","乔家的儿女","电视剧","2021-08-17","中国大陆","2021","剧情/家庭","有评分","7.7","235622","235622","1347","69584639","68868971","2110",
"34434461","韩志杰","男","30423905","总监制","否","999","30423905","大江大河2","电视剧","2020-12-20","中国大陆","2020","剧情/历史","有评分","8.7","208072","208072","1345","60847859","68868971","2111",
"34434461","韩志杰","男","27088993","总监制","否","999","27088993","都挺好","电视剧","2019-03-01","中国大陆","2019","剧情/家庭","有评分","7.7","394106","394106","1742","54178035","68868971","2112",
"34434461","韩志杰","男","26928226","总监制","否","999","26928226","知否知否应是绿肥红瘦","电视剧","2018-12-25","中国大陆","2018","剧情/爱情/古装","有评分","8.0","695224","695224","2358","53856501","68868971","2113",
"34434461","韩志杰","男","26797690","总监制","否","999","26797690","大江大河","电视剧","2018-12-10","中国大陆","2018","剧情","有评分","8.8","260126","260126","1513","53595429","68868971","2115",
"34434461","韩志杰","男","26759908","总监制","否","999","26759908","清平乐","电视剧","2020-04-07","中国大陆","2020","剧情/古装","有评分","6.4","173456","173456","1054","53519865","68868971","2116",
"34434461","韩志杰","男","26743573","总策划","否","999","26743573","欢乐颂2","电视剧","2017-05-11","中国大陆","2017","剧情/爱情","有评分","5.4","154450","154450","913","53487195","68868971","2117",
"34434461","韩志杰","男","26683725","总监制","否","999","26683725","外科风云","电视剧","2017-04-17","中国大陆","2017","剧情/爱情","有评分","7.3","94754","94754","832","53367499","68868971","2118",
"34434461","韩志杰","男","26345137","总监制","否","999","26345137","如果蜗牛有爱情","电视剧","2016-10-24","中国大陆","2016","剧情/爱情/悬疑","有评分","7.2","105271","105271","871","52690323","68868971","2119",
"34434461","韩志杰","男","26298935","总监制","否","999","26298935","鬼吹灯之精绝古城","电视剧","2016-12-19","中国大陆","2016","剧情/悬疑/惊悚","有评分","7.9","274802","274802","1473","52597919","68868971","2120",
"27623643","袁近辉","男","34792295","演员","是","87","34792295","乔家的儿女","电视剧","2021-08-17","中国大陆","2021","剧情/家庭","有评分","7.7","235622","235622","1347","69584639","55247335","2121","润润"
"34460347","朱辉","男","34792295","演员","是","57","34792295","乔家的儿女","电视剧","2021-08-17","中国大陆","2021","剧情/家庭","有评分","7.7","235622","235622","1347","69584639","68920743","2122","叶父"
"34808571","卜宇","男","34792295","出品人","否","999","34792295","乔家的儿女","电视剧","2021-08-17","中国大陆","2021","剧情/家庭","有评分","7.7","235622","235622","1347","69584639","69617191","2123",
"34808571","卜宇","男","27088993","出品人","否","999","27088993","都挺好","电视剧","2019-03-01","中国大陆","2019","剧情/家庭","有评分","7.7","394106","394106","1742","54178035","69617191","2124",
"35390046","刘芊含","女","26665065","配音","否","999","26665065","琅琊榜之风起长林","电视剧","2017-12-18","中国大陆","2017","剧情/古装","有评分","8.4","210088","210088","1328","53330179","70780141","2125",
"36138075","谢子溦","女","26665065","配音","否","999","26665065","琅琊榜之风起长林","电视剧","2017-12-18","中国大陆","2017","剧情/古装","有评分","8.4","210088","210088","1328","53330179","72276199","2126",
"28046589","邵老五","男","35321446","演员","否","999","35321446","大江大河之岁月如歌","电视剧","2024-01-08","中国大陆","2024","剧情","有评分","8.0","72953","72953","764","70642941","56093227","2127","钟桂全"
"28046589","邵老五","男","35033654","演员","是","44","35033654","山海情","电视剧","2021-01-12","中国大陆","2021","剧情","有评分","9.2","481571","481571","2105","70067357","56093227","2128","涌泉村村民"
"27568683","张昊唯","男","35321446","演员","否","999","35321446","大江大河之岁月如歌","电视剧","2024-01-08","中国大陆","2024","剧情","有评分","8.0","72953","72953","764","70642941","55137415","2129","李今"
"27568683","张昊唯","男","26665065","演员","是","27","26665065","琅琊榜之风起长林","电视剧","2017-12-18","中国大陆","2017","剧情/古装","有评分","8.4","210088","210088","1328","53330179","55137415","2130","蔺九"
"27568683","张昊唯","男","26088457","演员","是","10","26088457","他来了，请闭眼","电视剧","2015-10-15","中国大陆","2015","剧情/悬疑","有评分","6.7","74395","74395","706","52176963","55137415","2131","苏北"
"27568683","张昊唯","男","25870290","演员","是","10","25870290","温州两家人","电视剧","2015-11-26","中国大陆","2015","剧情","有评分","7.8","7118","7118","236","51740629","55137415","2132","许金生"
"30419151","王钢","男","35033654","演员","否","999","35033654","山海情","电视剧","2021-01-12","中国大陆","2021","剧情","有评分","9.2","481571","481571","2105","70067357","60838351","2133","水利局长"
"30419151","王钢","男","26928226","演员","否","999","26928226","知否知否应是绿肥红瘦","电视剧","2018-12-25","中国大陆","2018","剧情/爱情/古装","有评分","8.0","695224","695224","2358","53856501","60838351","2134","盛维"
"30419151","王钢","男","26797690","演员","否","999","26797690","大江大河","电视剧","2018-12-10","中国大陆","2018","剧情","有评分","8.8","260126","260126","1513","53595429","60838351","2135","袁厂长"
"34888247","徐凌晨","男","26759908","演员","否","999","26759908","清平乐","电视剧","2020-04-07","中国大陆","2020","剧情/古装","有评分","6.4","173456","173456","1054","53519865","69776543","2136","少年张茂则"
"35230998","乔沐","女","36571896","演员","是","15","36571896","命悬一生","电视剧","2025-10-11","中国大陆","2025","剧情/悬疑","有评分","7.7","85010","85010","809","73143841","70462045","2137","楚笑"
"35230998","乔沐","女","35613241","演员","否","999","35613241","县委大院","电视剧","2022-12-07","中国大陆","2022","剧情","有评分","6.8","109693","109693","864","71226531","70462045","2138","曾妻"
"35230998","乔沐","女","35332289","演员","是","36","35332289","开端","电视剧","2022-01-11","中国大陆","2022","剧情","有评分","7.9","968506","968506","2766","70664627","70462045","2139","小陆护士"
"35230998","乔沐","女","35321446","演员","否","999","35321446","大江大河之岁月如歌","电视剧","2024-01-08","中国大陆","2024","剧情","有评分","8.0","72953","72953","764","70642941","70462045","2140","张领娣"
"35230998","乔沐","女","35033654","演员","否","999","35033654","山海情","电视剧","2021-01-12","中国大陆","2021","剧情","有评分","9.2","481571","481571","2105","70067357","70462045","2141","外地女工"
"35230998","乔沐","女","33442331","演员","否","999","33442331","我是余欢水","电视剧","2020-04-06","中国大陆","2020","剧情","有评分","7.3","324953","324953","1540","66884711","70462045","2142","小陆"
"30390143","白宇帆","男","36571896","演员","是","4","36571896","命悬一生","电视剧","2025-10-11","中国大陆","2025","剧情/悬疑","有评分","7.7","85010","85010","809","73143841","60780335","2143","曹小军"
"30390143","白宇帆","男","35332289","演员","是","18","35332289","开端","电视剧","2022-01-11","中国大陆","2022","剧情","有评分","7.9","968506","968506","2766","70664627","60780335","2144","刘鹏"
"30390143","白宇帆","男","35033654","演员","是","10","35033654","山海情","电视剧","2021-01-12","中国大陆","2021","剧情","有评分","9.2","481571","481571","2105","70067357","60780335","2145","马得宝"
"30390143","白宇帆","男","34792296","演员","是","4","34792296","欢迎光临","电视剧","2022-05-18","中国大陆","2022","剧情/喜剧/爱情","有评分","6.4","56516","56516","601","69584641","60780335","2146","陈精典"
"35748130","魏至强","男","34792295","演员","是","118","34792295","乔家的儿女","电视剧","2021-08-17","中国大陆","2021","剧情/家庭","有评分","7.7","235622","235622","1347","69584639","71496309","2147","戚成钢爸"
"35748130","魏至强","男","30421903","演员","否","999","30421903","淬火年代","电视剧","2025-06-18","中国大陆","2025","剧情","有评分","7.0","21373","21373","387","60843855","71496309","2148","程老板"
"35748130","魏至强","男","26759908","演员","否","999","26759908","清平乐","电视剧","2020-04-07","中国大陆","2020","剧情/古装","有评分","6.4","173456","173456","1054","53519865","71496309","2149","王随"
"35748130","魏至强","男","26665065","演员","是","33","26665065","琅琊榜之风起长林","电视剧","2017-12-18","中国大陆","2017","剧情/古装","有评分","8.4","210088","210088","1328","53330179","71496309","2150","沈尚书"
"35748130","魏至强","男","25754848","演员","是","103","25754848","琅琊榜","电视剧","2015-09-19","中国大陆","2015","剧情/古装","有评分","9.4","919060","919060","2939","51509745","71496309","2151","田德之"
"27567703","陈牧扬","男","36571896","演员","否","999","36571896","命悬一生","电视剧","2025-10-11","中国大陆","2025","剧情/悬疑","有评分","7.7","85010","85010","809","73143841","55135455","2152","民警老陈"
"27567703","陈牧扬","男","35332289","演员","是","20","35332289","开端","电视剧","2022-01-11","中国大陆","2022","剧情","有评分","7.9","968506","968506","2766","70664627","55135455","2153","消防指挥员"
"27567703","陈牧扬","男","34792295","演员","是","53","34792295","乔家的儿女","电视剧","2021-08-17","中国大陆","2021","剧情/家庭","有评分","7.7","235622","235622","1347","69584639","55135455","2154","文清华"
"27567703","陈牧扬","男","33442331","演员","是","41","33442331","我是余欢水","电视剧","2020-04-06","中国大陆","2020","剧情","有评分","7.3","324953","324953","1540","66884711","55135455","2155","方队长"
"27567703","陈牧扬","男","27088993","配音","否","999","27088993","都挺好","电视剧","2019-03-01","中国大陆","2019","剧情/家庭","有评分","7.7","394106","394106","1742","54178035","55135455","2156",
"27567703","陈牧扬","男","26683725","演员","是","18","26683725","外科风云","电视剧","2017-04-17","中国大陆","2017","剧情/爱情","有评分","7.3","94754","94754","832","53367499","55135455","2157","原野"
"27567703","陈牧扬","男","26665065","演员","是","30","26665065","琅琊榜之风起长林","电视剧","2017-12-18","中国大陆","2017","剧情/古装","有评分","8.4","210088","210088","1328","53330179","55135455","2158","狄明"
"27567703","陈牧扬","男","26430092","演员","是","13","26430092","欢乐颂","电视剧","2016-04-18","中国大陆","2016","剧情/爱情","有评分","7.5","353514","353514","1628","52860233","55135455","2159","白主管"
"36599525","大米","女","36534750","编剧","是","1","36534750","小巷人家","电视剧","2024-10-28","中国大陆","2024","剧情/家庭","有评分","8.4","287902","287902","1555","73069549","73199099","2160",
"36478555","邹多加","女","34792298","演员","否","999","34792298","相逢时节","电视剧","2022-02-23","中国大陆","2022","剧情","有评分","4.9","33169","33169","403","69584645","72957159","2161",
"36572593","马嘉璐","女","35613241","演员","否","999","35613241","县委大院","电视剧","2022-12-07","中国大陆","2022","剧情","有评分","6.8","109693","109693","864","71226531","73145235","2162","邱真姐姐"
"36572593","马嘉璐","女","34792295","演员","是","82","34792295","乔家的儿女","电视剧","2021-08-17","中国大陆","2021","剧情/家庭","有评分","7.7","235622","235622","1347","69584639","73145235","2163","小蓝"
"36572593","马嘉璐","女","26797690","演员","否","999","26797690","大江大河","电视剧","2018-12-10","中国大陆","2018","剧情","有评分","8.8","260126","260126","1513","53595429","73145235","2164",
"36629763","陈宝国","男","26759908","演员","否","999","26759908","清平乐","电视剧","2020-04-07","中国大陆","2020","剧情/古装","有评分","6.4","173456","173456","1054","53519865","73259575","2165","曹傅"
"34948429","张杍涵","男","34792295","演员","是","96","34792295","乔家的儿女","电视剧","2021-08-17","中国大陆","2021","剧情/家庭","有评分","7.7","235622","235622","1347","69584639","69896907","2166","7-9岁王若轩"
"35212062","孔德锋","男","36534750","演员","否","999","36534750","小巷人家","电视剧","2024-10-28","中国大陆","2024","剧情/家庭","有评分","8.4","287902","287902","1555","73069549","70424173","2167","张干事"
"30395414","赵铭洲","男","26665065","配音","否","999","26665065","琅琊榜之风起长林","电视剧","2017-12-18","中国大陆","2017","剧情/古装","有评分","8.4","210088","210088","1328","53330179","60790877","2168",
"27576999","叶筱玮","男","35613241","演员","否","999","35613241","县委大院","电视剧","2022-12-07","中国大陆","2022","剧情","有评分","6.8","109693","109693","864","71226531","55154047","2169","何冬鸣"
"27567207","常玉红","女","35613241","演员","否","999","35613241","县委大院","电视剧","2022-12-07","中国大陆","2022","剧情","有评分","6.8","109693","109693","864","71226531","55134463","2170","祁美萍"
"35352273","田占林","男","35033654","演员","否","999","35033654","山海情","电视剧","2021-01-12","中国大陆","2021","剧情","有评分","9.2","481571","481571","2105","70067357","70704595","2171","村干部乙"
"34800724","赵小宁","男","35033654","演员","否","999","35033654","山海情","电视剧","2021-01-12","中国大陆","2021","剧情","有评分","9.2","481571","481571","2105","70067357","69601497","2172","苦水村支书"
"30446298","李熙政","男","36189205","演员","否","999","36189205","凡人歌","电视剧","2024-08-31","中国大陆","2024","剧情/喜剧","有评分","7.7","77700","77700","773","72378459","60892645","2173","小赵"
"34943492","徐多多","女","36189205","演员","否","999","36189205","凡人歌","电视剧","2024-08-31","中国大陆","2024","剧情/喜剧","有评分","7.7","77700","77700","773","72378459","69887033","2174","那卓越"
"27575997","刘伟","男","36534750","演员","是","17","36534750","小巷人家","电视剧","2024-10-28","中国大陆","2024","剧情/家庭","有评分","8.4","287902","287902","1555","73069549","55152043","2175","庄爷爷"
"27575997","刘伟","男","36189205","演员","否","999","36189205","凡人歌","电视剧","2024-08-31","中国大陆","2024","剧情/喜剧","有评分","7.7","77700","77700","773","72378459","55152043","2176","三大爷"
"33418834","杨蓓","女","35033654","总策划","否","999","35033654","山海情","电视剧","2021-01-12","中国大陆","2021","剧情","有评分","9.2","481571","481571","2105","70067357","66837717","2177",
"33418834","杨蓓","女","33442331","制片人","否","999","33442331","我是余欢水","电视剧","2020-04-06","中国大陆","2020","剧情","有评分","7.3","324953","324953","1540","66884711","66837717","2178",
"33418834","杨蓓","女","30423905","总策划","否","999","30423905","大江大河2","电视剧","2020-12-20","中国大陆","2020","剧情/历史","有评分","8.7","208072","208072","1345","60847859","66837717","2179",
"33418834","杨蓓","女","27088993","总策划","否","999","27088993","都挺好","电视剧","2019-03-01","中国大陆","2019","剧情/家庭","有评分","7.7","394106","394106","1742","54178035","66837717","2180",
"33418834","杨蓓","女","26928226","总策划","否","999","26928226","知否知否应是绿肥红瘦","电视剧","2018-12-25","中国大陆","2018","剧情/爱情/古装","有评分","8.0","695224","695224","2358","53856501","66837717","2181",
"33418834","杨蓓","女","26797690","总策划","否","999","26797690","大江大河","电视剧","2018-12-10","中国大陆","2018","剧情","有评分","8.8","260126","260126","1513","53595429","66837717","2182",
"33418834","杨蓓","女","26665065","总策划","否","999","26665065","琅琊榜之风起长林","电视剧","2017-12-18","中国大陆","2017","剧情/古装","有评分","8.4","210088","210088","1328","53330179","66837717","2183",
"34914051","王子铭","男","26928226","演员","否","999","26928226","知否知否应是绿肥红瘦","电视剧","2018-12-25","中国大陆","2018","剧情/爱情/古装","有评分","8.0","695224","695224","2358","53856501","69828151","2184","袁文绍"
"27574456","杜伶俐","女","35613241","演员","否","999","35613241","县委大院","电视剧","2022-12-07","中国大陆","2022","剧情","有评分","6.8","109693","109693","864","71226531","55148961","2185","领班"
"27574456","杜伶俐","女","26928226","演员","否","999","26928226","知否知否应是绿肥红瘦","电视剧","2018-12-25","中国大陆","2018","剧情/爱情/古装","有评分","8.0","695224","695224","2358","53856501","55148961","2186","康兆儿"
"27583166","薛媛媛","女","26928226","演员","否","999","26928226","知否知否应是绿肥红瘦","电视剧","2018-12-25","中国大陆","2018","剧情/爱情/古装","有评分","8.0","695224","695224","2358","53856501","55166381","2187","孙母"
"27577422","陈雅斓","女","26928226","演员","是","32","26928226","知否知否应是绿肥红瘦","电视剧","2018-12-25","中国大陆","2018","剧情/爱情/古装","有评分","8.0","695224","695224","2358","53856501","55154893","2188","申氏"
"36350920","明大程","男","30421903","编剧","是","1","30421903","淬火年代","电视剧","2025-06-18","中国大陆","2025","剧情","有评分","7.0","21373","21373","387","60843855","72701889","2189",
"27575421","幺依田","女","36571896","演员","否","999","36571896","命悬一生","电视剧","2025-10-11","中国大陆","2025","剧情/悬疑","有评分","7.7","85010","85010","809","73143841","55150891","2190","田姐"
"27581665","周鹏雨","女","36571896","演员","否","999","36571896","命悬一生","电视剧","2025-10-11","中国大陆","2025","剧情/悬疑","有评分","7.7","85010","85010","809","73143841","55163379","2191","阿梅"
"27581665","周鹏雨","女","33442331","演员","是","15","33442331","我是余欢水","电视剧","2020-04-06","中国大陆","2020","剧情","有评分","7.3","324953","324953","1540","66884711","55163379","2192","护士"
"27581665","周鹏雨","女","30423905","演员","否","999","30423905","大江大河2","电视剧","2020-12-20","中国大陆","2020","剧情/历史","有评分","8.7","208072","208072","1345","60847859","55163379","2193","杨逦"
"27581665","周鹏雨","女","26797690","演员","否","999","26797690","大江大河","电视剧","2018-12-10","中国大陆","2018","剧情","有评分","8.8","260126","260126","1513","53595429","55163379","2194","杨逦"
"27581665","周鹏雨","女","26665065","演员","否","999","26665065","琅琊榜之风起长林","电视剧","2017-12-18","中国大陆","2017","剧情/古装","有评分","8.4","210088","210088","1328","53330179","55163379","2195","丽妃"
"34557680","杜以兵","男","26759908","演员","否","999","26759908","清平乐","电视剧","2020-04-07","中国大陆","2020","剧情/古装","有评分","6.4","173456","173456","1054","53519865","69115409","2196","余靖"
"30227401","康嘉泽","男","26759908","演员","否","999","26759908","清平乐","电视剧","2020-04-07","中国大陆","2020","剧情/古装","有评分","6.4","173456","173456","1054","53519865","60454851","2197","小怀吉"
"30155447","鞠帛展","男","36571896","演员","否","999","36571896","命悬一生","电视剧","2025-10-11","中国大陆","2025","剧情/悬疑","有评分","7.7","85010","85010","809","73143841","60310943","2198","赵组长"
"30155447","鞠帛展","男","35332289","演员","是","15","35332289","开端","电视剧","2022-01-11","中国大陆","2022","剧情","有评分","7.9","968506","968506","2766","70664627","60310943","2199","小六"
"30155447","鞠帛展","男","35321446","演员","是","13","35321446","大江大河之岁月如歌","电视剧","2024-01-08","中国大陆","2024","剧情","有评分","8.0","72953","72953","764","70642941","60310943","2200","四眼"
"30155447","鞠帛展","男","30423905","演员","是","47","30423905","大江大河2","电视剧","2020-12-20","中国大陆","2020","剧情/历史","有评分","8.7","208072","208072","1345","60847859","60310943","2201","四眼"
"30155447","鞠帛展","男","26797690","演员","是","23","26797690","大江大河","电视剧","2018-12-10","中国大陆","2018","剧情","有评分","8.8","260126","260126","1513","53595429","60310943","2202","四眼会计"
"35748497","刘洪超","男","26683725","现场副导演","否","999","26683725","外科风云","电视剧","2017-04-17","中国大陆","2017","剧情/爱情","有评分","7.3","94754","94754","832","53367499","71497043","2203",
"35748497","刘洪超","男","25994712","执行导演","否","999","25994712","伪装者","电视剧","2015-08-31","中国大陆","2015","剧情/悬疑","有评分","8.6","382758","382758","1814","51989473","71497043","2204",
"35748497","刘洪超","男","25754848","演员","是","82","25754848","琅琊榜","电视剧","2015-09-19","中国大陆","2015","剧情/古装","有评分","9.4","919060","919060","2939","51509745","71497043","2205","安锐"
"27566474","张晔子","女","26683725","演员","是","66","26683725","外科风云","电视剧","2017-04-17","中国大陆","2017","剧情/爱情","有评分","7.3","94754","94754","832","53367499","55132997","2206","赵丽"
"34977084","李嘉懿","女","34792295","演员","是","109","34792295","乔家的儿女","电视剧","2021-08-17","中国大陆","2021","剧情/家庭","有评分","7.7","235622","235622","1347","69584639","69954217","2209","79岁 乔韵芝"
"36322961","鞠江","男","33442331","演员","否","999","33442331","我是余欢水","电视剧","2020-04-06","中国大陆","2020","剧情","有评分","7.3","324953","324953","1540","66884711","72645971","2210","服务员"
"33463195","郑晓钟","男","36534750","演员","否","999","36534750","小巷人家","电视剧","2024-10-28","中国大陆","2024","剧情/家庭","有评分","8.4","287902","287902","1555","73069549","66926439","2211",
"35152686","樊驿宁","男","36534750","演员","否","999","36534750","小巷人家","电视剧","2024-10-28","中国大陆","2024","剧情/家庭","有评分","8.4","287902","287902","1555","73069549","70305421","2212","张师兄"
"35800222","崔诗灏","男","34792298","编剧","是","2","34792298","相逢时节","电视剧","2022-02-23","中国大陆","2022","剧情","有评分","4.9","33169","33169","403","69584645","71600493","2213",
"35577153","屈扬","男","35613241","演员","否","999","35613241","县委大院","电视剧","2022-12-07","中国大陆","2022","剧情","有评分","6.8","109693","109693","864","71226531","71154355","2214","招商办主任"
"35453450","李天铭","男","26671336","剪辑指导","否","999","26671336","得闲谨制","电影","2025-12-06","中国大陆","2025","剧情/战争","有评分","6.9","268554","268554","1361","53342721","70906949","2215",
"35379468","吴恩璇","女","34792296","演员","是","55","34792296","欢迎光临","电视剧","2022-05-18","中国大陆","2022","剧情/喜剧/爱情","有评分","6.4","56516","56516","601","69584641","70758985","2216","波浪女"
"30212095","尹蕊","女","36189205","演员","否","999","36189205","凡人歌","电视剧","2024-08-31","中国大陆","2024","剧情/喜剧","有评分","7.7","77700","77700","773","72378459","60424239","2217","小北"
"27562208","卞涛","男","30423905","演员","否","999","30423905","大江大河2","电视剧","2020-12-20","中国大陆","2020","剧情/历史","有评分","8.7","208072","208072","1345","60847859","55124465","2218","高局长"
"27562715","朱薇薇","女","35613241","演员","否","999","35613241","县委大院","电视剧","2022-12-07","中国大陆","2022","剧情","有评分","6.8","109693","109693","864","71226531","55125479","2219"," 贺姐"
"27562715","朱薇薇","女","35588265","演员","否","999","35588265","樱桃琥珀","电视剧","2025-07-14","中国大陆","2025","剧情/爱情","有评分","5.7","38891","38891","471","71176579","55125479","2220","小学孙校长"
"32567995","王斌","男","26743573","演员","否","999","26743573","欢乐颂2","电视剧","2017-05-11","中国大陆","2017","剧情/爱情","有评分","5.4","154450","154450","913","53487195","65136039","2221","大林"
"30405078","郑自力","男","35613241","灯光","否","999","35613241","县委大院","电视剧","2022-12-07","中国大陆","2022","剧情","有评分","6.8","109693","109693","864","71226531","60810205","2222",
"30405078","郑自力","男","34792296","灯光","否","999","34792296","欢迎光临","电视剧","2022-05-18","中国大陆","2022","剧情/喜剧/爱情","有评分","6.4","56516","56516","601","69584641","60810205","2223",
"30405078","郑自力","男","30421903","灯光","否","999","30421903","淬火年代","电视剧","2025-06-18","中国大陆","2025","剧情","有评分","7.0","21373","21373","387","60843855","60810205","2224",
"35065777","何思甜","女","36534750","演员","是","25","36534750","小巷人家","电视剧","2024-10-28","中国大陆","2024","剧情/家庭","有评分","8.4","287902","287902","1555","73069549","70131603","2225","吴珊珊(青年"
"35065777","何思甜","女","26759908","演员","否","999","26759908","清平乐","电视剧","2020-04-07","中国大陆","2020","剧情/古装","有评分","6.4","173456","173456","1054","53519865","70131603","2226","大徽柔"
"35744915","尹腾喆","男","35332289","演员","是","67","35332289","开端","电视剧","2022-01-11","中国大陆","2022","剧情","有评分","7.9","968506","968506","2766","70664627","71489879","2227","交警甲"
"27562161","刘朔","男","25754848","演员","是","66","25754848","琅琊榜","电视剧","2015-09-19","中国大陆","2015","剧情/古装","有评分","9.4","919060","919060","2939","51509745","55124371","2228","徐安谟"
"27565661","魏伟","男","35332289","演员","是","28","35332289","开端","电视剧","2022-01-11","中国大陆","2022","剧情","有评分","7.9","968506","968506","2766","70664627","55131371","2229","公交车公司办公室主任"
"27565661","魏伟","男","35033654","演员","否","999","35033654","山海情","电视剧","2021-01-12","中国大陆","2021","剧情","有评分","9.2","481571","481571","2105","70067357","55131371","2230","小刘主任"
"27565661","魏伟","男","30423905","演员","是","30","30423905","大江大河2","电视剧","2020-12-20","中国大陆","2020","剧情/历史","有评分","8.7","208072","208072","1345","60847859","55131371","2231","楚中天"
"27565661","魏伟","男","26665065","演员","是","35","26665065","琅琊榜之风起长林","电视剧","2017-12-18","中国大陆","2017","剧情/古装","有评分","8.4","210088","210088","1328","53330179","55131371","2232","迟将军"
"27565661","魏伟","男","26430092","选角","否","999","26430092","欢乐颂","电视剧","2016-04-18","中国大陆","2016","剧情/爱情","有评分","7.5","353514","353514","1628","52860233","55131371","2233",
"27565661","魏伟","男","26430092","演员","否","999","26430092","欢乐颂","电视剧","2016-04-18","中国大陆","2016","剧情/爱情","有评分","7.5","353514","353514","1628","52860233","55131371","2234","要债人"
"27565661","魏伟","男","26298935","演员","是","16","26298935","鬼吹灯之精绝古城","电视剧","2016-12-19","中国大陆","2016","剧情/悬疑/惊悚","有评分","7.9","274802","274802","1473","52597919","55131371","2235","王八万"
"27565661","魏伟","男","25870290","选角","否","999","25870290","温州两家人","电视剧","2015-11-26","中国大陆","2015","剧情","有评分","7.8","7118","7118","236","51740629","55131371","2236",
"27565661","魏伟","男","25754848","演员","是","31","25754848","琅琊榜","电视剧","2015-09-19","中国大陆","2015","剧情/古装","有评分","9.4","919060","919060","2939","51509745","55131371","2237","童路"
"27562685","梁诗冉","女","26683725","演员","是","58","26683725","外科风云","电视剧","2017-04-17","中国大陆","2017","剧情/爱情","有评分","7.3","94754","94754","832","53367499","55125419","2238","张茜"
"37156163","应振南","男","35588265","演员","否","999","35588265","樱桃琥珀","电视剧","2025-07-14","中国大陆","2025","剧情/爱情","有评分","5.7","38891","38891","471","71176579","74312375","2239","表白男孩"
"36889719","焦雪睿","女","35588265","演员","否","999","35588265","樱桃琥珀","电视剧","2025-07-14","中国大陆","2025","剧情/爱情","有评分","5.7","38891","38891","471","71176579","73779487","2240","白韵"
"37055057","午圣","男","35588265","演员","是","8","35588265","樱桃琥珀","电视剧","2025-07-14","中国大陆","2025","剧情/爱情","有评分","5.7","38891","38891","471","71176579","74110163","2241","余樵"
"36654787","申林","女","26779426","演员","否","999","26779426","欢乐颂3","电视剧","2022-08-11","中国大陆","2022","剧情/爱情","有评分","4.9","41716","41716","452","53558901","73309623","2242",
"36522509","姜莉","女","30421903","演员","否","999","30421903","淬火年代","电视剧","2025-06-18","中国大陆","2025","剧情","有评分","7.0","21373","21373","387","60843855","73045067","2243","范小龙妻子"
"36550804","李依心","女","36571896","演员","否","999","36571896","命悬一生","电视剧","2025-10-11","中国大陆","2025","剧情/悬疑","有评分","7.7","85010","85010","809","73143841","73101657","2244","阿玲"
"37089387","徐奥俊","男","36571896","演员","是","7","36571896","命悬一生","电视剧","2025-10-11","中国大陆","2025","剧情/悬疑","有评分","7.7","85010","85010","809","73143841","74178823","2245","童浩"
"37454355","李盈慧","女","26683725","演员","否","999","26683725","外科风云","电视剧","2017-04-17","中国大陆","2017","剧情/爱情","有评分","7.3","94754","94754","832","53367499","74908759","2246",
"37454355","李盈慧","女","26665065","演员","否","999","26665065","琅琊榜之风起长林","电视剧","2017-12-18","中国大陆","2017","剧情/古装","有评分","8.4","210088","210088","1328","53330179","74908759","2247",
"36091736","李胜楠","女","27088993","演员","否","999","27088993","都挺好","电视剧","2019-03-01","中国大陆","2019","剧情/家庭","有评分","7.7","394106","394106","1742","54178035","72183521","2250",
"36153891","王蔷","女","36534750","演员","否","999","36534750","小巷人家","电视剧","2024-10-28","中国大陆","2024","剧情/家庭","有评分","8.4","287902","287902","1555","73069549","72307831","2251","学生处干事"
"36153891","王蔷","女","35321446","演员","否","999","35321446","大江大河之岁月如歌","电视剧","2024-01-08","中国大陆","2024","剧情","有评分","8.0","72953","72953","764","70642941","72307831","2252","农药厂财务"
"36153891","王蔷","女","34792295","演员","否","999","34792295","乔家的儿女","电视剧","2021-08-17","中国大陆","2021","剧情/家庭","有评分","7.7","235622","235622","1347","69584639","72307831","2253",
"30432049","刘贾玺","女","34792295","演员","是","75","34792295","乔家的儿女","电视剧","2021-08-17","中国大陆","2021","剧情/家庭","有评分","7.7","235622","235622","1347","69584639","60864147","2254","小慧"
"30432049","刘贾玺","女","26665065","演员","否","999","26665065","琅琊榜之风起长林","电视剧","2017-12-18","中国大陆","2017","剧情/古装","有评分","8.4","210088","210088","1328","53330179","60864147","2255","素心"
"35452625","孔祥海","男","35613241","演员","否","999","35613241","县委大院","电视剧","2022-12-07","中国大陆","2022","剧情","有评分","6.8","109693","109693","864","71226531","70905299","2256","白树新"
"30218799","郭思达","男","26671336","原创音乐","否","999","26671336","得闲谨制","电影","2025-12-06","中国大陆","2025","剧情/战争","有评分","6.9","268554","268554","1361","53342721","60437647","2257",
"30367399","郜玄铭","男","26671336","演员","否","999","26671336","得闲谨制","电影","2025-12-06","中国大陆","2025","剧情/战争","有评分","6.9","268554","268554","1361","53342721","60734847","2258","门牙"
"34853744","杨振宇","男","35033654","摄影指导","否","999","35033654","山海情","电视剧","2021-01-12","中国大陆","2021","剧情","有评分","9.2","481571","481571","2105","70067357","69707537","2259",
"27577033","鲁照华","女","35033654","演员","否","999","35033654","山海情","电视剧","2021-01-12","中国大陆","2021","剧情","有评分","9.2","481571","481571","2105","70067357","55154115","2260","张一娟"
"34785625","赵婉鹭山","女","36189205","演员","否","999","36189205","凡人歌","电视剧","2024-08-31","中国大陆","2024","剧情/喜剧","有评分","7.7","77700","77700","773","72378459","69571299","2261","保姆张姐"
"35451322","周俞辰","男","35588265","演员","否","999","35588265","樱桃琥珀","电视剧","2025-07-14","中国大陆","2025","剧情/爱情","有评分","5.7","38891","38891","471","71176579","70902693","2262","小峤西"
"35061499","左林杰","男","35588265","演员","是","10","35588265","樱桃琥珀","电视剧","2025-07-14","中国大陆","2025","剧情/爱情","有评分","5.7","38891","38891","471","71176579","70123047","2263","蔡方元"
"27577080","史艳","女","26928226","演员","否","999","26928226","知否知否应是绿肥红瘦","电视剧","2018-12-25","中国大陆","2018","剧情/爱情/古装","有评分","8.0","695224","695224","2358","53856501","55154209","2264","房妈妈"
"27575624","田淼","女","35321446","演员","否","999","35321446","大江大河之岁月如歌","电视剧","2024-01-08","中国大陆","2024","剧情","有评分","8.0","72953","72953","764","70642941","55151297","2265","雷正山妈"
"27575624","田淼","女","26928226","演员","否","999","26928226","知否知否应是绿肥红瘦","电视剧","2018-12-25","中国大陆","2018","剧情/爱情/古装","有评分","8.0","695224","695224","2358","53856501","55151297","2266","樊妈妈"
"27570723","董可飞","男","33442331","演员","是","46","33442331","我是余欢水","电视剧","2020-04-06","中国大陆","2020","剧情","有评分","7.3","324953","324953","1540","66884711","55141495","2267","陈大壮"
"27570723","董可飞","男","26779426","演员","否","999","26779426","欢乐颂3","电视剧","2022-08-11","中国大陆","2022","剧情/爱情","有评分","4.9","41716","41716","452","53558901","55141495","2268","叶方"
"27663651","徐晴","女","36571896","演员","否","999","36571896","命悬一生","电视剧","2025-10-11","中国大陆","2025","剧情/悬疑","有评分","7.7","85010","85010","809","73143841","55327351","2269","阿柠"
"30440734","郑云龙","男","26759908","演唱","否","999","26759908","清平乐","电视剧","2020-04-07","中国大陆","2020","剧情/古装","有评分","6.4","173456","173456","1054","53519865","60881517","2270",
"27563473","丁嘉文","男","26759908","演员","是","21","26759908","清平乐","电视剧","2020-04-07","中国大陆","2020","剧情/古装","有评分","6.4","173456","173456","1054","53519865","55126995","2271","曹评"
"30274073","任敏","女","26759908","演员","是","3","26759908","清平乐","电视剧","2020-04-07","中国大陆","2020","剧情/古装","有评分","6.4","173456","173456","1054","53519865","60548195","2272","赵徽柔"
"35744911","刘祉驿","男","35332289","演员","是","46","35332289","开端","电视剧","2022-01-11","中国大陆","2022","剧情","有评分","7.9","968506","968506","2766","70664627","71489871","2273","男学生"
"35165489","杨永文","男","25754848","演员","是","116","25754848","琅琊榜","电视剧","2015-09-19","中国大陆","2015","剧情/古装","有评分","9.4","919060","919060","2939","51509745","70331027","2274","费亦升"
"27569670","王铮","男","25994712","演员","是","13","25994712","伪装者","电视剧","2015-08-31","中国大陆","2015","剧情/悬疑","有评分","8.6","382758","382758","1814","51989473","55139389","2284","郭骑云"
"30337708","姿娜","女","26797690","演员","否","999","26797690","大江大河","电视剧","2018-12-10","中国大陆","2018","剧情","有评分","8.8","260126","260126","1513","53595429","60675465","2285","秘书"
"35422952","周莛汉","男","36534750","现场副导演","否","999","36534750","小巷人家","电视剧","2024-10-28","中国大陆","2024","剧情/家庭","有评分","8.4","287902","287902","1555","73069549","70845953","2286",
"27569442","曲博","男","36534750","演员","否","999","36534750","小巷人家","电视剧","2024-10-28","中国大陆","2024","剧情/家庭","有评分","8.4","287902","287902","1555","73069549","55138933","2287","李一鸣"
"30423866","李庆誉","男","36534750","演员","是","13","36534750","小巷人家","电视剧","2024-10-28","中国大陆","2024","剧情/家庭","有评分","8.4","287902","287902","1555","73069549","60847781","2288","林栋哲(少年"
"30423866","李庆誉","男","33442331","演员","是","10","33442331","我是余欢水","电视剧","2020-04-06","中国大陆","2020","剧情","有评分","7.3","324953","324953","1540","66884711","60847781","2289","小余晨"
"27576542","郭浩然","男","26665065","配音","否","999","26665065","琅琊榜之风起长林","电视剧","2017-12-18","中国大陆","2017","剧情/古装","有评分","8.4","210088","210088","1328","53330179","55153133","2290",
"35898492","王资豪","男","34792298","演员","否","999","34792298","相逢时节","电视剧","2022-02-23","中国大陆","2022","剧情","有评分","4.9","33169","33169","403","69584645","71797033","2291","吴迪（小胖）"
"27582077","洪洋","男","35613241","演员","否","999","35613241","县委大院","电视剧","2022-12-07","中国大陆","2022","剧情","有评分","6.8","109693","109693","864","71226531","55164203","2292","赵乐恒"
"36085854","吴健","男","36534750","演员","否","999","36534750","小巷人家","电视剧","2024-10-28","中国大陆","2024","剧情/家庭","有评分","8.4","287902","287902","1555","73069549","72171757","2293","人事处处长"
"36085854","吴健","男","35613241","演员","否","999","35613241","县委大院","电视剧","2022-12-07","中国大陆","2022","剧情","有评分","6.8","109693","109693","864","71226531","72171757","2294","彭乡长"
"35801335","杨烨儿","女","35613241","演员","是","45","35613241","县委大院","电视剧","2022-12-07","中国大陆","2022","剧情","有评分","6.8","109693","109693","864","71226531","71602719","2295","青年乔麦"
"35165426","海玲","女","35033654","演员","是","27","35033654","山海情","电视剧","2021-01-12","中国大陆","2021","剧情","有评分","9.2","481571","481571","2105","70067357","70330901","2296","高青峡妈妈"
"30487888","艾闻","男","33442331","造型设计","否","999","33442331","我是余欢水","电视剧","2020-04-06","中国大陆","2020","剧情","有评分","7.3","324953","324953","1540","66884711","60975825","2297",
"30487888","艾闻","男","27088993","造型设计","否","999","27088993","都挺好","电视剧","2019-03-01","中国大陆","2019","剧情/家庭","有评分","7.7","394106","394106","1742","54178035","60975825","2298",
"30487888","艾闻","男","26430092","造型师","否","999","26430092","欢乐颂","电视剧","2016-04-18","中国大陆","2016","剧情/爱情","有评分","7.5","353514","353514","1628","52860233","60975825","2299",
"35036430","林乐炫","女","34792296","演员","是","16","34792296","欢迎光临","电视剧","2022-05-18","中国大陆","2022","剧情/喜剧/爱情","有评分","6.4","56516","56516","601","69584641","70072909","2300","小丽"
"35036430","林乐炫","女","33442331","演员","否","999","33442331","我是余欢水","电视剧","2020-04-06","中国大陆","2020","剧情","有评分","7.3","324953","324953","1540","66884711","70072909","2301","电视台主持人"
"35419167","乔尔·阿德里安","男","26088457","演员","否","999","26088457","他来了，请闭眼","电视剧","2015-10-15","中国大陆","2015","剧情/悬疑","有评分","6.7","74395","74395","706","52176963","70838383","2302","Evans"
"27614775","王子桀","男","26928226","演员","是","47","26928226","知否知否应是绿肥红瘦","电视剧","2018-12-25","中国大陆","2018","剧情/爱情/古装","有评分","8.0","695224","695224","2358","53856501","55229599","2303","不为"
"27577591","叶轩彤","男","26928226","演员","是","37","26928226","知否知否应是绿肥红瘦","电视剧","2018-12-25","中国大陆","2018","剧情/爱情/古装","有评分","8.0","695224","695224","2358","53856501","55155231","2304","大蓉姐儿"
"27570452","张雅玫","女","30421903","演员","否","999","30421903","淬火年代","电视剧","2025-06-18","中国大陆","2025","剧情","有评分","7.0","21373","21373","387","60843855","55140953","2305","阿娅"
"30157439","薛昊婧","女","35613241","演员","是","40","35613241","县委大院","电视剧","2022-12-07","中国大陆","2022","剧情","有评分","6.8","109693","109693","864","71226531","60314927","2306","江霞"
"30157439","薛昊婧","女","34792296","演员","是","8","34792296","欢迎光临","电视剧","2022-05-18","中国大陆","2022","剧情/喜剧/爱情","有评分","6.4","56516","56516","601","69584641","60314927","2307","冯远叶/豆子"
"30157439","薛昊婧","女","30421903","演员","是","21","30421903","淬火年代","电视剧","2025-06-18","中国大陆","2025","剧情","有评分","7.0","21373","21373","387","60843855","60314927","2308","陈其凡"
"27583130","吕承珏","男","26779426","演员","否","999","26779426","欢乐颂3","电视剧","2022-08-11","中国大陆","2022","剧情/爱情","有评分","4.9","41716","41716","452","53558901","55166309","2309",
"35340163","崔颖儿","女","36571896","演员","否","999","36571896","命悬一生","电视剧","2025-10-11","中国大陆","2025","剧情/悬疑","有评分","7.7","85010","85010","809","73143841","70680375","2310","颖儿"
"27562495","石俊辉","男","36571896","演员","否","999","36571896","命悬一生","电视剧","2025-10-11","中国大陆","2025","剧情/悬疑","有评分","7.7","85010","85010","809","73143841","55125039","2311","保安王哥"
"35047521","季佰超","男","36534750","摄影指导","否","999","36534750","小巷人家","电视剧","2024-10-28","中国大陆","2024","剧情/家庭","有评分","8.4","287902","287902","1555","73069549","70095091","2312",
"35047521","季佰超","男","34792295","摄影指导","否","999","34792295","乔家的儿女","电视剧","2021-08-17","中国大陆","2021","剧情/家庭","有评分","7.7","235622","235622","1347","69584639","70095091","2313",
"35047521","季佰超","男","26928226","摄影指导","否","999","26928226","知否知否应是绿肥红瘦","电视剧","2018-12-25","中国大陆","2018","剧情/爱情/古装","有评分","8.0","695224","695224","2358","53856501","70095091","2314",
"35047521","季佰超","男","26759908","摄影指导","否","999","26759908","清平乐","电视剧","2020-04-07","中国大陆","2020","剧情/古装","有评分","6.4","173456","173456","1054","53519865","70095091","2315",
"35047521","季佰超","男","26743573","摄影指导","否","999","26743573","欢乐颂2","电视剧","2017-05-11","中国大陆","2017","剧情/爱情","有评分","5.4","154450","154450","913","53487195","70095091","2316",
"35047521","季佰超","男","26345137","摄影指导","否","999","26345137","如果蜗牛有爱情","电视剧","2016-10-24","中国大陆","2016","剧情/爱情/悬疑","有评分","7.2","105271","105271","871","52690323","70095091","2317",
"35047521","季佰超","男","26088457","摄影指导","否","999","26088457","他来了，请闭眼","电视剧","2015-10-15","中国大陆","2015","剧情/悬疑","有评分","6.7","74395","74395","706","52176963","70095091","2318",
"35047521","季佰超","男","25870290","摄影师","否","999","25870290","温州两家人","电视剧","2015-11-26","中国大陆","2015","剧情","有评分","7.8","7118","7118","236","51740629","70095091","2319",
"34971581","高寿","男","26759908","演员","否","999","26759908","清平乐","电视剧","2020-04-07","中国大陆","2020","剧情/古装","有评分","6.4","173456","173456","1054","53519865","69943211","2320","李若谷"
"27581943","汪坚辛","男","26759908","演员","否","999","26759908","清平乐","电视剧","2020-04-07","中国大陆","2020","剧情/古装","有评分","6.4","173456","173456","1054","53519865","55163935","2321","江德明"
"30296067","魏宸靓","女","26759908","演员","否","999","26759908","清平乐","电视剧","2020-04-07","中国大陆","2020","剧情/古装","有评分","6.4","173456","173456","1054","53519865","60592183","2322","杜有衡"
"27563406","周帅","男","26759908","演员","是","31","26759908","清平乐","电视剧","2020-04-07","中国大陆","2020","剧情/古装","有评分","6.4","173456","173456","1054","53519865","55126861","2323","蔡襄"
"34853795","曾柯琅","男","35332289","演员","是","8","35332289","开端","电视剧","2022-01-11","中国大陆","2022","剧情","有评分","7.9","968506","968506","2766","70664627","69707639","2324","卢笛"
"30402799","龚宇","男","35033654","出品人","否","999","35033654","山海情","电视剧","2021-01-12","中国大陆","2021","剧情","有评分","9.2","481571","481571","2105","70067357","60805647","2325",
"30402799","龚宇","男","33442331","出品人","否","999","33442331","我是余欢水","电视剧","2020-04-06","中国大陆","2020","剧情","有评分","7.3","324953","324953","1540","66884711","60805647","2326",
"30402799","龚宇","男","30423905","出品人","否","999","30423905","大江大河2","电视剧","2020-12-20","中国大陆","2020","剧情/历史","有评分","8.7","208072","208072","1345","60847859","60805647","2327",
"30402799","龚宇","男","27088993","出品人","否","999","27088993","都挺好","电视剧","2019-03-01","中国大陆","2019","剧情/家庭","有评分","7.7","394106","394106","1742","54178035","60805647","2328",
"30402799","龚宇","男","26928226","出品人","否","999","26928226","知否知否应是绿肥红瘦","电视剧","2018-12-25","中国大陆","2018","剧情/爱情/古装","有评分","8.0","695224","695224","2358","53856501","60805647","2329",
"30402799","龚宇","男","26797690","出品人","否","999","26797690","大江大河","电视剧","2018-12-10","中国大陆","2018","剧情","有评分","8.8","260126","260126","1513","53595429","60805647","2330",
"30402799","龚宇","男","26743573","总监制","否","999","26743573","欢乐颂2","电视剧","2017-05-11","中国大陆","2017","剧情/爱情","有评分","5.4","154450","154450","913","53487195","60805647","2331",
"30402799","龚宇","男","26665065","出品人","否","999","26665065","琅琊榜之风起长林","电视剧","2017-12-18","中国大陆","2017","剧情/古装","有评分","8.4","210088","210088","1328","53330179","60805647","2332",
"30402799","龚宇","男","25754848","出品人","否","999","25754848","琅琊榜","电视剧","2015-09-19","中国大陆","2015","剧情/古装","有评分","9.4","919060","919060","2939","51509745","60805647","2333",
"36205082","王光","男","36534750","副导演","否","999","36534750","小巷人家","电视剧","2024-10-28","中国大陆","2024","剧情/家庭","有评分","8.4","287902","287902","1555","73069549","72410213","2334",
"36205082","王光","男","25754848","演员","是","80","25754848","琅琊榜","电视剧","2015-09-19","中国大陆","2015","剧情/古装","有评分","9.4","919060","919060","2939","51509745","72410213","2335","淮王"
"30302221","崔立明","男","26759908","演员","否","999","26759908","清平乐","电视剧","2020-04-07","中国大陆","2020","剧情/古装","有评分","6.4","173456","173456","1054","53519865","60604491","2336","张知白"
"30302221","崔立明","男","25754848","演员","是","112","25754848","琅琊榜","电视剧","2015-09-19","中国大陆","2015","剧情/古装","有评分","9.4","919060","919060","2939","51509745","60604491","2337","季师爷"
"37396222","章杰峰","男","35321446","演员","否","999","35321446","大江大河之岁月如歌","电视剧","2024-01-08","中国大陆","2024","剧情","有评分","8.0","72953","72953","764","70642941","74792493","2340","井长亭"
"37898950","郭坭尔","男","26671336","演员","否","999","26671336","得闲谨制","电影","2025-12-06","中国大陆","2025","剧情/战争","有评分","6.9","268554","268554","1361","53342721","75797949","2341","渣兵团"
"30288414","李严","男","27088993","演员","否","999","27088993","都挺好","电视剧","2019-03-01","中国大陆","2019","剧情/家庭","有评分","7.7","394106","394106","1742","54178035","60576877","2342","瘦子"
"34853110","黎瑞刚","男","25994712","出品人","否","999","25994712","伪装者","电视剧","2015-08-31","中国大陆","2015","剧情/悬疑","有评分","8.6","382758","382758","1814","51989473","69706269","2343",
"35707146","臧晋","男","25994712","演员","是","35","25994712","伪装者","电视剧","2015-08-31","中国大陆","2015","剧情/悬疑","有评分","8.6","382758","382758","1814","51989473","71414341","2344","日军中尉"
"35748132","杨程茗","男","26665065","演员","是","43","26665065","琅琊榜之风起长林","电视剧","2017-12-18","中国大陆","2017","剧情/古装","有评分","8.4","210088","210088","1328","53330179","71496313","2345","魏大人"
"30377966","董祚杭","男","34792298","演员","是","54","34792298","相逢时节","电视剧","2022-02-23","中国大陆","2022","剧情","有评分","4.9","33169","33169","403","69584645","60755981","2346","少年宁恕"
"35522498","宋炯明","男","35033654","总监制","否","999","35033654","山海情","电视剧","2021-01-12","中国大陆","2021","剧情","有评分","9.2","481571","481571","2105","70067357","71045045","2347",
"35522498","宋炯明","男","34792298","出品人","否","999","34792298","相逢时节","电视剧","2022-02-23","中国大陆","2022","剧情","有评分","4.9","33169","33169","403","69584645","71045045","2348",
"35522498","宋炯明","男","30423905","总监制","否","999","30423905","大江大河2","电视剧","2020-12-20","中国大陆","2020","剧情/历史","有评分","8.7","208072","208072","1345","60847859","71045045","2349",
"35404030","柴隽哲","男","35588265","演员","否","999","35588265","樱桃琥珀","电视剧","2025-07-14","中国大陆","2025","剧情/爱情","有评分","5.7","38891","38891","471","71176579","70808109","2350","体育老师"
"27572939","马启越","男","35588265","演员","是","9","35588265","樱桃琥珀","电视剧","2025-07-14","中国大陆","2025","剧情/爱情","有评分","5.7","38891","38891","471","71176579","55145927","2351","杜尚"
"35499286","杨栋","男","27088993","分组导演","否","999","27088993","都挺好","电视剧","2019-03-01","中国大陆","2019","剧情/家庭","有评分","7.7","394106","394106","1742","54178035","70998621","2352",
"35499286","杨栋","男","26743573","摄影指导","否","999","26743573","欢乐颂2","电视剧","2017-05-11","中国大陆","2017","剧情/爱情","有评分","5.4","154450","154450","913","53487195","70998621","2353",
"35499286","杨栋","男","26430092","摄影指导","否","999","26430092","欢乐颂","电视剧","2016-04-18","中国大陆","2016","剧情/爱情","有评分","7.5","353514","353514","1628","52860233","70998621","2354",
"35287817","王箫淇","女","26779426","演员","否","999","26779426","欢乐颂3","电视剧","2022-08-11","中国大陆","2022","剧情/爱情","有评分","4.9","41716","41716","452","53558901","70575683","2355",
"33478490","郁晓东","男","36534750","演员","否","999","36534750","小巷人家","电视剧","2024-10-28","中国大陆","2024","剧情/家庭","有评分","8.4","287902","287902","1555","73069549","66957029","2356","木工头"
"33478490","郁晓东","男","30423905","演员","否","999","30423905","大江大河2","电视剧","2020-12-20","中国大陆","2020","剧情/历史","有评分","8.7","208072","208072","1345","60847859","66957029","2357","老周"
"33478490","郁晓东","男","26759908","演员","否","999","26759908","清平乐","电视剧","2020-04-07","中国大陆","2020","剧情/古装","有评分","6.4","173456","173456","1054","53519865","66957029","2358","王举正"
"27564470","胡浩博","男","26759908","演员","是","33","26759908","清平乐","电视剧","2020-04-07","中国大陆","2020","剧情/古装","有评分","6.4","173456","173456","1054","53519865","55128989","2359","梁元生"
"35028460","刘子鹤","女","36534750","演员","是","20","36534750","小巷人家","电视剧","2024-10-28","中国大陆","2024","剧情/家庭","有评分","8.4","287902","287902","1555","73069549","70056969","2360","庄桦林"
"35028460","刘子鹤","女","35613241","演员","否","999","35613241","县委大院","电视剧","2022-12-07","中国大陆","2022","剧情","有评分","6.8","109693","109693","864","71226531","70056969","2361","穆宏妻子"
"35028460","刘子鹤","女","26759908","演员","是","30","26759908","清平乐","电视剧","2020-04-07","中国大陆","2020","剧情/古装","有评分","6.4","173456","173456","1054","53519865","70056969","2362","俞婕妤"
"34783426","马兰","女","36571896","演员","否","999","36571896","命悬一生","电视剧","2025-10-11","中国大陆","2025","剧情/悬疑","有评分","7.7","85010","85010","809","73143841","69566901","2363","曲大姨"
"34783426","马兰","女","35332289","演员","是","10","35332289","开端","电视剧","2022-01-11","中国大陆","2022","剧情","有评分","7.9","968506","968506","2766","70664627","69566901","2364","药婆"
"34467116","杨军","男","35613241","摄影指导","否","999","35613241","县委大院","电视剧","2022-12-07","中国大陆","2022","剧情","有评分","6.8","109693","109693","864","71226531","68934281","2365",
"34467116","杨军","男","34792296","摄影指导","否","999","34792296","欢迎光临","电视剧","2022-05-18","中国大陆","2022","剧情/喜剧/爱情","有评分","6.4","56516","56516","601","69584641","68934281","2366",
"34467116","杨军","男","30421903","摄影指导","否","999","30421903","淬火年代","电视剧","2025-06-18","中国大陆","2025","剧情","有评分","7.0","21373","21373","387","60843855","68934281","2367",
"34467116","杨军","男","26683725","摄影指导","否","999","26683725","外科风云","电视剧","2017-04-17","中国大陆","2017","剧情/爱情","有评分","7.3","94754","94754","832","53367499","68934281","2368",
"34467116","杨军","男","25994712","摄影指导","否","999","25994712","伪装者","电视剧","2015-08-31","中国大陆","2015","剧情/悬疑","有评分","8.6","382758","382758","1814","51989473","68934281","2369",
"27663666","郭紫铭","男","34792295","演员","是","22","34792295","乔家的儿女","电视剧","2021-08-17","中国大陆","2021","剧情/家庭","有评分","7.7","235622","235622","1347","69584639","55327381","2372","少年一成"
"34853821","侯雯元","男","34792295","演员","是","9","34792295","乔家的儿女","电视剧","2021-08-17","中国大陆","2021","剧情/家庭","有评分","7.7","235622","235622","1347","69584639","69707691","2373","戚成钢"
"34879865","孙千岚","女","27088993","演员","是","23","27088993","都挺好","电视剧","2019-03-01","中国大陆","2019","剧情/家庭","有评分","7.7","394106","394106","1742","54178035","69759779","2374","阿奇"
"34873069","卢昱晓","女","36534750","演员","是","8","36534750","小巷人家","电视剧","2024-10-28","中国大陆","2024","剧情/家庭","有评分","8.4","287902","287902","1555","73069549","69746187","2375","李佳"
"35800286","任留昕","男","34792298","编剧","是","6","34792298","相逢时节","电视剧","2022-02-23","中国大陆","2022","剧情","有评分","4.9","33169","33169","403","69584645","71600621","2376",
"35333002","孔歌子","女","35033654","视效总监","否","999","35033654","山海情","电视剧","2021-01-12","中国大陆","2021","剧情","有评分","9.2","481571","481571","2105","70067357","70666053","2377",
"35333002","孔歌子","女","34792296","特效总监","否","999","34792296","欢迎光临","电视剧","2022-05-18","中国大陆","2022","剧情/喜剧/爱情","有评分","6.4","56516","56516","601","69584641","70666053","2378",
"35333002","孔歌子","女","33442331","视觉特效","否","999","33442331","我是余欢水","电视剧","2020-04-06","中国大陆","2020","剧情","有评分","7.3","324953","324953","1540","66884711","70666053","2379",
"35036345","余俊生","男","35033654","出品人","否","999","35033654","山海情","电视剧","2021-01-12","中国大陆","2021","剧情","有评分","9.2","481571","481571","2105","70067357","70072739","2380",
"27573348","刘昊岩","男","35588265","演员","否","999","35588265","樱桃琥珀","电视剧","2025-07-14","中国大陆","2025","剧情/爱情","有评分","5.7","38891","38891","471","71176579","55146745","2381","汪宇"
"35702185","王博霄","男","36571896","演员","否","999","36571896","命悬一生","电视剧","2025-10-11","中国大陆","2025","剧情/悬疑","有评分","7.7","85010","85010","809","73143841","71404419","2382",
"35702185","王博霄","男","35613241","演员","否","999","35613241","县委大院","电视剧","2022-12-07","中国大陆","2022","剧情","有评分","6.8","109693","109693","864","71226531","71404419","2383","小卢"
"30300180","芦展翔","男","26759908","演员","否","999","26759908","清平乐","电视剧","2020-04-07","中国大陆","2020","剧情/古装","有评分","6.4","173456","173456","1054","53519865","60600409","2384","中宗实"
"27576231","初俊辰","男","26759908","演员","是","18","26759908","清平乐","电视剧","2020-04-07","中国大陆","2020","剧情/古装","有评分","6.4","173456","173456","1054","53519865","55152511","2385","司马光"
"27565881","吴其江","男","35613241","演员","是","14","35613241","县委大院","电视剧","2022-12-07","中国大陆","2022","剧情","有评分","6.8","109693","109693","864","71226531","55131811","2386","叶昌禾"
"27565881","吴其江","男","35332289","演员","是","22","35332289","开端","电视剧","2022-01-11","中国大陆","2022","剧情","有评分","7.9","968506","968506","2766","70664627","55131811","2387","朱师傅"
"27565881","吴其江","男","35321446","演员","否","999","35321446","大江大河之岁月如歌","电视剧","2024-01-08","中国大陆","2024","剧情","有评分","8.0","72953","72953","764","70642941","55131811","2388","陈平原"
"27565881","吴其江","男","35033654","演员","否","999","35033654","山海情","电视剧","2021-01-12","中国大陆","2021","剧情","有评分","9.2","481571","481571","2105","70067357","55131811","2389","陈所长"
"27565881","吴其江","男","34792295","演员","是","59","34792295","乔家的儿女","电视剧","2021-08-17","中国大陆","2021","剧情/家庭","有评分","7.7","235622","235622","1347","69584639","55131811","2390","沈叔叔"
"27565881","吴其江","男","30423905","演员","是","23","30423905","大江大河2","电视剧","2020-12-20","中国大陆","2020","剧情/历史","有评分","8.7","208072","208072","1345","60847859","55131811","2391","陈平原"
"27565881","吴其江","男","26797690","演员","是","14","26797690","大江大河","电视剧","2018-12-10","中国大陆","2018","剧情","有评分","8.8","260126","260126","1513","53595429","55131811","2392","陈平原"
"27565881","吴其江","男","26779426","演员","否","999","26779426","欢乐颂3","电视剧","2022-08-11","中国大陆","2022","剧情/爱情","有评分","4.9","41716","41716","452","53558901","55131811","2393",
"27568636","尤靖茹","女","35332289","演员","是","19","35332289","开端","电视剧","2022-01-11","中国大陆","2022","剧情","有评分","7.9","968506","968506","2766","70664627","55137321","2394","刘瑶"
"30302200","柳洋","男","34792298","演员","是","37","34792298","相逢时节","电视剧","2022-02-23","中国大陆","2022","剧情","有评分","4.9","33169","33169","403","69584645","60604449","2395","李博"
"30302200","柳洋","男","25994712","演员","是","31","25994712","伪装者","电视剧","2015-08-31","中国大陆","2015","剧情/悬疑","有评分","8.6","382758","382758","1814","51989473","60604449","2396","陈亮"
"30302200","柳洋","男","25754848","演员","是","47","25754848","琅琊榜","电视剧","2015-09-19","中国大陆","2015","剧情/古装","有评分","9.4","919060","919060","2939","51509745","60604449","2397","戚猛"
"37119451","郭小源","女","36534750","演员","否","999","36534750","小巷人家","电视剧","2024-10-28","中国大陆","2024","剧情/家庭","有评分","8.4","287902","287902","1555","73069549","74238951","2401","王琳"
"37110374","高晓雅","女","36534750","演员","否","999","36534750","小巷人家","电视剧","2024-10-28","中国大陆","2024","剧情/家庭","有评分","8.4","287902","287902","1555","73069549","74220797","2402","张敏(童年"
"37301468","孙亦鸿","男","26671336","演员","否","999","26671336","得闲谨制","电影","2025-12-06","中国大陆","2025","剧情/战争","有评分","6.9","268554","268554","1361","53342721","74602985","2403","水手"
"36953931","云住","女","35588265","原著作者","否","999","35588265","樱桃琥珀","电视剧","2025-07-14","中国大陆","2025","剧情/爱情","有评分","5.7","38891","38891","471","71176579","73907911","2404",
"37508916","马烁棋","男","30421903","演员","否","999","30421903","淬火年代","电视剧","2025-06-18","中国大陆","2025","剧情","有评分","7.0","21373","21373","387","60843855","75017881","2405","陆华东司机"
"36481599","陈沐民","男","36534750","演员","否","999","36534750","小巷人家","电视剧","2024-10-28","中国大陆","2024","剧情/家庭","有评分","8.4","287902","287902","1555","73069549","72963247","2406","庄振北"
"27561046","单瑛哲","男","25754848","演员","是","38","25754848","琅琊榜","电视剧","2015-09-19","中国大陆","2015","剧情/古装","有评分","9.4","919060","919060","2939","51509745","55122141","2407","聂锋"
"27560680","陈玺旭","男","35321446","演员","否","999","35321446","大江大河之岁月如歌","电视剧","2024-01-08","中国大陆","2024","剧情","有评分","8.0","72953","72953","764","70642941","55121409","2408","黄炳聪"
"27561483","徐钰涵","女","35033654","演员","是","67","35033654","山海情","电视剧","2021-01-12","中国大陆","2021","剧情","有评分","9.2","481571","481571","2105","70067357","55123015","2409","小水花"
"34853733","张熙唯","女","34792295","演员","是","29","34792295","乔家的儿女","电视剧","2021-08-17","中国大陆","2021","剧情/家庭","有评分","7.7","235622","235622","1347","69584639","69707515","2410","少年四美"
"35125950","王艺荻","女","35321446","演员","否","999","35321446","大江大河之岁月如歌","电视剧","2024-01-08","中国大陆","2024","剧情","有评分","8.0","72953","72953","764","70642941","70251949","2411","冯欣欣"
"35812535","宋美儿","女","34792298","演员","是","38","34792298","相逢时节","电视剧","2022-02-23","中国大陆","2022","剧情","有评分","4.9","33169","33169","403","69584645","71625119","2412","小江"
"35812470","张丽平","女","34792298","演员","是","29","34792298","相逢时节","电视剧","2022-02-23","中国大陆","2022","剧情","有评分","4.9","33169","33169","403","69584645","71624989","2413","田母"
"35812470","张丽平","女","34792295","演员","是","119","34792295","乔家的儿女","电视剧","2021-08-17","中国大陆","2021","剧情/家庭","有评分","7.7","235622","235622","1347","69584639","71624989","2414","戚成钢妈"
"27613105","周依然","女","26671336","演员","是","3","26671336","得闲谨制","电影","2025-12-06","中国大陆","2025","剧情/战争","有评分","6.9","268554","268554","1361","53342721","55226259","2415","夏橙"
"27562370","徐风","男","35613241","演员","否","999","35613241","县委大院","电视剧","2022-12-07","中国大陆","2022","剧情","有评分","6.8","109693","109693","864","71226531","55124789","2416"," 徐军大伯"
"27562370","徐风","男","30423905","演员","否","999","30423905","大江大河2","电视剧","2020-12-20","中国大陆","2020","剧情/历史","有评分","8.7","208072","208072","1345","60847859","55124789","2417","土地局副局长"
"35553583","孙思程","男","36534750","演员","是","14","36534750","小巷人家","电视剧","2024-10-28","中国大陆","2024","剧情/家庭","有评分","8.4","287902","287902","1555","73069549","71107215","2418","林栋哲(童年"
"35553583","孙思程","男","35588265","演员","否","999","35588265","樱桃琥珀","电视剧","2025-07-14","中国大陆","2025","剧情/爱情","有评分","5.7","38891","38891","471","71176579","71107215","2419","中余锦"
"34812390","王之民","男","36534750","演员","否","999","36534750","小巷人家","电视剧","2024-10-28","中国大陆","2024","剧情/家庭","有评分","8.4","287902","287902","1555","73069549","69624829","2420","李佳爸"
"34812390","王之民","男","35588265","演员","否","999","35588265","樱桃琥珀","电视剧","2025-07-14","中国大陆","2025","剧情/爱情","有评分","5.7","38891","38891","471","71176579","69624829","2421","校长"
"27610155","罗蓬","男","26088457","演员","否","999","26088457","他来了，请闭眼","电视剧","2015-10-15","中国大陆","2015","剧情/悬疑","有评分","6.7","74395","74395","706","52176963","55220359","2422","蔡叔"
"27562955","迈克尔·J·吉拉普","男","26088457","演员","否","999","26088457","他来了，请闭眼","电视剧","2015-10-15","中国大陆","2015","剧情/悬疑","有评分","6.7","74395","74395","706","52176963","55125959","2423",
"30240242","焦祺越","女","26928226","演员","否","999","26928226","知否知否应是绿肥红瘦","电视剧","2018-12-25","中国大陆","2018","剧情/爱情/古装","有评分","8.0","695224","695224","2358","53856501","60480533","2424","大邹氏"
"30240242","焦祺越","女","26430092","演员","否","999","26430092","欢乐颂","电视剧","2016-04-18","中国大陆","2016","剧情/爱情","有评分","7.5","353514","353514","1628","52860233","60480533","2425","林秘书"
"27573652","佘南南","女","26928226","演员","否","999","26928226","知否知否应是绿肥红瘦","电视剧","2018-12-25","中国大陆","2018","剧情/爱情/古装","有评分","8.0","695224","695224","2358","53856501","55147353","2426","孔嬷嬷"
"27565133","高远","男","30421903","演员","否","999","30421903","淬火年代","电视剧","2025-06-18","中国大陆","2025","剧情","有评分","7.0","21373","21373","387","60843855","55130315","2427","刘副总"
"35096688","蔡家明","男","35613241","演员","否","999","35613241","县委大院","电视剧","2022-12-07","中国大陆","2022","剧情","有评分","6.8","109693","109693","864","71226531","70193425","2428","小董"
"35096688","蔡家明","男","30421903","演员","否","999","30421903","淬火年代","电视剧","2025-06-18","中国大陆","2025","剧情","有评分","7.0","21373","21373","387","60843855","70193425","2429","孙海洋"
"35096688","蔡家明","男","26671336","演员","否","999","26671336","得闲谨制","电影","2025-12-06","中国大陆","2025","剧情/战争","有评分","6.9","268554","268554","1361","53342721","70193425","2430","渣兵团"
"33433135","赵思玫","女","26779426","演员","是","12","26779426","欢乐颂3","电视剧","2022-08-11","中国大陆","2022","剧情/爱情","有评分","4.9","41716","41716","452","53558901","66866319","2431",
"27565919","杨采钰","女","35321446","演员","是","4","35321446","大江大河之岁月如歌","电视剧","2024-01-08","中国大陆","2024","剧情","有评分","8.0","72953","72953","764","70642941","55131887","2432","梁思申"
"27565919","杨采钰","女","30423905","演员","是","4","30423905","大江大河2","电视剧","2020-12-20","中国大陆","2020","剧情/历史","有评分","8.7","208072","208072","1345","60847859","55131887","2433","梁思申"
"27565919","杨采钰","女","30421903","演员","是","16","30421903","淬火年代","电视剧","2025-06-18","中国大陆","2025","剧情","有评分","7.0","21373","21373","387","60843855","55131887","2434","梁思申"
"27565919","杨采钰","女","26779426","演员","是","2","26779426","欢乐颂3","电视剧","2022-08-11","中国大陆","2022","剧情/爱情","有评分","4.9","41716","41716","452","53558901","55131887","2435","方芷衡"
"27563243","李庚希","女","36571896","演员","是","2","36571896","命悬一生","电视剧","2025-10-11","中国大陆","2025","剧情/悬疑","有评分","7.7","85010","85010","809","73143841","55126535","2436","吴细妹"
"35492726","黄云云","女","26759908","演员","否","999","26759908","清平乐","电视剧","2020-04-07","中国大陆","2020","剧情/古装","有评分","6.4","173456","173456","1054","53519865","70985501","2437","袁彩绫"
"34958599","郑颖娴","女","26759908","演员","否","999","26759908","清平乐","电视剧","2020-04-07","中国大陆","2020","剧情/古装","有评分","6.4","173456","173456","1054","53519865","69917247","2438","灯坊小女儿"
"35024932","陈冠峄","男","26759908","演员","否","999","26759908","清平乐","电视剧","2020-04-07","中国大陆","2020","剧情/古装","有评分","6.4","173456","173456","1054","53519865","70049913","2439","镣子"
"27568877","郭政建","男","26665065","配音","否","999","26665065","琅琊榜之风起长林","电视剧","2017-12-18","中国大陆","2017","剧情/古装","有评分","8.4","210088","210088","1328","53330179","55137803","2440",
"27568877","郭政建","男","25754848","配音","否","999","25754848","琅琊榜","电视剧","2015-09-19","中国大陆","2015","剧情/古装","有评分","9.4","919060","919060","2939","51509745","55137803","2441",
"27562464","白玉","男","36571896","演员","是","23","36571896","命悬一生","电视剧","2025-10-11","中国大陆","2025","剧情/悬疑","有评分","7.7","85010","85010","809","73143841","55124977","2442","包五爷"
"27562464","白玉","男","26797690","演员","否","999","26797690","大江大河","电视剧","2018-12-10","中国大陆","2018","剧情","有评分","8.8","260126","260126","1513","53595429","55124977","2443","大叔"
"27562464","白玉","男","26683725","演员","是","57","26683725","外科风云","电视剧","2017-04-17","中国大陆","2017","剧情/爱情","有评分","7.3","94754","94754","832","53367499","55124977","2444","梁主任"
"27564862","张子墨","女","34792295","演员","是","100","34792295","乔家的儿女","电视剧","2021-08-17","中国大陆","2021","剧情/家庭","有评分","7.7","235622","235622","1347","69584639","55129773","2450","少年戚巧巧"
"27572937","赵蕴卓","女","26797690","演员","是","22","26797690","大江大河","电视剧","2018-12-10","中国大陆","2018","剧情","有评分","8.8","260126","260126","1513","53595429","55145923","2451","梁思申"
"35812563","郑凯榕","女","34792298","演员","是","50","34792298","相逢时节","电视剧","2022-02-23","中国大陆","2022","剧情","有评分","4.9","33169","33169","403","69584645","71625175","2452","青年邹婷婷"
"27614809","袁源","男","26298935","编剧","否","999","26298935","鬼吹灯之精绝古城","电视剧","2016-12-19","中国大陆","2016","剧情/悬疑/惊悚","有评分","7.9","274802","274802","1473","52597919","55229667","2453",
"30157491","王屿","男","34792296","演员","是","71","34792296","欢迎光临","电视剧","2022-05-18","中国大陆","2022","剧情/喜剧/爱情","有评分","6.4","56516","56516","601","69584641","60315031","2454","电影院情侣男"
"34430529","吕峰","男","30423905","美术指导","否","999","30423905","大江大河2","电视剧","2020-12-20","中国大陆","2020","剧情/历史","有评分","8.7","208072","208072","1345","60847859","68861107","2455",
"27578882","吕昀峰","男","30423905","演员","否","999","30423905","大江大河2","电视剧","2020-12-20","中国大陆","2020","剧情/历史","有评分","8.7","208072","208072","1345","60847859","55157813","2456","杨速"
"27578882","吕昀峰","男","26797690","演员","是","40","26797690","大江大河","电视剧","2018-12-10","中国大陆","2018","剧情","有评分","8.8","260126","260126","1513","53595429","55157813","2457","杨速"
"30243331","林君怡","女","35588265","演员","否","999","35588265","樱桃琥珀","电视剧","2025-07-14","中国大陆","2025","剧情/爱情","有评分","5.7","38891","38891","471","71176579","60486711","2458","耿晓青"
"27581541","黄星羱","男","35588265","演员","否","999","35588265","樱桃琥珀","电视剧","2025-07-14","中国大陆","2025","剧情/爱情","有评分","5.7","38891","38891","471","71176579","55163131","2459","齐乐"
"27563278","徐晟","男","27088993","演员","否","999","27088993","都挺好","电视剧","2019-03-01","中国大陆","2019","剧情/家庭","有评分","7.7","394106","394106","1742","54178035","55126605","2460","赵鹏"
"27563278","徐晟","男","26743573","演员","否","999","26743573","欢乐颂2","电视剧","2017-05-11","中国大陆","2017","剧情/爱情","有评分","5.4","154450","154450","913","53487195","55126605","2461","老刘"
"27564847","杜和倩","女","30421903","演员","否","999","30421903","淬火年代","电视剧","2025-06-18","中国大陆","2025","剧情","有评分","7.0","21373","21373","387","60843855","55129743","2462","魏姐"
"27564847","杜和倩","女","27088993","演员","否","999","27088993","都挺好","电视剧","2019-03-01","中国大陆","2019","剧情/家庭","有评分","7.7","394106","394106","1742","54178035","55129743","2463","周经理"
"27564847","杜和倩","女","26743573","演员","否","999","26743573","欢乐颂2","电视剧","2017-05-11","中国大陆","2017","剧情/爱情","有评分","5.4","154450","154450","913","53487195","55129743","2464","关雎尔上司"
"27564847","杜和倩","女","26665065","演员","否","999","26665065","琅琊榜之风起长林","电视剧","2017-12-18","中国大陆","2017","剧情/古装","有评分","8.4","210088","210088","1328","53330179","55129743","2465","荀府嬷嬷"
"34806938","蔡卓音","女","36571896","演员","否","999","36571896","命悬一生","电视剧","2025-10-11","中国大陆","2025","剧情/悬疑","有评分","7.7","85010","85010","809","73143841","69613925","2466","法老王敏姐"
"35306105","许家乐","男","26759908","演员","否","999","26759908","清平乐","电视剧","2020-04-07","中国大陆","2020","剧情/古装","有评分","6.4","173456","173456","1054","53519865","70612259","2467","小书童"
"35156331","达来哈里呼","男","26928226","演员","否","999","26928226","知否知否应是绿肥红瘦","电视剧","2018-12-25","中国大陆","2018","剧情/爱情/古装","有评分","8.0","695224","695224","2358","53856501","70312711","2468",
"35156331","达来哈里呼","男","26759908","演员","否","999","26759908","清平乐","电视剧","2020-04-07","中国大陆","2020","剧情/古装","有评分","6.4","173456","173456","1054","53519865","70312711","2469",
"35013433","王伟安","男","26759908","演员","否","999","26759908","清平乐","电视剧","2020-04-07","中国大陆","2020","剧情/古装","有评分","6.4","173456","173456","1054","53519865","70026915","2470","杜衍"
"34912094","孙雅丽","女","26759908","演员","否","999","26759908","清平乐","电视剧","2020-04-07","中国大陆","2020","剧情/古装","有评分","6.4","173456","173456","1054","53519865","69824237","2471","顾采儿"
"27587110","王楚然","女","34792298","演员","是","15","34792298","相逢时节","电视剧","2022-02-23","中国大陆","2022","剧情","有评分","4.9","33169","33169","403","69584645","55174269","2472","程可欣"
"27587110","王楚然","女","26759908","演员","是","8","26759908","清平乐","电视剧","2020-04-07","中国大陆","2020","剧情/古装","有评分","6.4","173456","173456","1054","53519865","55174269","2473","张贵妃"
"35122780","范帅琦","女","35332289","演员","是","14","35332289","开端","电视剧","2022-01-11","中国大陆","2022","剧情","有评分","7.9","968506","968506","2766","70664627","70245609","2474","叶倩"
"35122780","范帅琦","女","35033654","演员","是","48","35033654","山海情","电视剧","2021-01-12","中国大陆","2021","剧情","有评分","9.2","481571","481571","2105","70067357","70245609","2475","许小妍"
"30302202","李帅","男","26430092","演员","否","999","26430092","欢乐颂","电视剧","2016-04-18","中国大陆","2016","剧情/爱情","有评分","7.5","353514","353514","1628","52860233","60604453","2476","关大禹"
"30302202","李帅","男","25754848","演员","是","37","25754848","琅琊榜","电视剧","2015-09-19","中国大陆","2015","剧情/古装","有评分","9.4","919060","919060","2939","51509745","60604453","2477","卫峥"
"35488556","李刚","男","26683725","剪辑指导","否","999","26683725","外科风云","电视剧","2017-04-17","中国大陆","2017","剧情/爱情","有评分","7.3","94754","94754","832","53367499","70977161","2478",
"35488556","李刚","男","26665065","剪辑","否","999","26665065","琅琊榜之风起长林","电视剧","2017-12-18","中国大陆","2017","剧情/古装","有评分","8.4","210088","210088","1328","53330179","70977161","2479",
"35488556","李刚","男","26298935","剪辑指导","否","999","26298935","鬼吹灯之精绝古城","电视剧","2016-12-19","中国大陆","2016","剧情/悬疑/惊悚","有评分","7.9","274802","274802","1473","52597919","70977161","2480",
"35488556","李刚","男","25994712","剪辑","否","999","25994712","伪装者","电视剧","2015-08-31","中国大陆","2015","剧情/悬疑","有评分","8.6","382758","382758","1814","51989473","70977161","2481",
"35488556","李刚","男","25754848","剪辑","否","999","25754848","琅琊榜","电视剧","2015-09-19","中国大陆","2015","剧情/古装","有评分","9.4","919060","919060","2939","51509745","70977161","2482",
"37129318","郭博弈","男","36534750","演员","否","999","36534750","小巷人家","电视剧","2024-10-28","中国大陆","2024","剧情/家庭","有评分","8.4","287902","287902","1555","73069549","74258685","2483","少年吴军"
"37887896","张龙","男","26671336","烟火指导","否","999","26671336","得闲谨制","电影","2025-12-06","中国大陆","2025","剧情/战争","有评分","6.9","268554","268554","1361","53342721","75775841","2484",
"36863702","邢辉","男","26671336","灯光指导","否","999","26671336","得闲谨制","电影","2025-12-06","中国大陆","2025","剧情/战争","有评分","6.9","268554","268554","1361","53342721","73727453","2485",
"36464441","王冰","男","34792296","演员","否","999","34792296","欢迎光临","电视剧","2022-05-18","中国大陆","2022","剧情/喜剧/爱情","有评分","6.4","56516","56516","601","69584641","72928931","2486","门童甲"
"36533908","孙莉莉","女","26759908","出品人","否","999","26759908","清平乐","电视剧","2020-04-07","中国大陆","2020","剧情/古装","有评分","6.4","173456","173456","1054","53519865","73067865","2487",
"36926962","马晨","女","35321446","演员","否","999","35321446","大江大河之岁月如歌","电视剧","2024-01-08","中国大陆","2024","剧情","有评分","8.0","72953","72953","764","70642941","73853973","2488",
"27560424","于白水","男","26671336","演员","否","999","26671336","得闲谨制","电影","2025-12-06","中国大陆","2025","剧情/战争","有评分","6.9","268554","268554","1361","53342721","55120897","2489","渣兵团"
"36151941","李昊洋","男","34792295","演员","是","91","34792295","乔家的儿女","电视剧","2021-08-17","中国大陆","2021","剧情/家庭","有评分","7.7","235622","235622","1347","69584639","72303931","2490","青年智勇"
"27567488","李文玲","女","36534750","演员","否","999","36534750","小巷人家","电视剧","2024-10-28","中国大陆","2024","剧情/家庭","有评分","8.4","287902","287902","1555","73069549","55135025","2491","张书记妈"
"36105029","刘同","男","35321446","演员","是","15","35321446","大江大河之岁月如歌","电视剧","2024-01-08","中国大陆","2024","剧情","有评分","8.0","72953","72953","764","70642941","72210107","2492","杜斌"
"27588574","任雅静","女","34792298","原创音乐","否","999","34792298","相逢时节","电视剧","2022-02-23","中国大陆","2022","剧情","有评分","4.9","33169","33169","403","69584645","55177197","2493",
"27578866","王小枪","男","35613241","编剧","是","1","35613241","县委大院","电视剧","2022-12-07","中国大陆","2022","剧情","有评分","6.8","109693","109693","864","71226531","55157781","2494",
"27619711","彭高唱","女","34792296","演员","是","36","34792296","欢迎光临","电视剧","2022-05-18","中国大陆","2022","剧情/喜剧/爱情","有评分","6.4","56516","56516","601","69584641","55239471","2495","小唱"
"35611953","雷舒羽","女","30423905","造型设计","否","999","30423905","大江大河2","电视剧","2020-12-20","中国大陆","2020","剧情/历史","有评分","8.7","208072","208072","1345","60847859","71223955","2496",
"34467235","王兆楠","男","35033654","总策划","否","999","35033654","山海情","电视剧","2021-01-12","中国大陆","2021","剧情","有评分","9.2","481571","481571","2105","70067357","68934519","2497",
"34467235","王兆楠","男","33442331","总编审","否","999","33442331","我是余欢水","电视剧","2020-04-06","中国大陆","2020","剧情","有评分","7.3","324953","324953","1540","66884711","68934519","2498",
"34467235","王兆楠","男","30423905","总策划","否","999","30423905","大江大河2","电视剧","2020-12-20","中国大陆","2020","剧情/历史","有评分","8.7","208072","208072","1345","60847859","68934519","2499",
"35185451","郭沐橙","女","35321446","演员","否","999","35321446","大江大河之岁月如歌","电视剧","2024-01-08","中国大陆","2024","剧情","有评分","8.0","72953","72953","764","70642941","70370951","2500","宋引"
"35185451","郭沐橙","女","30423905","演员","否","999","30423905","大江大河2","电视剧","2020-12-20","中国大陆","2020","剧情/历史","有评分","8.7","208072","208072","1345","60847859","70370951","2501","宋引（5岁）"
"35185451","郭沐橙","女","26797690","演员","否","999","26797690","大江大河","电视剧","2018-12-10","中国大陆","2018","剧情","有评分","8.8","260126","260126","1513","53595429","70370951","2502","宋引"
"27562579","蔡昌健","男","26430092","演员","否","999","26430092","欢乐颂","电视剧","2016-04-18","中国大陆","2016","剧情/爱情","有评分","7.5","353514","353514","1628","52860233","55125207","2503","资深顾问"
"35899989","王思尧","男","36534750","演员","否","999","36534750","小巷人家","电视剧","2024-10-28","中国大陆","2024","剧情/家庭","有评分","8.4","287902","287902","1555","73069549","71800027","2504","庄图南(少年"
"35899989","王思尧","男","35588265","演员","否","999","35588265","樱桃琥珀","电视剧","2025-07-14","中国大陆","2025","剧情/爱情","有评分","5.7","38891","38891","471","71176579","71800027","2505","小方元"
"30487889","候晓凌","男","34792298","剪辑","否","999","34792298","相逢时节","电视剧","2022-02-23","中国大陆","2022","剧情","有评分","4.9","33169","33169","403","69584645","60975827","2506",
"30487889","候晓凌","男","27088993","剪辑","否","999","27088993","都挺好","电视剧","2019-03-01","中国大陆","2019","剧情/家庭","有评分","7.7","394106","394106","1742","54178035","60975827","2507",
"30487889","候晓凌","男","26743573","剪辑指导","否","999","26743573","欢乐颂2","电视剧","2017-05-11","中国大陆","2017","剧情/爱情","有评分","5.4","154450","154450","913","53487195","60975827","2508",
"30487889","候晓凌","男","26430092","剪辑指导","否","999","26430092","欢乐颂","电视剧","2016-04-18","中国大陆","2016","剧情/爱情","有评分","7.5","353514","353514","1628","52860233","60975827","2509",
"30166609","张恒羽","女","26928226","演员","否","999","26928226","知否知否应是绿肥红瘦","电视剧","2018-12-25","中国大陆","2018","剧情/爱情/古装","有评分","8.0","695224","695224","2358","53856501","60333267","2510","嘉成县主"
"30182873","周铁男","男","35613241","演员","是","15","35613241","县委大院","电视剧","2022-12-07","中国大陆","2022","剧情","有评分","6.8","109693","109693","864","71226531","60365795","2511","肖俊学"
"30182873","周铁男","男","30421903","演员","是","20","30421903","淬火年代","电视剧","2025-06-18","中国大陆","2025","剧情","有评分","7.0","21373","21373","387","60843855","60365795","2512","罗庆"
"35013983","刘奕铁","男","30421903","演员","是","7","30421903","淬火年代","电视剧","2025-06-18","中国大陆","2025","剧情","有评分","7.0","21373","21373","387","60843855","70028015","2513","陆华东"
"35566910","罗意淳","女","34792298","演员","是","56","34792298","相逢时节","电视剧","2022-02-23","中国大陆","2022","剧情","有评分","4.9","33169","33169","403","69584645","71133869","2514","宝宝"
"35566910","罗意淳","女","26759908","演员","否","999","26759908","清平乐","电视剧","2020-04-07","中国大陆","2020","剧情/古装","有评分","6.4","173456","173456","1054","53519865","71133869","2515","九公主"
"27568875","刘校妤","女","26665065","配音","否","999","26665065","琅琊榜之风起长林","电视剧","2017-12-18","中国大陆","2017","剧情/古装","有评分","8.4","210088","210088","1328","53330179","55137799","2516",
"27568875","刘校妤","女","25754848","配音","否","999","25754848","琅琊榜","电视剧","2015-09-19","中国大陆","2015","剧情/古装","有评分","9.4","919060","919060","2939","51509745","55137799","2517",
"30262317","许占伟","男","25754848","演员","是","95","25754848","琅琊榜","电视剧","2015-09-19","中国大陆","2015","剧情/古装","有评分","9.4","919060","919060","2939","51509745","60524683","2518","老习"
"27567238","刘奕君","男","35332289","演员","是","3","35332289","开端","电视剧","2022-01-11","中国大陆","2022","剧情","有评分","7.9","968506","968506","2766","70664627","55134525","2519","张成"
"27567238","刘奕君","男","30421903","演员","是","13","30421903","淬火年代","电视剧","2025-06-18","中国大陆","2025","剧情","有评分","7.0","21373","21373","387","60843855","55134525","2520","陆广发"
"27567238","刘奕君","男","26683725","演员","是","10","26683725","外科风云","电视剧","2017-04-17","中国大陆","2017","剧情/爱情","有评分","7.3","94754","94754","832","53367499","55134525","2521","扬帆"
"27567238","刘奕君","男","26088457","演员","是","7","26088457","他来了，请闭眼","电视剧","2015-10-15","中国大陆","2015","剧情/悬疑","有评分","6.7","74395","74395","706","52176963","55134525","2522","裴泽"
"27567238","刘奕君","男","25994712","演员","是","8","25994712","伪装者","电视剧","2015-08-31","中国大陆","2015","剧情/悬疑","有评分","8.6","382758","382758","1814","51989473","55134525","2523","王天风"
"27567238","刘奕君","男","25870290","演员","是","5","25870290","温州两家人","电视剧","2015-11-26","中国大陆","2015","剧情","有评分","7.8","7118","7118","236","51740629","55134525","2524","石胜人/石胜天"
"27567238","刘奕君","男","25754848","演员","是","17","25754848","琅琊榜","电视剧","2015-09-19","中国大陆","2015","剧情/古装","有评分","9.4","919060","919060","2939","51509745","55134525","2525","谢玉"
"27588225","王瑞子","女","26797690","演员","是","34","26797690","大江大河","电视剧","2018-12-10","中国大陆","2018","剧情","有评分","8.8","260126","260126","1513","53595429","55176499","2531","刘启明"
"30161475","范丞丞","男","36534750","演员","是","5","36534750","小巷人家","电视剧","2024-10-28","中国大陆","2024","剧情/家庭","有评分","8.4","287902","287902","1555","73069549","60322999","2532","庄图南"
"34777798","李殿尊","男","34792298","演员","是","46","34792298","相逢时节","电视剧","2022-02-23","中国大陆","2022","剧情","有评分","4.9","33169","33169","403","69584645","69555645","2533","青年简宏成"
"35614592","张露","女","34792298","演员","是","35","34792298","相逢时节","电视剧","2022-02-23","中国大陆","2022","剧情","有评分","4.9","33169","33169","403","69584645","71229233","2534",
"34779640","赵亦骥","男","36534750","演员","是","24","36534750","小巷人家","电视剧","2024-10-28","中国大陆","2024","剧情/家庭","有评分","8.4","287902","287902","1555","73069549","69559329","2535","宋向阳"
"34779640","赵亦骥","男","35321446","演员","否","999","35321446","大江大河之岁月如歌","电视剧","2024-01-08","中国大陆","2024","剧情","有评分","8.0","72953","72953","764","70642941","69559329","2536","万广鑫"
"34779640","赵亦骥","男","34792296","演员","是","67","34792296","欢迎光临","电视剧","2022-05-18","中国大陆","2022","剧情/喜剧/爱情","有评分","6.4","56516","56516","601","69584641","69559329","2537","后勤员工"
"30470493","潘若瑶","女","26088457","演员","否","999","26088457","他来了，请闭眼","电视剧","2015-10-15","中国大陆","2015","剧情/悬疑","有评分","6.7","74395","74395","706","52176963","60941035","2538","郭晓玲"
"34817044","韦奕波","男","26743573","演员","否","999","26743573","欢乐颂2","电视剧","2017-05-11","中国大陆","2017","剧情/爱情","有评分","5.4","154450","154450","913","53487195","69634137","2539","刘总"
"27562219","张露","男","26928226","演员","否","999","26928226","知否知否应是绿肥红瘦","电视剧","2018-12-25","中国大陆","2018","剧情/爱情/古装","有评分","8.0","695224","695224","2358","53856501","55124487","2540","文炎敬"
"30364746","毛凡","男","26928226","演员","否","999","26928226","知否知否应是绿肥红瘦","电视剧","2018-12-25","中国大陆","2018","剧情/爱情/古装","有评分","8.0","695224","695224","2358","53856501","60729541","2541","卫姨夫"
"30180413","王艳梅","女","26928226","演员","是","41","26928226","知否知否应是绿肥红瘦","电视剧","2018-12-25","中国大陆","2018","剧情/爱情/古装","有评分","8.0","695224","695224","2358","53856501","60360875","2542","吴氏"
"27568200","刘楚恬","女","26928226","演员","是","34","26928226","知否知否应是绿肥红瘦","电视剧","2018-12-25","中国大陆","2018","剧情/爱情/古装","有评分","8.0","695224","695224","2358","53856501","55136449","2543","小明兰"
"30267775","艾米","女","35033654","演员","是","62","35033654","山海情","电视剧","2021-01-12","中国大陆","2021","剧情","有评分","9.2","481571","481571","2105","70067357","60535599","2544","得福女儿贝贝"
"30267775","艾米","女","34792298","演员","是","52","34792298","相逢时节","电视剧","2022-02-23","中国大陆","2022","剧情","有评分","4.9","33169","33169","403","69584645","60535599","2545","少年崔启真"
"30267775","艾米","女","26759908","演员","否","999","26759908","清平乐","电视剧","2020-04-07","中国大陆","2020","剧情/古装","有评分","6.4","173456","173456","1054","53519865","60535599","2546","少年高滔滔"
"34901560","王宏博","男","26759908","演员","否","999","26759908","清平乐","电视剧","2020-04-07","中国大陆","2020","剧情/古装","有评分","6.4","173456","173456","1054","53519865","69803169","2547","李璋"
"30374310","战宇","男","26759908","演员","否","999","26759908","清平乐","电视剧","2020-04-07","中国大陆","2020","剧情/古装","有评分","6.4","173456","173456","1054","53519865","60748669","2548","少年韩琦"
"27562235","刘若谷","男","26759908","演员","否","999","26759908","清平乐","电视剧","2020-04-07","中国大陆","2020","剧情/古装","有评分","6.4","173456","173456","1054","53519865","55124519","2549","童年赵祯"
"27562235","刘若谷","男","26088457","演员","否","999","26088457","他来了，请闭眼","电视剧","2015-10-15","中国大陆","2015","剧情/悬疑","有评分","6.7","74395","74395","706","52176963","55124519","2550","童年薄靳言"
"34793411","闫征","男","27088993","监制","否","999","27088993","都挺好","电视剧","2019-03-01","中国大陆","2019","剧情/家庭","有评分","7.7","394106","394106","1742","54178035","69586871","2551",
"34793411","闫征","男","26928226","监制","否","999","26928226","知否知否应是绿肥红瘦","电视剧","2018-12-25","中国大陆","2018","剧情/爱情/古装","有评分","8.0","695224","695224","2358","53856501","69586871","2552",
"34793411","闫征","男","26665065","监制","否","999","26665065","琅琊榜之风起长林","电视剧","2017-12-18","中国大陆","2017","剧情/古装","有评分","8.4","210088","210088","1328","53330179","69586871","2553",
"34793411","闫征","男","25754848","策划","否","999","25754848","琅琊榜","电视剧","2015-09-19","中国大陆","2015","剧情/古装","有评分","9.4","919060","919060","2939","51509745","69586871","2554",
"35186337","张博文","男","34792295","演员","是","63","34792295","乔家的儿女","电视剧","2021-08-17","中国大陆","2021","剧情/家庭","有评分","7.7","235622","235622","1347","69584639","70372723","2555","少年七七"
"35186337","张博文","男","26683725","演员","否","999","26683725","外科风云","电视剧","2017-04-17","中国大陆","2017","剧情/爱情","有评分","7.3","94754","94754","832","53367499","70372723","2556",
"37899053","林一辉","男","26671336","演员","否","999","26671336","得闲谨制","电影","2025-12-06","中国大陆","2025","剧情/战争","有评分","6.9","268554","268554","1361","53342721","75798155","2557","小福田"
"37225047","张思潼","女","30421903","演员","否","999","30421903","淬火年代","电视剧","2025-06-18","中国大陆","2025","剧情","有评分","7.0","21373","21373","387","60843855","74450143","2558","小桃子"
"36660930","张卓锴","男","26671336","演员","否","999","26671336","得闲谨制","电影","2025-12-06","中国大陆","2025","剧情/战争","有评分","6.9","268554","268554","1361","53342721","73321909","2559","船上民众"
"37806401","吕翊宁","男","26671336","演员","否","999","26671336","得闲谨制","电影","2025-12-06","中国大陆","2025","剧情/战争","有评分","6.9","268554","268554","1361","53342721","75612851","2560","渣兵团"
"37015021","付博文","男","30423905","演员","否","999","30423905","大江大河2","电视剧","2020-12-20","中国大陆","2020","剧情/历史","有评分","8.7","208072","208072","1345","60847859","74030091","2561","小王"
"37479811","张天卉","女","36571896","演员","否","999","36571896","命悬一生","电视剧","2025-10-11","中国大陆","2025","剧情/悬疑","有评分","7.7","85010","85010","809","73143841","74959671","2562","芳姐"
"37106755","房辉","男","36571896","制片人","否","999","36571896","命悬一生","电视剧","2025-10-11","中国大陆","2025","剧情/悬疑","有评分","7.7","85010","85010","809","73143841","74213559","2563",
"37106755","房辉","男","35321446","制片人","否","999","35321446","大江大河之岁月如歌","电视剧","2024-01-08","中国大陆","2024","剧情","有评分","8.0","72953","72953","764","70642941","74213559","2564",
"37106755","房辉","男","34792298","制片人","否","999","34792298","相逢时节","电视剧","2022-02-23","中国大陆","2022","剧情","有评分","4.9","33169","33169","403","69584645","74213559","2565",
"37106755","房辉","男","33442331","执行制片人","否","999","33442331","我是余欢水","电视剧","2020-04-06","中国大陆","2020","剧情","有评分","7.3","324953","324953","1540","66884711","74213559","2566",
"37106755","房辉","男","26779426","制片人","否","999","26779426","欢乐颂3","电视剧","2022-08-11","中国大陆","2022","剧情/爱情","有评分","4.9","41716","41716","452","53558901","74213559","2567",
"37106755","房辉","男","26683725","制片主任","否","999","26683725","外科风云","电视剧","2017-04-17","中国大陆","2017","剧情/爱情","有评分","7.3","94754","94754","832","53367499","74213559","2568",
"37106755","房辉","男","26665065","制片主任","否","999","26665065","琅琊榜之风起长林","电视剧","2017-12-18","中国大陆","2017","剧情/古装","有评分","8.4","210088","210088","1328","53330179","74213559","2569",
"37106755","房辉","男","26430092","制片主任","否","999","26430092","欢乐颂","电视剧","2016-04-18","中国大陆","2016","剧情/爱情","有评分","7.5","353514","353514","1628","52860233","74213559","2570",
"37106755","房辉","男","25994712","制片主任","否","999","25994712","伪装者","电视剧","2015-08-31","中国大陆","2015","剧情/悬疑","有评分","8.6","382758","382758","1814","51989473","74213559","2571",
"37106755","房辉","男","25754848","制片主任","否","999","25754848","琅琊榜","电视剧","2015-09-19","中国大陆","2015","剧情/古装","有评分","9.4","919060","919060","2939","51509745","74213559","2572",
"30166610","沐岚","女","33442331","演员","是","25","33442331","我是余欢水","电视剧","2020-04-06","中国大陆","2020","剧情","有评分","7.3","324953","324953","1540","66884711","60333269","2573","业主女朋友"
"35096835","邵逸凡","女","36534750","演员","否","999","36534750","小巷人家","电视剧","2024-10-28","中国大陆","2024","剧情/家庭","有评分","8.4","287902","287902","1555","73069549","70193719","2574","周老师"
"35677121","康界江","男","34792298","演员","是","51","34792298","相逢时节","电视剧","2022-02-23","中国大陆","2022","剧情","有评分","4.9","33169","33169","403","69584645","71354291","2575","班主任"
"27574198","郭秋成","男","34792298","演员","是","33","34792298","相逢时节","电视剧","2022-02-23","中国大陆","2022","剧情","有评分","4.9","33169","33169","403","69584645","55148445","2576","牛总"
"27562499","任洛敏","男","35613241","演员","是","44","35613241","县委大院","电视剧","2022-12-07","中国大陆","2022","剧情","有评分","6.8","109693","109693","864","71226531","55125047","2577","艾鲜枝父亲"
"27562499","任洛敏","男","30423905","演员","是","49","30423905","大江大河2","电视剧","2020-12-20","中国大陆","2020","剧情/历史","有评分","8.7","208072","208072","1345","60847859","55125047","2578","老专家"
"27562499","任洛敏","男","27088993","演员","否","999","27088993","都挺好","电视剧","2019-03-01","中国大陆","2019","剧情/家庭","有评分","7.7","394106","394106","1742","54178035","55125047","2579","老毛"
"34887896","胡嘉欣","女","35588265","演员","是","11","35588265","樱桃琥珀","电视剧","2025-07-14","中国大陆","2025","剧情/爱情","有评分","5.7","38891","38891","471","71176579","69775841","2580","岑小蔓"
"30248615","董颖达","女","30423905","作曲","否","999","30423905","大江大河2","电视剧","2020-12-20","中国大陆","2020","剧情/历史","有评分","8.7","208072","208072","1345","60847859","60497279","2581",
"30248615","董颖达","女","26797690","作曲","否","999","26797690","大江大河","电视剧","2018-12-10","中国大陆","2018","剧情","有评分","8.8","260126","260126","1513","53595429","60497279","2582",
"30248615","董颖达","女","26759908","作曲","否","999","26759908","清平乐","电视剧","2020-04-07","中国大陆","2020","剧情/古装","有评分","6.4","173456","173456","1054","53519865","60497279","2583",
"30248615","董颖达","女","26665065","作曲","否","999","26665065","琅琊榜之风起长林","电视剧","2017-12-18","中国大陆","2017","剧情/古装","有评分","8.4","210088","210088","1328","53330179","60497279","2584",
"35028518","梁家桐","男","35033654","演员","是","65","35033654","山海情","电视剧","2021-01-12","中国大陆","2021","剧情","有评分","9.2","481571","481571","2105","70067357","70057085","2585","得宝儿子强强"
"35028518","梁家桐","男","34792295","演员","是","23","34792295","乔家的儿女","电视剧","2021-08-17","中国大陆","2021","剧情/家庭","有评分","7.7","235622","235622","1347","69584639","70057085","2586","青年二强"
"35028518","梁家桐","男","26759908","演员","否","999","26759908","清平乐","电视剧","2020-04-07","中国大陆","2020","剧情/古装","有评分","6.4","173456","173456","1054","53519865","70057085","2587","小元生"
"27573279","陈芊桦","女","34792295","演员","是","27","34792295","乔家的儿女","电视剧","2021-08-17","中国大陆","2021","剧情/家庭","有评分","7.7","235622","235622","1347","69584639","55146607","2588","青年三丽"
"27573279","陈芊桦","女","26759908","演员","否","999","26759908","清平乐","电视剧","2020-04-07","中国大陆","2020","剧情/古装","有评分","6.4","173456","173456","1054","53519865","55146607","2589","小五"
"30155923","丁禹兮","男","26759908","演员","是","44","26759908","清平乐","电视剧","2020-04-07","中国大陆","2020","剧情/古装","有评分","6.4","173456","173456","1054","53519865","60311895","2590","苏轼"
"35732767","刘洪源","男","35332289","导演","是","2","35332289","开端","电视剧","2022-01-11","中国大陆","2022","剧情","有评分","7.9","968506","968506","2766","70664627","71465583","2591",
"35732767","刘洪源","男","35321446","导演","是","3","35321446","大江大河之岁月如歌","电视剧","2024-01-08","中国大陆","2024","剧情","有评分","8.0","72953","72953","764","70642941","71465583","2592",
"35732767","刘洪源","男","35033654","执行导演","否","999","35033654","山海情","电视剧","2021-01-12","中国大陆","2021","剧情","有评分","9.2","481571","481571","2105","70067357","71465583","2593",
"35732767","刘洪源","男","34792296","演员","是","75","34792296","欢迎光临","电视剧","2022-05-18","中国大陆","2022","剧情/喜剧/爱情","有评分","6.4","56516","56516","601","69584641","71465583","2594","香客甲"
"35732767","刘洪源","男","33442331","演员","否","999","33442331","我是余欢水","电视剧","2020-04-06","中国大陆","2020","剧情","有评分","7.3","324953","324953","1540","66884711","71465583","2595","路人"
"35732767","刘洪源","男","33442331","执行导演","否","999","33442331","我是余欢水","电视剧","2020-04-06","中国大陆","2020","剧情","有评分","7.3","324953","324953","1540","66884711","71465583","2596",
"35732767","刘洪源","男","30423905","执行导演","否","999","30423905","大江大河2","电视剧","2020-12-20","中国大陆","2020","剧情/历史","有评分","8.7","208072","208072","1345","60847859","71465583","2597",
"35732767","刘洪源","男","26683725","执行导演","否","999","26683725","外科风云","电视剧","2017-04-17","中国大陆","2017","剧情/爱情","有评分","7.3","94754","94754","832","53367499","71465583","2598",
"35732767","刘洪源","男","26665065","演员","否","999","26665065","琅琊榜之风起长林","电视剧","2017-12-18","中国大陆","2017","剧情/古装","有评分","8.4","210088","210088","1328","53330179","71465583","2599","钱参领"
"35732767","刘洪源","男","26665065","执行导演","否","999","26665065","琅琊榜之风起长林","电视剧","2017-12-18","中国大陆","2017","剧情/古装","有评分","8.4","210088","210088","1328","53330179","71465583","2600",
"35732767","刘洪源","男","25994712","副导演","否","999","25994712","伪装者","电视剧","2015-08-31","中国大陆","2015","剧情/悬疑","有评分","8.6","382758","382758","1814","51989473","71465583","2601",
"35732767","刘洪源","男","25754848","演员","是","83","25754848","琅琊榜","电视剧","2015-09-19","中国大陆","2015","剧情/古装","有评分","9.4","919060","919060","2939","51509745","71465583","2602","韩礼"
"36449814","罗栋","男","26665065","演员","否","999","26665065","琅琊榜之风起长林","电视剧","2017-12-18","中国大陆","2017","剧情/古装","有评分","8.4","210088","210088","1328","53330179","72899677","2606","吴副统领"
"30474720","林若惜","女","34792295","演员","是","26","34792295","乔家的儿女","电视剧","2021-08-17","中国大陆","2021","剧情/家庭","有评分","7.7","235622","235622","1347","69584639","60949489","2607","少年三丽"
"27581547","兰卡初","女","35613241","演员","否","999","35613241","县委大院","电视剧","2022-12-07","中国大陆","2022","剧情","有评分","6.8","109693","109693","864","71226531","55163143","2608","阿支卓玛"
"27581547","兰卡初","女","34792295","演员","是","123","34792295","乔家的儿女","电视剧","2021-08-17","中国大陆","2021","剧情/家庭","有评分","7.7","235622","235622","1347","69584639","55163143","2609","招待所女员工"
"27563491","李靖","男","35613241","演员","否","999","35613241","县委大院","电视剧","2022-12-07","中国大陆","2022","剧情","有评分","6.8","109693","109693","864","71226531","55127031","2610","赵三"
"35228747","章慧霞","女","26671336","联合制片人","否","999","26671336","得闲谨制","电影","2025-12-06","中国大陆","2025","剧情/战争","有评分","6.9","268554","268554","1361","53342721","70457543","2611",
"35775828","左晓龙","男","36571896","演员","否","999","36571896","命悬一生","电视剧","2025-10-11","中国大陆","2025","剧情/悬疑","有评分","7.7","85010","85010","809","73143841","71551705","2612","阿成"
"27566386","张隽溢","男","36571896","演员","否","999","36571896","命悬一生","电视剧","2025-10-11","中国大陆","2025","剧情/悬疑","有评分","7.7","85010","85010","809","73143841","55132821","2613","张哥"
"27566386","张隽溢","男","35613241","演员","否","999","35613241","县委大院","电视剧","2022-12-07","中国大陆","2022","剧情","有评分","6.8","109693","109693","864","71226531","55132821","2614","郝东风"
"27566386","张隽溢","男","35321446","演员","是","18","35321446","大江大河之岁月如歌","电视剧","2024-01-08","中国大陆","2024","剧情","有评分","8.0","72953","72953","764","70642941","55132821","2615","李建海"
"27566386","张隽溢","男","33442331","演员","是","8","33442331","我是余欢水","电视剧","2020-04-06","中国大陆","2020","剧情","有评分","7.3","324953","324953","1540","66884711","55132821","2616","徐二炮"
"27566386","张隽溢","男","26665065","演员","否","999","26665065","琅琊榜之风起长林","电视剧","2017-12-18","中国大陆","2017","剧情/古装","有评分","8.4","210088","210088","1328","53330179","55132821","2617","谭恒"
"34851526","洪士雅","女","26759908","演员","否","999","26759908","清平乐","电视剧","2020-04-07","中国大陆","2020","剧情/古装","有评分","6.4","173456","173456","1054","53519865","69703101","2618","董娘子"
"35950117","晋洲","男","35332289","摄影师","否","999","35332289","开端","电视剧","2022-01-11","中国大陆","2022","剧情","有评分","7.9","968506","968506","2766","70664627","71900283","2619",
"35950117","晋洲","男","34792296","摄影师","否","999","34792296","欢迎光临","电视剧","2022-05-18","中国大陆","2022","剧情/喜剧/爱情","有评分","6.4","56516","56516","601","69584641","71900283","2620",
"35950117","晋洲","男","33442331","摄影师","否","999","33442331","我是余欢水","电视剧","2020-04-06","中国大陆","2020","剧情","有评分","7.3","324953","324953","1540","66884711","71900283","2621",
"35950117","晋洲","男","30423905","摄影师","否","999","30423905","大江大河2","电视剧","2020-12-20","中国大陆","2020","剧情/历史","有评分","8.7","208072","208072","1345","60847859","71900283","2622",
"35154362","李华","男","25754848","演员","是","110","25754848","琅琊榜","电视剧","2015-09-19","中国大陆","2015","剧情/古装","有评分","9.4","919060","919060","2939","51509745","70308773","2623","文远伯"
"27565231","钟卫华","男","25754848","演员","是","27","25754848","琅琊榜","电视剧","2015-09-19","中国大陆","2015","剧情/古装","有评分","9.4","919060","919060","2939","51509745","55130511","2624","晏大夫"
"37868449","孟扬","男","26797690","文学责编","否","999","26797690","大江大河","电视剧","2018-12-10","中国大陆","2018","剧情","有评分","8.8","260126","260126","1513","53595429","75736947","2625",
"37113281","宋如茵","女","36534750","演员","否","999","36534750","小巷人家","电视剧","2024-10-28","中国大陆","2024","剧情/家庭","有评分","8.4","287902","287902","1555","73069549","74226611","2626","张敏"
"37113281","宋如茵","女","35588265","演员","否","999","35588265","樱桃琥珀","电视剧","2025-07-14","中国大陆","2025","剧情/爱情","有评分","5.7","38891","38891","471","71176579","74226611","2627","张老师"
"36462318","梁灏亿","女","26298935","后期制片","否","999","26298935","鬼吹灯之精绝古城","电视剧","2016-12-19","中国大陆","2016","剧情/悬疑/惊悚","有评分","7.9","274802","274802","1473","52597919","72924685","2628",
"37006881","孟可","女","26759908","演员","否","999","26759908","清平乐","电视剧","2020-04-07","中国大陆","2020","剧情/古装","有评分","6.4","173456","173456","1054","53519865","74013811","2629",
"27564243","李俊霆","男","27088993","演员","是","21","27088993","都挺好","电视剧","2019-03-01","中国大陆","2019","剧情/家庭","有评分","7.7","394106","394106","1742","54178035","55128535","2630","少年苏明成"
"36153916","骆磊","男","36534750","演员","否","999","36534750","小巷人家","电视剧","2024-10-28","中国大陆","2024","剧情/家庭","有评分","8.4","287902","287902","1555","73069549","72307881","2631","乘客甲"
"27569889","曲高位","男","26665065","演员","否","999","26665065","琅琊榜之风起长林","电视剧","2017-12-18","中国大陆","2017","剧情/古装","有评分","8.4","210088","210088","1328","53330179","55139827","2632","渭无忌"
"27581440","魏超","男","26665065","配音","否","999","26665065","琅琊榜之风起长林","电视剧","2017-12-18","中国大陆","2017","剧情/古装","有评分","8.4","210088","210088","1328","53330179","55162929","2633",
"27576540","韩啸","女","26665065","配音","否","999","26665065","琅琊榜之风起长林","电视剧","2017-12-18","中国大陆","2017","剧情/古装","有评分","8.4","210088","210088","1328","53330179","55153129","2634",
"30480044","冯筱童","男","35613241","演员","是","46","35613241","县委大院","电视剧","2022-12-07","中国大陆","2022","剧情","有评分","6.8","109693","109693","864","71226531","60960137","2635","青年曹立新"
"27573783","天下霸唱","男","26298935","编剧","是","2","26298935","鬼吹灯之精绝古城","电视剧","2016-12-19","中国大陆","2016","剧情/悬疑/惊悚","有评分","7.9","274802","274802","1473","52597919","55147615","2636",
"27589269","安万德","男","26671336","动作指导","否","999","26671336","得闲谨制","电影","2025-12-06","中国大陆","2025","剧情/战争","有评分","6.9","268554","268554","1361","53342721","55178587","2637",
"33394774","王磊","男","26671336","特效指导","否","999","26671336","得闲谨制","电影","2025-12-06","中国大陆","2025","剧情/战争","有评分","6.9","268554","268554","1361","53342721","66789597","2638",
"30292583","夏天尘","男","26671336","制片人","否","999","26671336","得闲谨制","电影","2025-12-06","中国大陆","2025","剧情/战争","有评分","6.9","268554","268554","1361","53342721","60585215","2639",
"27588712","石蕊","女","36189205","演员","否","999","36189205","凡人歌","电视剧","2024-08-31","中国大陆","2024","剧情/喜剧","有评分","7.7","77700","77700","773","72378459","55177473","2640","霞姐"
"27588712","石蕊","女","35613241","演员","否","999","35613241","县委大院","电视剧","2022-12-07","中国大陆","2022","剧情","有评分","6.8","109693","109693","864","71226531","55177473","2641","食堂小杨"
"27579364","黄伟","男","30423905","导演","是","2","30423905","大江大河2","电视剧","2020-12-20","中国大陆","2020","剧情/历史","有评分","8.7","208072","208072","1345","60847859","55158777","2642",
"27579364","黄伟","男","26797690","导演","是","2","26797690","大江大河","电视剧","2018-12-10","中国大陆","2018","剧情","有评分","8.8","260126","260126","1513","53595429","55158777","2643",
"34954330","生港帅","男","35588265","演员","否","999","35588265","樱桃琥珀","电视剧","2025-07-14","中国大陆","2025","剧情/爱情","有评分","5.7","38891","38891","471","71176579","69908709","2644","施展"
"35507452","黄麒麟儿","女","35588265","演员","否","999","35588265","樱桃琥珀","电视剧","2025-07-14","中国大陆","2025","剧情/爱情","有评分","5.7","38891","38891","471","71176579","71014953","2645","中野云"
"35900696","易辉","女","26928226","演员","否","999","26928226","知否知否应是绿肥红瘦","电视剧","2018-12-25","中国大陆","2018","剧情/爱情/古装","有评分","8.0","695224","695224","2358","53856501","71801441","2646",
"27579132","刘衍辰","男","26928226","演员","否","999","26928226","知否知否应是绿肥红瘦","电视剧","2018-12-25","中国大陆","2018","剧情/爱情/古装","有评分","8.0","695224","695224","2358","53856501","55158313","2647","余二郎"
"30441921","刘哲珲","男","26928226","演员","否","999","26928226","知否知否应是绿肥红瘦","电视剧","2018-12-25","中国大陆","2018","剧情/爱情/古装","有评分","8.0","695224","695224","2358","53856501","60883891","2648","顾廷炜"
"27578347","刘启恒","男","26779426","演员","否","999","26779426","欢乐颂3","电视剧","2022-08-11","中国大陆","2022","剧情/爱情","有评分","4.9","41716","41716","452","53558901","55156743","2649",
"35812553","李汶璟","男","34792298","演员","是","42","34792298","相逢时节","电视剧","2022-02-23","中国大陆","2022","剧情","有评分","4.9","33169","33169","403","69584645","71625155","2650","高主任"
"35812553","李汶璟","男","27088993","演员","否","999","27088993","都挺好","电视剧","2019-03-01","中国大陆","2019","剧情/家庭","有评分","7.7","394106","394106","1742","54178035","71625155","2651","链家经纪人A"
"35812553","李汶璟","男","26779426","演员","否","999","26779426","欢乐颂3","电视剧","2022-08-11","中国大陆","2022","剧情/爱情","有评分","4.9","41716","41716","452","53558901","71625155","2652",
"34908159","林子琳","女","36571896","演员","否","999","36571896","命悬一生","电视剧","2025-10-11","中国大陆","2025","剧情/悬疑","有评分","7.7","85010","85010","809","73143841","69816367","2653","鹃姐"
"35353258","白晶晶","女","35613241","演员","否","999","35613241","县委大院","电视剧","2022-12-07","中国大陆","2022","剧情","有评分","6.8","109693","109693","864","71226531","70706565","2654","真味居经理"
"35353258","白晶晶","女","30423905","演员","否","999","30423905","大江大河2","电视剧","2020-12-20","中国大陆","2020","剧情/历史","有评分","8.7","208072","208072","1345","60847859","70706565","2655","陈姐"
"35353258","白晶晶","女","26759908","演员","否","999","26759908","清平乐","电视剧","2020-04-07","中国大陆","2020","剧情/古装","有评分","6.4","173456","173456","1054","53519865","70706565","2656","贾昌朝妻"
"30312710","冯武生","男","26759908","演员","否","999","26759908","清平乐","电视剧","2020-04-07","中国大陆","2020","剧情/古装","有评分","6.4","173456","173456","1054","53519865","60625469","2657","鲁师道"
"33371769","娃尔","男","26759908","演员","否","999","26759908","清平乐","电视剧","2020-04-07","中国大陆","2020","剧情/古装","有评分","6.4","173456","173456","1054","53519865","66743587","2658","契丹太子"
"27661763","杨烁","男","26797690","演员","是","2","26797690","大江大河","电视剧","2018-12-10","中国大陆","2018","剧情","有评分","8.8","260126","260126","1513","53595429","55323575","2659","邵局长"
"27661763","杨烁","男","26759908","演员","是","36","26759908","清平乐","电视剧","2020-04-07","中国大陆","2020","剧情/古装","有评分","6.4","173456","173456","1054","53519865","55323575","2660","石介"
"35257581","柯利明","男","25754848","出品人","否","999","25754848","琅琊榜","电视剧","2015-09-19","中国大陆","2015","剧情/古装","有评分","9.4","919060","919060","2939","51509745","70515211","2661",
"30302206","张震","男","26797690","演员","否","999","26797690","大江大河","电视剧","2018-12-10","中国大陆","2018","剧情","有评分","8.8","260126","260126","1513","53595429","60604461","2662","高工"
"30302206","张震","男","26759908","演员","否","999","26759908","清平乐","电视剧","2020-04-07","中国大陆","2020","剧情/古装","有评分","6.4","173456","173456","1054","53519865","60604461","2663","庞籍"
"30302206","张震","男","25754848","演员","是","49","25754848","琅琊榜","电视剧","2015-09-19","中国大陆","2015","剧情/古装","有评分","9.4","919060","919060","2939","51509745","60604461","2664","灰鹞"
"30480207","许愿","女","26683725","演员","是","68","26683725","外科风云","电视剧","2017-04-17","中国大陆","2017","剧情/爱情","有评分","7.3","94754","94754","832","53367499","60960463","2665","白雪"
"27583494","昌隆","男","34792295","演员","是","18","34792295","乔家的儿女","电视剧","2021-08-17","中国大陆","2021","剧情/家庭","有评分","7.7","235622","235622","1347","69584639","55167037","2669","宋清远"
"36111675","邓莞千","女","36534750","演员","否","999","36534750","小巷人家","电视剧","2024-10-28","中国大陆","2024","剧情/家庭","有评分","8.4","287902","287902","1555","73069549","72223399","2670","王芳"
"36111675","邓莞千","女","34792295","演员","是","116","34792295","乔家的儿女","电视剧","2021-08-17","中国大陆","2021","剧情/家庭","有评分","7.7","235622","235622","1347","69584639","72223399","2671","数学老师"
"34865873","朱元浩","男","35321446","演员","否","999","35321446","大江大河之岁月如歌","电视剧","2024-01-08","中国大陆","2024","剧情","有评分","8.0","72953","72953","764","70642941","69731795","2672","刘景和"
"29636779","张晶晶","男","35613241","演员","否","999","35613241","县委大院","电视剧","2022-12-07","中国大陆","2022","剧情","有评分","6.8","109693","109693","864","71226531","59273607","2673"," 中年男村民"
"27573705","张艺上","女","26298935","演员","是","12","26298935","鬼吹灯之精绝古城","电视剧","2016-12-19","中国大陆","2016","剧情/悬疑/惊悚","有评分","7.9","274802","274802","1473","52597919","55147459","2674","英子"
"30406437","王三毛","男","35033654","编剧","是","2","35033654","山海情","电视剧","2021-01-12","中国大陆","2021","剧情","有评分","9.2","481571","481571","2105","70067357","60812923","2675",
"30406437","王三毛","男","33442331","编剧","是","1","33442331","我是余欢水","电视剧","2020-04-06","中国大陆","2020","剧情","有评分","7.3","324953","324953","1540","66884711","60812923","2676",
"30406437","王三毛","男","27088993","编剧","是","1","27088993","都挺好","电视剧","2019-03-01","中国大陆","2019","剧情/家庭","有评分","7.7","394106","394106","1742","54178035","60812923","2677",
"33476213","郑新胜","男","35033654","演员","否","999","35033654","山海情","电视剧","2021-01-12","中国大陆","2021","剧情","有评分","9.2","481571","481571","2105","70067357","66952475","2678","村干部甲"
"34967183","韩菲儿","女","30423905","演员","是","50","30423905","大江大河2","电视剧","2020-12-20","中国大陆","2020","剧情/历史","有评分","8.7","208072","208072","1345","60847859","69934415","2679","朱莉香"
"27575270","陈曦","女","27088993","作词","否","999","27088993","都挺好","电视剧","2019-03-01","中国大陆","2019","剧情/家庭","有评分","7.7","394106","394106","1742","54178035","55150589","2680",
"27575270","陈曦","女","26743573","作词","否","999","26743573","欢乐颂2","电视剧","2017-05-11","中国大陆","2017","剧情/爱情","有评分","5.4","154450","154450","913","53487195","55150589","2681",
"27562278","万潼","女","26743573","演员","否","999","26743573","欢乐颂2","电视剧","2017-05-11","中国大陆","2017","剧情/爱情","有评分","5.4","154450","154450","913","53487195","55124605","2682","新娘"
"30421682","何苗","女","35588265","演员","否","999","35588265","樱桃琥珀","电视剧","2025-07-14","中国大陆","2025","剧情/爱情","有评分","5.7","38891","38891","471","71176579","60843413","2683","张萍"
"30421682","何苗","女","26928226","演员","否","999","26928226","知否知否应是绿肥红瘦","电视剧","2018-12-25","中国大陆","2018","剧情/爱情/古装","有评分","8.0","695224","695224","2358","53856501","60843413","2684","刘娘子"
"27581065","王艺诺","女","26928226","演员","否","999","26928226","知否知否应是绿肥红瘦","电视剧","2018-12-25","中国大陆","2018","剧情/爱情/古装","有评分","8.0","695224","695224","2358","53856501","55162179","2685","彩环"
"27577524","周逵","男","30421903","演员","否","999","30421903","淬火年代","电视剧","2025-06-18","中国大陆","2025","剧情","有评分","7.0","21373","21373","387","60843855","55155097","2686","老徐"
"35142609","王籽苏","女","26779426","演员","否","999","26779426","欢乐颂3","电视剧","2022-08-11","中国大陆","2022","剧情/爱情","有评分","4.9","41716","41716","452","53558901","70285267","2687","小洁"
"27581381","赵浩闳","男","36571896","演员","是","20","36571896","命悬一生","电视剧","2025-10-11","中国大陆","2025","剧情/悬疑","有评分","7.7","85010","85010","809","73143841","55162811","2688","刘呈安"
"27581381","赵浩闳","男","34792295","演员","是","37","34792295","乔家的儿女","电视剧","2021-08-17","中国大陆","2021","剧情/家庭","有评分","7.7","235622","235622","1347","69584639","55162811","2689","麻雀眼"
"30426384","李至强","男","35613241","演员","否","999","35613241","县委大院","电视剧","2022-12-07","中国大陆","2022","剧情","有评分","6.8","109693","109693","864","71226531","60852817","2690","廖总"
"30426384","李至强","男","34792295","演员","是","64","34792295","乔家的儿女","电视剧","2021-08-17","中国大陆","2021","剧情/家庭","有评分","7.7","235622","235622","1347","69584639","60852817","2691","老高"
"30426384","李至强","男","33442331","演员","是","16","33442331","我是余欢水","电视剧","2020-04-06","中国大陆","2020","剧情","有评分","7.3","324953","324953","1540","66884711","60852817","2692","岳先生"
"30426384","李至强","男","27088993","演员","否","999","27088993","都挺好","电视剧","2019-03-01","中国大陆","2019","剧情/家庭","有评分","7.7","394106","394106","1742","54178035","60852817","2693","正诚审计主任"
"30426384","李至强","男","26797690","演员","否","999","26797690","大江大河","电视剧","2018-12-10","中国大陆","2018","剧情","有评分","8.8","260126","260126","1513","53595429","60852817","2694","李厂长"
"30426384","李至强","男","26759908","演员","否","999","26759908","清平乐","电视剧","2020-04-07","中国大陆","2020","剧情/古装","有评分","6.4","173456","173456","1054","53519865","60852817","2695","程琳"
"35024791","许潇晗","女","34792295","演员","是","44","34792295","乔家的儿女","电视剧","2021-08-17","中国大陆","2021","剧情/家庭","有评分","7.7","235622","235622","1347","69584639","70049631","2696","柳小萌"
"35024791","许潇晗","女","26759908","演员","是","28","26759908","清平乐","电视剧","2020-04-07","中国大陆","2020","剧情/古装","有评分","6.4","173456","173456","1054","53519865","70049631","2697","许兰苕"
"34978617","王火","男","26797690","美术","否","999","26797690","大江大河","电视剧","2018-12-10","中国大陆","2018","剧情","有评分","8.8","260126","260126","1513","53595429","69957283","2698",
"34978617","王火","男","25754848","美术指导","否","999","25754848","琅琊榜","电视剧","2015-09-19","中国大陆","2015","剧情/古装","有评分","9.4","919060","919060","2939","51509745","69957283","2699",
