cast_id,cast_name,gender,movie_id,k_role,is_main_cast,index,id,k_title,k_type,k_release_date,k_region,k_movie_year,k_genres,is_rating,rating_num,rating_people,k_rating_people,rating_index,k_movie_id,k_cast_id,uid,portray,movie_id_m,cast_role_agg,main_cast
27559561,张东升,男,26665065,演员,是,42,26665065,琅琊榜之风起长林,电视剧,2017-12-18,中国大陆,2017,剧情/古装,有评分,8.4,210088,210088,1328,53330179,55119171,2,晋尚书,m53330179,演员,"黄晓明, 刘昊然, 佟丽娅, 张慧雯, 梅婷"
27484015,尚铁龙,男,35033654,演员,是,29,35033654,山海情,电视剧,2021-01-12,中国大陆,2021,剧情,有评分,9.2,481571,481571,2105,70067357,54968079,4,李运胜,m70067357,演员,"黄轩, 张嘉益, 闫妮, 黄觉, 姚晨"
27484015,尚铁龙,男,33442331,演员,是,14,33442331,我是余欢水,电视剧,2020-04-06,中国大陆,2020,剧情,有评分,7.3,324953,324953,1540,66884711,54968079,5,余父,m66884711,演员,"郭京飞, 苗苗, 高露, 岳旸, 高叶"
27547234,陈昊宇,女,36189205,演员,是,6,36189205,凡人歌,电视剧,2024-08-31,中国大陆,2024,剧情/喜剧,有评分,7.7,77700,77700,773,72378459,55094517,6,谢美蓝,m72378459,演员,"殷桃, 王骁, 章若楠, 秦俊杰, 张哲华"
27558329,杨晓丹,女,34792295,演员,是,61,34792295,乔家的儿女,电视剧,2021-08-17,中国大陆,2021,剧情/家庭,有评分,7.7,235622,235622,1347,69584639,55116707,7,孙姨,m69584639,演员,"白宇, 宋祖儿, 毛晓彤, 张晚意, 周翊然"
27558329,杨晓丹,女,26928226,演员,否,999,26928226,知否知否应是绿肥红瘦,电视剧,2018-12-25,中国大陆,2018,剧情/爱情/古装,有评分,8.0,695224,695224,2358,53856501,55116707,8,关娘子,m53856501,演员,"赵丽颖, 冯绍峰, 朱一龙, 施诗, 张佳宁"
27499930,黄宥明,男,26928226,演员,否,999,26928226,知否知否应是绿肥红瘦,电视剧,2018-12-25,中国大陆,2018,剧情/爱情/古装,有评分,8.0,695224,695224,2358,53856501,54999909,9,袁文纯,m53856501,演员,"赵丽颖, 冯绍峰, 朱一龙, 施诗, 张佳宁"
27548112,王丽涵,女,36534750,演员,否,999,36534750,小巷人家,电视剧,2024-10-28,中国大陆,2024,剧情/家庭,有评分,8.4,287902,287902,1555,73069549,55096273,10,张婶,m73069549,演员,"闫妮, 李光洁, 郭晓东, 蒋欣, 范丞丞"
27548112,王丽涵,女,34792296,演员,是,65,34792296,欢迎光临,电视剧,2022-05-18,中国大陆,2022,剧情/喜剧/爱情,有评分,6.4,56516,56516,601,69584641,55096273,11,卖货大姐,m69584641,演员,"黄轩, 白百何, 朱雨辰, 白宇帆, 丁嘉丽"
27548112,王丽涵,女,30421903,演员,否,999,30421903,淬火年代,电视剧,2025-06-18,中国大陆,2025,剧情,有评分,7.0,21373,21373,387,60843855,55096273,12,张校长,m60843855,演员,"张新成, 宋祖儿, 王彦霖, 任程伟, 张月"
27492097,李煜,女,26779426,演员,否,999,26779426,欢乐颂3,电视剧,2022-08-11,中国大陆,2022,剧情/爱情,有评分,4.9,41716,41716,452,53558901,54984243,13,雷总,m53558901,演员,"江疏影, 杨采钰, 张佳宁, 张慧雯, 李浩菲"
27547196,谭凯,男,35321446,演员,否,999,35321446,大江大河之岁月如歌,电视剧,2024-01-08,中国大陆,2024,剧情,有评分,8.0,72953,72953,764,70642941,55094441,14,商宇,m70642941,演员,"王凯, 杨烁, 董子健, 杨采钰, 张佳宁"
27547196,谭凯,男,26779426,演员,否,999,26779426,欢乐颂3,电视剧,2022-08-11,中国大陆,2022,剧情/爱情,有评分,4.9,41716,41716,452,53558901,55094441,15,,m53558901,演员,"江疏影, 杨采钰, 张佳宁, 张慧雯, 李浩菲"
27547196,谭凯,男,26665065,演员,是,32,26665065,琅琊榜之风起长林,电视剧,2017-12-18,中国大陆,2017,剧情/古装,有评分,8.4,210088,210088,1328,53330179,55094441,16,阮英,m53330179,演员,"黄晓明, 刘昊然, 佟丽娅, 张慧雯, 梅婷"
27492028,许龄月,女,26759908,演员,是,11,26759908,清平乐,电视剧,2020-04-07,中国大陆,2020,剧情/古装,有评分,6.4,173456,173456,1054,53519865,54984105,17,苗娘子,m53519865,演员,"王凯, 江疏影, 任敏, 杨玏, 边程"
27558442,于京田,女,35332289,演员,是,48,35332289,开端,电视剧,2022-01-11,中国大陆,2022,剧情,有评分,7.9,968506,968506,2766,70664627,55116933,18,主播乙,m70664627,演员,"白敬亭, 赵今麦, 刘奕君, 刘涛, 黄觉"
27558442,于京田,女,26928226,演员,否,999,26928226,知否知否应是绿肥红瘦,电视剧,2018-12-25,中国大陆,2018,剧情/爱情/古装,有评分,8.0,695224,695224,2358,53856501,55116933,19,花妈妈,m53856501,演员,"赵丽颖, 冯绍峰, 朱一龙, 施诗, 张佳宁"
27553886,范哲琛,男,36571896,演员,否,999,36571896,命悬一生,电视剧,2025-10-11,中国大陆,2025,剧情/悬疑,有评分,7.7,85010,85010,809,73143841,55107821,20,二舅,m73143841,演员,"黄轩, 李庚希, 张哲华, 白宇帆, 尹昉"
27553886,范哲琛,男,34792295,演员,是,80,34792295,乔家的儿女,电视剧,2021-08-17,中国大陆,2021,剧情/家庭,有评分,7.7,235622,235622,1347,69584639,55107821,21,蒋医生,m69584639,演员,"白宇, 宋祖儿, 毛晓彤, 张晚意, 周翊然"
27553886,范哲琛,男,27088993,演员,是,28,27088993,都挺好,电视剧,2019-03-01,中国大陆,2019,剧情/家庭,有评分,7.7,394106,394106,1742,54178035,55107821,22,小汪,m54178035,演员,"姚晨, 倪大红, 郭京飞, 杨祐宁, 李念"
27553886,范哲琛,男,26928226,演员,否,999,26928226,知否知否应是绿肥红瘦,电视剧,2018-12-25,中国大陆,2018,剧情/爱情/古装,有评分,8.0,695224,695224,2358,53856501,55107821,24,耿介川,m53856501,演员,"赵丽颖, 冯绍峰, 朱一龙, 施诗, 张佳宁"
27553886,范哲琛,男,26759908,演员,否,999,26759908,清平乐,电视剧,2020-04-07,中国大陆,2020,剧情/古装,有评分,6.4,173456,173456,1054,53519865,55107821,26,李纮,m53519865,演员,"王凯, 江疏影, 任敏, 杨玏, 边程"
27553886,范哲琛,男,26683725,演员,否,999,26683725,外科风云,电视剧,2017-04-17,中国大陆,2017,剧情/爱情,有评分,7.3,94754,94754,832,53367499,55107821,28,赵立武,m53367499,演员,"靳东, 白百何, 李佳航, 马少骅, 蓝盈莹"
27553886,范哲琛,男,26665065,演员,否,999,26665065,琅琊榜之风起长林,电视剧,2017-12-18,中国大陆,2017,剧情/古装,有评分,8.4,210088,210088,1328,53330179,55107821,29,渭无病,m53330179,演员,"黄晓明, 刘昊然, 佟丽娅, 张慧雯, 梅婷"
27483390,常方源,女,26683725,演员,是,16,26683725,外科风云,电视剧,2017-04-17,中国大陆,2017,剧情/爱情,有评分,7.3,94754,94754,832,53367499,54966829,32,儿科医生,m53367499,演员,"靳东, 白百何, 李佳航, 马少骅, 蓝盈莹"
27541670,李雪,男,34792296,导演,是,1,34792296,欢迎光临,电视剧,2022-05-18,中国大陆,2022,剧情/喜剧/爱情,有评分,6.4,56516,56516,601,69584641,55083389,33,,m69584641,导演,"黄轩, 白百何, 朱雨辰, 白宇帆, 丁嘉丽"
27541670,李雪,男,30423905,导演,是,1,30423905,大江大河2,电视剧,2020-12-20,中国大陆,2020,剧情/历史,有评分,8.7,208072,208072,1345,60847859,55083389,35,,m60847859,导演,"王凯, 杨烁, 董子健, 杨采钰, 周放"
27541670,李雪,男,30421903,导演,是,1,30421903,淬火年代,电视剧,2025-06-18,中国大陆,2025,剧情,有评分,7.0,21373,21373,387,60843855,55083389,36,,m60843855,导演,"张新成, 宋祖儿, 王彦霖, 任程伟, 张月"
27541670,李雪,男,26683725,导演,是,1,26683725,外科风云,电视剧,2017-04-17,中国大陆,2017,剧情/爱情,有评分,7.3,94754,94754,832,53367499,55083389,37,,m53367499,导演,"靳东, 白百何, 李佳航, 马少骅, 蓝盈莹"
27541670,李雪,男,26665065,导演,是,2,26665065,琅琊榜之风起长林,电视剧,2017-12-18,中国大陆,2017,剧情/古装,有评分,8.4,210088,210088,1328,53330179,55083389,38,,m53330179,导演,"黄晓明, 刘昊然, 佟丽娅, 张慧雯, 梅婷"
27541670,李雪,男,25994712,导演,是,1,25994712,伪装者,电视剧,2015-08-31,中国大陆,2015,剧情/悬疑,有评分,8.6,382758,382758,1814,51989473,55083389,39,,m51989473,导演,"胡歌, 靳东, 刘敏涛, 王凯, 宋轶"
27541670,李雪,男,25754848,导演,是,2,25754848,琅琊榜,电视剧,2015-09-19,中国大陆,2015,剧情/古装,有评分,9.4,919060,919060,2939,51509745,55083389,40,,m51509745,导演,"胡歌, 刘涛, 王凯, 陈龙, 黄维德"
27483863,平田康之,男,25994712,演员,是,16,25994712,伪装者,电视剧,2015-08-31,中国大陆,2015,剧情/悬疑,有评分,8.6,382758,382758,1814,51989473,54967775,41,藤田芳政,m51989473,演员,"胡歌, 靳东, 刘敏涛, 王凯, 宋轶"
27497285,郭晓峰,男,25994712,演员,是,11,25994712,伪装者,电视剧,2015-08-31,中国大陆,2015,剧情/悬疑,有评分,8.6,382758,382758,1814,51989473,54994619,42,黎叔,m51989473,演员,"胡歌, 靳东, 刘敏涛, 王凯, 宋轶"
27556899,李天烨,男,36534750,演员,否,999,36534750,小巷人家,电视剧,2024-10-28,中国大陆,2024,剧情/家庭,有评分,8.4,287902,287902,1555,73069549,55113847,43,,m73069549,演员,"闫妮, 李光洁, 郭晓东, 蒋欣, 范丞丞"
27482627,吴乙彤,女,34792298,演员,是,30,34792298,相逢时节,电视剧,2022-02-23,中国大陆,2022,剧情,有评分,4.9,33169,33169,403,69584645,54965303,44,张洁,m69584645,演员,"雷佳音, 袁泉, 张艺兴, 贾乃亮, 罗海琼"
27487518,茹萍,女,35613241,演员,是,30,35613241,县委大院,电视剧,2022-12-07,中国大陆,2022,剧情,有评分,6.8,109693,109693,864,71226531,54975085,45,小林妈,m71226531,演员,"胡歌, 吴越, 张新成, 黄磊, 李光洁"
27560090,谢瓦,男,34792296,演员,是,42,34792296,欢迎光临,电视剧,2022-05-18,中国大陆,2022,剧情/喜剧/爱情,有评分,6.4,56516,56516,601,69584641,55120229,46,美国经理,m69584641,演员,"黄轩, 白百何, 朱雨辰, 白宇帆, 丁嘉丽"
27529606,吴国华,男,30423905,演员,是,57,30423905,大江大河2,电视剧,2020-12-20,中国大陆,2020,剧情/历史,有评分,8.7,208072,208072,1345,60847859,55059261,47,老猢狲,m60847859,演员,"王凯, 杨烁, 董子健, 杨采钰, 周放"
27529606,吴国华,男,26797690,演员,是,21,26797690,大江大河,电视剧,2018-12-10,中国大陆,2018,剧情,有评分,8.8,260126,260126,1513,53595429,55059261,48,老猢狲,m53595429,演员,"王凯, 杨烁, 杨烁, 董子健, 童瑶"
27554908,穆梦娇,女,35588265,演员,否,999,35588265,樱桃琥珀,电视剧,2025-07-14,中国大陆,2025,剧情/爱情,有评分,5.7,38891,38891,471,71176579,55109865,49,贾思思,m71176579,演员,"赵今麦, 张凌赫, 董洁, 保剑锋, 董璇"
27221436,霍建华,男,26088457,演员,是,1,26088457,他来了，请闭眼,电视剧,2015-10-15,中国大陆,2015,剧情/悬疑,有评分,6.7,74395,74395,706,52176963,54442921,50,薄靳言,m52176963,演员,"霍建华, 马思纯, 张鲁一, 王凯, 尹正"
27484370,孙征宇,男,26928226,演员,否,999,26928226,知否知否应是绿肥红瘦,电视剧,2018-12-25,中国大陆,2018,剧情/爱情/古装,有评分,8.0,695224,695224,2358,53856501,54968789,51,谢将军,m53856501,演员,"赵丽颖, 冯绍峰, 朱一龙, 施诗, 张佳宁"
27484370,孙征宇,男,25994712,演员,是,36,25994712,伪装者,电视剧,2015-08-31,中国大陆,2015,剧情/悬疑,有评分,8.6,382758,382758,1814,51989473,54968789,52,刘斌,m51989473,演员,"胡歌, 靳东, 刘敏涛, 王凯, 宋轶"
27559620,陶奕希,女,26928226,演员,否,999,26928226,知否知否应是绿肥红瘦,电视剧,2018-12-25,中国大陆,2018,剧情/爱情/古装,有评分,8.0,695224,695224,2358,53856501,55119289,53,小墨兰,m53856501,演员,"赵丽颖, 冯绍峰, 朱一龙, 施诗, 张佳宁"
27483562,高子沣,男,26928226,演员,是,25,26928226,知否知否应是绿肥红瘦,电视剧,2018-12-25,中国大陆,2018,剧情/爱情/古装,有评分,8.0,695224,695224,2358,53856501,54967173,54,顾廷煜,m53856501,演员,"赵丽颖, 冯绍峰, 朱一龙, 施诗, 张佳宁"
27483546,韩烨,女,26928226,演员,是,24,26928226,知否知否应是绿肥红瘦,电视剧,2018-12-25,中国大陆,2018,剧情/爱情/古装,有评分,8.0,695224,695224,2358,53856501,54967141,55,丹橘,m53856501,演员,"赵丽颖, 冯绍峰, 朱一龙, 施诗, 张佳宁"
27557882,王鹤润,女,26928226,演员,是,13,26928226,知否知否应是绿肥红瘦,电视剧,2018-12-25,中国大陆,2018,剧情/爱情/古装,有评分,8.0,695224,695224,2358,53856501,55115813,56,盛华兰,m53856501,演员,"赵丽颖, 冯绍峰, 朱一龙, 施诗, 张佳宁"
27484736,荆浩,男,30421903,演员,否,999,30421903,淬火年代,电视剧,2025-06-18,中国大陆,2025,剧情,有评分,7.0,21373,21373,387,60843855,54969521,57,曹飞二叔,m60843855,演员,"张新成, 宋祖儿, 王彦霖, 任程伟, 张月"
27546005,孙宁,男,30421903,演员,否,999,30421903,淬火年代,电视剧,2025-06-18,中国大陆,2025,剧情,有评分,7.0,21373,21373,387,60843855,55092059,58,吴教授,m60843855,演员,"张新成, 宋祖儿, 王彦霖, 任程伟, 张月"
27559768,延翔,男,36571896,演员,否,999,36571896,命悬一生,电视剧,2025-10-11,中国大陆,2025,剧情/悬疑,有评分,7.7,85010,85010,809,73143841,55119585,59,阚老三,m73143841,演员,"黄轩, 李庚希, 张哲华, 白宇帆, 尹昉"
27559768,延翔,男,35033654,演员,是,42,35033654,山海情,电视剧,2021-01-12,中国大陆,2021,剧情,有评分,9.2,481571,481571,2105,70067357,55119585,60,麻子,m70067357,演员,"黄轩, 张嘉益, 闫妮, 黄觉, 姚晨"
27559768,延翔,男,34792295,演员,是,52,34792295,乔家的儿女,电视剧,2021-08-17,中国大陆,2021,剧情/家庭,有评分,7.7,235622,235622,1347,69584639,55119585,61,文居岸爸,m69584639,演员,"白宇, 宋祖儿, 毛晓彤, 张晚意, 周翊然"
27559768,延翔,男,26928226,演员,否,999,26928226,知否知否应是绿肥红瘦,电视剧,2018-12-25,中国大陆,2018,剧情/爱情/古装,有评分,8.0,695224,695224,2358,53856501,55119585,62,沈从兴,m53856501,演员,"赵丽颖, 冯绍峰, 朱一龙, 施诗, 张佳宁"
27559768,延翔,男,26345137,演员,是,22,26345137,如果蜗牛有爱情,电视剧,2016-10-24,中国大陆,2016,剧情/爱情/悬疑,有评分,7.2,105271,105271,871,52690323,55119585,63,陈勇,m52690323,演员,"王凯, 王子文, 徐悦, 于恒, 赵圆瑗"
27555038,许赢之,女,26759908,演员,否,999,26759908,清平乐,电视剧,2020-04-07,中国大陆,2020,剧情/古装,有评分,6.4,173456,173456,1054,53519865,55110125,64,薛幼溪,m53519865,演员,"王凯, 江疏影, 任敏, 杨玏, 边程"
27484696,褚峰,男,26759908,演员,是,23,26759908,清平乐,电视剧,2020-04-07,中国大陆,2020,剧情/古装,有评分,6.4,173456,173456,1054,53519865,54969441,65,任守忠,m53519865,演员,"王凯, 江疏影, 任敏, 杨玏, 边程"
27484691,李雅男,男,26759908,演员,是,22,26759908,清平乐,电视剧,2020-04-07,中国大陆,2020,剧情/古装,有评分,6.4,173456,173456,1054,53519865,54969431,66,富弼,m53519865,演员,"王凯, 江疏影, 任敏, 杨玏, 边程"
27499316,张棪琰,女,26928226,演员,是,43,26928226,知否知否应是绿肥红瘦,电视剧,2018-12-25,中国大陆,2018,剧情/爱情/古装,有评分,8.0,695224,695224,2358,53856501,54998681,67,康姨妈,m53856501,演员,"赵丽颖, 冯绍峰, 朱一龙, 施诗, 张佳宁"
27499316,张棪琰,女,26665065,演员,是,20,26665065,琅琊榜之风起长林,电视剧,2017-12-18,中国大陆,2017,剧情/古装,有评分,8.4,210088,210088,1328,53330179,54998681,68,云姐,m53330179,演员,"黄晓明, 刘昊然, 佟丽娅, 张慧雯, 梅婷"
27499316,张棪琰,女,26345137,演员,是,7,26345137,如果蜗牛有爱情,电视剧,2016-10-24,中国大陆,2016,剧情/爱情/悬疑,有评分,7.2,105271,105271,871,52690323,54998681,69,噜哥,m52690323,演员,"王凯, 王子文, 徐悦, 于恒, 赵圆瑗"
27499316,张棪琰,女,25994712,演员,是,10,25994712,伪装者,电视剧,2015-08-31,中国大陆,2015,剧情/悬疑,有评分,8.6,382758,382758,1814,51989473,54998681,70,苏太太,m51989473,演员,"胡歌, 靳东, 刘敏涛, 王凯, 宋轶"
27499316,张棪琰,女,25754848,演员,是,8,25754848,琅琊榜,电视剧,2015-09-19,中国大陆,2015,剧情/古装,有评分,9.4,919060,919060,2939,51509745,54998681,71,莅阳长公主,m51509745,演员,"胡歌, 刘涛, 王凯, 陈龙, 黄维德"
27546798,张墨锡,女,26683725,演员,是,24,26683725,外科风云,电视剧,2017-04-17,中国大陆,2017,剧情/爱情,有评分,7.3,94754,94754,832,53367499,55093645,73,葛琳,m53367499,演员,"靳东, 白百何, 李佳航, 马少骅, 蓝盈莹"
27493032,章涛,男,34792296,演员,是,17,34792296,欢迎光临,电视剧,2022-05-18,中国大陆,2022,剧情/喜剧/爱情,有评分,6.4,56516,56516,601,69584641,54986113,74,蒋先生,m69584641,演员,"黄轩, 白百何, 朱雨辰, 白宇帆, 丁嘉丽"
27487827,马文忠,男,34792295,演员,是,45,34792295,乔家的儿女,电视剧,2021-08-17,中国大陆,2021,剧情/家庭,有评分,7.7,235622,235622,1347,69584639,54975703,76,马毓霖,m69584639,演员,"白宇, 宋祖儿, 毛晓彤, 张晚意, 周翊然"
27547752,朱珠,女,34792295,演员,是,15,34792295,乔家的儿女,电视剧,2021-08-17,中国大陆,2021,剧情/家庭,有评分,7.7,235622,235622,1347,69584639,55095553,77,马素芹,m69584639,演员,"白宇, 宋祖儿, 毛晓彤, 张晚意, 周翊然"
27547625,松峰莉璃,女,25994712,演员,是,12,25994712,伪装者,电视剧,2015-08-31,中国大陆,2015,剧情/悬疑,有评分,8.6,382758,382758,1814,51989473,55095299,78,南田洋子,m51989473,演员,"胡歌, 靳东, 刘敏涛, 王凯, 宋轶"
27481022,陈洁,女,36534750,演员,否,999,36534750,小巷人家,电视剧,2024-10-28,中国大陆,2024,剧情/家庭,有评分,8.4,287902,287902,1555,73069549,54962093,79,工作人员甲,m73069549,演员,"闫妮, 李光洁, 郭晓东, 蒋欣, 范丞丞"
27484212,洛葳,女,36534750,演员,否,999,36534750,小巷人家,电视剧,2024-10-28,中国大陆,2024,剧情/家庭,有评分,8.4,287902,287902,1555,73069549,54968473,80,李佳妈,m73069549,演员,"闫妮, 李光洁, 郭晓东, 蒋欣, 范丞丞"
27481070,严晓频,女,35613241,演员,是,35,35613241,县委大院,电视剧,2022-12-07,中国大陆,2022,剧情,有评分,6.8,109693,109693,864,71226531,54962189,81,刘巧珍,m71226531,演员,"胡歌, 吴越, 张新成, 黄磊, 李光洁"
27481070,严晓频,女,34792298,演员,是,10,34792298,相逢时节,电视剧,2022-02-23,中国大陆,2022,剧情,有评分,4.9,33169,33169,403,69584645,54962189,82,宁惠,m69584645,演员,"雷佳音, 袁泉, 张艺兴, 贾乃亮, 罗海琼"
27481307,郎峰,男,35033654,演员,否,999,35033654,山海情,电视剧,2021-01-12,中国大陆,2021,剧情,有评分,9.2,481571,481571,2105,70067357,54962663,84,福建工厂老板,m70067357,演员,"黄轩, 张嘉益, 闫妮, 黄觉, 姚晨"
27558276,姚惠如,女,25870290,演员,是,37,25870290,温州两家人,电视剧,2015-11-26,中国大陆,2015,剧情,有评分,7.8,7118,7118,236,51740629,55116601,86,侯母,m51740629,演员,"郭涛, 任程伟, 袁咏仪, 陈丽娜, 刘奕君"
27495129,王伯昭,男,30423905,演员,是,36,30423905,大江大河2,电视剧,2020-12-20,中国大陆,2020,剧情/历史,有评分,8.7,208072,208072,1345,60847859,54990307,87,李耘宁,m60847859,演员,"王凯, 杨烁, 董子健, 杨采钰, 周放"
27483678,程愫,女,30423905,演员,是,31,30423905,大江大河2,电视剧,2020-12-20,中国大陆,2020,剧情/历史,有评分,8.7,208072,208072,1345,60847859,54967405,88,隋春凤,m60847859,演员,"王凯, 杨烁, 董子健, 杨采钰, 周放"
27206764,董洁,女,35588265,演员,是,3,35588265,樱桃琥珀,电视剧,2025-07-14,中国大陆,2025,剧情/爱情,有评分,5.7,38891,38891,471,71176579,54413577,89,赵盛娟,m71176579,演员,"赵今麦, 张凌赫, 董洁, 保剑锋, 董璇"
27483098,张磊,男,30421903,演员,否,999,30421903,淬火年代,电视剧,2025-06-18,中国大陆,2025,剧情,有评分,7.0,21373,21373,387,60843855,54966245,90,老张,m60843855,演员,"张新成, 宋祖儿, 王彦霖, 任程伟, 张月"
27482821,李坤霖,男,30421903,演员,否,999,30421903,淬火年代,电视剧,2025-06-18,中国大陆,2025,剧情,有评分,7.0,21373,21373,387,60843855,54965691,91,老黄,m60843855,演员,"张新成, 宋祖儿, 王彦霖, 任程伟, 张月"
27495263,王琳,女,30421903,演员,否,999,30421903,淬火年代,电视剧,2025-06-18,中国大陆,2025,剧情,有评分,7.0,21373,21373,387,60843855,54990575,92,柳大姑,m60843855,演员,"张新成, 宋祖儿, 王彦霖, 任程伟, 张月"
27484406,邹廷威,男,30421903,演员,否,999,30421903,淬火年代,电视剧,2025-06-18,中国大陆,2025,剧情,有评分,7.0,21373,21373,387,60843855,54968861,93,董其扬,m60843855,演员,"张新成, 宋祖儿, 王彦霖, 任程伟, 张月"
27495171,洪剑涛,男,30421903,演员,否,999,30421903,淬火年代,电视剧,2025-06-18,中国大陆,2025,剧情,有评分,7.0,21373,21373,387,60843855,54990391,94,安总,m60843855,演员,"张新成, 宋祖儿, 王彦霖, 任程伟, 张月"
27553379,尹昉,男,36571896,演员,是,5,36571896,命悬一生,电视剧,2025-10-11,中国大陆,2025,剧情/悬疑,有评分,7.7,85010,85010,809,73143841,55106807,95,倪向东,m73143841,演员,"黄轩, 李庚希, 张哲华, 白宇帆, 尹昉"
27552839,赵今麦,女,35588265,演员,是,1,35588265,樱桃琥珀,电视剧,2025-07-14,中国大陆,2025,剧情/爱情,有评分,5.7,38891,38891,471,71176579,55105727,96,林其乐,m71176579,演员,"赵今麦, 张凌赫, 董洁, 保剑锋, 董璇"
27552839,赵今麦,女,35332289,演员,是,2,35332289,开端,电视剧,2022-01-11,中国大陆,2022,剧情,有评分,7.9,968506,968506,2766,70664627,55105727,97,李诗情,m70664627,演员,"白敬亭, 赵今麦, 刘奕君, 刘涛, 黄觉"
27504372,周乐,男,26779426,演员,否,999,26779426,欢乐颂3,电视剧,2022-08-11,中国大陆,2022,剧情/爱情,有评分,4.9,41716,41716,452,53558901,55008793,98,,m53558901,演员,"江疏影, 杨采钰, 张佳宁, 张慧雯, 李浩菲"
27504372,周乐,男,26683725,演员,是,55,26683725,外科风云,电视剧,2017-04-17,中国大陆,2017,剧情/爱情,有评分,7.3,94754,94754,832,53367499,55008793,99,唐云龙,m53367499,演员,"靳东, 白百何, 李佳航, 马少骅, 蓝盈莹"
27495839,佟丽娅,女,26665065,演员,是,3,26665065,琅琊榜之风起长林,电视剧,2017-12-18,中国大陆,2017,剧情/古装,有评分,8.4,210088,210088,1328,53330179,54991727,100,蒙浅雪,m53330179,演员,"黄晓明, 刘昊然, 佟丽娅, 张慧雯, 梅婷"
27493400,王玉宁,男,35613241,演员,否,999,35613241,县委大院,电视剧,2022-12-07,中国大陆,2022,剧情,有评分,6.8,109693,109693,864,71226531,54986849,101,油坊老板,m71226531,演员,"胡歌, 吴越, 张新成, 黄磊, 李光洁"
27482823,包贝尔,男,35613241,演员,是,7,35613241,县委大院,电视剧,2022-12-07,中国大陆,2022,剧情,有评分,6.8,109693,109693,864,71226531,54965695,102,小曾,m71226531,演员,"胡歌, 吴越, 张新成, 黄磊, 李光洁"
27483105,高天,男,34792296,演员,是,48,34792296,欢迎光临,电视剧,2022-05-18,中国大陆,2022,剧情/喜剧/爱情,有评分,6.4,56516,56516,601,69584641,54966259,103,年轻郑父,m69584641,演员,"黄轩, 白百何, 朱雨辰, 白宇帆, 丁嘉丽"
27495361,马苏,女,36189205,演员,否,999,36189205,凡人歌,电视剧,2024-08-31,中国大陆,2024,剧情/喜剧,有评分,7.7,77700,77700,773,72378459,54990771,104,白寒宁,m72378459,演员,"殷桃, 王骁, 章若楠, 秦俊杰, 张哲华"
27504226,李光洁,男,36534750,演员,是,2,36534750,小巷人家,电视剧,2024-10-28,中国大陆,2024,剧情/家庭,有评分,8.4,287902,287902,1555,73069549,55008501,105,林武峰,m73069549,演员,"闫妮, 李光洁, 郭晓东, 蒋欣, 范丞丞"
27504226,李光洁,男,35613241,演员,是,5,35613241,县委大院,电视剧,2022-12-07,中国大陆,2022,剧情,有评分,6.8,109693,109693,864,71226531,55008501,106,曹立新,m71226531,演员,"胡歌, 吴越, 张新成, 黄磊, 李光洁"
27504226,李光洁,男,35321446,演员,否,999,35321446,大江大河之岁月如歌,电视剧,2024-01-08,中国大陆,2024,剧情,有评分,8.0,72953,72953,764,70642941,55008501,107,小拉,m70642941,演员,"王凯, 杨烁, 董子健, 杨采钰, 张佳宁"
27504226,李光洁,男,30423905,演员,是,53,30423905,大江大河2,电视剧,2020-12-20,中国大陆,2020,剧情/历史,有评分,8.7,208072,208072,1345,60847859,55008501,108,路小第,m60847859,演员,"王凯, 杨烁, 董子健, 杨采钰, 周放"
27559404,郝光,男,35321446,演员,否,999,35321446,大江大河之岁月如歌,电视剧,2024-01-08,中国大陆,2024,剧情,有评分,8.0,72953,72953,764,70642941,55118857,109,周司长,m70642941,演员,"王凯, 杨烁, 董子健, 杨采钰, 张佳宁"
27559404,郝光,男,30423905,演员,是,29,30423905,大江大河2,电视剧,2020-12-20,中国大陆,2020,剧情/历史,有评分,8.7,208072,208072,1345,60847859,55118857,110,周司长,m60847859,演员,"王凯, 杨烁, 董子健, 杨采钰, 周放"
27227708,任东霖,男,35588265,演员,否,999,35588265,樱桃琥珀,电视剧,2025-07-14,中国大陆,2025,剧情/爱情,有评分,5.7,38891,38891,471,71176579,54455465,111,杜永春,m71176579,演员,"赵今麦, 张凌赫, 董洁, 保剑锋, 董璇"
27483379,李博,男,35613241,演员,否,999,35613241,县委大院,电视剧,2022-12-07,中国大陆,2022,剧情,有评分,6.8,109693,109693,864,71226531,54966807,112,赖小伟,m71226531,演员,"胡歌, 吴越, 张新成, 黄磊, 李光洁"
27483379,李博,男,35588265,演员,否,999,35588265,樱桃琥珀,电视剧,2025-07-14,中国大陆,2025,剧情/爱情,有评分,5.7,38891,38891,471,71176579,54966807,113,齐老师,m71176579,演员,"赵今麦, 张凌赫, 董洁, 保剑锋, 董璇"
27554343,李哲,男,26088457,演员,否,999,26088457,他来了，请闭眼,电视剧,2015-10-15,中国大陆,2015,剧情/悬疑,有评分,6.7,74395,74395,706,52176963,55108735,114,Evans-探员,m52176963,演员,"霍建华, 马思纯, 张鲁一, 王凯, 尹正"
27555895,尹正,男,26671336,演员,是,9,26671336,得闲谨制,电影,2025-12-06,中国大陆,2025,剧情/战争,有评分,6.9,268554,268554,1361,53342721,55111839,115,大河原,m53342721,演员,"肖战, 彭昱畅, 周依然, 杨新鸣, 阿如那"
27555895,尹正,男,26088457,演员,是,5,26088457,他来了，请闭眼,电视剧,2015-10-15,中国大陆,2015,剧情/悬疑,有评分,6.7,74395,74395,706,52176963,55111839,116,傅子遇,m52176963,演员,"霍建华, 马思纯, 张鲁一, 王凯, 尹正"
27502893,祖峰,男,35033654,演员,是,16,35033654,山海情,电视剧,2021-01-12,中国大陆,2021,剧情,有评分,9.2,481571,481571,2105,70067357,55005835,117,白崇礼,m70067357,演员,"黄轩, 张嘉益, 闫妮, 黄觉, 姚晨"
27502893,祖峰,男,26743573,演员,是,11,26743573,欢乐颂2,电视剧,2017-05-11,中国大陆,2017,剧情/爱情,有评分,5.4,154450,154450,913,53487195,55005835,118,魏渭/奇点,m53487195,演员,"刘涛, 蒋欣, 王子文, 杨紫, 乔欣"
27502893,祖峰,男,26671336,演员,是,10,26671336,得闲谨制,电影,2025-12-06,中国大陆,2025,剧情/战争,有评分,6.9,268554,268554,1361,53342721,55005835,119,江防军副团长,m53342721,演员,"肖战, 彭昱畅, 周依然, 杨新鸣, 阿如那"
27502893,祖峰,男,26430092,演员,是,6,26430092,欢乐颂,电视剧,2016-04-18,中国大陆,2016,剧情/爱情,有评分,7.5,353514,353514,1628,52860233,55005835,120,魏渭/奇点,m52860233,演员,"刘涛, 蒋欣, 王子文, 杨紫, 乔欣"
27484243,夏铭浩,男,26928226,演员,否,999,26928226,知否知否应是绿肥红瘦,电视剧,2018-12-25,中国大陆,2018,剧情/爱情/古装,有评分,8.0,695224,695224,2358,53856501,54968535,121,孙志高,m53856501,演员,"赵丽颖, 冯绍峰, 朱一龙, 施诗, 张佳宁"
27553878,李宏磊,男,36571896,演员,否,999,36571896,命悬一生,电视剧,2025-10-11,中国大陆,2025,剧情/悬疑,有评分,7.7,85010,85010,809,73143841,55107805,122,大宏,m73143841,演员,"黄轩, 李庚希, 张哲华, 白宇帆, 尹昉"
27553878,李宏磊,男,36534750,演员,是,22,36534750,小巷人家,电视剧,2024-10-28,中国大陆,2024,剧情/家庭,有评分,8.4,287902,287902,1555,73069549,55107805,123,庄赶美,m73069549,演员,"闫妮, 李光洁, 郭晓东, 蒋欣, 范丞丞"
27553878,李宏磊,男,36189205,演员,否,999,36189205,凡人歌,电视剧,2024-08-31,中国大陆,2024,剧情/喜剧,有评分,7.7,77700,77700,773,72378459,55107805,124,蔡经理,m72378459,演员,"殷桃, 王骁, 章若楠, 秦俊杰, 张哲华"
27553878,李宏磊,男,35588265,演员,否,999,35588265,樱桃琥珀,电视剧,2025-07-14,中国大陆,2025,剧情/爱情,有评分,5.7,38891,38891,471,71176579,55107805,125,小张,m71176579,演员,"赵今麦, 张凌赫, 董洁, 保剑锋, 董璇"
27553878,李宏磊,男,27088993,演员,否,999,27088993,都挺好,电视剧,2019-03-01,中国大陆,2019,剧情/家庭,有评分,7.7,394106,394106,1742,54178035,55107805,126,男同学,m54178035,演员,"姚晨, 倪大红, 郭京飞, 杨祐宁, 李念"
27553878,李宏磊,男,26671336,演员,否,999,26671336,得闲谨制,电影,2025-12-06,中国大陆,2025,剧情/战争,有评分,6.9,268554,268554,1361,53342721,55107805,127,船上民众,m53342721,演员,"肖战, 彭昱畅, 周依然, 杨新鸣, 阿如那"
27504421,黄轩,男,36571896,演员,是,1,36571896,命悬一生,电视剧,2025-10-11,中国大陆,2025,剧情/悬疑,有评分,7.7,85010,85010,809,73143841,55008891,128,徐庆利,m73143841,演员,"黄轩, 李庚希, 张哲华, 白宇帆, 尹昉"
27504421,黄轩,男,35033654,演员,是,1,35033654,山海情,电视剧,2021-01-12,中国大陆,2021,剧情,有评分,9.2,481571,481571,2105,70067357,55008891,129,马得福,m70067357,演员,"黄轩, 张嘉益, 闫妮, 黄觉, 姚晨"
27504421,黄轩,男,34792296,演员,是,1,34792296,欢迎光临,电视剧,2022-05-18,中国大陆,2022,剧情/喜剧/爱情,有评分,6.4,56516,56516,601,69584641,55008891,130,张光正,m69584641,演员,"黄轩, 白百何, 朱雨辰, 白宇帆, 丁嘉丽"
27487208,任学海,男,30421903,演员,否,999,30421903,淬火年代,电视剧,2025-06-18,中国大陆,2025,剧情,有评分,7.0,21373,21373,387,60843855,54974465,133,张教授,m60843855,演员,"张新成, 宋祖儿, 王彦霖, 任程伟, 张月"
27487208,任学海,男,26759908,演员,是,34,26759908,清平乐,电视剧,2020-04-07,中国大陆,2020,剧情/古装,有评分,6.4,173456,173456,1054,53519865,54974465,134,章得象,m53519865,演员,"王凯, 江疏影, 任敏, 杨玏, 边程"
27538976,吴越,女,35613241,演员,是,2,35613241,县委大院,电视剧,2022-12-07,中国大陆,2022,剧情,有评分,6.8,109693,109693,864,71226531,55078001,135,艾鲜枝,m71226531,演员,"胡歌, 吴越, 张新成, 黄磊, 李光洁"
27538976,吴越,女,26759908,演员,是,10,26759908,清平乐,电视剧,2020-04-07,中国大陆,2020,剧情/古装,有评分,6.4,173456,173456,1054,53519865,55078001,136,刘娥,m53519865,演员,"王凯, 江疏影, 任敏, 杨玏, 边程"
27503656,叶祖新,男,26759908,演员,是,6,26759908,清平乐,电视剧,2020-04-07,中国大陆,2020,剧情/古装,有评分,6.4,173456,173456,1054,53519865,55007361,137,张茂则,m53519865,演员,"王凯, 江疏影, 任敏, 杨玏, 边程"
27483661,江疏影,女,26779426,演员,是,1,26779426,欢乐颂3,电视剧,2022-08-11,中国大陆,2022,剧情/爱情,有评分,4.9,41716,41716,452,53558901,54967371,138,叶蓁蓁,m53558901,演员,"江疏影, 杨采钰, 张佳宁, 张慧雯, 李浩菲"
27483661,江疏影,女,26759908,演员,是,2,26759908,清平乐,电视剧,2020-04-07,中国大陆,2020,剧情/古装,有评分,6.4,173456,173456,1054,53519865,54967371,139,曹皇后曹丹姝,m53519865,演员,"王凯, 江疏影, 任敏, 杨玏, 边程"
27546746,张雨剑,男,36571896,演员,是,13,36571896,命悬一生,电视剧,2025-10-11,中国大陆,2025,剧情/悬疑,有评分,7.7,85010,85010,809,73143841,55093541,140,张业务员,m73143841,演员,"黄轩, 李庚希, 张哲华, 白宇帆, 尹昉"
27546746,张雨剑,男,25754848,演员,是,28,25754848,琅琊榜,电视剧,2015-09-19,中国大陆,2015,剧情/古装,有评分,9.4,919060,919060,2939,51509745,55093541,141,列战英,m51509745,演员,"胡歌, 刘涛, 王凯, 陈龙, 黄维德"
27557999,孙梦佳,女,34792296,演员,是,60,34792296,欢迎光临,电视剧,2022-05-18,中国大陆,2022,剧情/喜剧/爱情,有评分,6.4,56516,56516,601,69584641,55116047,142,店员乙,m69584641,演员,"黄轩, 白百何, 朱雨辰, 白宇帆, 丁嘉丽"
27557999,孙梦佳,女,33442331,演员,是,35,33442331,我是余欢水,电视剧,2020-04-06,中国大陆,2020,剧情,有评分,7.3,324953,324953,1540,66884711,55116047,143,弟媳妇,m66884711,演员,"郭京飞, 苗苗, 高露, 岳旸, 高叶"
27557999,孙梦佳,女,26683725,演员,是,59,26683725,外科风云,电视剧,2017-04-17,中国大陆,2017,剧情/爱情,有评分,7.3,94754,94754,832,53367499,55116047,144,曹月,m53367499,演员,"靳东, 白百何, 李佳航, 马少骅, 蓝盈莹"
27557999,孙梦佳,女,26088457,演员,是,17,26088457,他来了，请闭眼,电视剧,2015-10-15,中国大陆,2015,剧情/悬疑,有评分,6.7,74395,74395,706,52176963,55116047,145,薛青,m52176963,演员,"霍建华, 马思纯, 张鲁一, 王凯, 尹正"
27557999,孙梦佳,女,25994712,演员,是,18,25994712,伪装者,电视剧,2015-08-31,中国大陆,2015,剧情/悬疑,有评分,8.6,382758,382758,1814,51989473,55116047,146,朱徽茵,m51989473,演员,"胡歌, 靳东, 刘敏涛, 王凯, 宋轶"
27557999,孙梦佳,女,25754848,演员,是,50,25754848,琅琊榜,电视剧,2015-09-19,中国大陆,2015,剧情/古装,有评分,9.4,919060,919060,2939,51509745,55116047,147,小新,m51509745,演员,"胡歌, 刘涛, 王凯, 陈龙, 黄维德"
27550730,徐百慧,女,34792295,演员,是,60,34792295,乔家的儿女,电视剧,2021-08-17,中国大陆,2021,剧情/家庭,有评分,7.7,235622,235622,1347,69584639,55101509,152,傅阿姨,m69584639,演员,"白宇, 宋祖儿, 毛晓彤, 张晚意, 周翊然"
27504396,关晓彤,女,36534750,演员,是,6,36534750,小巷人家,电视剧,2024-10-28,中国大陆,2024,剧情/家庭,有评分,8.4,287902,287902,1555,73069549,55008841,153,庄筱婷,m73069549,演员,"闫妮, 李光洁, 郭晓东, 蒋欣, 范丞丞"
27243466,黄磊,男,35613241,演员,是,4,35613241,县委大院,电视剧,2022-12-07,中国大陆,2022,剧情,有评分,6.8,109693,109693,864,71226531,54486981,155,吕青山,m71226531,演员,"胡歌, 吴越, 张新成, 黄磊, 李光洁"
27217832,洪秀儿,女,25870290,演员,是,13,25870290,温州两家人,电视剧,2015-11-26,中国大陆,2015,剧情,有评分,7.8,7118,7118,236,51740629,54435713,156,闵孝真,m51740629,演员,"郭涛, 任程伟, 袁咏仪, 陈丽娜, 刘奕君"
27484088,李晔,男,36189205,演员,否,999,36189205,凡人歌,电视剧,2024-08-31,中国大陆,2024,剧情/喜剧,有评分,7.7,77700,77700,773,72378459,54968225,157,心理科医生,m72378459,演员,"殷桃, 王骁, 章若楠, 秦俊杰, 张哲华"
27483317,杨皓宇,男,30423905,演员,是,21,30423905,大江大河2,电视剧,2020-12-20,中国大陆,2020,剧情/历史,有评分,8.7,208072,208072,1345,60847859,54966683,158,季勇,m60847859,演员,"王凯, 杨烁, 董子健, 杨采钰, 周放"
27229205,李若彤,女,35588265,演员,否,999,35588265,樱桃琥珀,电视剧,2025-07-14,中国大陆,2025,剧情/爱情,有评分,5.7,38891,38891,471,71176579,54458459,159,卓雅琳,m71176579,演员,"赵今麦, 张凌赫, 董洁, 保剑锋, 董璇"
27483858,白茹,女,35588265,演员,否,999,35588265,樱桃琥珀,电视剧,2025-07-14,中国大陆,2025,剧情/爱情,有评分,5.7,38891,38891,471,71176579,54967765,160,老板娘,m71176579,演员,"赵今麦, 张凌赫, 董洁, 保剑锋, 董璇"
27503858,冯绍峰,男,26928226,演员,是,2,26928226,知否知否应是绿肥红瘦,电视剧,2018-12-25,中国大陆,2018,剧情/爱情/古装,有评分,8.0,695224,695224,2358,53856501,55007765,161,顾廷烨,m53856501,演员,"赵丽颖, 冯绍峰, 朱一龙, 施诗, 张佳宁"
27559520,彭梓桁,男,30421903,演员,否,999,30421903,淬火年代,电视剧,2025-06-18,中国大陆,2025,剧情,有评分,7.0,21373,21373,387,60843855,55119089,162,水根,m60843855,演员,"张新成, 宋祖儿, 王彦霖, 任程伟, 张月"
27504368,吴超,男,35613241,演员,否,999,35613241,县委大院,电视剧,2022-12-07,中国大陆,2022,剧情,有评分,6.8,109693,109693,864,71226531,55008785,163,徐泳涛,m71226531,演员,"胡歌, 吴越, 张新成, 黄磊, 李光洁"
27504368,吴超,男,34792296,演员,是,58,34792296,欢迎光临,电视剧,2022-05-18,中国大陆,2022,剧情/喜剧/爱情,有评分,6.4,56516,56516,601,69584641,55008785,164,吴总,m69584641,演员,"黄轩, 白百何, 朱雨辰, 白宇帆, 丁嘉丽"
27504368,吴超,男,30421903,演员,是,9,30421903,淬火年代,电视剧,2025-06-18,中国大陆,2025,剧情,有评分,7.0,21373,21373,387,60843855,55008785,165,朱经理,m60843855,演员,"张新成, 宋祖儿, 王彦霖, 任程伟, 张月"
27483453,侯长荣,男,27088993,演员,是,13,27088993,都挺好,电视剧,2019-03-01,中国大陆,2019,剧情/家庭,有评分,7.7,394106,394106,1742,54178035,54966955,166,朱丽父亲,m54178035,演员,"姚晨, 倪大红, 郭京飞, 杨祐宁, 李念"
27483453,侯长荣,男,26779426,演员,否,999,26779426,欢乐颂3,电视剧,2022-08-11,中国大陆,2022,剧情/爱情,有评分,4.9,41716,41716,452,53558901,54966955,167,金明康,m53558901,演员,"江疏影, 杨采钰, 张佳宁, 张慧雯, 李浩菲"
27547633,于慧,女,26779426,演员,否,999,26779426,欢乐颂3,电视剧,2022-08-11,中国大陆,2022,剧情/爱情,有评分,4.9,41716,41716,452,53558901,55095315,168,,m53558901,演员,"江疏影, 杨采钰, 张佳宁, 张慧雯, 李浩菲"
27495070,罗海琼,女,34792298,演员,是,5,34792298,相逢时节,电视剧,2022-02-23,中国大陆,2022,剧情,有评分,4.9,33169,33169,403,69584645,54990189,169,简敏敏,m69584645,演员,"雷佳音, 袁泉, 张艺兴, 贾乃亮, 罗海琼"
27495070,罗海琼,女,26779426,演员,是,8,26779426,欢乐颂3,电视剧,2022-08-11,中国大陆,2022,剧情/爱情,有评分,4.9,41716,41716,452,53558901,54990189,170,,m53558901,演员,"江疏影, 杨采钰, 张佳宁, 张慧雯, 李浩菲"
27552498,王彦懿,女,26928226,演员,否,999,26928226,知否知否应是绿肥红瘦,电视剧,2018-12-25,中国大陆,2018,剧情/爱情/古装,有评分,8.0,695224,695224,2358,53856501,55105045,171,顾五婶娘,m53856501,演员,"赵丽颖, 冯绍峰, 朱一龙, 施诗, 张佳宁"
27552498,王彦懿,女,26759908,演员,否,999,26759908,清平乐,电视剧,2020-04-07,中国大陆,2020,剧情/古装,有评分,6.4,173456,173456,1054,53519865,55105045,172,荷姐,m53519865,演员,"王凯, 江疏影, 任敏, 杨玏, 边程"
27483022,王媛可,女,26759908,演员,是,37,26759908,清平乐,电视剧,2020-04-07,中国大陆,2020,剧情/古装,有评分,6.4,173456,173456,1054,53519865,54966093,173,梁家娘子,m53519865,演员,"王凯, 江疏影, 任敏, 杨玏, 边程"
27503612,王凯,男,35321446,演员,是,1,35321446,大江大河之岁月如歌,电视剧,2024-01-08,中国大陆,2024,剧情,有评分,8.0,72953,72953,764,70642941,55007273,174,宋运辉,m70642941,演员,"王凯, 杨烁, 董子健, 杨采钰, 张佳宁"
27503612,王凯,男,35033654,演员,是,7,35033654,山海情,电视剧,2021-01-12,中国大陆,2021,剧情,有评分,9.2,481571,481571,2105,70067357,55007273,175,潘书记,m70067357,演员,"黄轩, 张嘉益, 闫妮, 黄觉, 姚晨"
27503612,王凯,男,30423905,演员,是,1,30423905,大江大河2,电视剧,2020-12-20,中国大陆,2020,剧情/历史,有评分,8.7,208072,208072,1345,60847859,55007273,176,宋运辉,m60847859,演员,"王凯, 杨烁, 董子健, 杨采钰, 周放"
27503612,王凯,男,30421903,演员,是,15,30421903,淬火年代,电视剧,2025-06-18,中国大陆,2025,剧情,有评分,7.0,21373,21373,387,60843855,55007273,177,宋运辉,m60843855,演员,"张新成, 宋祖儿, 王彦霖, 任程伟, 张月"
27503612,王凯,男,26797690,演员,是,1,26797690,大江大河,电视剧,2018-12-10,中国大陆,2018,剧情,有评分,8.8,260126,260126,1513,53595429,55007273,178,宋运辉,m53595429,演员,"王凯, 杨烁, 杨烁, 董子健, 童瑶"
27503612,王凯,男,26759908,演员,是,1,26759908,清平乐,电视剧,2020-04-07,中国大陆,2020,剧情/古装,有评分,6.4,173456,173456,1054,53519865,55007273,179,宋仁宗赵祯,m53519865,演员,"王凯, 江疏影, 任敏, 杨玏, 边程"
27503612,王凯,男,26743573,演员,是,6,26743573,欢乐颂2,电视剧,2017-05-11,中国大陆,2017,剧情/爱情,有评分,5.4,154450,154450,913,53487195,55007273,180,赵启平,m53487195,演员,"刘涛, 蒋欣, 王子文, 杨紫, 乔欣"
27503612,王凯,男,26430092,演员,是,7,26430092,欢乐颂,电视剧,2016-04-18,中国大陆,2016,剧情/爱情,有评分,7.5,353514,353514,1628,52860233,55007273,181,赵启平,m52860233,演员,"刘涛, 蒋欣, 王子文, 杨紫, 乔欣"
27503612,王凯,男,26345137,演员,是,1,26345137,如果蜗牛有爱情,电视剧,2016-10-24,中国大陆,2016,剧情/爱情/悬疑,有评分,7.2,105271,105271,871,52690323,55007273,182,季白,m52690323,演员,"王凯, 王子文, 徐悦, 于恒, 赵圆瑗"
27503612,王凯,男,26088457,演员,是,4,26088457,他来了，请闭眼,电视剧,2015-10-15,中国大陆,2015,剧情/悬疑,有评分,6.7,74395,74395,706,52176963,55007273,183,李熏然,m52176963,演员,"霍建华, 马思纯, 张鲁一, 王凯, 尹正"
27503612,王凯,男,25994712,演员,是,4,25994712,伪装者,电视剧,2015-08-31,中国大陆,2015,剧情/悬疑,有评分,8.6,382758,382758,1814,51989473,55007273,184,明诚,m51989473,演员,"胡歌, 靳东, 刘敏涛, 王凯, 宋轶"
27503612,王凯,男,25754848,演员,是,3,25754848,琅琊榜,电视剧,2015-09-19,中国大陆,2015,剧情/古装,有评分,9.4,919060,919060,2939,51509745,55007273,185,萧景琰,m51509745,演员,"胡歌, 刘涛, 王凯, 陈龙, 黄维德"
27503202,杨菲洋,女,26683725,演员,否,999,26683725,外科风云,电视剧,2017-04-17,中国大陆,2017,剧情/爱情,有评分,7.3,94754,94754,832,53367499,55006453,186,王巧慧,m53367499,演员,"靳东, 白百何, 李佳航, 马少骅, 蓝盈莹"
27558262,焦体怡,男,33442331,演员,是,39,33442331,我是余欢水,电视剧,2020-04-06,中国大陆,2020,剧情,有评分,7.3,324953,324953,1540,66884711,55116573,187,岳父,m66884711,演员,"郭京飞, 苗苗, 高露, 岳旸, 高叶"
27558262,焦体怡,男,26797690,演员,否,999,26797690,大江大河,电视剧,2018-12-10,中国大陆,2018,剧情,有评分,8.8,260126,260126,1513,53595429,55116573,188,宫书记,m53595429,演员,"王凯, 杨烁, 杨烁, 董子健, 童瑶"
27558262,焦体怡,男,26683725,演员,是,73,26683725,外科风云,电视剧,2017-04-17,中国大陆,2017,剧情/爱情,有评分,7.3,94754,94754,832,53367499,55116573,189,姜守仁,m53367499,演员,"靳东, 白百何, 李佳航, 马少骅, 蓝盈莹"
27558262,焦体怡,男,26665065,演员,否,999,26665065,琅琊榜之风起长林,电视剧,2017-12-18,中国大陆,2017,剧情/古装,有评分,8.4,210088,210088,1328,53330179,55116573,190,太医令,m53330179,演员,"黄晓明, 刘昊然, 佟丽娅, 张慧雯, 梅婷"
27558262,焦体怡,男,26345137,演员,是,11,26345137,如果蜗牛有爱情,电视剧,2016-10-24,中国大陆,2016,剧情/爱情/悬疑,有评分,7.2,105271,105271,871,52690323,55116573,191,叶澜远,m52690323,演员,"王凯, 王子文, 徐悦, 于恒, 赵圆瑗"
27558262,焦体怡,男,25870290,演员,是,31,25870290,温州两家人,电视剧,2015-11-26,中国大陆,2015,剧情,有评分,7.8,7118,7118,236,51740629,55116573,192,刘大师,m51740629,演员,"郭涛, 任程伟, 袁咏仪, 陈丽娜, 刘奕君"
27550586,金泽灏,男,36571896,演员,是,16,36571896,命悬一生,电视剧,2025-10-11,中国大陆,2025,剧情/悬疑,有评分,7.7,85010,85010,809,73143841,55101221,193,陈更生,m73143841,演员,"黄轩, 李庚希, 张哲华, 白宇帆, 尹昉"
27550586,金泽灏,男,26743573,演员,否,999,26743573,欢乐颂2,电视剧,2017-05-11,中国大陆,2017,剧情/爱情,有评分,5.4,154450,154450,913,53487195,55101221,194,舒展,m53487195,演员,"刘涛, 蒋欣, 王子文, 杨紫, 乔欣"
27550586,金泽灏,男,26683725,演员,是,9,26683725,外科风云,电视剧,2017-04-17,中国大陆,2017,剧情/爱情,有评分,7.3,94754,94754,832,53367499,55101221,195,方志伟,m53367499,演员,"靳东, 白百何, 李佳航, 马少骅, 蓝盈莹"
27550586,金泽灏,男,26665065,演员,是,19,26665065,琅琊榜之风起长林,电视剧,2017-12-18,中国大陆,2017,剧情/古装,有评分,8.4,210088,210088,1328,53330179,55101221,196,岳银川,m53330179,演员,"黄晓明, 刘昊然, 佟丽娅, 张慧雯, 梅婷"
27550586,金泽灏,男,26298935,演员,是,8,26298935,鬼吹灯之精绝古城,电视剧,2016-12-19,中国大陆,2016,剧情/悬疑/惊悚,有评分,7.9,274802,274802,1473,52597919,55101221,197,楚健,m52597919,演员,"靳东, 陈乔恩, 赵达, 岳旸, 王永泉"
27550586,金泽灏,男,25870290,演员,是,11,25870290,温州两家人,电视剧,2015-11-26,中国大陆,2015,剧情,有评分,7.8,7118,7118,236,51740629,55101221,198,黄小威,m51740629,演员,"郭涛, 任程伟, 袁咏仪, 陈丽娜, 刘奕君"
27555903,苗苗,女,33442331,演员,是,2,33442331,我是余欢水,电视剧,2020-04-06,中国大陆,2020,剧情,有评分,7.3,324953,324953,1540,66884711,55111855,199,栾冰然,m66884711,演员,"郭京飞, 苗苗, 高露, 岳旸, 高叶"
27548420,肖茵,女,36534750,演员,否,999,36534750,小巷人家,电视剧,2024-10-28,中国大陆,2024,剧情/家庭,有评分,8.4,287902,287902,1555,73069549,55096889,200,班主任,m73069549,演员,"闫妮, 李光洁, 郭晓东, 蒋欣, 范丞丞"
27484247,黄俊鹏,男,34792298,演员,是,24,34792298,相逢时节,电视剧,2022-02-23,中国大陆,2022,剧情,有评分,4.9,33169,33169,403,69584645,54968543,201,崔浩,m69584645,演员,"雷佳音, 袁泉, 张艺兴, 贾乃亮, 罗海琼"
27253119,丛珊,女,35613241,演员,否,999,35613241,县委大院,电视剧,2022-12-07,中国大陆,2022,剧情,有评分,6.8,109693,109693,864,71226531,54506287,202,乔麦母亲,m71226531,演员,"胡歌, 吴越, 张新成, 黄磊, 李光洁"
27487552,刘仪伟,男,35613241,演员,是,32,35613241,县委大院,电视剧,2022-12-07,中国大陆,2022,剧情,有评分,6.8,109693,109693,864,71226531,54975153,203,书法家,m71226531,演员,"胡歌, 吴越, 张新成, 黄磊, 李光洁"
27483510,苇青,女,35613241,演员,是,29,35613241,县委大院,电视剧,2022-12-07,中国大陆,2022,剧情,有评分,6.8,109693,109693,864,71226531,54967069,204,宝根妈,m71226531,演员,"胡歌, 吴越, 张新成, 黄磊, 李光洁"
27481425,兰晓龙,男,26671336,编剧,是,1,26671336,得闲谨制,电影,2025-12-06,中国大陆,2025,剧情/战争,有评分,6.9,268554,268554,1361,53342721,54962899,206,,m53342721,编剧,"肖战, 彭昱畅, 周依然, 杨新鸣, 阿如那"
27481220,杨立新,男,30423905,演员,是,51,30423905,大江大河2,电视剧,2020-12-20,中国大陆,2020,剧情/历史,有评分,8.7,208072,208072,1345,60847859,54962489,207,水书记,m60847859,演员,"王凯, 杨烁, 董子健, 杨采钰, 周放"
27481220,杨立新,男,26797690,演员,是,5,26797690,大江大河,电视剧,2018-12-10,中国大陆,2018,剧情,有评分,8.8,260126,260126,1513,53595429,54962489,208,水书记,m53595429,演员,"王凯, 杨烁, 杨烁, 董子健, 童瑶"
27499809,万茜,女,35613241,演员,是,19,35613241,县委大院,电视剧,2022-12-07,中国大陆,2022,剧情,有评分,6.8,109693,109693,864,71226531,54999667,209,乔麦,m71226531,演员,"胡歌, 吴越, 张新成, 黄磊, 李光洁"
27483450,王茂蕾,男,35588265,演员,否,999,35588265,樱桃琥珀,电视剧,2025-07-14,中国大陆,2025,剧情/爱情,有评分,5.7,38891,38891,471,71176579,54966949,210,秦大用,m71176579,演员,"赵今麦, 张凌赫, 董洁, 保剑锋, 董璇"
27504283,张铎,男,35588265,演员,是,6,35588265,樱桃琥珀,电视剧,2025-07-14,中国大陆,2025,剧情/爱情,有评分,5.7,38891,38891,471,71176579,55008615,211,蒋政,m71176579,演员,"赵今麦, 张凌赫, 董洁, 保剑锋, 董璇"
27484266,王靖云,女,26928226,演员,否,999,26928226,知否知否应是绿肥红瘦,电视剧,2018-12-25,中国大陆,2018,剧情/爱情/古装,有评分,8.0,695224,695224,2358,53856501,54968581,215,白氏,m53856501,演员,"赵丽颖, 冯绍峰, 朱一龙, 施诗, 张佳宁"
27484751,徐悦,女,26928226,演员,是,21,26928226,知否知否应是绿肥红瘦,电视剧,2018-12-25,中国大陆,2018,剧情/爱情/古装,有评分,8.0,695224,695224,2358,53856501,54969551,216,盛品兰,m53856501,演员,"赵丽颖, 冯绍峰, 朱一龙, 施诗, 张佳宁"
27484751,徐悦,女,26345137,演员,是,3,26345137,如果蜗牛有爱情,电视剧,2016-10-24,中国大陆,2016,剧情/爱情/悬疑,有评分,7.2,105271,105271,871,52690323,54969551,217,姚檬,m52690323,演员,"王凯, 王子文, 徐悦, 于恒, 赵圆瑗"
27499808,齐欢,女,35613241,演员,是,42,35613241,县委大院,电视剧,2022-12-07,中国大陆,2022,剧情,有评分,6.8,109693,109693,864,71226531,54999665,218,梅晓诗,m71226531,演员,"胡歌, 吴越, 张新成, 黄磊, 李光洁"
27499808,齐欢,女,30421903,演员,否,999,30421903,淬火年代,电视剧,2025-06-18,中国大陆,2025,剧情,有评分,7.0,21373,21373,387,60843855,54999665,219,崔母,m60843855,演员,"张新成, 宋祖儿, 王彦霖, 任程伟, 张月"
27488664,朱泳腾,男,34792295,演员,是,46,34792295,乔家的儿女,电视剧,2021-08-17,中国大陆,2021,剧情/家庭,有评分,7.7,235622,235622,1347,69584639,54977377,220,齐志强,m69584639,演员,"白宇, 宋祖儿, 毛晓彤, 张晚意, 周翊然"
27488664,朱泳腾,男,26779426,演员,否,999,26779426,欢乐颂3,电视剧,2022-08-11,中国大陆,2022,剧情/爱情,有评分,4.9,41716,41716,452,53558901,54977377,221,季总,m53558901,演员,"江疏影, 杨采钰, 张佳宁, 张慧雯, 李浩菲"
27497329,简川訸,男,36189205,导演,是,1,36189205,凡人歌,电视剧,2024-08-31,中国大陆,2024,剧情/喜剧,有评分,7.7,77700,77700,773,72378459,54994707,222,,m72378459,导演,"殷桃, 王骁, 章若楠, 秦俊杰, 张哲华"
27497329,简川訸,男,34792298,导演,是,1,34792298,相逢时节,电视剧,2022-02-23,中国大陆,2022,剧情,有评分,4.9,33169,33169,403,69584645,54994707,223,,m69584645,导演,"雷佳音, 袁泉, 张艺兴, 贾乃亮, 罗海琼"
27497329,简川訸,男,27088993,导演,是,1,27088993,都挺好,电视剧,2019-03-01,中国大陆,2019,剧情/家庭,有评分,7.7,394106,394106,1742,54178035,54994707,224,,m54178035,导演,"姚晨, 倪大红, 郭京飞, 杨祐宁, 李念"
27497329,简川訸,男,26779426,导演,是,1,26779426,欢乐颂3,电视剧,2022-08-11,中国大陆,2022,剧情/爱情,有评分,4.9,41716,41716,452,53558901,54994707,225,,m53558901,导演,"江疏影, 杨采钰, 张佳宁, 张慧雯, 李浩菲"
27497329,简川訸,男,26743573,导演,是,1,26743573,欢乐颂2,电视剧,2017-05-11,中国大陆,2017,剧情/爱情,有评分,5.4,154450,154450,913,53487195,54994707,226,,m53487195,导演,"刘涛, 蒋欣, 王子文, 杨紫, 乔欣"
27497329,简川訸,男,26430092,导演,是,2,26430092,欢乐颂,电视剧,2016-04-18,中国大陆,2016,剧情/爱情,有评分,7.5,353514,353514,1628,52860233,54994707,227,,m52860233,导演,"刘涛, 蒋欣, 王子文, 杨紫, 乔欣"
27555470,丁文博,男,35332289,演员,是,49,35332289,开端,电视剧,2022-01-11,中国大陆,2022,剧情,有评分,7.9,968506,968506,2766,70664627,55110989,228,强子,m70664627,演员,"白敬亭, 赵今麦, 刘奕君, 刘涛, 黄觉"
27555470,丁文博,男,35321446,演员,否,999,35321446,大江大河之岁月如歌,电视剧,2024-01-08,中国大陆,2024,剧情,有评分,8.0,72953,72953,764,70642941,55110989,229,严贺平,m70642941,演员,"王凯, 杨烁, 董子健, 杨采钰, 张佳宁"
27553993,耿黎明,女,25754848,演员,是,100,25754848,琅琊榜,电视剧,2015-09-19,中国大陆,2015,剧情/古装,有评分,9.4,919060,919060,2939,51509745,55108035,230,其红,m51509745,演员,"胡歌, 刘涛, 王凯, 陈龙, 黄维德"
27481053,郑毓芝,女,25754848,演员,是,14,25754848,琅琊榜,电视剧,2015-09-19,中国大陆,2015,剧情/古装,有评分,9.4,919060,919060,2939,51509745,54962155,231,太皇太后,m51509745,演员,"胡歌, 刘涛, 王凯, 陈龙, 黄维德"
27551206,冯韵之,女,26743573,演员,否,999,26743573,欢乐颂2,电视剧,2017-05-11,中国大陆,2017,剧情/爱情,有评分,5.4,154450,154450,913,53487195,55102461,232,徐工,m53487195,演员,"刘涛, 蒋欣, 王子文, 杨紫, 乔欣"
27551206,冯韵之,女,26683725,演员,是,56,26683725,外科风云,电视剧,2017-04-17,中国大陆,2017,剧情/爱情,有评分,7.3,94754,94754,832,53367499,55102461,233,心理医生,m53367499,演员,"靳东, 白百何, 李佳航, 马少骅, 蓝盈莹"
27492252,金士杰,男,26683725,演员,是,11,26683725,外科风云,电视剧,2017-04-17,中国大陆,2017,剧情/爱情,有评分,7.3,94754,94754,832,53367499,54984553,234,修敏齐,m53367499,演员,"靳东, 白百何, 李佳航, 马少骅, 蓝盈莹"
27483485,蓝盈莹,女,26683725,演员,是,5,26683725,外科风云,电视剧,2017-04-17,中国大陆,2017,剧情/爱情,有评分,7.3,94754,94754,832,53367499,54967019,235,杨羽,m53367499,演员,"靳东, 白百何, 李佳航, 马少骅, 蓝盈莹"
27558388,金顺子,女,36534750,演员,否,999,36534750,小巷人家,电视剧,2024-10-28,中国大陆,2024,剧情/家庭,有评分,8.4,287902,287902,1555,73069549,55116825,246,李婶,m73069549,演员,"闫妮, 李光洁, 郭晓东, 蒋欣, 范丞丞"
27558388,金顺子,女,34792295,演员,否,999,34792295,乔家的儿女,电视剧,2021-08-17,中国大陆,2021,剧情/家庭,有评分,7.7,235622,235622,1347,69584639,55116825,247,方姨,m69584639,演员,"白宇, 宋祖儿, 毛晓彤, 张晚意, 周翊然"
27552731,陆忠,男,36534750,演员,否,999,36534750,小巷人家,电视剧,2024-10-28,中国大陆,2024,剧情/家庭,有评分,8.4,287902,287902,1555,73069549,55105511,248,史老师,m73069549,演员,"闫妮, 李光洁, 郭晓东, 蒋欣, 范丞丞"
27552731,陆忠,男,35321446,演员,否,999,35321446,大江大河之岁月如歌,电视剧,2024-01-08,中国大陆,2024,剧情,有评分,8.0,72953,72953,764,70642941,55105511,249,王主任,m70642941,演员,"王凯, 杨烁, 董子健, 杨采钰, 张佳宁"
27552731,陆忠,男,34792295,演员,是,68,34792295,乔家的儿女,电视剧,2021-08-17,中国大陆,2021,剧情/家庭,有评分,7.7,235622,235622,1347,69584639,55105511,250,老冯,m69584639,演员,"白宇, 宋祖儿, 毛晓彤, 张晚意, 周翊然"
27541226,梁大维,男,34792296,演员,是,64,34792296,欢迎光临,电视剧,2022-05-18,中国大陆,2022,剧情/喜剧/爱情,有评分,6.4,56516,56516,601,69584641,55082501,251,梁大夫,m69584641,演员,"黄轩, 白百何, 朱雨辰, 白宇帆, 丁嘉丽"
27541226,梁大维,男,33442331,演员,是,20,33442331,我是余欢水,电视剧,2020-04-06,中国大陆,2020,剧情,有评分,7.3,324953,324953,1540,66884711,55082501,252,口罩男,m66884711,演员,"郭京飞, 苗苗, 高露, 岳旸, 高叶"
27244725,丁嘉丽,女,34792296,演员,是,5,34792296,欢迎光临,电视剧,2022-05-18,中国大陆,2022,剧情/喜剧/爱情,有评分,6.4,56516,56516,601,69584641,54489499,253,孙彩霞,m69584641,演员,"黄轩, 白百何, 朱雨辰, 白宇帆, 丁嘉丽"
27480565,焦刚,男,35321446,演员,否,999,35321446,大江大河之岁月如歌,电视剧,2024-01-08,中国大陆,2024,剧情,有评分,8.0,72953,72953,764,70642941,54961179,254,高祥荣,m70642941,演员,"王凯, 杨烁, 董子健, 杨采钰, 张佳宁"
27480565,焦刚,男,30423905,演员,是,11,30423905,大江大河2,电视剧,2020-12-20,中国大陆,2020,剧情/历史,有评分,8.7,208072,208072,1345,60847859,54961179,255,高祥荣,m60847859,演员,"王凯, 杨烁, 董子健, 杨采钰, 周放"
27558280,张乃华,男,26743573,演员,否,999,26743573,欢乐颂2,电视剧,2017-05-11,中国大陆,2017,剧情/爱情,有评分,5.4,154450,154450,913,53487195,55116609,256,,m53487195,演员,"刘涛, 蒋欣, 王子文, 杨紫, 乔欣"
27558280,张乃华,男,26430092,演员,是,24,26430092,欢乐颂,电视剧,2016-04-18,中国大陆,2016,剧情/爱情,有评分,7.5,353514,353514,1628,52860233,55116609,257,樊建国,m52860233,演员,"刘涛, 蒋欣, 王子文, 杨紫, 乔欣"
27483066,涂凌,女,27088993,演员,是,18,27088993,都挺好,电视剧,2019-03-01,中国大陆,2019,剧情/家庭,有评分,7.7,394106,394106,1742,54178035,54966181,258,蔡根花,m54178035,演员,"姚晨, 倪大红, 郭京飞, 杨祐宁, 李念"
27483066,涂凌,女,26779426,演员,否,999,26779426,欢乐颂3,电视剧,2022-08-11,中国大陆,2022,剧情/爱情,有评分,4.9,41716,41716,452,53558901,54966181,259,,m53558901,演员,"江疏影, 杨采钰, 张佳宁, 张慧雯, 李浩菲"
27483880,郝洋,女,36571896,演员,是,25,36571896,命悬一生,电视剧,2025-10-11,中国大陆,2025,剧情/悬疑,有评分,7.7,85010,85010,809,73143841,54967809,260,孟母,m73143841,演员,"黄轩, 李庚希, 张哲华, 白宇帆, 尹昉"
27483880,郝洋,女,35613241,演员,否,999,35613241,县委大院,电视剧,2022-12-07,中国大陆,2022,剧情,有评分,6.8,109693,109693,864,71226531,54967809,261,袁小英,m71226531,演员,"胡歌, 吴越, 张新成, 黄磊, 李光洁"
27483880,郝洋,女,34792296,演员,是,46,34792296,欢迎光临,电视剧,2022-05-18,中国大陆,2022,剧情/喜剧/爱情,有评分,6.4,56516,56516,601,69584641,54967809,262,陈精典母亲,m69584641,演员,"黄轩, 白百何, 朱雨辰, 白宇帆, 丁嘉丽"
27483495,冯鹏,男,36571896,演员,是,14,36571896,命悬一生,电视剧,2025-10-11,中国大陆,2025,剧情/悬疑,有评分,7.7,85010,85010,809,73143841,54967039,263,牛锐,m73143841,演员,"黄轩, 李庚希, 张哲华, 白宇帆, 尹昉"
27483495,冯鹏,男,35613241,演员,否,999,35613241,县委大院,电视剧,2022-12-07,中国大陆,2022,剧情,有评分,6.8,109693,109693,864,71226531,54967039,264, 明路,m71226531,演员,"胡歌, 吴越, 张新成, 黄磊, 李光洁"
27483495,冯鹏,男,33442331,演员,是,26,33442331,我是余欢水,电视剧,2020-04-06,中国大陆,2020,剧情,有评分,7.3,324953,324953,1540,66884711,54967039,265,业主,m66884711,演员,"郭京飞, 苗苗, 高露, 岳旸, 高叶"
27484992,陆妍淇,女,26928226,演员,否,999,26928226,知否知否应是绿肥红瘦,电视剧,2018-12-25,中国大陆,2018,剧情/爱情/古装,有评分,8.0,695224,695224,2358,53856501,54970033,266,小蝶,m53856501,演员,"赵丽颖, 冯绍峰, 朱一龙, 施诗, 张佳宁"
27484992,陆妍淇,女,26759908,演员,是,25,26759908,清平乐,电视剧,2020-04-07,中国大陆,2020,剧情/古装,有评分,6.4,173456,173456,1054,53519865,54970033,267,董秋和,m53519865,演员,"王凯, 江疏影, 任敏, 杨玏, 边程"
27484320,周艺华,男,26928226,演员,否,999,26928226,知否知否应是绿肥红瘦,电视剧,2018-12-25,中国大陆,2018,剧情/爱情/古装,有评分,8.0,695224,695224,2358,53856501,54968689,268,巴老福,m53856501,演员,"赵丽颖, 冯绍峰, 朱一龙, 施诗, 张佳宁"
27484320,周艺华,男,26665065,演员,否,999,26665065,琅琊榜之风起长林,电视剧,2017-12-18,中国大陆,2017,剧情/古装,有评分,8.4,210088,210088,1328,53330179,54968689,269,太常寺卿,m53330179,演员,"黄晓明, 刘昊然, 佟丽娅, 张慧雯, 梅婷"
27484320,周艺华,男,25754848,演员,是,73,25754848,琅琊榜,电视剧,2015-09-19,中国大陆,2015,剧情/古装,有评分,9.4,919060,919060,2939,51509745,54968689,270,范呈湘,m51509745,演员,"胡歌, 刘涛, 王凯, 陈龙, 黄维德"
27489127,郭东岳,男,26743573,演员,否,999,26743573,欢乐颂2,电视剧,2017-05-11,中国大陆,2017,剧情/爱情,有评分,5.4,154450,154450,913,53487195,54978303,273,Jackie,m53487195,演员,"刘涛, 蒋欣, 王子文, 杨紫, 乔欣"
27489127,郭东岳,男,25754848,演员,是,52,25754848,琅琊榜,电视剧,2015-09-19,中国大陆,2015,剧情/古装,有评分,9.4,919060,919060,2939,51509745,54978303,276,宇文暄,m51509745,演员,"胡歌, 刘涛, 王凯, 陈龙, 黄维德"
27552350,言杰,男,25754848,演员,是,43,25754848,琅琊榜,电视剧,2015-09-19,中国大陆,2015,剧情/古装,有评分,9.4,919060,919060,2939,51509745,55104749,277,卓青遥,m51509745,演员,"胡歌, 刘涛, 王凯, 陈龙, 黄维德"
27546734,张晓谦,男,35033654,演员,否,999,35033654,山海情,电视剧,2021-01-12,中国大陆,2021,剧情,有评分,9.2,481571,481571,2105,70067357,55093517,278,秘书小高,m70067357,演员,"黄轩, 张嘉益, 闫妮, 黄觉, 姚晨"
27546734,张晓谦,男,34792296,演员,是,26,34792296,欢迎光临,电视剧,2022-05-18,中国大陆,2022,剧情/喜剧/爱情,有评分,6.4,56516,56516,601,69584641,55093517,279,房产中介,m69584641,演员,"黄轩, 白百何, 朱雨辰, 白宇帆, 丁嘉丽"
27546734,张晓谦,男,26928226,演员,是,14,26928226,知否知否应是绿肥红瘦,电视剧,2018-12-25,中国大陆,2018,剧情/爱情/古装,有评分,8.0,695224,695224,2358,53856501,55093517,280,盛长枫,m53856501,演员,"赵丽颖, 冯绍峰, 朱一龙, 施诗, 张佳宁"
27546734,张晓谦,男,26743573,演员,否,999,26743573,欢乐颂2,电视剧,2017-05-11,中国大陆,2017,剧情/爱情,有评分,5.4,154450,154450,913,53487195,55093517,281,姚滨,m53487195,演员,"刘涛, 蒋欣, 王子文, 杨紫, 乔欣"
27546734,张晓谦,男,26430092,演员,是,11,26430092,欢乐颂,电视剧,2016-04-18,中国大陆,2016,剧情/爱情,有评分,7.5,353514,353514,1628,52860233,55093517,282,姚滨,m52860233,演员,"刘涛, 蒋欣, 王子文, 杨紫, 乔欣"
27546734,张晓谦,男,26345137,演员,是,8,26345137,如果蜗牛有爱情,电视剧,2016-10-24,中国大陆,2016,剧情/爱情/悬疑,有评分,7.2,105271,105271,871,52690323,55093517,283,杨宇,m52690323,演员,"王凯, 王子文, 徐悦, 于恒, 赵圆瑗"
27546734,张晓谦,男,26298935,演员,是,11,26298935,鬼吹灯之精绝古城,电视剧,2016-12-19,中国大陆,2016,剧情/悬疑/惊悚,有评分,7.9,274802,274802,1473,52597919,55093517,284,尕娃,m52597919,演员,"靳东, 陈乔恩, 赵达, 岳旸, 王永泉"
27546734,张晓谦,男,25994712,演员,否,999,25994712,伪装者,电视剧,2015-08-31,中国大陆,2015,剧情/悬疑,有评分,8.6,382758,382758,1814,51989473,55093517,285,飞机暗杀者,m51989473,演员,"胡歌, 靳东, 刘敏涛, 王凯, 宋轶"
27546734,张晓谦,男,25754848,演员,是,13,25754848,琅琊榜,电视剧,2015-09-19,中国大陆,2015,剧情/古装,有评分,9.4,919060,919060,2939,51509745,55093517,286,穆青,m51509745,演员,"胡歌, 刘涛, 王凯, 陈龙, 黄维德"
27481058,李光复,男,26683725,演员,是,38,26683725,外科风云,电视剧,2017-04-17,中国大陆,2017,剧情/爱情,有评分,7.3,94754,94754,832,53367499,54962165,287,张亦民,m53367499,演员,"靳东, 白百何, 李佳航, 马少骅, 蓝盈莹"
27483818,李龙君,男,26345137,演员,是,14,26345137,如果蜗牛有爱情,电视剧,2016-10-24,中国大陆,2016,剧情/爱情/悬疑,有评分,7.2,105271,105271,871,52690323,54967685,288,梁宇,m52690323,演员,"王凯, 王子文, 徐悦, 于恒, 赵圆瑗"
27497326,付美,女,26298935,演员,是,9,26298935,鬼吹灯之精绝古城,电视剧,2016-12-19,中国大陆,2016,剧情/悬疑/惊悚,有评分,7.9,274802,274802,1473,52597919,54994701,289,叶亦心,m52597919,演员,"靳东, 陈乔恩, 赵达, 岳旸, 王永泉"
27551404,周波,男,35033654,演员,否,999,35033654,山海情,电视剧,2021-01-12,中国大陆,2021,剧情,有评分,9.2,481571,481571,2105,70067357,55102857,290,赵局长,m70067357,演员,"黄轩, 张嘉益, 闫妮, 黄觉, 姚晨"
27549694,田雷,男,35321446,演员,是,12,35321446,大江大河之岁月如歌,电视剧,2024-01-08,中国大陆,2024,剧情,有评分,8.0,72953,72953,764,70642941,55099437,291,史红伟,m70642941,演员,"王凯, 杨烁, 董子健, 杨采钰, 张佳宁"
27549694,田雷,男,30423905,演员,是,15,30423905,大江大河2,电视剧,2020-12-20,中国大陆,2020,剧情/历史,有评分,8.7,208072,208072,1345,60847859,55099437,292,史红伟,m60847859,演员,"王凯, 杨烁, 董子健, 杨采钰, 周放"
27549694,田雷,男,26797690,演员,是,7,26797690,大江大河,电视剧,2018-12-10,中国大陆,2018,剧情,有评分,8.8,260126,260126,1513,53595429,55099437,293,红伟,m53595429,演员,"王凯, 杨烁, 杨烁, 董子健, 童瑶"
27541411,孙大川,男,35321446,演员,否,999,35321446,大江大河之岁月如歌,电视剧,2024-01-08,中国大陆,2024,剧情,有评分,8.0,72953,72953,764,70642941,55082871,294,刘玉海,m70642941,演员,"王凯, 杨烁, 董子健, 杨采钰, 张佳宁"
27541411,孙大川,男,34792296,演员,是,33,34792296,欢迎光临,电视剧,2022-05-18,中国大陆,2022,剧情/喜剧/爱情,有评分,6.4,56516,56516,601,69584641,55082871,295,庄医生,m69584641,演员,"黄轩, 白百何, 朱雨辰, 白宇帆, 丁嘉丽"
27541411,孙大川,男,30423905,演员,是,12,30423905,大江大河2,电视剧,2020-12-20,中国大陆,2020,剧情/历史,有评分,8.7,208072,208072,1345,60847859,55082871,296,刘玉海,m60847859,演员,"王凯, 杨烁, 董子健, 杨采钰, 周放"
27483555,郑奇,男,35588265,演员,否,999,35588265,樱桃琥珀,电视剧,2025-07-14,中国大陆,2025,剧情/爱情,有评分,5.7,38891,38891,471,71176579,54967159,297,蔡鹜,m71176579,演员,"赵今麦, 张凌赫, 董洁, 保剑锋, 董璇"
27558810,苏盛华,男,26743573,演员,否,999,26743573,欢乐颂2,电视剧,2017-05-11,中国大陆,2017,剧情/爱情,有评分,5.4,154450,154450,913,53487195,55117669,298,何云礼,m53487195,演员,"刘涛, 蒋欣, 王子文, 杨紫, 乔欣"
27487507,杨青,女,26928226,演员,否,999,26928226,知否知否应是绿肥红瘦,电视剧,2018-12-25,中国大陆,2018,剧情/爱情/古装,有评分,8.0,695224,695224,2358,53856501,54975063,299,太后,m53856501,演员,"赵丽颖, 冯绍峰, 朱一龙, 施诗, 张佳宁"
27549418,贾媛媛,女,26928226,演员,是,39,26928226,知否知否应是绿肥红瘦,电视剧,2018-12-25,中国大陆,2018,剧情/爱情/古装,有评分,8.0,695224,695224,2358,53856501,55098885,300,曹锦绣,m53856501,演员,"赵丽颖, 冯绍峰, 朱一龙, 施诗, 张佳宁"
27549418,贾媛媛,女,26797690,演员,是,29,26797690,大江大河,电视剧,2018-12-10,中国大陆,2018,剧情,有评分,8.8,260126,260126,1513,53595429,55098885,301,士根媳妇,m53595429,演员,"王凯, 杨烁, 杨烁, 董子健, 童瑶"
27549418,贾媛媛,女,26665065,演员,是,23,26665065,琅琊榜之风起长林,电视剧,2017-12-18,中国大陆,2017,剧情/古装,有评分,8.4,210088,210088,1328,53330179,55098885,302,掌事姑姑,m53330179,演员,"黄晓明, 刘昊然, 佟丽娅, 张慧雯, 梅婷"
27484253,蔡子伦,男,36571896,演员,否,999,36571896,命悬一生,电视剧,2025-10-11,中国大陆,2025,剧情/悬疑,有评分,7.7,85010,85010,809,73143841,54968555,303,话剧导演,m73143841,演员,"黄轩, 李庚希, 张哲华, 白宇帆, 尹昉"
27484253,蔡子伦,男,35613241,演员,否,999,35613241,县委大院,电视剧,2022-12-07,中国大陆,2022,剧情,有评分,6.8,109693,109693,864,71226531,54968555,304,派出所吴所长,m71226531,演员,"胡歌, 吴越, 张新成, 黄磊, 李光洁"
27484253,蔡子伦,男,35033654,演员,否,999,35033654,山海情,电视剧,2021-01-12,中国大陆,2021,剧情,有评分,9.2,481571,481571,2105,70067357,54968555,305,记者周斌,m70067357,演员,"黄轩, 张嘉益, 闫妮, 黄觉, 姚晨"
27481229,喻恩泰,男,26759908,演员,是,7,26759908,清平乐,电视剧,2020-04-07,中国大陆,2020,剧情/古装,有评分,6.4,173456,173456,1054,53519865,54962507,306,晏殊,m53519865,演员,"王凯, 江疏影, 任敏, 杨玏, 边程"
27560391,邵伟桐,男,26665065,演员,是,24,26665065,琅琊榜之风起长林,电视剧,2017-12-18,中国大陆,2017,剧情/古装,有评分,8.4,210088,210088,1328,53330179,55120831,312,何成,m53330179,演员,"黄晓明, 刘昊然, 佟丽娅, 张慧雯, 梅婷"
27560391,邵伟桐,男,26298935,演员,是,14,26298935,鬼吹灯之精绝古城,电视剧,2016-12-19,中国大陆,2016,剧情/悬疑/惊悚,有评分,7.9,274802,274802,1473,52597919,55120831,313,小刘,m52597919,演员,"靳东, 陈乔恩, 赵达, 岳旸, 王永泉"
27553300,周小飞,女,34792295,演员,是,122,34792295,乔家的儿女,电视剧,2021-08-17,中国大陆,2021,剧情/家庭,有评分,7.7,235622,235622,1347,69584639,55106649,314,联防主任,m69584639,演员,"白宇, 宋祖儿, 毛晓彤, 张晚意, 周翊然"
27484188,王亚军,女,34792295,演员,是,34,34792295,乔家的儿女,电视剧,2021-08-17,中国大陆,2021,剧情/家庭,有评分,7.7,235622,235622,1347,69584639,54968425,315,一丁妈,m69584639,演员,"白宇, 宋祖儿, 毛晓彤, 张晚意, 周翊然"
27483209,褚栓忠,男,35613241,演员,否,999,35613241,县委大院,电视剧,2022-12-07,中国大陆,2022,剧情,有评分,6.8,109693,109693,864,71226531,54966467,316,张华,m71226531,演员,"胡歌, 吴越, 张新成, 黄磊, 李光洁"
27480331,赵炳锐,男,35613241,演员,否,999,35613241,县委大院,电视剧,2022-12-07,中国大陆,2022,剧情,有评分,6.8,109693,109693,864,71226531,54960711,317,徐军,m71226531,演员,"胡歌, 吴越, 张新成, 黄磊, 李光洁"
27551394,魏璐,女,34792296,演员,是,39,34792296,欢迎光临,电视剧,2022-05-18,中国大陆,2022,剧情/喜剧/爱情,有评分,6.4,56516,56516,601,69584641,55102837,318,璐璐,m69584641,演员,"黄轩, 白百何, 朱雨辰, 白宇帆, 丁嘉丽"
27495329,赵峥,男,35033654,演员,否,999,35033654,山海情,电视剧,2021-01-12,中国大陆,2021,剧情,有评分,9.2,481571,481571,2105,70067357,54990707,319,孙主任,m70067357,演员,"黄轩, 张嘉益, 闫妮, 黄觉, 姚晨"
27504382,韩秋池,男,36189205,演员,否,999,36189205,凡人歌,电视剧,2024-08-31,中国大陆,2024,剧情/喜剧,有评分,7.7,77700,77700,773,72378459,55008813,320,媒介部总监,m72378459,演员,"殷桃, 王骁, 章若楠, 秦俊杰, 张哲华"
27556509,赵秦,女,36534750,演员,否,999,36534750,小巷人家,电视剧,2024-10-28,中国大陆,2024,剧情/家庭,有评分,8.4,287902,287902,1555,73069549,55113067,323,陈老师,m73069549,演员,"闫妮, 李光洁, 郭晓东, 蒋欣, 范丞丞"
27556509,赵秦,女,26928226,演员,是,38,26928226,知否知否应是绿肥红瘦,电视剧,2018-12-25,中国大陆,2018,剧情/爱情/古装,有评分,8.0,695224,695224,2358,53856501,55113067,324,余嫣红,m53856501,演员,"赵丽颖, 冯绍峰, 朱一龙, 施诗, 张佳宁"
27537494,陈瑾,女,27088993,演员,是,8,27088993,都挺好,电视剧,2019-03-01,中国大陆,2019,剧情/家庭,有评分,7.7,394106,394106,1742,54178035,55075037,325,赵美兰,m54178035,演员,"姚晨, 倪大红, 郭京飞, 杨祐宁, 李念"
27537494,陈瑾,女,26928226,演员,是,12,26928226,知否知否应是绿肥红瘦,电视剧,2018-12-25,中国大陆,2018,剧情/爱情/古装,有评分,8.0,695224,695224,2358,53856501,55075037,326,平宁郡主,m53856501,演员,"赵丽颖, 冯绍峰, 朱一龙, 施诗, 张佳宁"
27537494,陈瑾,女,26743573,演员,否,999,26743573,欢乐颂2,电视剧,2017-05-11,中国大陆,2017,剧情/爱情,有评分,5.4,154450,154450,913,53487195,55075037,327,,m53487195,演员,"刘涛, 蒋欣, 王子文, 杨紫, 乔欣"
27483102,周德华,男,35613241,演员,否,999,35613241,县委大院,电视剧,2022-12-07,中国大陆,2022,剧情,有评分,6.8,109693,109693,864,71226531,54966253,328,崔二,m71226531,演员,"胡歌, 吴越, 张新成, 黄磊, 李光洁"
27483102,周德华,男,30421903,演员,否,999,30421903,淬火年代,电视剧,2025-06-18,中国大陆,2025,剧情,有评分,7.0,21373,21373,387,60843855,54966253,329,全老板,m60843855,演员,"张新成, 宋祖儿, 王彦霖, 任程伟, 张月"
27484901,钱洁,女,35321446,演员,否,999,35321446,大江大河之岁月如歌,电视剧,2024-01-08,中国大陆,2024,剧情,有评分,8.0,72953,72953,764,70642941,54969851,330,宋母,m70642941,演员,"王凯, 杨烁, 董子健, 杨采钰, 张佳宁"
27484901,钱洁,女,34792298,演员,是,23,34792298,相逢时节,电视剧,2022-02-23,中国大陆,2022,剧情,有评分,4.9,33169,33169,403,69584645,54969851,331,王春萍,m69584645,演员,"雷佳音, 袁泉, 张艺兴, 贾乃亮, 罗海琼"
27484901,钱洁,女,30423905,演员,是,20,30423905,大江大河2,电视剧,2020-12-20,中国大陆,2020,剧情/历史,有评分,8.7,208072,208072,1345,60847859,54969851,332,宋母,m60847859,演员,"王凯, 杨烁, 董子健, 杨采钰, 周放"
27484901,钱洁,女,26797690,演员,是,18,26797690,大江大河,电视剧,2018-12-10,中国大陆,2018,剧情,有评分,8.8,260126,260126,1513,53595429,54969851,333,宋母,m53595429,演员,"王凯, 杨烁, 杨烁, 董子健, 童瑶"
27484901,钱洁,女,26779426,演员,否,999,26779426,欢乐颂3,电视剧,2022-08-11,中国大陆,2022,剧情/爱情,有评分,4.9,41716,41716,452,53558901,54969851,334,,m53558901,演员,"江疏影, 杨采钰, 张佳宁, 张慧雯, 李浩菲"
27550319,石强,男,36571896,演员,否,999,36571896,命悬一生,电视剧,2025-10-11,中国大陆,2025,剧情/悬疑,有评分,7.7,85010,85010,809,73143841,55100687,335,陈伯,m73143841,演员,"黄轩, 李庚希, 张哲华, 白宇帆, 尹昉"
27550319,石强,男,30423905,演员,否,999,30423905,大江大河2,电视剧,2020-12-20,中国大陆,2020,剧情/历史,有评分,8.7,208072,208072,1345,60847859,55100687,336,苏科长,m60847859,演员,"王凯, 杨烁, 董子健, 杨采钰, 周放"
27554674,宋家腾,男,35332289,演员,是,7,35332289,开端,电视剧,2022-01-11,中国大陆,2022,剧情,有评分,7.9,968506,968506,2766,70664627,55109397,337,钥匙男,m70664627,演员,"白敬亭, 赵今麦, 刘奕君, 刘涛, 黄觉"
27554674,宋家腾,男,35321446,演员,否,999,35321446,大江大河之岁月如歌,电视剧,2024-01-08,中国大陆,2024,剧情,有评分,8.0,72953,72953,764,70642941,55109397,338,四宝,m70642941,演员,"王凯, 杨烁, 董子健, 杨采钰, 张佳宁"
27554674,宋家腾,男,30423905,演员,是,48,30423905,大江大河2,电视剧,2020-12-20,中国大陆,2020,剧情/历史,有评分,8.7,208072,208072,1345,60847859,55109397,339,四宝,m60847859,演员,"王凯, 杨烁, 董子健, 杨采钰, 周放"
27554674,宋家腾,男,26797690,演员,是,26,26797690,大江大河,电视剧,2018-12-10,中国大陆,2018,剧情,有评分,8.8,260126,260126,1513,53595429,55109397,340,四宝,m53595429,演员,"王凯, 杨烁, 杨烁, 董子健, 童瑶"
27484152,王虎城,男,35613241,演员,否,999,35613241,县委大院,电视剧,2022-12-07,中国大陆,2022,剧情,有评分,6.8,109693,109693,864,71226531,54968353,341, 老支书,m71226531,演员,"胡歌, 吴越, 张新成, 黄磊, 李光洁"
27484152,王虎城,男,35321446,演员,否,999,35321446,大江大河之岁月如歌,电视剧,2024-01-08,中国大陆,2024,剧情,有评分,8.0,72953,72953,764,70642941,54968353,342,张家阿伯,m70642941,演员,"王凯, 杨烁, 董子健, 杨采钰, 张佳宁"
27484152,王虎城,男,25754848,演员,是,64,25754848,琅琊榜,电视剧,2015-09-19,中国大陆,2015,剧情/古装,有评分,9.4,919060,919060,2939,51509745,54968353,343,周玄清,m51509745,演员,"胡歌, 刘涛, 王凯, 陈龙, 黄维德"
27483283,公方敏,男,25754848,演员,是,44,25754848,琅琊榜,电视剧,2015-09-19,中国大陆,2015,剧情/古装,有评分,9.4,919060,919060,2939,51509745,54966615,344,十三先生,m51509745,演员,"胡歌, 刘涛, 王凯, 陈龙, 黄维德"
27552965,郑惠馨,女,26683725,演员,是,52,26683725,外科风云,电视剧,2017-04-17,中国大陆,2017,剧情/爱情,有评分,7.3,94754,94754,832,53367499,55105979,345,南南,m53367499,演员,"靳东, 白百何, 李佳航, 马少骅, 蓝盈莹"
27495154,董勇,男,35613241,演员,是,26,35613241,县委大院,电视剧,2022-12-07,中国大陆,2022,剧情,有评分,6.8,109693,109693,864,71226531,54990357,346,郭厅长,m71226531,演员,"胡歌, 吴越, 张新成, 黄磊, 李光洁"
27495154,董勇,男,26683725,演员,是,35,26683725,外科风云,电视剧,2017-04-17,中国大陆,2017,剧情/爱情,有评分,7.3,94754,94754,832,53367499,54990357,347,吴天,m53367499,演员,"靳东, 白百何, 李佳航, 马少骅, 蓝盈莹"
27480632,杨雪,女,34792295,演员,是,51,34792295,乔家的儿女,电视剧,2021-08-17,中国大陆,2021,剧情/家庭,有评分,7.7,235622,235622,1347,69584639,54961313,348,文居岸妈,m69584639,演员,"白宇, 宋祖儿, 毛晓彤, 张晚意, 周翊然"
27556212,王璐,男,27088993,演员,否,999,27088993,都挺好,电视剧,2019-03-01,中国大陆,2019,剧情/家庭,有评分,7.7,394106,394106,1742,54178035,55112473,350,洪总秘书,m54178035,演员,"姚晨, 倪大红, 郭京飞, 杨祐宁, 李念"
27483274,张野,男,26345137,演员,是,16,26345137,如果蜗牛有爱情,电视剧,2016-10-24,中国大陆,2016,剧情/爱情/悬疑,有评分,7.2,105271,105271,871,52690323,54966597,351,小方,m52690323,演员,"王凯, 王子文, 徐悦, 于恒, 赵圆瑗"
27547100,陈昊明,女,35321446,演员,否,999,35321446,大江大河之岁月如歌,电视剧,2024-01-08,中国大陆,2024,剧情,有评分,8.0,72953,72953,764,70642941,55094249,352,李霖,m70642941,演员,"王凯, 杨烁, 董子健, 杨采钰, 张佳宁"
27484556,于鸿洲,男,36534750,演员,否,999,36534750,小巷人家,电视剧,2024-10-28,中国大陆,2024,剧情/家庭,有评分,8.4,287902,287902,1555,73069549,54969161,353,安厂长,m73069549,演员,"闫妮, 李光洁, 郭晓东, 蒋欣, 范丞丞"
27484556,于鸿洲,男,35321446,演员,否,999,35321446,大江大河之岁月如歌,电视剧,2024-01-08,中国大陆,2024,剧情,有评分,8.0,72953,72953,764,70642941,54969161,354,陈东柏,m70642941,演员,"王凯, 杨烁, 董子健, 杨采钰, 张佳宁"
27482874,王新,男,35321446,演员,否,999,35321446,大江大河之岁月如歌,电视剧,2024-01-08,中国大陆,2024,剧情,有评分,8.0,72953,72953,764,70642941,54965797,355,曾忠祥,m70642941,演员,"王凯, 杨烁, 董子健, 杨采钰, 张佳宁"
27491948,雷佳音,男,34792298,演员,是,1,34792298,相逢时节,电视剧,2022-02-23,中国大陆,2022,剧情,有评分,4.9,33169,33169,403,69584645,54983945,356,简宏成,m69584645,演员,"雷佳音, 袁泉, 张艺兴, 贾乃亮, 罗海琼"
27482736,邢宇飞,女,26298935,演员,是,18,26298935,鬼吹灯之精绝古城,电视剧,2016-12-19,中国大陆,2016,剧情/悬疑/惊悚,有评分,7.9,274802,274802,1473,52597919,54965521,357,燕子,m52597919,演员,"靳东, 陈乔恩, 赵达, 岳旸, 王永泉"
27558322,刘凌志,男,34792296,演员,是,61,34792296,欢迎光临,电视剧,2022-05-18,中国大陆,2022,剧情/喜剧/爱情,有评分,6.4,56516,56516,601,69584641,55116693,358,社会大哥,m69584641,演员,"黄轩, 白百何, 朱雨辰, 白宇帆, 丁嘉丽"
27558324,傅晓娜,女,34792296,演员,是,20,34792296,欢迎光临,电视剧,2022-05-18,中国大陆,2022,剧情/喜剧/爱情,有评分,6.4,56516,56516,601,69584641,55116697,359,马大妈,m69584641,演员,"黄轩, 白百何, 朱雨辰, 白宇帆, 丁嘉丽"
27543309,杨筱艳,女,35033654,编剧,是,3,35033654,山海情,电视剧,2021-01-12,中国大陆,2021,剧情,有评分,9.2,481571,481571,2105,70067357,55086667,360,,m70067357,编剧,"黄轩, 张嘉益, 闫妮, 黄觉, 姚晨"
27543309,杨筱艳,女,34792295,编剧,是,1,34792295,乔家的儿女,电视剧,2021-08-17,中国大陆,2021,剧情/家庭,有评分,7.7,235622,235622,1347,69584639,55086667,361,,m69584639,编剧,"白宇, 宋祖儿, 毛晓彤, 张晚意, 周翊然"
27484967,苗亮,男,25870290,演员,是,44,25870290,温州两家人,电视剧,2015-11-26,中国大陆,2015,剧情,有评分,7.8,7118,7118,236,51740629,54969983,362,杜光宗,m51740629,演员,"郭涛, 任程伟, 袁咏仪, 陈丽娜, 刘奕君"
27552337,屠楠,男,26928226,演员,否,999,26928226,知否知否应是绿肥红瘦,电视剧,2018-12-25,中国大陆,2018,剧情/爱情/古装,有评分,8.0,695224,695224,2358,53856501,55104723,363,白亭预,m53856501,演员,"赵丽颖, 冯绍峰, 朱一龙, 施诗, 张佳宁"
27500333,铁政,男,34792298,演员,是,45,34792298,相逢时节,电视剧,2022-02-23,中国大陆,2022,剧情,有评分,4.9,33169,33169,403,69584645,55000715,364,青年张立新,m69584645,演员,"雷佳音, 袁泉, 张艺兴, 贾乃亮, 罗海琼"
27500333,铁政,男,26779426,演员,否,999,26779426,欢乐颂3,电视剧,2022-08-11,中国大陆,2022,剧情/爱情,有评分,4.9,41716,41716,452,53558901,55000715,365,,m53558901,演员,"江疏影, 杨采钰, 张佳宁, 张慧雯, 李浩菲"
27500333,铁政,男,26298935,演员,是,19,26298935,鬼吹灯之精绝古城,电视剧,2016-12-19,中国大陆,2016,剧情/悬疑/惊悚,有评分,7.9,274802,274802,1473,52597919,55000715,366,政委,m52597919,演员,"靳东, 陈乔恩, 赵达, 岳旸, 王永泉"
27500333,铁政,男,26088457,演员,是,15,26088457,他来了，请闭眼,电视剧,2015-10-15,中国大陆,2015,剧情/悬疑,有评分,6.7,74395,74395,706,52176963,55000715,367,麦晨,m52176963,演员,"霍建华, 马思纯, 张鲁一, 王凯, 尹正"
27497501,代文雯,女,26759908,演员,否,999,26759908,清平乐,电视剧,2020-04-07,中国大陆,2020,剧情/古装,有评分,6.4,173456,173456,1054,53519865,54995051,368,周娘子,m53519865,演员,"王凯, 江疏影, 任敏, 杨玏, 边程"
27552734,郭虹,女,30423905,演员,是,13,30423905,大江大河2,电视剧,2020-12-20,中国大陆,2020,剧情/历史,有评分,8.7,208072,208072,1345,60847859,55105517,369,杨母,m60847859,演员,"王凯, 杨烁, 董子健, 杨采钰, 周放"
27552734,郭虹,女,26797690,演员,是,31,26797690,大江大河,电视剧,2018-12-10,中国大陆,2018,剧情,有评分,8.8,260126,260126,1513,53595429,55105517,370,杨母,m53595429,演员,"王凯, 杨烁, 杨烁, 董子健, 童瑶"
27552734,郭虹,女,26759908,演员,是,29,26759908,清平乐,电视剧,2020-04-07,中国大陆,2020,剧情/古装,有评分,6.4,173456,173456,1054,53519865,55105517,371,李玮母亲,m53519865,演员,"王凯, 江疏影, 任敏, 杨玏, 边程"
27552734,郭虹,女,25994712,演员,是,15,25994712,伪装者,电视剧,2015-08-31,中国大陆,2015,剧情/悬疑,有评分,8.6,382758,382758,1814,51989473,55105517,372,桂姨,m51989473,演员,"胡歌, 靳东, 刘敏涛, 王凯, 宋轶"
27485056,白玉,女,25754848,演员,是,98,25754848,琅琊榜,电视剧,2015-09-19,中国大陆,2015,剧情/古装,有评分,9.4,919060,919060,2939,51509745,54970161,373,李老夫人,m51509745,演员,"胡歌, 刘涛, 王凯, 陈龙, 黄维德"
27546735,匡牧野,男,26298935,演员,是,10,26298935,鬼吹灯之精绝古城,电视剧,2016-12-19,中国大陆,2016,剧情/悬疑/惊悚,有评分,7.9,274802,274802,1473,52597919,55093519,374,萨帝鹏,m52597919,演员,"靳东, 陈乔恩, 赵达, 岳旸, 王永泉"
27546735,匡牧野,男,25754848,演员,是,21,25754848,琅琊榜,电视剧,2015-09-19,中国大陆,2015,剧情/古装,有评分,9.4,919060,919060,2939,51509745,55093519,375,谢弼,m51509745,演员,"胡歌, 刘涛, 王凯, 陈龙, 黄维德"
27322289,刘琳,女,34792295,演员,是,16,34792295,乔家的儿女,电视剧,2021-08-17,中国大陆,2021,剧情/家庭,有评分,7.7,235622,235622,1347,69584639,54644627,376,魏淑芳,m69584639,演员,"白宇, 宋祖儿, 毛晓彤, 张晚意, 周翊然"
27322289,刘琳,女,26928226,演员,是,7,26928226,知否知否应是绿肥红瘦,电视剧,2018-12-25,中国大陆,2018,剧情/爱情/古装,有评分,8.0,695224,695224,2358,53856501,54644627,377,王若弗,m53856501,演员,"赵丽颖, 冯绍峰, 朱一龙, 施诗, 张佳宁"
27322289,刘琳,女,26743573,演员,否,999,26743573,欢乐颂2,电视剧,2017-05-11,中国大陆,2017,剧情/爱情,有评分,5.4,154450,154450,913,53487195,54644627,378,秀媛院长,m53487195,演员,"刘涛, 蒋欣, 王子文, 杨紫, 乔欣"
27322289,刘琳,女,26683725,演员,是,36,26683725,外科风云,电视剧,2017-04-17,中国大陆,2017,剧情/爱情,有评分,7.3,94754,94754,832,53367499,54644627,379,张淑梅,m53367499,演员,"靳东, 白百何, 李佳航, 马少骅, 蓝盈莹"
27322289,刘琳,女,26665065,演员,是,17,26665065,琅琊榜之风起长林,电视剧,2017-12-18,中国大陆,2017,剧情/古装,有评分,8.4,210088,210088,1328,53330179,54644627,380,莱阳太夫人,m53330179,演员,"黄晓明, 刘昊然, 佟丽娅, 张慧雯, 梅婷"
27322289,刘琳,女,26430092,演员,是,35,26430092,欢乐颂,电视剧,2016-04-18,中国大陆,2016,剧情/爱情,有评分,7.5,353514,353514,1628,52860233,54644627,381,秀媛院长,m52860233,演员,"刘涛, 蒋欣, 王子文, 杨紫, 乔欣"
27483004,张建栋,男,26683725,演员,是,30,26683725,外科风云,电视剧,2017-04-17,中国大陆,2017,剧情/爱情,有评分,7.3,94754,94754,832,53367499,54966057,382,夏传铭,m53367499,演员,"靳东, 白百何, 李佳航, 马少骅, 蓝盈莹"
27502847,张艺兴,男,34792298,演员,是,3,34792298,相逢时节,电视剧,2022-02-23,中国大陆,2022,剧情,有评分,4.9,33169,33169,403,69584645,55005743,384,宁恕,m69584645,演员,"雷佳音, 袁泉, 张艺兴, 贾乃亮, 罗海琼"
27557921,曲哲明,男,34792296,演员,是,56,34792296,欢迎光临,电视剧,2022-05-18,中国大陆,2022,剧情/喜剧/爱情,有评分,6.4,56516,56516,601,69584641,55115891,385,瘦高男,m69584641,演员,"黄轩, 白百何, 朱雨辰, 白宇帆, 丁嘉丽"
27557921,曲哲明,男,34792295,演员,是,8,34792295,乔家的儿女,电视剧,2021-08-17,中国大陆,2021,剧情/家庭,有评分,7.7,235622,235622,1347,69584639,55115891,386,王一丁,m69584639,演员,"白宇, 宋祖儿, 毛晓彤, 张晚意, 周翊然"
27481055,胡珂瑜,女,34792296,演员,是,22,34792296,欢迎光临,电视剧,2022-05-18,中国大陆,2022,剧情/喜剧/爱情,有评分,6.4,56516,56516,601,69584641,54962159,387,虞母,m69584641,演员,"黄轩, 白百何, 朱雨辰, 白宇帆, 丁嘉丽"
27554035,顾海,男,35033654,演员,是,33,35033654,山海情,电视剧,2021-01-12,中国大陆,2021,剧情,有评分,9.2,481571,481571,2105,70067357,55108119,388,李老栓,m70067357,演员,"黄轩, 张嘉益, 闫妮, 黄觉, 姚晨"
27484503,杜建桥,男,30423905,演员,是,39,30423905,大江大河2,电视剧,2020-12-20,中国大陆,2020,剧情/历史,有评分,8.7,208072,208072,1345,60847859,54969055,389,老贺,m60847859,演员,"王凯, 杨烁, 董子健, 杨采钰, 周放"
27551285,李威,男,30423905,演员,是,37,30423905,大江大河2,电视剧,2020-12-20,中国大陆,2020,剧情/历史,有评分,8.7,208072,208072,1345,60847859,55102619,390,闵忠生,m60847859,演员,"王凯, 杨烁, 董子健, 杨采钰, 周放"
27551285,李威,男,26797690,演员,是,36,26797690,大江大河,电视剧,2018-12-10,中国大陆,2018,剧情,有评分,8.8,260126,260126,1513,53595429,55102619,391,闵忠生,m53595429,演员,"王凯, 杨烁, 杨烁, 董子健, 童瑶"
27554673,梁国荣,男,30423905,演员,是,26,30423905,大江大河2,电视剧,2020-12-20,中国大陆,2020,剧情/历史,有评分,8.7,208072,208072,1345,60847859,55109395,392,梁爷爷,m60847859,演员,"王凯, 杨烁, 董子健, 杨采钰, 周放"
27251328,尹子维,男,26088457,演员,是,8,26088457,他来了，请闭眼,电视剧,2015-10-15,中国大陆,2015,剧情/悬疑,有评分,6.7,74395,74395,706,52176963,54502705,393,蔺漪阳,m52176963,演员,"霍建华, 马思纯, 张鲁一, 王凯, 尹正"
27251328,尹子维,男,25870290,演员,是,19,25870290,温州两家人,电视剧,2015-11-26,中国大陆,2015,剧情,有评分,7.8,7118,7118,236,51740629,54502705,394,姜逊成,m51740629,演员,"郭涛, 任程伟, 袁咏仪, 陈丽娜, 刘奕君"
27482976,夏凡,男,26743573,演员,否,999,26743573,欢乐颂2,电视剧,2017-05-11,中国大陆,2017,剧情/爱情,有评分,5.4,154450,154450,913,53487195,54966001,395,,m53487195,演员,"刘涛, 蒋欣, 王子文, 杨紫, 乔欣"
27482976,夏凡,男,26665065,演员,否,999,26665065,琅琊榜之风起长林,电视剧,2017-12-18,中国大陆,2017,剧情/古装,有评分,8.4,210088,210088,1328,53330179,54966001,396,东青,m53330179,演员,"黄晓明, 刘昊然, 佟丽娅, 张慧雯, 梅婷"
27487544,杨昆,女,35613241,演员,是,31,35613241,县委大院,电视剧,2022-12-07,中国大陆,2022,剧情,有评分,6.8,109693,109693,864,71226531,54975137,397,汤阿姨,m71226531,演员,"胡歌, 吴越, 张新成, 黄磊, 李光洁"
27487544,杨昆,女,34792296,演员,是,6,34792296,欢迎光临,电视剧,2022-05-18,中国大陆,2022,剧情/喜剧/爱情,有评分,6.4,56516,56516,601,69584641,54975137,398,柳美莉,m69584641,演员,"黄轩, 白百何, 朱雨辰, 白宇帆, 丁嘉丽"
27487544,杨昆,女,26743573,演员,否,999,26743573,欢乐颂2,电视剧,2017-05-11,中国大陆,2017,剧情/爱情,有评分,5.4,154450,154450,913,53487195,54975137,399,,m53487195,演员,"刘涛, 蒋欣, 王子文, 杨紫, 乔欣"
27503610,王若伊,女,26743573,演员,否,999,26743573,欢乐颂2,电视剧,2017-05-11,中国大陆,2017,剧情/爱情,有评分,5.4,154450,154450,913,53487195,55007269,400,前女友,m53487195,演员,"刘涛, 蒋欣, 王子文, 杨紫, 乔欣"
27503316,施诗,女,34792298,演员,是,19,34792298,相逢时节,电视剧,2022-02-23,中国大陆,2022,剧情,有评分,4.9,33169,33169,403,69584645,55006681,401,顾维维,m69584645,演员,"雷佳音, 袁泉, 张艺兴, 贾乃亮, 罗海琼"
27503316,施诗,女,26928226,演员,是,4,26928226,知否知否应是绿肥红瘦,电视剧,2018-12-25,中国大陆,2018,剧情/爱情/古装,有评分,8.0,695224,695224,2358,53856501,55006681,402,盛墨兰,m53856501,演员,"赵丽颖, 冯绍峰, 朱一龙, 施诗, 张佳宁"
27503316,施诗,女,26797690,演员,是,12,26797690,大江大河,电视剧,2018-12-10,中国大陆,2018,剧情,有评分,8.8,260126,260126,1513,53595429,55006681,403,戴娇凤,m53595429,演员,"王凯, 杨烁, 杨烁, 董子健, 童瑶"
27503316,施诗,女,26665065,演员,是,25,26665065,琅琊榜之风起长林,电视剧,2017-12-18,中国大陆,2017,剧情/古装,有评分,8.4,210088,210088,1328,53330179,55006681,404,重华郡主,m53330179,演员,"黄晓明, 刘昊然, 佟丽娅, 张慧雯, 梅婷"
27503300,赵丽颖,女,26928226,演员,是,1,26928226,知否知否应是绿肥红瘦,电视剧,2018-12-25,中国大陆,2018,剧情/爱情/古装,有评分,8.0,695224,695224,2358,53856501,55006649,405,盛明兰,m53856501,演员,"赵丽颖, 冯绍峰, 朱一龙, 施诗, 张佳宁"
27485105,赵麒,男,30421903,演员,否,999,30421903,淬火年代,电视剧,2025-06-18,中国大陆,2025,剧情,有评分,7.0,21373,21373,387,60843855,54970259,406,赵总,m60843855,演员,"张新成, 宋祖儿, 王彦霖, 任程伟, 张月"
27529608,吴玉芳,女,36189205,演员,否,999,36189205,凡人歌,电视剧,2024-08-31,中国大陆,2024,剧情/喜剧,有评分,7.7,77700,77700,773,72378459,55059265,407,那母,m72378459,演员,"殷桃, 王骁, 章若楠, 秦俊杰, 张哲华"
27529608,吴玉芳,女,30421903,演员,是,19,30421903,淬火年代,电视剧,2025-06-18,中国大陆,2025,剧情,有评分,7.0,21373,21373,387,60843855,55059265,408,傅秋芳,m60843855,演员,"张新成, 宋祖儿, 王彦霖, 任程伟, 张月"
27546645,王彦霖,男,30421903,演员,是,3,30421903,淬火年代,电视剧,2025-06-18,中国大陆,2025,剧情,有评分,7.0,21373,21373,387,60843855,55093339,409,钱宏明,m60843855,演员,"张新成, 宋祖儿, 王彦霖, 任程伟, 张月"
27480649,窦骁,男,26779426,演员,是,6,26779426,欢乐颂3,电视剧,2022-08-11,中国大陆,2022,剧情/爱情,有评分,4.9,41716,41716,452,53558901,54961347,410,戴维,m53558901,演员,"江疏影, 杨采钰, 张佳宁, 张慧雯, 李浩菲"
27491506,曹苑,女,36571896,演员,否,999,36571896,命悬一生,电视剧,2025-10-11,中国大陆,2025,剧情/悬疑,有评分,7.7,85010,85010,809,73143841,54983061,411,豆姐,m73143841,演员,"黄轩, 李庚希, 张哲华, 白宇帆, 尹昉"
27491506,曹苑,女,26088457,演员,是,9,26088457,他来了，请闭眼,电视剧,2015-10-15,中国大陆,2015,剧情/悬疑,有评分,6.7,74395,74395,706,52176963,54983061,412,简萱,m52176963,演员,"霍建华, 马思纯, 张鲁一, 王凯, 尹正"
27491506,曹苑,女,25870290,演员,是,12,25870290,温州两家人,电视剧,2015-11-26,中国大陆,2015,剧情,有评分,7.8,7118,7118,236,51740629,54983061,413,侯小帆,m51740629,演员,"郭涛, 任程伟, 袁咏仪, 陈丽娜, 刘奕君"
27504402,车晓,女,26759908,演员,是,46,26759908,清平乐,电视剧,2020-04-07,中国大陆,2020,剧情/古装,有评分,6.4,173456,173456,1054,53519865,55008853,414,李兰慧,m53519865,演员,"王凯, 江疏影, 任敏, 杨玏, 边程"
27485030,符涛,男,25754848,演员,是,36,25754848,琅琊榜,电视剧,2015-09-19,中国大陆,2015,剧情/古装,有评分,9.4,919060,919060,2939,51509745,54970109,415,路原,m51509745,演员,"胡歌, 刘涛, 王凯, 陈龙, 黄维德"
27483836,卫小雨,女,26683725,演员,是,78,26683725,外科风云,电视剧,2017-04-17,中国大陆,2017,剧情/爱情,有评分,7.3,94754,94754,832,53367499,54967721,416,常海燕,m53367499,演员,"靳东, 白百何, 李佳航, 马少骅, 蓝盈莹"
27528685,王庆祥,男,26683725,演员,是,31,26683725,外科风云,电视剧,2017-04-17,中国大陆,2017,剧情/爱情,有评分,7.3,94754,94754,832,53367499,55057419,417,庄恕父亲,m53367499,演员,"靳东, 白百何, 李佳航, 马少骅, 蓝盈莹"
27528685,王庆祥,男,26665065,演员,是,10,26665065,琅琊榜之风起长林,电视剧,2017-12-18,中国大陆,2017,剧情/古装,有评分,8.4,210088,210088,1328,53330179,55057419,418,老阁主,m53330179,演员,"黄晓明, 刘昊然, 佟丽娅, 张慧雯, 梅婷"
27495264,高鑫,男,27088993,演员,是,6,27088993,都挺好,电视剧,2019-03-01,中国大陆,2019,剧情/家庭,有评分,7.7,394106,394106,1742,54178035,54990577,419,苏明哲,m54178035,演员,"姚晨, 倪大红, 郭京飞, 杨祐宁, 李念"
27495264,高鑫,男,26683725,演员,是,25,26683725,外科风云,电视剧,2017-04-17,中国大陆,2017,剧情/爱情,有评分,7.3,94754,94754,832,53367499,54990577,420,年轻修敏齐,m53367499,演员,"靳东, 白百何, 李佳航, 马少骅, 蓝盈莹"
27495264,高鑫,男,25994712,演员,是,14,25994712,伪装者,电视剧,2015-08-31,中国大陆,2015,剧情/悬疑,有评分,8.6,382758,382758,1814,51989473,54990577,421,张月印,m51989473,演员,"胡歌, 靳东, 刘敏涛, 王凯, 宋轶"
27495264,高鑫,男,25754848,演员,是,7,25754848,琅琊榜,电视剧,2015-09-19,中国大陆,2015,剧情/古装,有评分,9.4,919060,919060,2939,51509745,54990577,422,萧景宣,m51509745,演员,"胡歌, 刘涛, 王凯, 陈龙, 黄维德"
27557945,冯晖,男,35033654,演员,是,26,35033654,山海情,电视剧,2021-01-12,中国大陆,2021,剧情,有评分,9.2,481571,481571,2105,70067357,55115939,423,青铜峡高书记,m70067357,演员,"黄轩, 张嘉益, 闫妮, 黄觉, 姚晨"
27557945,冯晖,男,34792298,演员,是,27,34792298,相逢时节,电视剧,2022-02-23,中国大陆,2022,剧情,有评分,4.9,33169,33169,403,69584645,55115939,424,曹老师,m69584645,演员,"雷佳音, 袁泉, 张艺兴, 贾乃亮, 罗海琼"
27557945,冯晖,男,34792296,演员,是,45,34792296,欢迎光临,电视剧,2022-05-18,中国大陆,2022,剧情/喜剧/爱情,有评分,6.4,56516,56516,601,69584641,55115939,425,陈精典父亲,m69584641,演员,"黄轩, 白百何, 朱雨辰, 白宇帆, 丁嘉丽"
27557945,冯晖,男,34792295,演员,是,77,34792295,乔家的儿女,电视剧,2021-08-17,中国大陆,2021,剧情/家庭,有评分,7.7,235622,235622,1347,69584639,55115939,426,石厂长,m69584639,演员,"白宇, 宋祖儿, 毛晓彤, 张晚意, 周翊然"
27557945,冯晖,男,33442331,演员,是,6,33442331,我是余欢水,电视剧,2020-04-06,中国大陆,2020,剧情,有评分,7.3,324953,324953,1540,66884711,55115939,427,魏广军,m66884711,演员,"郭京飞, 苗苗, 高露, 岳旸, 高叶"
27557945,冯晖,男,30423905,演员,是,8,30423905,大江大河2,电视剧,2020-12-20,中国大陆,2020,剧情/历史,有评分,8.7,208072,208072,1345,60847859,55115939,428,程厂长,m60847859,演员,"王凯, 杨烁, 董子健, 杨采钰, 周放"
27557945,冯晖,男,26928226,演员,是,19,26928226,知否知否应是绿肥红瘦,电视剧,2018-12-25,中国大陆,2018,剧情/爱情/古装,有评分,8.0,695224,695224,2358,53856501,55115939,429,新帝,m53856501,演员,"赵丽颖, 冯绍峰, 朱一龙, 施诗, 张佳宁"
27557945,冯晖,男,26797690,演员,是,24,26797690,大江大河,电视剧,2018-12-10,中国大陆,2018,剧情,有评分,8.8,260126,260126,1513,53595429,55115939,430,程厂长,m53595429,演员,"王凯, 杨烁, 杨烁, 董子健, 童瑶"
27557945,冯晖,男,26759908,演员,是,14,26759908,清平乐,电视剧,2020-04-07,中国大陆,2020,剧情/古装,有评分,6.4,173456,173456,1054,53519865,55115939,431,夏竦,m53519865,演员,"王凯, 江疏影, 任敏, 杨玏, 边程"
27557945,冯晖,男,26743573,演员,否,999,26743573,欢乐颂2,电视剧,2017-05-11,中国大陆,2017,剧情/爱情,有评分,5.4,154450,154450,913,53487195,55115939,432,,m53487195,演员,"刘涛, 蒋欣, 王子文, 杨紫, 乔欣"
27557945,冯晖,男,26683725,演员,是,14,26683725,外科风云,电视剧,2017-04-17,中国大陆,2017,剧情/爱情,有评分,7.3,94754,94754,832,53367499,55115939,433,姜明,m53367499,演员,"靳东, 白百何, 李佳航, 马少骅, 蓝盈莹"
27557945,冯晖,男,26665065,演员,否,999,26665065,琅琊榜之风起长林,电视剧,2017-12-18,中国大陆,2017,剧情/古装,有评分,8.4,210088,210088,1328,53330179,55115939,434,林深,m53330179,演员,"黄晓明, 刘昊然, 佟丽娅, 张慧雯, 梅婷"
27557945,冯晖,男,26430092,演员,是,21,26430092,欢乐颂,电视剧,2016-04-18,中国大陆,2016,剧情/爱情,有评分,7.5,353514,353514,1628,52860233,55115939,435,邱父,m52860233,演员,"刘涛, 蒋欣, 王子文, 杨紫, 乔欣"
27557945,冯晖,男,26298935,演员,是,7,26298935,鬼吹灯之精绝古城,电视剧,2016-12-19,中国大陆,2016,剧情/悬疑/惊悚,有评分,7.9,274802,274802,1473,52597919,55115939,436,郝爱国,m52597919,演员,"靳东, 陈乔恩, 赵达, 岳旸, 王永泉"
27557945,冯晖,男,25994712,演员,是,20,25994712,伪装者,电视剧,2015-08-31,中国大陆,2015,剧情/悬疑,有评分,8.6,382758,382758,1814,51989473,55115939,437,明堂,m51989473,演员,"胡歌, 靳东, 刘敏涛, 王凯, 宋轶"
27557945,冯晖,男,25870290,演员,是,14,25870290,温州两家人,电视剧,2015-11-26,中国大陆,2015,剧情,有评分,7.8,7118,7118,236,51740629,55115939,438,王存根,m51740629,演员,"郭涛, 任程伟, 袁咏仪, 陈丽娜, 刘奕君"
27557945,冯晖,男,25754848,演员,是,40,25754848,琅琊榜,电视剧,2015-09-19,中国大陆,2015,剧情/古装,有评分,9.4,919060,919060,2939,51509745,55115939,439,沈追,m51509745,演员,"胡歌, 刘涛, 王凯, 陈龙, 黄维德"
27484731,张颖,女,35613241,演员,否,999,35613241,县委大院,电视剧,2022-12-07,中国大陆,2022,剧情,有评分,6.8,109693,109693,864,71226531,54969511,440,工商局工作人员,m71226531,演员,"胡歌, 吴越, 张新成, 黄磊, 李光洁"
27484685,张世会,男,35613241,演员,否,999,35613241,县委大院,电视剧,2022-12-07,中国大陆,2022,剧情,有评分,6.8,109693,109693,864,71226531,54969419,441,郝东风父亲,m71226531,演员,"胡歌, 吴越, 张新成, 黄磊, 李光洁"
27491891,张晨光,男,27088993,演员,是,9,27088993,都挺好,电视剧,2019-03-01,中国大陆,2019,剧情/家庭,有评分,7.7,394106,394106,1742,54178035,54983831,442,蒙志远,m54178035,演员,"姚晨, 倪大红, 郭京飞, 杨祐宁, 李念"
27491891,张晨光,男,26743573,演员,是,14,26743573,欢乐颂2,电视剧,2017-05-11,中国大陆,2017,剧情/爱情,有评分,5.4,154450,154450,913,53487195,54983831,443,包父,m53487195,演员,"刘涛, 蒋欣, 王子文, 杨紫, 乔欣"
27558575,朱鹏程,男,26928226,演员,否,999,26928226,知否知否应是绿肥红瘦,电视剧,2018-12-25,中国大陆,2018,剧情/爱情/古装,有评分,8.0,695224,695224,2358,53856501,55117199,444,白老太公,m53856501,演员,"赵丽颖, 冯绍峰, 朱一龙, 施诗, 张佳宁"
27495367,涓子,女,34792295,演员,是,54,34792295,乔家的儿女,电视剧,2021-08-17,中国大陆,2021,剧情/家庭,有评分,7.7,235622,235622,1347,69584639,54990783,445,项母,m69584639,演员,"白宇, 宋祖儿, 毛晓彤, 张晚意, 周翊然"
27495367,涓子,女,26928226,演员,是,44,26928226,知否知否应是绿肥红瘦,电视剧,2018-12-25,中国大陆,2018,剧情/爱情/古装,有评分,8.0,695224,695224,2358,53856501,54990783,446,沈皇后,m53856501,演员,"赵丽颖, 冯绍峰, 朱一龙, 施诗, 张佳宁"
27483375,秦焰,男,26928226,演员,是,20,26928226,知否知否应是绿肥红瘦,电视剧,2018-12-25,中国大陆,2018,剧情/爱情/古装,有评分,8.0,695224,695224,2358,53856501,54966799,447,皇帝,m53856501,演员,"赵丽颖, 冯绍峰, 朱一龙, 施诗, 张佳宁"
27484304,宋梓侨,女,26759908,演员,否,999,26759908,清平乐,电视剧,2020-04-07,中国大陆,2020,剧情/古装,有评分,6.4,173456,173456,1054,53519865,54968657,448,张尧佐妻,m53519865,演员,"王凯, 江疏影, 任敏, 杨玏, 边程"
27497306,沈保平,男,26759908,演员,否,999,26759908,清平乐,电视剧,2020-04-07,中国大陆,2020,剧情/古装,有评分,6.4,173456,173456,1054,53519865,54994661,449,范镇,m53519865,演员,"王凯, 江疏影, 任敏, 杨玏, 边程"
27485784,陈小妹,女,36571896,演员,否,999,36571896,命悬一生,电视剧,2025-10-11,中国大陆,2025,剧情/悬疑,有评分,7.7,85010,85010,809,73143841,54971617,450,二舅妈,m73143841,演员,"黄轩, 李庚希, 张哲华, 白宇帆, 尹昉"
27485784,陈小妹,女,35332289,演员,是,34,35332289,开端,电视剧,2022-01-11,中国大陆,2022,剧情,有评分,7.9,968506,968506,2766,70664627,54971617,451,于大姐,m70664627,演员,"白敬亭, 赵今麦, 刘奕君, 刘涛, 黄觉"
27485784,陈小妹,女,35321446,演员,否,999,35321446,大江大河之岁月如歌,电视剧,2024-01-08,中国大陆,2024,剧情,有评分,8.0,72953,72953,764,70642941,54971617,452,雷忠富媳妇,m70642941,演员,"王凯, 杨烁, 董子健, 杨采钰, 张佳宁"
27485784,陈小妹,女,33442331,演员,是,44,33442331,我是余欢水,电视剧,2020-04-06,中国大陆,2020,剧情,有评分,7.3,324953,324953,1540,66884711,54971617,453,李老师,m66884711,演员,"郭京飞, 苗苗, 高露, 岳旸, 高叶"
27485784,陈小妹,女,26797690,演员,是,20,26797690,大江大河,电视剧,2018-12-10,中国大陆,2018,剧情,有评分,8.8,260126,260126,1513,53595429,54971617,454,忠富媳妇,m53595429,演员,"王凯, 杨烁, 杨烁, 董子健, 童瑶"
27504260,黄觉,男,35613241,演员,是,20,35613241,县委大院,电视剧,2022-12-07,中国大陆,2022,剧情,有评分,6.8,109693,109693,864,71226531,55008569,455,蒋新民,m71226531,演员,"胡歌, 吴越, 张新成, 黄磊, 李光洁"
27504260,黄觉,男,35332289,演员,是,5,35332289,开端,电视剧,2022-01-11,中国大陆,2022,剧情,有评分,7.9,968506,968506,2766,70664627,55008569,456,王兴德,m70664627,演员,"白敬亭, 赵今麦, 刘奕君, 刘涛, 黄觉"
27504260,黄觉,男,35321446,演员,是,8,35321446,大江大河之岁月如歌,电视剧,2024-01-08,中国大陆,2024,剧情,有评分,8.0,72953,72953,764,70642941,55008569,457,王持恒,m70642941,演员,"王凯, 杨烁, 董子健, 杨采钰, 张佳宁"
27504260,黄觉,男,35033654,演员,是,4,35033654,山海情,电视剧,2021-01-12,中国大陆,2021,剧情,有评分,9.2,481571,481571,2105,70067357,55008569,458,凌一农,m70067357,演员,"黄轩, 张嘉益, 闫妮, 黄觉, 姚晨"
27504260,黄觉,男,26779426,演员,否,999,26779426,欢乐颂3,电视剧,2022-08-11,中国大陆,2022,剧情/爱情,有评分,4.9,41716,41716,452,53558901,55008569,459,,m53558901,演员,"江疏影, 杨采钰, 张佳宁, 张慧雯, 李浩菲"
27546024,韩振华,男,25754848,演员,是,46,25754848,琅琊榜,电视剧,2015-09-19,中国大陆,2015,剧情/古装,有评分,9.4,919060,919060,2939,51509745,55092097,460,柳澄,m51509745,演员,"胡歌, 刘涛, 王凯, 陈龙, 黄维德"
27235942,黄维德,男,25754848,演员,是,5,25754848,琅琊榜,电视剧,2015-09-19,中国大陆,2015,剧情/古装,有评分,9.4,919060,919060,2939,51509745,54471933,461,萧景桓,m51509745,演员,"胡歌, 刘涛, 王凯, 陈龙, 黄维德"
27488337,谭希和,男,35033654,演员,是,22,35033654,山海情,电视剧,2021-01-12,中国大陆,2021,剧情,有评分,9.2,481571,481571,2105,70067357,54976723,462,谭书记,m70067357,演员,"黄轩, 张嘉益, 闫妮, 黄觉, 姚晨"
27488337,谭希和,男,33442331,演员,是,34,33442331,我是余欢水,电视剧,2020-04-06,中国大陆,2020,剧情,有评分,7.3,324953,324953,1540,66884711,54976723,463,院长,m66884711,演员,"郭京飞, 苗苗, 高露, 岳旸, 高叶"
27488337,谭希和,男,26928226,演员,是,18,26928226,知否知否应是绿肥红瘦,电视剧,2018-12-25,中国大陆,2018,剧情/爱情/古装,有评分,8.0,695224,695224,2358,53856501,54976723,464,顾五爷,m53856501,演员,"赵丽颖, 冯绍峰, 朱一龙, 施诗, 张佳宁"
27488337,谭希和,男,26759908,演员,是,16,26759908,清平乐,电视剧,2020-04-07,中国大陆,2020,剧情/古装,有评分,6.4,173456,173456,1054,53519865,54976723,465,吕夷简,m53519865,演员,"王凯, 江疏影, 任敏, 杨玏, 边程"
27488337,谭希和,男,26743573,演员,否,999,26743573,欢乐颂2,电视剧,2017-05-11,中国大陆,2017,剧情/爱情,有评分,5.4,154450,154450,913,53487195,54976723,466,关雎尔父,m53487195,演员,"刘涛, 蒋欣, 王子文, 杨紫, 乔欣"
27488337,谭希和,男,26683725,演员,是,71,26683725,外科风云,电视剧,2017-04-17,中国大陆,2017,剧情/爱情,有评分,7.3,94754,94754,832,53367499,54976723,467,林皓,m53367499,演员,"靳东, 白百何, 李佳航, 马少骅, 蓝盈莹"
27488337,谭希和,男,26430092,演员,是,22,26430092,欢乐颂,电视剧,2016-04-18,中国大陆,2016,剧情/爱情,有评分,7.5,353514,353514,1628,52860233,54976723,468,关雎尔父,m52860233,演员,"刘涛, 蒋欣, 王子文, 杨紫, 乔欣"
27488337,谭希和,男,26345137,演员,是,20,26345137,如果蜗牛有爱情,电视剧,2016-10-24,中国大陆,2016,剧情/爱情/悬疑,有评分,7.2,105271,105271,871,52690323,54976723,469,胡志山,m52690323,演员,"王凯, 王子文, 徐悦, 于恒, 赵圆瑗"
27488337,谭希和,男,25870290,演员,是,15,25870290,温州两家人,电视剧,2015-11-26,中国大陆,2015,剧情,有评分,7.8,7118,7118,236,51740629,54976723,470,江丐辉,m51740629,演员,"郭涛, 任程伟, 袁咏仪, 陈丽娜, 刘奕君"
27488337,谭希和,男,25754848,演员,是,25,25754848,琅琊榜,电视剧,2015-09-19,中国大陆,2015,剧情/古装,有评分,9.4,919060,919060,2939,51509745,54976723,471,高湛,m51509745,演员,"胡歌, 刘涛, 王凯, 陈龙, 黄维德"
27552308,司源,男,26683725,演员,是,67,26683725,外科风云,电视剧,2017-04-17,中国大陆,2017,剧情/爱情,有评分,7.3,94754,94754,832,53367499,55104665,472,林伟,m53367499,演员,"靳东, 白百何, 李佳航, 马少骅, 蓝盈莹"
27480243,倪大红,男,27088993,演员,是,2,27088993,都挺好,电视剧,2019-03-01,中国大陆,2019,剧情/家庭,有评分,7.7,394106,394106,1742,54178035,54960535,481,苏大强,m54178035,演员,"姚晨, 倪大红, 郭京飞, 杨祐宁, 李念"
27480597,李洪权,男,35321446,演员,否,999,35321446,大江大河之岁月如歌,电视剧,2024-01-08,中国大陆,2024,剧情,有评分,8.0,72953,72953,764,70642941,54961243,482,信贷主任,m70642941,演员,"王凯, 杨烁, 董子健, 杨采钰, 张佳宁"
27496239,李倩,女,36534750,演员,是,11,36534750,小巷人家,电视剧,2024-10-28,中国大陆,2024,剧情/家庭,有评分,8.4,287902,287902,1555,73069549,54992527,483,张阿妹,m73069549,演员,"闫妮, 李光洁, 郭晓东, 蒋欣, 范丞丞"
27496239,李倩,女,35321446,演员,否,999,35321446,大江大河之岁月如歌,电视剧,2024-01-08,中国大陆,2024,剧情,有评分,8.0,72953,72953,764,70642941,54992527,484,许淑秀,m70642941,演员,"王凯, 杨烁, 董子健, 杨采钰, 张佳宁"
27496239,李倩,女,33442331,演员,是,17,33442331,我是余欢水,电视剧,2020-04-06,中国大陆,2020,剧情,有评分,7.3,324953,324953,1540,66884711,54992527,485,张妈妈,m66884711,演员,"郭京飞, 苗苗, 高露, 岳旸, 高叶"
27484943,杜子名,男,35613241,演员,否,999,35613241,县委大院,电视剧,2022-12-07,中国大陆,2022,剧情,有评分,6.8,109693,109693,864,71226531,54969935,486,城管队长,m71226531,演员,"胡歌, 吴越, 张新成, 黄磊, 李光洁"
27483089,郭广平,男,35613241,演员,是,33,35613241,县委大院,电视剧,2022-12-07,中国大陆,2022,剧情,有评分,6.8,109693,109693,864,71226531,54966227,487,谷文章,m71226531,演员,"胡歌, 吴越, 张新成, 黄磊, 李光洁"
27483089,郭广平,男,26797690,演员,是,33,26797690,大江大河,电视剧,2018-12-10,中国大陆,2018,剧情,有评分,8.8,260126,260126,1513,53595429,54966227,488,莫老师,m53595429,演员,"王凯, 杨烁, 杨烁, 董子健, 童瑶"
27235134,姚晨,女,35033654,演员,是,5,35033654,山海情,电视剧,2021-01-12,中国大陆,2021,剧情,有评分,9.2,481571,481571,2105,70067357,54470317,489,吴月娟,m70067357,演员,"黄轩, 张嘉益, 闫妮, 黄觉, 姚晨"
27235134,姚晨,女,27088993,演员,是,1,27088993,都挺好,电视剧,2019-03-01,中国大陆,2019,剧情/家庭,有评分,7.7,394106,394106,1742,54178035,54470317,490,苏明玉,m54178035,演员,"姚晨, 倪大红, 郭京飞, 杨祐宁, 李念"
27484636,王鑫,男,30423905,演员,是,22,30423905,大江大河2,电视剧,2020-12-20,中国大陆,2020,剧情/历史,有评分,8.7,208072,208072,1345,60847859,54969321,491,老徐（徐县长）,m60847859,演员,"王凯, 杨烁, 董子健, 杨采钰, 周放"
27484636,王鑫,男,26797690,演员,是,16,26797690,大江大河,电视剧,2018-12-10,中国大陆,2018,剧情,有评分,8.8,260126,260126,1513,53595429,54969321,492,徐县长,m53595429,演员,"王凯, 杨烁, 杨烁, 董子健, 童瑶"
27559357,袁晓旭,女,35588265,演员,否,999,35588265,樱桃琥珀,电视剧,2025-07-14,中国大陆,2025,剧情/爱情,有评分,5.7,38891,38891,471,71176579,55118763,493,曹双燕,m71176579,演员,"赵今麦, 张凌赫, 董洁, 保剑锋, 董璇"
27250367,保剑锋,男,35588265,演员,是,4,35588265,樱桃琥珀,电视剧,2025-07-14,中国大陆,2025,剧情/爱情,有评分,5.7,38891,38891,471,71176579,54500783,494,林海风,m71176579,演员,"赵今麦, 张凌赫, 董洁, 保剑锋, 董璇"
27489074,吴雨珏,女,26928226,演员,否,999,26928226,知否知否应是绿肥红瘦,电视剧,2018-12-25,中国大陆,2018,剧情/爱情/古装,有评分,8.0,695224,695224,2358,53856501,54978197,495,蕊初,m53856501,演员,"赵丽颖, 冯绍峰, 朱一龙, 施诗, 张佳宁"
27546999,王梓薇,女,26928226,演员,是,29,26928226,知否知否应是绿肥红瘦,电视剧,2018-12-25,中国大陆,2018,剧情/爱情/古装,有评分,8.0,695224,695224,2358,53856501,55094047,496,小桃,m53856501,演员,"赵丽颖, 冯绍峰, 朱一龙, 施诗, 张佳宁"
27482269,任重,男,35613241,演员,是,27,35613241,县委大院,电视剧,2022-12-07,中国大陆,2022,剧情,有评分,6.8,109693,109693,864,71226531,54964587,497,段迎九,m71226531,演员,"胡歌, 吴越, 张新成, 黄磊, 李光洁"
27482269,任重,男,30421903,演员,否,999,30421903,淬火年代,电视剧,2025-06-18,中国大陆,2025,剧情,有评分,7.0,21373,21373,387,60843855,54964587,498,金老板,m60843855,演员,"张新成, 宋祖儿, 王彦霖, 任程伟, 张月"
27482848,张志忠,男,36571896,演员,否,999,36571896,命悬一生,电视剧,2025-10-11,中国大陆,2025,剧情/悬疑,有评分,7.7,85010,85010,809,73143841,54965745,499,曾大爷,m73143841,演员,"黄轩, 李庚希, 张哲华, 白宇帆, 尹昉"
27483183,许毛毛,男,26759908,演员,是,39,26759908,清平乐,电视剧,2020-04-07,中国大陆,2020,剧情/古装,有评分,6.4,173456,173456,1054,53519865,54966415,500,宋真宗,m53519865,演员,"王凯, 江疏影, 任敏, 杨玏, 边程"
27484217,任山,男,30421903,演员,否,999,30421903,淬火年代,电视剧,2025-06-18,中国大陆,2025,剧情,有评分,7.0,21373,21373,387,60843855,54968483,501,廖工,m60843855,演员,"张新成, 宋祖儿, 王彦霖, 任程伟, 张月"
27484217,任山,男,26759908,演员,是,35,26759908,清平乐,电视剧,2020-04-07,中国大陆,2020,剧情/古装,有评分,6.4,173456,173456,1054,53519865,54968483,502,王曾,m53519865,演员,"王凯, 江疏影, 任敏, 杨玏, 边程"
27502306,李感,男,35332289,演员,是,13,35332289,开端,电视剧,2022-01-11,中国大陆,2022,剧情,有评分,7.9,968506,968506,2766,70664627,55004661,503,江枫,m70664627,演员,"白敬亭, 赵今麦, 刘奕君, 刘涛, 黄觉"
27484749,高海鹏,男,35613241,演员,否,999,35613241,县委大院,电视剧,2022-12-07,中国大陆,2022,剧情,有评分,6.8,109693,109693,864,71226531,54969547,508,刘晋飞,m71226531,演员,"胡歌, 吴越, 张新成, 黄磊, 李光洁"
27484749,高海鹏,男,35332289,演员,是,23,35332289,开端,电视剧,2022-01-11,中国大陆,2022,剧情,有评分,7.9,968506,968506,2766,70664627,54969547,509,秦警官,m70664627,演员,"白敬亭, 赵今麦, 刘奕君, 刘涛, 黄觉"
27484749,高海鹏,男,35033654,演员,否,999,35033654,山海情,电视剧,2021-01-12,中国大陆,2021,剧情,有评分,9.2,481571,481571,2105,70067357,54969547,510,老赵,m70067357,演员,"黄轩, 张嘉益, 闫妮, 黄觉, 姚晨"
27484749,高海鹏,男,33442331,演员,是,21,33442331,我是余欢水,电视剧,2020-04-06,中国大陆,2020,剧情,有评分,7.3,324953,324953,1540,66884711,54969547,511,聂主任,m66884711,演员,"郭京飞, 苗苗, 高露, 岳旸, 高叶"
27484749,高海鹏,男,26928226,演员,否,999,26928226,知否知否应是绿肥红瘦,电视剧,2018-12-25,中国大陆,2018,剧情/爱情/古装,有评分,8.0,695224,695224,2358,53856501,54969547,512,张郎中,m53856501,演员,"赵丽颖, 冯绍峰, 朱一龙, 施诗, 张佳宁"
27484749,高海鹏,男,26797690,演员,否,999,26797690,大江大河,电视剧,2018-12-10,中国大陆,2018,剧情,有评分,8.8,260126,260126,1513,53595429,54969547,513,黄国兴,m53595429,演员,"王凯, 杨烁, 杨烁, 董子健, 童瑶"
27484749,高海鹏,男,26683725,演员,是,27,26683725,外科风云,电视剧,2017-04-17,中国大陆,2017,剧情/爱情,有评分,7.3,94754,94754,832,53367499,54969547,514,张默涵,m53367499,演员,"靳东, 白百何, 李佳航, 马少骅, 蓝盈莹"
27484749,高海鹏,男,26665065,演员,是,36,26665065,琅琊榜之风起长林,电视剧,2017-12-18,中国大陆,2017,剧情/古装,有评分,8.4,210088,210088,1328,53330179,54969547,515,元叔,m53330179,演员,"黄晓明, 刘昊然, 佟丽娅, 张慧雯, 梅婷"
27484749,高海鹏,男,26088457,演员,否,999,26088457,他来了，请闭眼,电视剧,2015-10-15,中国大陆,2015,剧情/悬疑,有评分,6.7,74395,74395,706,52176963,54969547,516,王叔,m52176963,演员,"霍建华, 马思纯, 张鲁一, 王凯, 尹正"
27485481,田丽,女,27088993,演员,是,14,27088993,都挺好,电视剧,2019-03-01,中国大陆,2019,剧情/家庭,有评分,7.7,394106,394106,1742,54178035,54971011,517,沈英殊,m54178035,演员,"姚晨, 倪大红, 郭京飞, 杨祐宁, 李念"
27556226,任正斌,男,26797690,演员,是,38,26797690,大江大河,电视剧,2018-12-10,中国大陆,2018,剧情,有评分,8.8,260126,260126,1513,53595429,55112501,518,韩总,m53595429,演员,"王凯, 杨烁, 杨烁, 董子健, 童瑶"
27549894,王一,男,36534750,演员,否,999,36534750,小巷人家,电视剧,2024-10-28,中国大陆,2024,剧情/家庭,有评分,8.4,287902,287902,1555,73069549,55099837,519,张春雷,m73069549,演员,"闫妮, 李光洁, 郭晓东, 蒋欣, 范丞丞"
27482740,章申,男,35321446,演员,否,999,35321446,大江大河之岁月如歌,电视剧,2024-01-08,中国大陆,2024,剧情,有评分,8.0,72953,72953,764,70642941,54965529,520,沈浩星,m70642941,演员,"王凯, 杨烁, 董子健, 杨采钰, 张佳宁"
27560040,冯千,男,26665065,演员,否,999,26665065,琅琊榜之风起长林,电视剧,2017-12-18,中国大陆,2017,剧情/古装,有评分,8.4,210088,210088,1328,53330179,55120129,521,李固,m53330179,演员,"黄晓明, 刘昊然, 佟丽娅, 张慧雯, 梅婷"
27560040,冯千,男,25994712,演员,是,25,25994712,伪装者,电视剧,2015-08-31,中国大陆,2015,剧情/悬疑,有评分,8.6,382758,382758,1814,51989473,55120129,522,汪芙蕖,m51989473,演员,"胡歌, 靳东, 刘敏涛, 王凯, 宋轶"
27484307,黄精一,男,35033654,演员,否,999,35033654,山海情,电视剧,2021-01-12,中国大陆,2021,剧情,有评分,9.2,481571,481571,2105,70067357,54968663,523,老者,m70067357,演员,"黄轩, 张嘉益, 闫妮, 黄觉, 姚晨"
27552451,田昊,男,35033654,演员,否,999,35033654,山海情,电视剧,2021-01-12,中国大陆,2021,剧情,有评分,9.2,481571,481571,2105,70067357,55104951,524,马建川,m70067357,演员,"黄轩, 张嘉益, 闫妮, 黄觉, 姚晨"
27551435,柴碧云,女,35033654,演员,是,25,35033654,山海情,电视剧,2021-01-12,中国大陆,2021,剧情,有评分,9.2,481571,481571,2105,70067357,55102919,525,高青峡,m70067357,演员,"黄轩, 张嘉益, 闫妮, 黄觉, 姚晨"
27551435,柴碧云,女,34792296,演员,是,7,34792296,欢迎光临,电视剧,2022-05-18,中国大陆,2022,剧情/喜剧/爱情,有评分,6.4,56516,56516,601,69584641,55102919,526,佟娜娜,m69584641,演员,"黄轩, 白百何, 朱雨辰, 白宇帆, 丁嘉丽"
27482865,霍青,男,35321446,演员,否,999,35321446,大江大河之岁月如歌,电视剧,2024-01-08,中国大陆,2024,剧情,有评分,8.0,72953,72953,764,70642941,54965779,527,马保平,m70642941,演员,"王凯, 杨烁, 董子健, 杨采钰, 张佳宁"
27482865,霍青,男,30423905,演员,是,6,30423905,大江大河2,电视剧,2020-12-20,中国大陆,2020,剧情/历史,有评分,8.7,208072,208072,1345,60847859,54965779,528,马保平,m60847859,演员,"王凯, 杨烁, 董子健, 杨采钰, 周放"
27559901,韩姝妹,女,36534750,演员,否,999,36534750,小巷人家,电视剧,2024-10-28,中国大陆,2024,剧情/家庭,有评分,8.4,287902,287902,1555,73069549,55119851,529,陈桂英,m73069549,演员,"闫妮, 李光洁, 郭晓东, 蒋欣, 范丞丞"
27559901,韩姝妹,女,36189205,演员,否,999,36189205,凡人歌,电视剧,2024-08-31,中国大陆,2024,剧情/喜剧,有评分,7.7,77700,77700,773,72378459,55119851,530,佳家母婴店负责人,m72378459,演员,"殷桃, 王骁, 章若楠, 秦俊杰, 张哲华"
27559901,韩姝妹,女,35321446,演员,否,999,35321446,大江大河之岁月如歌,电视剧,2024-01-08,中国大陆,2024,剧情,有评分,8.0,72953,72953,764,70642941,55119851,531,律师,m70642941,演员,"王凯, 杨烁, 董子健, 杨采钰, 张佳宁"
27559901,韩姝妹,女,26430092,演员,否,999,26430092,欢乐颂,电视剧,2016-04-18,中国大陆,2016,剧情/爱情,有评分,7.5,353514,353514,1628,52860233,55119851,532,经理,m52860233,演员,"刘涛, 蒋欣, 王子文, 杨紫, 乔欣"
27558785,曹毅,男,34792295,演员,是,55,34792295,乔家的儿女,电视剧,2021-08-17,中国大陆,2021,剧情/家庭,有评分,7.7,235622,235622,1347,69584639,55117619,533,项父,m69584639,演员,"白宇, 宋祖儿, 毛晓彤, 张晚意, 周翊然"
27558785,曹毅,男,26743573,演员,否,999,26743573,欢乐颂2,电视剧,2017-05-11,中国大陆,2017,剧情/爱情,有评分,5.4,154450,154450,913,53487195,55117619,534,,m53487195,演员,"刘涛, 蒋欣, 王子文, 杨紫, 乔欣"
27484123,谢承颖,女,36534750,演员,否,999,36534750,小巷人家,电视剧,2024-10-28,中国大陆,2024,剧情/家庭,有评分,8.4,287902,287902,1555,73069549,54968295,535,女工甲,m73069549,演员,"闫妮, 李光洁, 郭晓东, 蒋欣, 范丞丞"
27484123,谢承颖,女,26928226,演员,否,999,26928226,知否知否应是绿肥红瘦,电视剧,2018-12-25,中国大陆,2018,剧情/爱情/古装,有评分,8.0,695224,695224,2358,53856501,54968295,536,邕王妃,m53856501,演员,"赵丽颖, 冯绍峰, 朱一龙, 施诗, 张佳宁"
27484123,谢承颖,女,25994712,演员,是,28,25994712,伪装者,电视剧,2015-08-31,中国大陆,2015,剧情/悬疑,有评分,8.6,382758,382758,1814,51989473,54968295,537,梁太太,m51989473,演员,"胡歌, 靳东, 刘敏涛, 王凯, 宋轶"
27483920,陈楚翰,男,30421903,演员,否,999,30421903,淬火年代,电视剧,2025-06-18,中国大陆,2025,剧情,有评分,7.0,21373,21373,387,60843855,54967889,538,方叔,m60843855,演员,"张新成, 宋祖儿, 王彦霖, 任程伟, 张月"
27541412,王骁,男,36189205,演员,是,2,36189205,凡人歌,电视剧,2024-08-31,中国大陆,2024,剧情/喜剧,有评分,7.7,77700,77700,773,72378459,55082873,539,那伟,m72378459,演员,"殷桃, 王骁, 章若楠, 秦俊杰, 张哲华"
27541412,王骁,男,35613241,演员,是,8,35613241,县委大院,电视剧,2022-12-07,中国大陆,2022,剧情,有评分,6.8,109693,109693,864,71226531,55082873,540,乔胜利,m71226531,演员,"胡歌, 吴越, 张新成, 黄磊, 李光洁"
27541412,王骁,男,26779426,演员,否,999,26779426,欢乐颂3,电视剧,2022-08-11,中国大陆,2022,剧情/爱情,有评分,4.9,41716,41716,452,53558901,55082873,541,崔先生,m53558901,演员,"江疏影, 杨采钰, 张佳宁, 张慧雯, 李浩菲"
27547753,孙强,男,35613241,演员,是,34,35613241,县委大院,电视剧,2022-12-07,中国大陆,2022,剧情,有评分,6.8,109693,109693,864,71226531,55095555,542,路长宇,m71226531,演员,"胡歌, 吴越, 张新成, 黄磊, 李光洁"
27547753,孙强,男,26779426,演员,否,999,26779426,欢乐颂3,电视剧,2022-08-11,中国大陆,2022,剧情/爱情,有评分,4.9,41716,41716,452,53558901,55095555,543,陶教授,m53558901,演员,"江疏影, 杨采钰, 张佳宁, 张慧雯, 李浩菲"
27558002,李培铭,男,36571896,演员,否,999,36571896,命悬一生,电视剧,2025-10-11,中国大陆,2025,剧情/悬疑,有评分,7.7,85010,85010,809,73143841,55116053,544,梁大,m73143841,演员,"黄轩, 李庚希, 张哲华, 白宇帆, 尹昉"
27558002,李培铭,男,35613241,演员,否,999,35613241,县委大院,电视剧,2022-12-07,中国大陆,2022,剧情,有评分,6.8,109693,109693,864,71226531,55116053,545,纪东亮,m71226531,演员,"胡歌, 吴越, 张新成, 黄磊, 李光洁"
27558002,李培铭,男,26345137,演员,是,18,26345137,如果蜗牛有爱情,电视剧,2016-10-24,中国大陆,2016,剧情/爱情/悬疑,有评分,7.2,105271,105271,871,52690323,55116053,546,战峰,m52690323,演员,"王凯, 王子文, 徐悦, 于恒, 赵圆瑗"
27480970,邓英,女,26759908,演员,是,43,26759908,清平乐,电视剧,2020-04-07,中国大陆,2020,剧情/古装,有评分,6.4,173456,173456,1054,53519865,54961989,549,曹夫人,m53519865,演员,"王凯, 江疏影, 任敏, 杨玏, 边程"
27550584,王汀,女,36189205,演员,否,999,36189205,凡人歌,电视剧,2024-08-31,中国大陆,2024,剧情/喜剧,有评分,7.7,77700,77700,773,72378459,55101217,550,刘燕,m72378459,演员,"殷桃, 王骁, 章若楠, 秦俊杰, 张哲华"
27550584,王汀,女,35332289,演员,是,37,35332289,开端,电视剧,2022-01-11,中国大陆,2022,剧情,有评分,7.9,968506,968506,2766,70664627,55101217,551,110接线员,m70664627,演员,"白敬亭, 赵今麦, 刘奕君, 刘涛, 黄觉"
27550584,王汀,女,26779426,演员,是,10,26779426,欢乐颂3,电视剧,2022-08-11,中国大陆,2022,剧情/爱情,有评分,4.9,41716,41716,452,53558901,55101217,552,,m53558901,演员,"江疏影, 杨采钰, 张佳宁, 张慧雯, 李浩菲"
27483570,蓝天,男,25754848,演员,是,113,25754848,琅琊榜,电视剧,2015-09-19,中国大陆,2015,剧情/古装,有评分,9.4,919060,919060,2939,51509745,54967189,553,成年庭生,m51509745,演员,"胡歌, 刘涛, 王凯, 陈龙, 黄维德"
27498367,孔笙,男,35613241,导演,是,1,35613241,县委大院,电视剧,2022-12-07,中国大陆,2022,剧情,有评分,6.8,109693,109693,864,71226531,54996783,554,,m71226531,导演,"胡歌, 吴越, 张新成, 黄磊, 李光洁"
27498367,孔笙,男,35033654,导演,是,1,35033654,山海情,电视剧,2021-01-12,中国大陆,2021,剧情,有评分,9.2,481571,481571,2105,70067357,54996783,556,,m70067357,导演,"黄轩, 张嘉益, 闫妮, 黄觉, 姚晨"
27498367,孔笙,男,26797690,导演,是,1,26797690,大江大河,电视剧,2018-12-10,中国大陆,2018,剧情,有评分,8.8,260126,260126,1513,53595429,54996783,558,,m53595429,导演,"王凯, 杨烁, 杨烁, 董子健, 童瑶"
27498367,孔笙,男,26671336,导演,是,1,26671336,得闲谨制,电影,2025-12-06,中国大陆,2025,剧情/战争,有评分,6.9,268554,268554,1361,53342721,54996783,560,,m53342721,导演,"肖战, 彭昱畅, 周依然, 杨新鸣, 阿如那"
27498367,孔笙,男,26665065,导演,是,1,26665065,琅琊榜之风起长林,电视剧,2017-12-18,中国大陆,2017,剧情/古装,有评分,8.4,210088,210088,1328,53330179,54996783,561,,m53330179,导演,"黄晓明, 刘昊然, 佟丽娅, 张慧雯, 梅婷"
27498367,孔笙,男,26430092,导演,是,1,26430092,欢乐颂,电视剧,2016-04-18,中国大陆,2016,剧情/爱情,有评分,7.5,353514,353514,1628,52860233,54996783,562,,m52860233,导演,"刘涛, 蒋欣, 王子文, 杨紫, 乔欣"
27498367,孔笙,男,26298935,导演,是,1,26298935,鬼吹灯之精绝古城,电视剧,2016-12-19,中国大陆,2016,剧情/悬疑/惊悚,有评分,7.9,274802,274802,1473,52597919,54996783,563,,m52597919,导演,"靳东, 陈乔恩, 赵达, 岳旸, 王永泉"
27498367,孔笙,男,25870290,导演,是,1,25870290,温州两家人,电视剧,2015-11-26,中国大陆,2015,剧情,有评分,7.8,7118,7118,236,51740629,54996783,565,,m51740629,导演,"郭涛, 任程伟, 袁咏仪, 陈丽娜, 刘奕君"
27498367,孔笙,男,25754848,导演,是,1,25754848,琅琊榜,电视剧,2015-09-19,中国大陆,2015,剧情/古装,有评分,9.4,919060,919060,2939,51509745,54996783,566,,m51509745,导演,"胡歌, 刘涛, 王凯, 陈龙, 黄维德"
27549470,罗昱焜,女,26683725,演员,是,75,26683725,外科风云,电视剧,2017-04-17,中国大陆,2017,剧情/爱情,有评分,7.3,94754,94754,832,53367499,55098989,567,蓉蓉,m53367499,演员,"靳东, 白百何, 李佳航, 马少骅, 蓝盈莹"
27484973,王永泉,男,36571896,演员,是,9,36571896,命悬一生,电视剧,2025-10-11,中国大陆,2025,剧情/悬疑,有评分,7.7,85010,85010,809,73143841,54969995,568,孙传海,m73143841,演员,"黄轩, 李庚希, 张哲华, 白宇帆, 尹昉"
27484973,王永泉,男,35613241,演员,是,24,35613241,县委大院,电视剧,2022-12-07,中国大陆,2022,剧情,有评分,6.8,109693,109693,864,71226531,54969995,569,老拐,m71226531,演员,"胡歌, 吴越, 张新成, 黄磊, 李光洁"
27484973,王永泉,男,26928226,演员,是,22,26928226,知否知否应是绿肥红瘦,电视剧,2018-12-25,中国大陆,2018,剧情/爱情/古装,有评分,8.0,695224,695224,2358,53856501,54969995,570,兖王/英国公,m53856501,演员,"赵丽颖, 冯绍峰, 朱一龙, 施诗, 张佳宁"
27484973,王永泉,男,26797690,演员,是,9,26797690,大江大河,电视剧,2018-12-10,中国大陆,2018,剧情,有评分,8.8,260126,260126,1513,53595429,54969995,571,老书记,m53595429,演员,"王凯, 杨烁, 杨烁, 董子健, 童瑶"
27484973,王永泉,男,26743573,演员,是,16,26743573,欢乐颂2,电视剧,2017-05-11,中国大陆,2017,剧情/爱情,有评分,5.4,154450,154450,913,53487195,54969995,572,,m53487195,演员,"刘涛, 蒋欣, 王子文, 杨紫, 乔欣"
27484973,王永泉,男,26683725,演员,是,19,26683725,外科风云,电视剧,2017-04-17,中国大陆,2017,剧情/爱情,有评分,7.3,94754,94754,832,53367499,54969995,573,董学斌,m53367499,演员,"靳东, 白百何, 李佳航, 马少骅, 蓝盈莹"
27484973,王永泉,男,26665065,演员,是,21,26665065,琅琊榜之风起长林,电视剧,2017-12-18,中国大陆,2017,剧情/古装,有评分,8.4,210088,210088,1328,53330179,54969995,574,黎老堂主,m53330179,演员,"黄晓明, 刘昊然, 佟丽娅, 张慧雯, 梅婷"
27484973,王永泉,男,26430092,演员,是,16,26430092,欢乐颂,电视剧,2016-04-18,中国大陆,2016,剧情/爱情,有评分,7.5,353514,353514,1628,52860233,54969995,575,曲父,m52860233,演员,"刘涛, 蒋欣, 王子文, 杨紫, 乔欣"
27484973,王永泉,男,26298935,演员,是,5,26298935,鬼吹灯之精绝古城,电视剧,2016-12-19,中国大陆,2016,剧情/悬疑/惊悚,有评分,7.9,274802,274802,1473,52597919,54969995,576,安力满,m52597919,演员,"靳东, 陈乔恩, 赵达, 岳旸, 王永泉"
27484973,王永泉,男,26088457,演员,是,16,26088457,他来了，请闭眼,电视剧,2015-10-15,中国大陆,2015,剧情/悬疑,有评分,6.7,74395,74395,706,52176963,54969995,577,李局长,m52176963,演员,"霍建华, 马思纯, 张鲁一, 王凯, 尹正"
27484973,王永泉,男,25870290,演员,是,17,25870290,温州两家人,电视剧,2015-11-26,中国大陆,2015,剧情,有评分,7.8,7118,7118,236,51740629,54969995,578,满叔,m51740629,演员,"郭涛, 任程伟, 袁咏仪, 陈丽娜, 刘奕君"
27484973,王永泉,男,25754848,演员,是,30,25754848,琅琊榜,电视剧,2015-09-19,中国大陆,2015,剧情/古装,有评分,9.4,919060,919060,2939,51509745,54969995,579,夏江,m51509745,演员,"胡歌, 刘涛, 王凯, 陈龙, 黄维德"
27484803,王煜,男,33442331,演员,是,32,33442331,我是余欢水,电视剧,2020-04-06,中国大陆,2020,剧情,有评分,7.3,324953,324953,1540,66884711,54969655,580,年轻上班族,m66884711,演员,"郭京飞, 苗苗, 高露, 岳旸, 高叶"
27503637,叶青,女,33442331,演员,是,13,33442331,我是余欢水,电视剧,2020-04-06,中国大陆,2020,剧情,有评分,7.3,324953,324953,1540,66884711,55007323,581,唐韵,m66884711,演员,"郭京飞, 苗苗, 高露, 岳旸, 高叶"
27483214,刘涛,男,36534750,演员,否,999,36534750,小巷人家,电视剧,2024-10-28,中国大陆,2024,剧情/家庭,有评分,8.4,287902,287902,1555,73069549,54966477,582,朱教授,m73069549,演员,"闫妮, 李光洁, 郭晓东, 蒋欣, 范丞丞"
27483214,刘涛,男,35321446,演员,否,999,35321446,大江大河之岁月如歌,电视剧,2024-01-08,中国大陆,2024,剧情,有评分,8.0,72953,72953,764,70642941,54966477,583,刘主任,m70642941,演员,"王凯, 杨烁, 董子健, 杨采钰, 张佳宁"
27552650,刘昊然,男,35613241,演员,是,18,35613241,县委大院,电视剧,2022-12-07,中国大陆,2022,剧情,有评分,6.8,109693,109693,864,71226531,55105349,584,青年梅晓歌,m71226531,演员,"胡歌, 吴越, 张新成, 黄磊, 李光洁"
27552650,刘昊然,男,26665065,演员,是,2,26665065,琅琊榜之风起长林,电视剧,2017-12-18,中国大陆,2017,剧情/古装,有评分,8.4,210088,210088,1328,53330179,55105349,586,萧平旌,m53330179,演员,"黄晓明, 刘昊然, 佟丽娅, 张慧雯, 梅婷"
27484905,贾景晖,男,35613241,演员,否,999,35613241,县委大院,电视剧,2022-12-07,中国大陆,2022,剧情,有评分,6.8,109693,109693,864,71226531,54969859,587,李东霖,m71226531,演员,"胡歌, 吴越, 张新成, 黄磊, 李光洁"
27484905,贾景晖,男,34792296,演员,否,999,34792296,欢迎光临,电视剧,2022-05-18,中国大陆,2022,剧情/喜剧/爱情,有评分,6.4,56516,56516,601,69584641,54969859,588,虞鹏,m69584641,演员,"黄轩, 白百何, 朱雨辰, 白宇帆, 丁嘉丽"
27493373,林鹏,女,34792296,演员,是,52,34792296,欢迎光临,电视剧,2022-05-18,中国大陆,2022,剧情/喜剧/爱情,有评分,6.4,56516,56516,601,69584641,54986795,589,醉酒客人,m69584641,演员,"黄轩, 白百何, 朱雨辰, 白宇帆, 丁嘉丽"
27551896,郎月婷,女,35033654,演员,是,18,35033654,山海情,电视剧,2021-01-12,中国大陆,2021,剧情,有评分,9.2,481571,481571,2105,70067357,55103841,590,马秋红,m70067357,演员,"黄轩, 张嘉益, 闫妮, 黄觉, 姚晨"
27500388,王放,男,36189205,演员,否,999,36189205,凡人歌,电视剧,2024-08-31,中国大陆,2024,剧情/喜剧,有评分,7.7,77700,77700,773,72378459,55000825,591,沈磊单位科长,m72378459,演员,"殷桃, 王骁, 章若楠, 秦俊杰, 张哲华"
27542181,董子健,男,35321446,演员,是,3,35321446,大江大河之岁月如歌,电视剧,2024-01-08,中国大陆,2024,剧情,有评分,8.0,72953,72953,764,70642941,55084411,592,杨巡,m70642941,演员,"王凯, 杨烁, 董子健, 杨采钰, 张佳宁"
27542181,董子健,男,30423905,演员,是,3,30423905,大江大河2,电视剧,2020-12-20,中国大陆,2020,剧情/历史,有评分,8.7,208072,208072,1345,60847859,55084411,593,杨巡,m60847859,演员,"王凯, 杨烁, 董子健, 杨采钰, 周放"
27542181,董子健,男,26797690,演员,是,3,26797690,大江大河,电视剧,2018-12-10,中国大陆,2018,剧情,有评分,8.8,260126,260126,1513,53595429,55084411,594,杨巡,m53595429,演员,"王凯, 杨烁, 杨烁, 董子健, 童瑶"
27482758,王挺,男,35588265,演员,否,999,35588265,樱桃琥珀,电视剧,2025-07-14,中国大陆,2025,剧情/爱情,有评分,5.7,38891,38891,471,71176579,54965565,595,教导主任,m71176579,演员,"赵今麦, 张凌赫, 董洁, 保剑锋, 董璇"
27483106,章龄之,女,26088457,演员,是,6,26088457,他来了，请闭眼,电视剧,2015-10-15,中国大陆,2015,剧情/悬疑,有评分,6.7,74395,74395,706,52176963,54966261,596,尹姿琪,m52176963,演员,"霍建华, 马思纯, 张鲁一, 王凯, 尹正"
27548127,王自健,男,26779426,演员,否,999,26779426,欢乐颂3,电视剧,2022-08-11,中国大陆,2022,剧情/爱情,有评分,4.9,41716,41716,452,53558901,55096303,597,,m53558901,演员,"江疏影, 杨采钰, 张佳宁, 张慧雯, 李浩菲"
27558581,梅寒,女,26759908,演员,否,999,26759908,清平乐,电视剧,2020-04-07,中国大陆,2020,剧情/古装,有评分,6.4,173456,173456,1054,53519865,55117211,598,文彦博夫人,m53519865,演员,"王凯, 江疏影, 任敏, 杨玏, 边程"
27494369,车永莉,女,26759908,演员,否,999,26759908,清平乐,电视剧,2020-04-07,中国大陆,2020,剧情/古装,有评分,6.4,173456,173456,1054,53519865,54988787,599,,m53519865,演员,"王凯, 江疏影, 任敏, 杨玏, 边程"
27559460,张欣源,女,26928226,演员,否,999,26928226,知否知否应是绿肥红瘦,电视剧,2018-12-25,中国大陆,2018,剧情/爱情/古装,有评分,8.0,695224,695224,2358,53856501,55118969,600,芸娘,m53856501,演员,"赵丽颖, 冯绍峰, 朱一龙, 施诗, 张佳宁"
27559460,张欣源,女,26759908,演员,是,45,26759908,清平乐,电视剧,2020-04-07,中国大陆,2020,剧情/古装,有评分,6.4,173456,173456,1054,53519865,55118969,601,扶月,m53519865,演员,"王凯, 江疏影, 任敏, 杨玏, 边程"
27548904,胡小庭,女,26759908,演员,是,42,26759908,清平乐,电视剧,2020-04-07,中国大陆,2020,剧情/古装,有评分,6.4,173456,173456,1054,53519865,55097857,602,许嬷嬷,m53519865,演员,"王凯, 江疏影, 任敏, 杨玏, 边程"
27482843,何明翰,男,26759908,演员,是,26,26759908,清平乐,电视剧,2020-04-07,中国大陆,2020,剧情/古装,有评分,6.4,173456,173456,1054,53519865,54965735,603,王拱辰,m53519865,演员,"王凯, 江疏影, 任敏, 杨玏, 边程"
27558444,王春妹,女,34792296,演员,是,57,34792296,欢迎光临,电视剧,2022-05-18,中国大陆,2022,剧情/喜剧/爱情,有评分,6.4,56516,56516,601,69584641,55116937,606,刘姐,m69584641,演员,"黄轩, 白百何, 朱雨辰, 白宇帆, 丁嘉丽"
27558444,王春妹,女,26683725,演员,是,62,26683725,外科风云,电视剧,2017-04-17,中国大陆,2017,剧情/爱情,有评分,7.3,94754,94754,832,53367499,55116937,607,肖母,m53367499,演员,"靳东, 白百何, 李佳航, 马少骅, 蓝盈莹"
27499802,高露,女,33442331,演员,是,3,33442331,我是余欢水,电视剧,2020-04-06,中国大陆,2020,剧情,有评分,7.3,324953,324953,1540,66884711,54999653,608,甘虹,m66884711,演员,"郭京飞, 苗苗, 高露, 岳旸, 高叶"
27499802,高露,女,30421903,演员,是,10,30421903,淬火年代,电视剧,2025-06-18,中国大陆,2025,剧情,有评分,7.0,21373,21373,387,60843855,54999653,609,钱宏英,m60843855,演员,"张新成, 宋祖儿, 王彦霖, 任程伟, 张月"
27499802,高露,女,27088993,演员,是,7,27088993,都挺好,电视剧,2019-03-01,中国大陆,2019,剧情/家庭,有评分,7.7,394106,394106,1742,54178035,54999653,610,吴非,m54178035,演员,"姚晨, 倪大红, 郭京飞, 杨祐宁, 李念"
27499802,高露,女,26928226,演员,是,8,26928226,知否知否应是绿肥红瘦,电视剧,2018-12-25,中国大陆,2018,剧情/爱情/古装,有评分,8.0,695224,695224,2358,53856501,54999653,611,林噙霜,m53856501,演员,"赵丽颖, 冯绍峰, 朱一龙, 施诗, 张佳宁"
27499802,高露,女,26683725,演员,是,12,26683725,外科风云,电视剧,2017-04-17,中国大陆,2017,剧情/爱情,有评分,7.3,94754,94754,832,53367499,54999653,612,林欢,m53367499,演员,"靳东, 白百何, 李佳航, 马少骅, 蓝盈莹"
27541073,李佳航,男,34792295,演员,是,14,34792295,乔家的儿女,电视剧,2021-08-17,中国大陆,2021,剧情/家庭,有评分,7.7,235622,235622,1347,69584639,55082195,613,齐唯民,m69584639,演员,"白宇, 宋祖儿, 毛晓彤, 张晚意, 周翊然"
27541073,李佳航,男,30421903,演员,是,14,30421903,淬火年代,电视剧,2025-06-18,中国大陆,2025,剧情,有评分,7.0,21373,21373,387,60843855,55082195,614,老高,m60843855,演员,"张新成, 宋祖儿, 王彦霖, 任程伟, 张月"
27541073,李佳航,男,26683725,演员,是,3,26683725,外科风云,电视剧,2017-04-17,中国大陆,2017,剧情/爱情,有评分,7.3,94754,94754,832,53367499,55082195,615,陈绍聪,m53367499,演员,"靳东, 白百何, 李佳航, 马少骅, 蓝盈莹"
27494413,王建兵,男,26797690,演员,否,999,26797690,大江大河,电视剧,2018-12-10,中国大陆,2018,剧情,有评分,8.8,260126,260126,1513,53595429,54988875,616,长脚,m53595429,演员,"王凯, 杨烁, 杨烁, 董子健, 童瑶"
27484758,葛四,男,36534750,演员,否,999,36534750,小巷人家,电视剧,2024-10-28,中国大陆,2024,剧情/家庭,有评分,8.4,287902,287902,1555,73069549,54969565,617,阮老师,m73069549,演员,"闫妮, 李光洁, 郭晓东, 蒋欣, 范丞丞"
27482778,迟蓬,女,36534750,演员,是,16,36534750,小巷人家,电视剧,2024-10-28,中国大陆,2024,剧情/家庭,有评分,8.4,287902,287902,1555,73069549,54965605,618,庄奶奶,m73069549,演员,"闫妮, 李光洁, 郭晓东, 蒋欣, 范丞丞"
27558571,朱海军,男,26665065,演员,否,999,26665065,琅琊榜之风起长林,电视剧,2017-12-18,中国大陆,2017,剧情/古装,有评分,8.4,210088,210088,1328,53330179,55117191,619,东海使臣,m53330179,演员,"黄晓明, 刘昊然, 佟丽娅, 张慧雯, 梅婷"
27495086,李乃文,男,34792298,演员,是,8,34792298,相逢时节,电视剧,2022-02-23,中国大陆,2022,剧情,有评分,4.9,33169,33169,403,69584645,54990221,620,郝青林,m69584645,演员,"雷佳音, 袁泉, 张艺兴, 贾乃亮, 罗海琼"
27504442,贾乃亮,男,34792298,演员,是,4,34792298,相逢时节,电视剧,2022-02-23,中国大陆,2022,剧情,有评分,4.9,33169,33169,403,69584645,55008933,621,田景野,m69584645,演员,"雷佳音, 袁泉, 张艺兴, 贾乃亮, 罗海琼"
27487459,李滨,男,35613241,演员,否,999,35613241,县委大院,电视剧,2022-12-07,中国大陆,2022,剧情,有评分,6.8,109693,109693,864,71226531,54974967,622,蒋树林,m71226531,演员,"胡歌, 吴越, 张新成, 黄磊, 李光洁"
27553548,袁百梓卉,女,34792296,演员,是,54,34792296,欢迎光临,电视剧,2022-05-18,中国大陆,2022,剧情/喜剧/爱情,有评分,6.4,56516,56516,601,69584641,55107145,623,情侣女,m69584641,演员,"黄轩, 白百何, 朱雨辰, 白宇帆, 丁嘉丽"
27554720,张优,男,35033654,演员,是,32,35033654,山海情,电视剧,2021-01-12,中国大陆,2021,剧情,有评分,9.2,481571,481571,2105,70067357,55109489,624,安永富,m70067357,演员,"黄轩, 张嘉益, 闫妮, 黄觉, 姚晨"
27558273,韩福利,男,35033654,演员,否,999,35033654,山海情,电视剧,2021-01-12,中国大陆,2021,剧情,有评分,9.2,481571,481571,2105,70067357,55116595,625,张老板,m70067357,演员,"黄轩, 张嘉益, 闫妮, 黄觉, 姚晨"
27558273,韩福利,男,25870290,演员,是,25,25870290,温州两家人,电视剧,2015-11-26,中国大陆,2015,剧情,有评分,7.8,7118,7118,236,51740629,55116595,626,李保光,m51740629,演员,"郭涛, 任程伟, 袁咏仪, 陈丽娜, 刘奕君"
27483137,曹征,男,36189205,演员,否,999,36189205,凡人歌,电视剧,2024-08-31,中国大陆,2024,剧情/喜剧,有评分,7.7,77700,77700,773,72378459,54966323,627,姜山,m72378459,演员,"殷桃, 王骁, 章若楠, 秦俊杰, 张哲华"
27504284,苏小明,女,30423905,演员,是,54,30423905,大江大河2,电视剧,2020-12-20,中国大陆,2020,剧情/历史,有评分,8.7,208072,208072,1345,60847859,55008617,628,雷母,m60847859,演员,"王凯, 杨烁, 董子健, 杨采钰, 周放"
27504284,苏小明,女,26797690,演员,是,30,26797690,大江大河,电视剧,2018-12-10,中国大陆,2018,剧情,有评分,8.8,260126,260126,1513,53595429,55008617,629,雷母,m53595429,演员,"王凯, 杨烁, 杨烁, 董子健, 童瑶"
27480763,任伟,男,35613241,演员,否,999,35613241,县委大院,电视剧,2022-12-07,中国大陆,2022,剧情,有评分,6.8,109693,109693,864,71226531,54961575,630,乔麦父亲,m71226531,演员,"胡歌, 吴越, 张新成, 黄磊, 李光洁"
27480763,任伟,男,26430092,演员,是,14,26430092,欢乐颂,电视剧,2016-04-18,中国大陆,2016,剧情/爱情,有评分,7.5,353514,353514,1628,52860233,54961575,631,姜队长,m52860233,演员,"刘涛, 蒋欣, 王子文, 杨紫, 乔欣"
27480763,任伟,男,25870290,演员,是,27,25870290,温州两家人,电视剧,2015-11-26,中国大陆,2015,剧情,有评分,7.8,7118,7118,236,51740629,54961575,632,陈大潮,m51740629,演员,"郭涛, 任程伟, 袁咏仪, 陈丽娜, 刘奕君"
27483655,张鲁一,男,26088457,演员,是,3,26088457,他来了，请闭眼,电视剧,2015-10-15,中国大陆,2015,剧情/悬疑,有评分,6.7,74395,74395,706,52176963,54967359,633,谢晗,m52176963,演员,"霍建华, 马思纯, 张鲁一, 王凯, 尹正"
27500192,王子文,女,26743573,演员,是,3,26743573,欢乐颂2,电视剧,2017-05-11,中国大陆,2017,剧情/爱情,有评分,5.4,154450,154450,913,53487195,55000433,634,曲筱绡,m53487195,演员,"刘涛, 蒋欣, 王子文, 杨紫, 乔欣"
27500192,王子文,女,26430092,演员,是,3,26430092,欢乐颂,电视剧,2016-04-18,中国大陆,2016,剧情/爱情,有评分,7.5,353514,353514,1628,52860233,55000433,635,曲筱绡,m52860233,演员,"刘涛, 蒋欣, 王子文, 杨紫, 乔欣"
27500192,王子文,女,26345137,演员,是,2,26345137,如果蜗牛有爱情,电视剧,2016-10-24,中国大陆,2016,剧情/爱情/悬疑,有评分,7.2,105271,105271,871,52690323,55000433,636,许诩,m52690323,演员,"王凯, 王子文, 徐悦, 于恒, 赵圆瑗"
27552878,成国栋,男,35613241,演员,否,999,35613241,县委大院,电视剧,2022-12-07,中国大陆,2022,剧情,有评分,6.8,109693,109693,864,71226531,55105805,637,骨头店老赵,m71226531,演员,"胡歌, 吴越, 张新成, 黄磊, 李光洁"
27552878,成国栋,男,26928226,演员,否,999,26928226,知否知否应是绿肥红瘦,电视剧,2018-12-25,中国大陆,2018,剧情/爱情/古装,有评分,8.0,695224,695224,2358,53856501,55105805,638,韩章,m53856501,演员,"赵丽颖, 冯绍峰, 朱一龙, 施诗, 张佳宁"
27552878,成国栋,男,26671336,演员,否,999,26671336,得闲谨制,电影,2025-12-06,中国大陆,2025,剧情/战争,有评分,6.9,268554,268554,1361,53342721,55105805,639,船上民众,m53342721,演员,"肖战, 彭昱畅, 周依然, 杨新鸣, 阿如那"
27551461,王仁君,男,26928226,演员,是,9,26928226,知否知否应是绿肥红瘦,电视剧,2018-12-25,中国大陆,2018,剧情/爱情/古装,有评分,8.0,695224,695224,2358,53856501,55102971,640,盛长柏,m53856501,演员,"赵丽颖, 冯绍峰, 朱一龙, 施诗, 张佳宁"
27483050,张陆,男,26743573,演员,是,9,26743573,欢乐颂2,电视剧,2017-05-11,中国大陆,2017,剧情/爱情,有评分,5.4,154450,154450,913,53487195,54966149,652,王柏川,m53487195,演员,"刘涛, 蒋欣, 王子文, 杨紫, 乔欣"
27483050,张陆,男,26683725,演员,是,42,26683725,外科风云,电视剧,2017-04-17,中国大陆,2017,剧情/爱情,有评分,7.3,94754,94754,832,53367499,54966149,653,曹广义,m53367499,演员,"靳东, 白百何, 李佳航, 马少骅, 蓝盈莹"
27483050,张陆,男,26430092,演员,是,8,26430092,欢乐颂,电视剧,2016-04-18,中国大陆,2016,剧情/爱情,有评分,7.5,353514,353514,1628,52860233,54966149,654,王柏川,m52860233,演员,"刘涛, 蒋欣, 王子文, 杨紫, 乔欣"
27483050,张陆,男,26345137,演员,是,13,26345137,如果蜗牛有爱情,电视剧,2016-10-24,中国大陆,2016,剧情/爱情/悬疑,有评分,7.2,105271,105271,871,52690323,54966149,655,苏穆,m52690323,演员,"王凯, 王子文, 徐悦, 于恒, 赵圆瑗"
27499984,任程伟,男,36571896,演员,是,8,36571896,命悬一生,电视剧,2025-10-11,中国大陆,2025,剧情/悬疑,有评分,7.7,85010,85010,809,73143841,55000017,656,马驰华,m73143841,演员,"黄轩, 李庚希, 张哲华, 白宇帆, 尹昉"
27499984,任程伟,男,35613241,演员,是,9,35613241,县委大院,电视剧,2022-12-07,中国大陆,2022,剧情,有评分,6.8,109693,109693,864,71226531,55000017,657,三宝,m71226531,演员,"胡歌, 吴越, 张新成, 黄磊, 李光洁"
27499984,任程伟,男,30421903,演员,是,4,30421903,淬火年代,电视剧,2025-06-18,中国大陆,2025,剧情,有评分,7.0,21373,21373,387,60843855,55000017,658,柳石堂,m60843855,演员,"张新成, 宋祖儿, 王彦霖, 任程伟, 张月"
27499984,任程伟,男,26683725,演员,是,32,26683725,外科风云,电视剧,2017-04-17,中国大陆,2017,剧情/爱情,有评分,7.3,94754,94754,832,53367499,55000017,659,赵重光,m53367499,演员,"靳东, 白百何, 李佳航, 马少骅, 蓝盈莹"
27499984,任程伟,男,26671336,演员,是,14,26671336,得闲谨制,电影,2025-12-06,中国大陆,2025,剧情/战争,有评分,6.9,268554,268554,1361,53342721,55000017,660,宜昌码头管理员,m53342721,演员,"肖战, 彭昱畅, 周依然, 杨新鸣, 阿如那"
27499984,任程伟,男,25870290,演员,是,2,25870290,温州两家人,电视剧,2015-11-26,中国大陆,2015,剧情,有评分,7.8,7118,7118,236,51740629,55000017,661,黄瑞诚,m51740629,演员,"郭涛, 任程伟, 袁咏仪, 陈丽娜, 刘奕君"
27495011,王一楠,女,26928226,演员,是,10,26928226,知否知否应是绿肥红瘦,电视剧,2018-12-25,中国大陆,2018,剧情/爱情/古装,有评分,8.0,695224,695224,2358,53856501,54990071,662,小秦氏,m53856501,演员,"赵丽颖, 冯绍峰, 朱一龙, 施诗, 张佳宁"
27495011,王一楠,女,26683725,演员,是,26,26683725,外科风云,电视剧,2017-04-17,中国大陆,2017,剧情/爱情,有评分,7.3,94754,94754,832,53367499,54990071,663,程慧英,m53367499,演员,"靳东, 白百何, 李佳航, 马少骅, 蓝盈莹"
27488088,邢瀚,男,33442331,演员,是,24,33442331,我是余欢水,电视剧,2020-04-06,中国大陆,2020,剧情,有评分,7.3,324953,324953,1540,66884711,54976225,664,徐大炮,m66884711,演员,"郭京飞, 苗苗, 高露, 岳旸, 高叶"
27483303,马赫,男,36534750,演员,否,999,36534750,小巷人家,电视剧,2024-10-28,中国大陆,2024,剧情/家庭,有评分,8.4,287902,287902,1555,73069549,54966655,665,老师,m73069549,演员,"闫妮, 李光洁, 郭晓东, 蒋欣, 范丞丞"
27482346,柴浩伟,男,26665065,演员,是,22,26665065,琅琊榜之风起长林,电视剧,2017-12-18,中国大陆,2017,剧情/古装,有评分,8.4,210088,210088,1328,53330179,54964741,666,鲁昭,m53330179,演员,"黄晓明, 刘昊然, 佟丽娅, 张慧雯, 梅婷"
27551275,邢岷山,男,26665065,演员,是,18,26665065,琅琊榜之风起长林,电视剧,2017-12-18,中国大陆,2017,剧情/古装,有评分,8.4,210088,210088,1328,53330179,55102599,667,段桐舟,m53330179,演员,"黄晓明, 刘昊然, 佟丽娅, 张慧雯, 梅婷"
27494337,王双宝,男,26797690,演员,是,43,26797690,大江大河,电视剧,2018-12-10,中国大陆,2018,剧情,有评分,8.8,260126,260126,1513,53595429,54988723,668,老王,m53595429,演员,"王凯, 杨烁, 杨烁, 董子健, 童瑶"
27494337,王双宝,男,26298935,演员,是,17,26298935,鬼吹灯之精绝古城,电视剧,2016-12-19,中国大陆,2016,剧情/悬疑/惊悚,有评分,7.9,274802,274802,1473,52597919,54988723,669,老支书,m52597919,演员,"靳东, 陈乔恩, 赵达, 岳旸, 王永泉"
27495164,王莎莎,女,35033654,演员,是,14,35033654,山海情,电视剧,2021-01-12,中国大陆,2021,剧情,有评分,9.2,481571,481571,2105,70067357,54990377,670,秀儿,m70067357,演员,"黄轩, 张嘉益, 闫妮, 黄觉, 姚晨"
27481068,吴冕,女,36189205,演员,否,999,36189205,凡人歌,电视剧,2024-08-31,中国大陆,2024,剧情/喜剧,有评分,7.7,77700,77700,773,72378459,54962185,671,丁母,m72378459,演员,"殷桃, 王骁, 章若楠, 秦俊杰, 张哲华"
27483142,曹磊,男,35033654,演员,否,999,35033654,山海情,电视剧,2021-01-12,中国大陆,2021,剧情,有评分,9.2,481571,481571,2105,70067357,54966333,672,王区长/王镇长,m70067357,演员,"黄轩, 张嘉益, 闫妮, 黄觉, 姚晨"
27483142,曹磊,男,30423905,演员,否,999,30423905,大江大河2,电视剧,2020-12-20,中国大陆,2020,剧情/历史,有评分,8.7,208072,208072,1345,60847859,54966333,673,国荣律师,m60847859,演员,"王凯, 杨烁, 董子健, 杨采钰, 周放"
27483142,曹磊,男,25870290,演员,是,16,25870290,温州两家人,电视剧,2015-11-26,中国大陆,2015,剧情,有评分,7.8,7118,7118,236,51740629,54966333,674,林万山,m51740629,演员,"郭涛, 任程伟, 袁咏仪, 陈丽娜, 刘奕君"
27504420,董璇,女,35588265,演员,是,5,35588265,樱桃琥珀,电视剧,2025-07-14,中国大陆,2025,剧情/爱情,有评分,5.7,38891,38891,471,71176579,55008889,675,梁虹飞,m71176579,演员,"赵今麦, 张凌赫, 董洁, 保剑锋, 董璇"
27504017,杨紫,女,26743573,演员,是,4,26743573,欢乐颂2,电视剧,2017-05-11,中国大陆,2017,剧情/爱情,有评分,5.4,154450,154450,913,53487195,55008083,676,邱莹莹,m53487195,演员,"刘涛, 蒋欣, 王子文, 杨紫, 乔欣"
27504017,杨紫,女,26430092,演员,是,4,26430092,欢乐颂,电视剧,2016-04-18,中国大陆,2016,剧情/爱情,有评分,7.5,353514,353514,1628,52860233,55008083,677,邱莹莹,m52860233,演员,"刘涛, 蒋欣, 王子文, 杨紫, 乔欣"
27558000,曾璐,女,35588265,编剧,是,1,35588265,樱桃琥珀,电视剧,2025-07-14,中国大陆,2025,剧情/爱情,有评分,5.7,38891,38891,471,71176579,55116049,678,,m71176579,编剧,"赵今麦, 张凌赫, 董洁, 保剑锋, 董璇"
27558000,曾璐,女,26928226,编剧,是,1,26928226,知否知否应是绿肥红瘦,电视剧,2018-12-25,中国大陆,2018,剧情/爱情/古装,有评分,8.0,695224,695224,2358,53856501,55116049,680,,m53856501,编剧,"赵丽颖, 冯绍峰, 朱一龙, 施诗, 张佳宁"
27558437,红木,女,26928226,演员,否,999,26928226,知否知否应是绿肥红瘦,电视剧,2018-12-25,中国大陆,2018,剧情/爱情/古装,有评分,8.0,695224,695224,2358,53856501,55116923,682,李氏,m53856501,演员,"赵丽颖, 冯绍峰, 朱一龙, 施诗, 张佳宁"
27547563,宁晓志,男,26928226,演员,否,999,26928226,知否知否应是绿肥红瘦,电视剧,2018-12-25,中国大陆,2018,剧情/爱情/古装,有评分,8.0,695224,695224,2358,53856501,55095175,683,庄学究,m53856501,演员,"赵丽颖, 冯绍峰, 朱一龙, 施诗, 张佳宁"
27494357,邓莎,女,26928226,演员,是,31,26928226,知否知否应是绿肥红瘦,电视剧,2018-12-25,中国大陆,2018,剧情/爱情/古装,有评分,8.0,695224,695224,2358,53856501,54988763,684,余嫣然,m53856501,演员,"赵丽颖, 冯绍峰, 朱一龙, 施诗, 张佳宁"
27550703,刘頔,男,30421903,演员,否,999,30421903,淬火年代,电视剧,2025-06-18,中国大陆,2025,剧情,有评分,7.0,21373,21373,387,60843855,55101455,685,生产管理员,m60843855,演员,"张新成, 宋祖儿, 王彦霖, 任程伟, 张月"
27559858,杨宝龙,男,26779426,演员,否,999,26779426,欢乐颂3,电视剧,2022-08-11,中国大陆,2022,剧情/爱情,有评分,4.9,41716,41716,452,53558901,55119765,686,老陶教授,m53558901,演员,"江疏影, 杨采钰, 张佳宁, 张慧雯, 李浩菲"
27494356,陶珞依,女,26779426,演员,是,11,26779426,欢乐颂3,电视剧,2022-08-11,中国大陆,2022,剧情/爱情,有评分,4.9,41716,41716,452,53558901,54988761,687,,m53558901,演员,"江疏影, 杨采钰, 张佳宁, 张慧雯, 李浩菲"
27556562,赵圆圆,女,26759908,演员,否,999,26759908,清平乐,电视剧,2020-04-07,中国大陆,2020,剧情/古装,有评分,6.4,173456,173456,1054,53519865,55113173,688,晏清素,m53519865,演员,"王凯, 江疏影, 任敏, 杨玏, 边程"
27544992,陈卫,女,35332289,演员,是,32,35332289,开端,电视剧,2022-01-11,中国大陆,2022,剧情,有评分,7.9,968506,968506,2766,70664627,55090033,689,卢笛妈妈,m70664627,演员,"白敬亭, 赵今麦, 刘奕君, 刘涛, 黄觉"
27559717,张志伟,男,25754848,演员,是,114,25754848,琅琊榜,电视剧,2015-09-19,中国大陆,2015,剧情/古装,有评分,9.4,919060,919060,2939,51509745,55119483,690,陈元直,m51509745,演员,"胡歌, 刘涛, 王凯, 陈龙, 黄维德"
27547877,林家川,男,26683725,演员,是,53,26683725,外科风云,电视剧,2017-04-17,中国大陆,2017,剧情/爱情,有评分,7.3,94754,94754,832,53367499,55095803,720,张磊,m53367499,演员,"靳东, 白百何, 李佳航, 马少骅, 蓝盈莹"
27484922,王乐君,女,34792296,演员,是,59,34792296,欢迎光临,电视剧,2022-05-18,中国大陆,2022,剧情/喜剧/爱情,有评分,6.4,56516,56516,601,69584641,54969893,721,店员甲,m69584641,演员,"黄轩, 白百何, 朱雨辰, 白宇帆, 丁嘉丽"
27484922,王乐君,女,26683725,演员,是,41,26683725,外科风云,电视剧,2017-04-17,中国大陆,2017,剧情/爱情,有评分,7.3,94754,94754,832,53367499,54969893,722,小何,m53367499,演员,"靳东, 白百何, 李佳航, 马少骅, 蓝盈莹"
27484922,王乐君,女,25994712,演员,是,6,25994712,伪装者,电视剧,2015-08-31,中国大陆,2015,剧情/悬疑,有评分,8.6,382758,382758,1814,51989473,54969893,723,程锦云,m51989473,演员,"胡歌, 靳东, 刘敏涛, 王凯, 宋轶"
27493516,童瑶,女,26797690,演员,是,4,26797690,大江大河,电视剧,2018-12-10,中国大陆,2018,剧情,有评分,8.8,260126,260126,1513,53595429,54987081,731,宋运萍,m53595429,演员,"王凯, 杨烁, 杨烁, 董子健, 童瑶"
27482926,巩向东,男,35321446,编剧,是,5,35321446,大江大河之岁月如歌,电视剧,2024-01-08,中国大陆,2024,剧情,有评分,8.0,72953,72953,764,70642941,54965901,732,,m70642941,编剧,"王凯, 杨烁, 董子健, 杨采钰, 张佳宁"
27482985,孙岩,男,35321446,演员,否,999,35321446,大江大河之岁月如歌,电视剧,2024-01-08,中国大陆,2024,剧情,有评分,8.0,72953,72953,764,70642941,54966019,733,王冀阳,m70642941,演员,"王凯, 杨烁, 董子健, 杨采钰, 张佳宁"
27402318,成泰燊,男,26665065,演员,是,13,26665065,琅琊榜之风起长林,电视剧,2017-12-18,中国大陆,2017,剧情/古装,有评分,8.4,210088,210088,1328,53330179,54804685,735,墨淄侯,m53330179,演员,"黄晓明, 刘昊然, 佟丽娅, 张慧雯, 梅婷"
27483864,王艺禅,女,35613241,演员,否,999,35613241,县委大院,电视剧,2022-12-07,中国大陆,2022,剧情,有评分,6.8,109693,109693,864,71226531,54967777,736,油坊老板娘,m71226531,演员,"胡歌, 吴越, 张新成, 黄磊, 李光洁"
27482589,徐佳,男,35613241,演员,是,36,35613241,县委大院,电视剧,2022-12-07,中国大陆,2022,剧情,有评分,6.8,109693,109693,864,71226531,54965227,737,刘亚军,m71226531,演员,"胡歌, 吴越, 张新成, 黄磊, 李光洁"
27483984,韩丹彤,女,35321446,演员,否,999,35321446,大江大河之岁月如歌,电视剧,2024-01-08,中国大陆,2024,剧情,有评分,8.0,72953,72953,764,70642941,54968017,738,记者,m70642941,演员,"王凯, 杨烁, 董子健, 杨采钰, 张佳宁"
27483984,韩丹彤,女,35033654,演员,是,21,35033654,山海情,电视剧,2021-01-12,中国大陆,2021,剧情,有评分,9.2,481571,481571,2105,70067357,54968017,739,娟子,m70067357,演员,"黄轩, 张嘉益, 闫妮, 黄觉, 姚晨"
27495180,郭京飞,男,35033654,演员,是,15,35033654,山海情,电视剧,2021-01-12,中国大陆,2021,剧情,有评分,9.2,481571,481571,2105,70067357,54990409,740,陈金山,m70067357,演员,"黄轩, 张嘉益, 闫妮, 黄觉, 姚晨"
27495180,郭京飞,男,33442331,演员,是,1,33442331,我是余欢水,电视剧,2020-04-06,中国大陆,2020,剧情,有评分,7.3,324953,324953,1540,66884711,54990409,741,余欢水,m66884711,演员,"郭京飞, 苗苗, 高露, 岳旸, 高叶"
27495180,郭京飞,男,27088993,演员,是,3,27088993,都挺好,电视剧,2019-03-01,中国大陆,2019,剧情/家庭,有评分,7.7,394106,394106,1742,54178035,54990409,742,苏明成,m54178035,演员,"姚晨, 倪大红, 郭京飞, 杨祐宁, 李念"
27495180,郭京飞,男,26665065,演员,是,7,26665065,琅琊榜之风起长林,电视剧,2017-12-18,中国大陆,2017,剧情/古装,有评分,8.4,210088,210088,1328,53330179,54990409,743,濮阳缨,m53330179,演员,"黄晓明, 刘昊然, 佟丽娅, 张慧雯, 梅婷"
27504346,胡明,男,35033654,演员,是,12,35033654,山海情,电视剧,2021-01-12,中国大陆,2021,剧情,有评分,9.2,481571,481571,2105,70067357,55008741,744,张树成,m70067357,演员,"黄轩, 张嘉益, 闫妮, 黄觉, 姚晨"
27529798,尤勇智,男,35613241,演员,是,10,35613241,县委大院,电视剧,2022-12-07,中国大陆,2022,剧情,有评分,6.8,109693,109693,864,71226531,55059645,745,老邱,m71226531,演员,"胡歌, 吴越, 张新成, 黄磊, 李光洁"
27529798,尤勇智,男,35033654,演员,是,11,35033654,山海情,电视剧,2021-01-12,中国大陆,2021,剧情,有评分,9.2,481571,481571,2105,70067357,55059645,746,李大有,m70067357,演员,"黄轩, 张嘉益, 闫妮, 黄觉, 姚晨"
27529798,尤勇智,男,26665065,演员,是,11,26665065,琅琊榜之风起长林,电视剧,2017-12-18,中国大陆,2017,剧情/古装,有评分,8.4,210088,210088,1328,53330179,55059645,747,宋浮,m53330179,演员,"黄晓明, 刘昊然, 佟丽娅, 张慧雯, 梅婷"
27495233,汪永贵,男,36534750,演员,否,999,36534750,小巷人家,电视剧,2024-10-28,中国大陆,2024,剧情/家庭,有评分,8.4,287902,287902,1555,73069549,54990515,748,门卫张大爷,m73069549,演员,"闫妮, 李光洁, 郭晓东, 蒋欣, 范丞丞"
27495233,汪永贵,男,36189205,演员,否,999,36189205,凡人歌,电视剧,2024-08-31,中国大陆,2024,剧情/喜剧,有评分,7.7,77700,77700,773,72378459,54990515,749,沈志成父亲,m72378459,演员,"殷桃, 王骁, 章若楠, 秦俊杰, 张哲华"
27495233,汪永贵,男,34792296,演员,是,62,34792296,欢迎光临,电视剧,2022-05-18,中国大陆,2022,剧情/喜剧/爱情,有评分,6.4,56516,56516,601,69584641,54990515,750,四爷,m69584641,演员,"黄轩, 白百何, 朱雨辰, 白宇帆, 丁嘉丽"
27495233,汪永贵,男,26797690,演员,否,999,26797690,大江大河,电视剧,2018-12-10,中国大陆,2018,剧情,有评分,8.8,260126,260126,1513,53595429,54990515,751,老五爹,m53595429,演员,"王凯, 杨烁, 杨烁, 董子健, 童瑶"
27547754,丁凯,男,36189205,演员,否,999,36189205,凡人歌,电视剧,2024-08-31,中国大陆,2024,剧情/喜剧,有评分,7.7,77700,77700,773,72378459,55095557,752,老贾,m72378459,演员,"殷桃, 王骁, 章若楠, 秦俊杰, 张哲华"
27481221,张国强,男,36189205,演员,否,999,36189205,凡人歌,电视剧,2024-08-31,中国大陆,2024,剧情/喜剧,有评分,7.7,77700,77700,773,72378459,54962491,753,王睿智,m72378459,演员,"殷桃, 王骁, 章若楠, 秦俊杰, 张哲华"
27494783,孙艺洲,男,30423905,演员,是,55,30423905,大江大河2,电视剧,2020-12-20,中国大陆,2020,剧情/历史,有评分,8.7,208072,208072,1345,60847859,54989615,754,萧然,m60847859,演员,"王凯, 杨烁, 董子健, 杨采钰, 周放"
27249319,唐文龙,男,35588265,演员,否,999,35588265,樱桃琥珀,电视剧,2025-07-14,中国大陆,2025,剧情/爱情,有评分,5.7,38891,38891,471,71176579,54498687,755,蒋若诚,m71176579,演员,"赵今麦, 张凌赫, 董洁, 保剑锋, 董璇"
27559575,王一鸣,男,26088457,演员,否,999,26088457,他来了，请闭眼,电视剧,2015-10-15,中国大陆,2015,剧情/悬疑,有评分,6.7,74395,74395,706,52176963,55119199,756,黄队长,m52176963,演员,"霍建华, 马思纯, 张鲁一, 王凯, 尹正"
27483697,杨梓墨,女,26088457,演员,否,999,26088457,他来了，请闭眼,电视剧,2015-10-15,中国大陆,2015,剧情/悬疑,有评分,6.7,74395,74395,706,52176963,54967443,757,霍小璐,m52176963,演员,"霍建华, 马思纯, 张鲁一, 王凯, 尹正"
27504254,马思纯,女,26088457,演员,是,2,26088457,他来了，请闭眼,电视剧,2015-10-15,中国大陆,2015,剧情/悬疑,有评分,6.7,74395,74395,706,52176963,55008557,758,简瑶,m52176963,演员,"霍建华, 马思纯, 张鲁一, 王凯, 尹正"
27503406,刘晴,女,26928226,演员,否,999,26928226,知否知否应是绿肥红瘦,电视剧,2018-12-25,中国大陆,2018,剧情/爱情/古装,有评分,8.0,695224,695224,2358,53856501,55006861,759,卫姨妈,m53856501,演员,"赵丽颖, 冯绍峰, 朱一龙, 施诗, 张佳宁"
27484078,葛玟希,女,26779426,演员,否,999,26779426,欢乐颂3,电视剧,2022-08-11,中国大陆,2022,剧情/爱情,有评分,4.9,41716,41716,452,53558901,54968205,760,中年女,m53558901,演员,"江疏影, 杨采钰, 张佳宁, 张慧雯, 李浩菲"
27558532,岳俊岭,男,25754848,演员,是,96,25754848,琅琊榜,电视剧,2015-09-19,中国大陆,2015,剧情/古装,有评分,9.4,919060,919060,2939,51509745,55117113,763,李林,m51509745,演员,"胡歌, 刘涛, 王凯, 陈龙, 黄维德"
27558275,刘红星,男,35033654,演员,是,43,35033654,山海情,电视剧,2021-01-12,中国大陆,2021,剧情,有评分,9.2,481571,481571,2105,70067357,55116599,764,星哥,m70067357,演员,"黄轩, 张嘉益, 闫妮, 黄觉, 姚晨"
27558275,刘红星,男,30423905,演员,否,999,30423905,大江大河2,电视剧,2020-12-20,中国大陆,2020,剧情/历史,有评分,8.7,208072,208072,1345,60847859,55116599,765,青工乙,m60847859,演员,"王凯, 杨烁, 董子健, 杨采钰, 周放"
27558275,刘红星,男,25870290,演员,是,33,25870290,温州两家人,电视剧,2015-11-26,中国大陆,2015,剧情,有评分,7.8,7118,7118,236,51740629,55116599,766,赵杰美,m51740629,演员,"郭涛, 任程伟, 袁咏仪, 陈丽娜, 刘奕君"
27558275,刘红星,男,25754848,演员,是,81,25754848,琅琊榜,电视剧,2015-09-19,中国大陆,2015,剧情/古装,有评分,9.4,919060,919060,2939,51509745,55116599,767,欧阳迟,m51509745,演员,"胡歌, 刘涛, 王凯, 陈龙, 黄维德"
27483378,倪土,男,25754848,演员,是,62,25754848,琅琊榜,电视剧,2015-09-19,中国大陆,2015,剧情/古装,有评分,9.4,919060,919060,2939,51509745,54966805,768,素天枢,m51509745,演员,"胡歌, 刘涛, 王凯, 陈龙, 黄维德"
27245908,程枫,男,25754848,演员,是,19,25754848,琅琊榜,电视剧,2015-09-19,中国大陆,2015,剧情/古装,有评分,9.4,919060,919060,2939,51509745,54491865,769,萧景睿,m51509745,演员,"胡歌, 刘涛, 王凯, 陈龙, 黄维德"
27541044,江佳奇,女,26683725,演员,是,70,26683725,外科风云,电视剧,2017-04-17,中国大陆,2017,剧情/爱情,有评分,7.3,94754,94754,832,53367499,55082137,770,王芳,m53367499,演员,"靳东, 白百何, 李佳航, 马少骅, 蓝盈莹"
27481067,曹翠芬,女,26928226,演员,是,16,26928226,知否知否应是绿肥红瘦,电视剧,2018-12-25,中国大陆,2018,剧情/爱情/古装,有评分,8.0,695224,695224,2358,53856501,54962183,771,盛老太太,m53856501,演员,"赵丽颖, 冯绍峰, 朱一龙, 施诗, 张佳宁"
27481067,曹翠芬,女,26683725,演员,是,34,26683725,外科风云,电视剧,2017-04-17,中国大陆,2017,剧情/爱情,有评分,7.3,94754,94754,832,53367499,54962183,772,赵雨西奶奶,m53367499,演员,"靳东, 白百何, 李佳航, 马少骅, 蓝盈莹"
27485102,孙墨龙,男,36571896,导演,是,1,36571896,命悬一生,电视剧,2025-10-11,中国大陆,2025,剧情/悬疑,有评分,7.7,85010,85010,809,73143841,54970253,773,,m73143841,导演/演员,"黄轩, 李庚希, 张哲华, 白宇帆, 尹昉"
27485102,孙墨龙,男,35613241,演员,否,999,35613241,县委大院,电视剧,2022-12-07,中国大陆,2022,剧情,有评分,6.8,109693,109693,864,71226531,54970253,774,婚纱摄影师,m71226531,导演/演员,"胡歌, 吴越, 张新成, 黄磊, 李光洁"
27485102,孙墨龙,男,35332289,导演,是,1,35332289,开端,电视剧,2022-01-11,中国大陆,2022,剧情,有评分,7.9,968506,968506,2766,70664627,54970253,775,,m70664627,导演/演员,"白敬亭, 赵今麦, 刘奕君, 刘涛, 黄觉"
27485102,孙墨龙,男,35321446,导演,是,2,35321446,大江大河之岁月如歌,电视剧,2024-01-08,中国大陆,2024,剧情,有评分,8.0,72953,72953,764,70642941,54970253,776,,m70642941,导演/演员,"王凯, 杨烁, 董子健, 杨采钰, 张佳宁"
27485102,孙墨龙,男,35033654,导演,是,2,35033654,山海情,电视剧,2021-01-12,中国大陆,2021,剧情,有评分,9.2,481571,481571,2105,70067357,54970253,777,,m70067357,导演/演员,"黄轩, 张嘉益, 闫妮, 黄觉, 姚晨"
27485102,孙墨龙,男,33442331,导演,是,1,33442331,我是余欢水,电视剧,2020-04-06,中国大陆,2020,剧情,有评分,7.3,324953,324953,1540,66884711,54970253,778,,m66884711,导演/演员,"郭京飞, 苗苗, 高露, 岳旸, 高叶"
27485102,孙墨龙,男,26298935,导演,是,3,26298935,鬼吹灯之精绝古城,电视剧,2016-12-19,中国大陆,2016,剧情/悬疑/惊悚,有评分,7.9,274802,274802,1473,52597919,54970253,783,,m52597919,导演/演员,"靳东, 陈乔恩, 赵达, 岳旸, 王永泉"
27485102,孙墨龙,男,25870290,导演,是,2,25870290,温州两家人,电视剧,2015-11-26,中国大陆,2015,剧情,有评分,7.8,7118,7118,236,51740629,54970253,784,,m51740629,导演/演员,"郭涛, 任程伟, 袁咏仪, 陈丽娜, 刘奕君"
27500037,唐艺昕,女,34792295,演员,是,13,34792295,乔家的儿女,电视剧,2021-08-17,中国大陆,2021,剧情/家庭,有评分,7.7,235622,235622,1347,69584639,55000123,786,项南方,m69584639,演员,"白宇, 宋祖儿, 毛晓彤, 张晚意, 周翊然"
27482645,曹馨月,女,33442331,演员,否,999,33442331,我是余欢水,电视剧,2020-04-06,中国大陆,2020,剧情,有评分,7.3,324953,324953,1540,66884711,54965339,787,服装店导购,m66884711,演员,"郭京飞, 苗苗, 高露, 岳旸, 高叶"
27483576,高叶,女,33442331,演员,是,5,33442331,我是余欢水,电视剧,2020-04-06,中国大陆,2020,剧情,有评分,7.3,324953,324953,1540,66884711,54967201,788,梁安妮,m66884711,演员,"郭京飞, 苗苗, 高露, 岳旸, 高叶"
27487725,林鹏,男,35321446,演员,否,999,35321446,大江大河之岁月如歌,电视剧,2024-01-08,中国大陆,2024,剧情,有评分,8.0,72953,72953,764,70642941,54975499,789,周部长,m70642941,演员,"王凯, 杨烁, 董子健, 杨采钰, 张佳宁"
27487725,林鹏,男,34792298,演员,是,32,34792298,相逢时节,电视剧,2022-02-23,中国大陆,2022,剧情,有评分,4.9,33169,33169,403,69584645,54975499,790,管总,m69584645,演员,"雷佳音, 袁泉, 张艺兴, 贾乃亮, 罗海琼"
27481048,罗京民,男,35033654,演员,是,55,35033654,山海情,电视剧,2021-01-12,中国大陆,2021,剧情,有评分,9.2,481571,481571,2105,70067357,54962145,792,李老太爷,m70067357,演员,"黄轩, 张嘉益, 闫妮, 黄觉, 姚晨"
27485160,田璐,男,35033654,演员,是,45,35033654,山海情,电视剧,2021-01-12,中国大陆,2021,剧情,有评分,9.2,481571,481571,2105,70067357,54970369,793,安家舅舅,m70067357,演员,"黄轩, 张嘉益, 闫妮, 黄觉, 姚晨"
27481612,王子瑜,女,35033654,演员,是,30,35033654,山海情,电视剧,2021-01-12,中国大陆,2021,剧情,有评分,9.2,481571,481571,2105,70067357,54963273,794,翠玲（大有媳妇）,m70067357,演员,"黄轩, 张嘉益, 闫妮, 黄觉, 姚晨"
27504136,张嘉益,男,35033654,演员,是,2,35033654,山海情,电视剧,2021-01-12,中国大陆,2021,剧情,有评分,9.2,481571,481571,2105,70067357,55008321,795,马喊水,m70067357,演员,"黄轩, 张嘉益, 闫妮, 黄觉, 姚晨"
27547613,马睿,女,25870290,演员,是,35,25870290,温州两家人,电视剧,2015-11-26,中国大陆,2015,剧情,有评分,7.8,7118,7118,236,51740629,55095275,798,袁采萍,m51740629,演员,"郭涛, 任程伟, 袁咏仪, 陈丽娜, 刘奕君"
27557937,郭彤彤,女,26430092,演员,否,999,26430092,欢乐颂,电视剧,2016-04-18,中国大陆,2016,剧情/爱情,有评分,7.5,353514,353514,1628,52860233,55115923,799,女主人,m52860233,演员,"刘涛, 蒋欣, 王子文, 杨紫, 乔欣"
27557937,郭彤彤,女,25994712,演员,是,34,25994712,伪装者,电视剧,2015-08-31,中国大陆,2015,剧情/悬疑,有评分,8.6,382758,382758,1814,51989473,55115923,800,桃子小姐,m51989473,演员,"胡歌, 靳东, 刘敏涛, 王凯, 宋轶"
27495415,赵正阳,男,35588265,演员,否,999,35588265,樱桃琥珀,电视剧,2025-07-14,中国大陆,2025,剧情/爱情,有评分,5.7,38891,38891,471,71176579,54990879,801,余振锋,m71176579,演员,"赵今麦, 张凌赫, 董洁, 保剑锋, 董璇"
27483797,胡天阳,男,26088457,演员,否,999,26088457,他来了，请闭眼,电视剧,2015-10-15,中国大陆,2015,剧情/悬疑,有评分,6.7,74395,74395,706,52176963,54967643,802,小金,m52176963,演员,"霍建华, 马思纯, 张鲁一, 王凯, 尹正"
27482860,朱怀旭,女,34792296,演员,是,63,34792296,欢迎光临,电视剧,2022-05-18,中国大陆,2022,剧情/喜剧/爱情,有评分,6.4,56516,56516,601,69584641,54965769,803,关大妈,m69584641,演员,"黄轩, 白百何, 朱雨辰, 白宇帆, 丁嘉丽"
27482860,朱怀旭,女,26928226,演员,否,999,26928226,知否知否应是绿肥红瘦,电视剧,2018-12-25,中国大陆,2018,剧情/爱情/古装,有评分,8.0,695224,695224,2358,53856501,54965769,804,大老太太,m53856501,演员,"赵丽颖, 冯绍峰, 朱一龙, 施诗, 张佳宁"
27495178,傅淼,女,36189205,演员,否,999,36189205,凡人歌,电视剧,2024-08-31,中国大陆,2024,剧情/喜剧,有评分,7.7,77700,77700,773,72378459,54990405,805,秦玲玲,m72378459,演员,"殷桃, 王骁, 章若楠, 秦俊杰, 张哲华"
27495178,傅淼,女,26928226,演员,是,45,26928226,知否知否应是绿肥红瘦,电视剧,2018-12-25,中国大陆,2018,剧情/爱情/古装,有评分,8.0,695224,695224,2358,53856501,54990405,806,刘贵妃,m53856501,演员,"赵丽颖, 冯绍峰, 朱一龙, 施诗, 张佳宁"
27504006,张含韵,女,26928226,演员,是,33,26928226,知否知否应是绿肥红瘦,电视剧,2018-12-25,中国大陆,2018,剧情/爱情/古装,有评分,8.0,695224,695224,2358,53856501,55008061,807,盛淑兰,m53856501,演员,"赵丽颖, 冯绍峰, 朱一龙, 施诗, 张佳宁"
27484443,孟秀,女,30421903,演员,否,999,30421903,淬火年代,电视剧,2025-06-18,中国大陆,2025,剧情,有评分,7.0,21373,21373,387,60843855,54968935,808,曹母,m60843855,演员,"张新成, 宋祖儿, 王彦霖, 任程伟, 张月"
27554879,李欢,男,26759908,演员,否,999,26759908,清平乐,电视剧,2020-04-07,中国大陆,2020,剧情/古装,有评分,6.4,173456,173456,1054,53519865,55109807,809,苏辙,m53519865,演员,"王凯, 江疏影, 任敏, 杨玏, 边程"
27481782,朱铁,男,26797690,演员,是,35,26797690,大江大河,电视剧,2018-12-10,中国大陆,2018,剧情,有评分,8.8,260126,260126,1513,53595429,54963613,810,叶工,m53595429,演员,"王凯, 杨烁, 杨烁, 董子健, 童瑶"
27481782,朱铁,男,26759908,演员,否,999,26759908,清平乐,电视剧,2020-04-07,中国大陆,2020,剧情/古装,有评分,6.4,173456,173456,1054,53519865,54963613,811,何郯,m53519865,演员,"王凯, 江疏影, 任敏, 杨玏, 边程"
27558315,张昕瑶,女,25754848,演员,是,57,25754848,琅琊榜,电视剧,2015-09-19,中国大陆,2015,剧情/古装,有评分,9.4,919060,919060,2939,51509745,55116679,812,心柳,m51509745,演员,"胡歌, 刘涛, 王凯, 陈龙, 黄维德"
27481045,王劲松,男,25754848,演员,是,16,25754848,琅琊榜,电视剧,2015-09-19,中国大陆,2015,剧情/古装,有评分,9.4,919060,919060,2939,51509745,54962139,813,言阙,m51509745,演员,"胡歌, 刘涛, 王凯, 陈龙, 黄维德"
27481026,武笑羽,女,26928226,演员,是,30,26928226,知否知否应是绿肥红瘦,电视剧,2018-12-25,中国大陆,2018,剧情/爱情/古装,有评分,8.0,695224,695224,2358,53856501,54962101,814,张氏,m53856501,演员,"赵丽颖, 冯绍峰, 朱一龙, 施诗, 张佳宁"
27481026,武笑羽,女,26759908,演员,否,999,26759908,清平乐,电视剧,2020-04-07,中国大陆,2020,剧情/古装,有评分,6.4,173456,173456,1054,53519865,54962101,815,薛玉湖,m53519865,演员,"王凯, 江疏影, 任敏, 杨玏, 边程"
27481026,武笑羽,女,26683725,演员,是,17,26683725,外科风云,电视剧,2017-04-17,中国大陆,2017,剧情/爱情,有评分,7.3,94754,94754,832,53367499,54962101,816,柳灵,m53367499,演员,"靳东, 白百何, 李佳航, 马少骅, 蓝盈莹"
27481026,武笑羽,女,26345137,演员,是,6,26345137,如果蜗牛有爱情,电视剧,2016-10-24,中国大陆,2016,剧情/爱情/悬疑,有评分,7.2,105271,105271,871,52690323,54962101,817,叶俏,m52690323,演员,"王凯, 王子文, 徐悦, 于恒, 赵圆瑗"
27488162,黄毅,男,34792295,演员,是,21,34792295,乔家的儿女,电视剧,2021-08-17,中国大陆,2021,剧情/家庭,有评分,7.7,235622,235622,1347,69584639,54976373,818,少年乔一成,m69584639,演员,"白宇, 宋祖儿, 毛晓彤, 张晚意, 周翊然"
27495176,刘冠麟,男,33442331,演员,是,37,33442331,我是余欢水,电视剧,2020-04-06,中国大陆,2020,剧情,有评分,7.3,324953,324953,1540,66884711,54990401,819,吴安同,m66884711,演员,"郭京飞, 苗苗, 高露, 岳旸, 高叶"
27553396,刘陆,女,25994712,演员,是,22,25994712,伪装者,电视剧,2015-08-31,中国大陆,2015,剧情/悬疑,有评分,8.6,382758,382758,1814,51989473,55106841,820,刘秘书/山本纯子,m51989473,演员,"胡歌, 靳东, 刘敏涛, 王凯, 宋轶"
27488679,蔡珩,男,26345137,演员,是,19,26345137,如果蜗牛有爱情,电视剧,2016-10-24,中国大陆,2016,剧情/爱情/悬疑,有评分,7.2,105271,105271,871,52690323,54977407,821,珀将军,m52690323,演员,"王凯, 王子文, 徐悦, 于恒, 赵圆瑗"
27548240,薛亦伦,男,35321446,演员,否,999,35321446,大江大河之岁月如歌,电视剧,2024-01-08,中国大陆,2024,剧情,有评分,8.0,72953,72953,764,70642941,55096529,822,乔振茂,m70642941,演员,"王凯, 杨烁, 董子健, 杨采钰, 张佳宁"
27553498,梁超,男,35321446,演员,是,21,35321446,大江大河之岁月如歌,电视剧,2024-01-08,中国大陆,2024,剧情,有评分,8.0,72953,72953,764,70642941,55107045,823,申宝田,m70642941,演员,"王凯, 杨烁, 董子健, 杨采钰, 张佳宁"
27487547,晋松,男,26665065,演员,否,999,26665065,琅琊榜之风起长林,电视剧,2017-12-18,中国大陆,2017,剧情/古装,有评分,8.4,210088,210088,1328,53330179,54975143,824,覃凌硕,m53330179,演员,"黄晓明, 刘昊然, 佟丽娅, 张慧雯, 梅婷"
27494988,董彦麟,男,26665065,演员,是,29,26665065,琅琊榜之风起长林,电视剧,2017-12-18,中国大陆,2017,剧情/古装,有评分,8.4,210088,210088,1328,53330179,54990025,825,纪琛,m53330179,演员,"黄晓明, 刘昊然, 佟丽娅, 张慧雯, 梅婷"
27541356,徐敏,男,34792298,演员,是,20,34792298,相逢时节,电视剧,2022-02-23,中国大陆,2022,剧情,有评分,4.9,33169,33169,403,69584645,55082761,826,郝父,m69584645,演员,"雷佳音, 袁泉, 张艺兴, 贾乃亮, 罗海琼"
27256115,孙明明,男,26298935,演员,是,20,26298935,鬼吹灯之精绝古城,电视剧,2016-12-19,中国大陆,2016,剧情/悬疑/惊悚,有评分,7.9,274802,274802,1473,52597919,54512279,828,红犼,m52597919,演员,"靳东, 陈乔恩, 赵达, 岳旸, 王永泉"
27482597,白宇,男,35033654,演员,是,17,35033654,山海情,电视剧,2021-01-12,中国大陆,2021,剧情,有评分,9.2,481571,481571,2105,70067357,54965243,829,丁世俊,m70067357,演员,"黄轩, 张嘉益, 闫妮, 黄觉, 姚晨"
27482597,白宇,男,34792295,演员,是,1,34792295,乔家的儿女,电视剧,2021-08-17,中国大陆,2021,剧情/家庭,有评分,7.7,235622,235622,1347,69584639,54965243,830,乔一成,m69584639,演员,"白宇, 宋祖儿, 毛晓彤, 张晚意, 周翊然"
27482726,周放,女,36189205,演员,否,999,36189205,凡人歌,电视剧,2024-08-31,中国大陆,2024,剧情/喜剧,有评分,7.7,77700,77700,773,72378459,54965501,831,胡海莉,m72378459,演员,"殷桃, 王骁, 章若楠, 秦俊杰, 张哲华"
27482726,周放,女,35033654,演员,否,999,35033654,山海情,电视剧,2021-01-12,中国大陆,2021,剧情,有评分,9.2,481571,481571,2105,70067357,54965501,832,杨明珍,m70067357,演员,"黄轩, 张嘉益, 闫妮, 黄觉, 姚晨"
27482726,周放,女,34792298,演员,是,11,34792298,相逢时节,电视剧,2022-02-23,中国大陆,2022,剧情,有评分,4.9,33169,33169,403,69584645,54965501,833,蔡凌霄,m69584645,演员,"雷佳音, 袁泉, 张艺兴, 贾乃亮, 罗海琼"
27482726,周放,女,34792295,演员,是,7,34792295,乔家的儿女,电视剧,2021-08-17,中国大陆,2021,剧情/家庭,有评分,7.7,235622,235622,1347,69584639,54965501,834,叶小朗,m69584639,演员,"白宇, 宋祖儿, 毛晓彤, 张晚意, 周翊然"
27482726,周放,女,30423905,演员,是,5,30423905,大江大河2,电视剧,2020-12-20,中国大陆,2020,剧情/历史,有评分,8.7,208072,208072,1345,60847859,54965501,835,程开颜,m60847859,演员,"王凯, 杨烁, 董子健, 杨采钰, 周放"
27482726,周放,女,26797690,演员,是,6,26797690,大江大河,电视剧,2018-12-10,中国大陆,2018,剧情,有评分,8.8,260126,260126,1513,53595429,54965501,836,程开颜,m53595429,演员,"王凯, 杨烁, 杨烁, 董子健, 童瑶"
27256456,袁咏仪,女,25870290,演员,是,3,25870290,温州两家人,电视剧,2015-11-26,中国大陆,2015,剧情,有评分,7.8,7118,7118,236,51740629,54512961,837,林佳来,m51740629,演员,"郭涛, 任程伟, 袁咏仪, 陈丽娜, 刘奕君"
27552804,常海波,男,35588265,演员,否,999,35588265,樱桃琥珀,电视剧,2025-07-14,中国大陆,2025,剧情/爱情,有评分,5.7,38891,38891,471,71176579,55105657,838,李书记,m71176579,演员,"赵今麦, 张凌赫, 董洁, 保剑锋, 董璇"
27560061,颜景瑶,女,35613241,演员,否,999,35613241,县委大院,电视剧,2022-12-07,中国大陆,2022,剧情,有评分,6.8,109693,109693,864,71226531,55120171,839,江霞母亲,m71226531,演员,"胡歌, 吴越, 张新成, 黄磊, 李光洁"
27560061,颜景瑶,女,26928226,演员,否,999,26928226,知否知否应是绿肥红瘦,电视剧,2018-12-25,中国大陆,2018,剧情/爱情/古装,有评分,8.0,695224,695224,2358,53856501,55120171,840,曹姨母,m53856501,演员,"赵丽颖, 冯绍峰, 朱一龙, 施诗, 张佳宁"
27560061,颜景瑶,女,26759908,演员,否,999,26759908,清平乐,电视剧,2020-04-07,中国大陆,2020,剧情/古装,有评分,6.4,173456,173456,1054,53519865,55120171,841,赵宗实母亲,m53519865,演员,"王凯, 江疏影, 任敏, 杨玏, 边程"
27560061,颜景瑶,女,26743573,演员,否,999,26743573,欢乐颂2,电视剧,2017-05-11,中国大陆,2017,剧情/爱情,有评分,5.4,154450,154450,913,53487195,55120171,842,,m53487195,演员,"刘涛, 蒋欣, 王子文, 杨紫, 乔欣"
27495141,曹曦文,女,26759908,演员,是,12,26759908,清平乐,电视剧,2020-04-07,中国大陆,2020,剧情/古装,有评分,6.4,173456,173456,1054,53519865,54990331,843,贾婆婆,m53519865,演员,"王凯, 江疏影, 任敏, 杨玏, 边程"
27498686,金丰,女,26779426,演员,否,999,26779426,欢乐颂3,电视剧,2022-08-11,中国大陆,2022,剧情/爱情,有评分,4.9,41716,41716,452,53558901,54997421,844,,m53558901,演员,"江疏影, 杨采钰, 张佳宁, 张慧雯, 李浩菲"
27498686,金丰,女,25754848,演员,是,39,25754848,琅琊榜,电视剧,2015-09-19,中国大陆,2015,剧情/古装,有评分,9.4,919060,919060,2939,51509745,54997421,845,隽娘,m51509745,演员,"胡歌, 刘涛, 王凯, 陈龙, 黄维德"
27483036,陈丽娜,女,26665065,演员,否,999,26665065,琅琊榜之风起长林,电视剧,2017-12-18,中国大陆,2017,剧情/古装,有评分,8.4,210088,210088,1328,53330179,54966121,846,濮阳缨母,m53330179,演员,"黄晓明, 刘昊然, 佟丽娅, 张慧雯, 梅婷"
27483036,陈丽娜,女,25870290,演员,是,4,25870290,温州两家人,电视剧,2015-11-26,中国大陆,2015,剧情,有评分,7.8,7118,7118,236,51740629,54966121,847,苏若冰,m51740629,演员,"郭涛, 任程伟, 袁咏仪, 陈丽娜, 刘奕君"
27483036,陈丽娜,女,25754848,演员,是,22,25754848,琅琊榜,电视剧,2015-09-19,中国大陆,2015,剧情/古装,有评分,9.4,919060,919060,2939,51509745,54966121,848,惠妃,m51509745,演员,"胡歌, 刘涛, 王凯, 陈龙, 黄维德"
27482766,莫诗旎,女,26683725,演员,是,74,26683725,外科风云,电视剧,2017-04-17,中国大陆,2017,剧情/爱情,有评分,7.3,94754,94754,832,53367499,54965581,849,张晓涵,m53367499,演员,"靳东, 白百何, 李佳航, 马少骅, 蓝盈莹"
27495156,李勤勤,女,26683725,演员,是,49,26683725,外科风云,电视剧,2017-04-17,中国大陆,2017,剧情/爱情,有评分,7.3,94754,94754,832,53367499,54990361,850,陈景平,m53367499,演员,"靳东, 白百何, 李佳航, 马少骅, 蓝盈莹"
27504288,白百何,女,34792296,演员,是,2,34792296,欢迎光临,电视剧,2022-05-18,中国大陆,2022,剧情/喜剧/爱情,有评分,6.4,56516,56516,601,69584641,55008625,851,郑有恩,m69584641,演员,"黄轩, 白百何, 朱雨辰, 白宇帆, 丁嘉丽"
27504288,白百何,女,26683725,演员,是,2,26683725,外科风云,电视剧,2017-04-17,中国大陆,2017,剧情/爱情,有评分,7.3,94754,94754,832,53367499,55008625,852,陆晨曦,m53367499,演员,"靳东, 白百何, 李佳航, 马少骅, 蓝盈莹"
27551038,曹雷,男,27088993,演员,否,999,27088993,都挺好,电视剧,2019-03-01,中国大陆,2019,剧情/家庭,有评分,7.7,394106,394106,1742,54178035,55102125,856,刘律师,m54178035,演员,"姚晨, 倪大红, 郭京飞, 杨祐宁, 李念"
27484591,张琛,男,36534750,演员,否,999,36534750,小巷人家,电视剧,2024-10-28,中国大陆,2024,剧情/家庭,有评分,8.4,287902,287902,1555,73069549,54969231,857,余涛,m73069549,演员,"闫妮, 李光洁, 郭晓东, 蒋欣, 范丞丞"
27482918,种丹妮,女,34792298,演员,是,44,34792298,相逢时节,电视剧,2022-02-23,中国大陆,2022,剧情,有评分,4.9,33169,33169,403,69584645,54965885,858,青年简敏敏,m69584645,演员,"雷佳音, 袁泉, 张艺兴, 贾乃亮, 罗海琼"
27480802,赵滨,男,35613241,演员,否,999,35613241,县委大院,电视剧,2022-12-07,中国大陆,2022,剧情,有评分,6.8,109693,109693,864,71226531,54961653,859,侯国栋,m71226531,演员,"胡歌, 吴越, 张新成, 黄磊, 李光洁"
27560122,刘振安,男,35613241,演员,否,999,35613241,县委大院,电视剧,2022-12-07,中国大陆,2022,剧情,有评分,6.8,109693,109693,864,71226531,55120293,860,瞭望男副总,m71226531,演员,"胡歌, 吴越, 张新成, 黄磊, 李光洁"
27555108,万国鹏,男,26671336,演员,否,999,26671336,得闲谨制,电影,2025-12-06,中国大陆,2025,剧情/战争,有评分,6.9,268554,268554,1361,53342721,55110265,862,水手,m53342721,演员,"肖战, 彭昱畅, 周依然, 杨新鸣, 阿如那"
27484135,赵岩松,男,30423905,演员,否,999,30423905,大江大河2,电视剧,2020-12-20,中国大陆,2020,剧情/历史,有评分,8.7,208072,208072,1345,60847859,54968319,863,国荣律师,m60847859,演员,"王凯, 杨烁, 董子健, 杨采钰, 周放"
27499997,蒋欣,女,36534750,演员,是,4,36534750,小巷人家,电视剧,2024-10-28,中国大陆,2024,剧情/家庭,有评分,8.4,287902,287902,1555,73069549,55000043,864,宋莹,m73069549,演员,"闫妮, 李光洁, 郭晓东, 蒋欣, 范丞丞"
27499997,蒋欣,女,26743573,演员,是,2,26743573,欢乐颂2,电视剧,2017-05-11,中国大陆,2017,剧情/爱情,有评分,5.4,154450,154450,913,53487195,55000043,865,樊胜美,m53487195,演员,"刘涛, 蒋欣, 王子文, 杨紫, 乔欣"
27499997,蒋欣,女,26430092,演员,是,2,26430092,欢乐颂,电视剧,2016-04-18,中国大陆,2016,剧情/爱情,有评分,7.5,353514,353514,1628,52860233,55000043,866,樊胜美,m52860233,演员,"刘涛, 蒋欣, 王子文, 杨紫, 乔欣"
27495359,刘希媛,女,26928226,演员,是,42,26928226,知否知否应是绿肥红瘦,电视剧,2018-12-25,中国大陆,2018,剧情/爱情/古装,有评分,8.0,695224,695224,2358,53856501,54990767,867,卫小娘,m53856501,演员,"赵丽颖, 冯绍峰, 朱一龙, 施诗, 张佳宁"
27484794,崔奕,女,36189205,演员,否,999,36189205,凡人歌,电视剧,2024-08-31,中国大陆,2024,剧情/喜剧,有评分,7.7,77700,77700,773,72378459,54969637,868,杨雪,m72378459,演员,"殷桃, 王骁, 章若楠, 秦俊杰, 张哲华"
27484794,崔奕,女,34792295,演员,是,20,34792295,乔家的儿女,电视剧,2021-08-17,中国大陆,2021,剧情/家庭,有评分,7.7,235622,235622,1347,69584639,54969637,869,吴姨,m69584639,演员,"白宇, 宋祖儿, 毛晓彤, 张晚意, 周翊然"
27484794,崔奕,女,30421903,演员,否,999,30421903,淬火年代,电视剧,2025-06-18,中国大陆,2025,剧情,有评分,7.0,21373,21373,387,60843855,54969637,870,,m60843855,演员,"张新成, 宋祖儿, 王彦霖, 任程伟, 张月"
27484794,崔奕,女,26928226,演员,否,999,26928226,知否知否应是绿肥红瘦,电视剧,2018-12-25,中国大陆,2018,剧情/爱情/古装,有评分,8.0,695224,695224,2358,53856501,54969637,871,顾四婶娘,m53856501,演员,"赵丽颖, 冯绍峰, 朱一龙, 施诗, 张佳宁"
27493937,杨烁,男,35321446,演员,是,2,35321446,大江大河之岁月如歌,电视剧,2024-01-08,中国大陆,2024,剧情,有评分,8.0,72953,72953,764,70642941,54987923,872,雷东宝,m70642941,演员,"王凯, 杨烁, 董子健, 杨采钰, 张佳宁"
27493937,杨烁,男,34792296,演员,是,10,34792296,欢迎光临,电视剧,2022-05-18,中国大陆,2022,剧情/喜剧/爱情,有评分,6.4,56516,56516,601,69584641,54987923,873,徐斌,m69584641,演员,"黄轩, 白百何, 朱雨辰, 白宇帆, 丁嘉丽"
27493937,杨烁,男,30423905,演员,是,2,30423905,大江大河2,电视剧,2020-12-20,中国大陆,2020,剧情/历史,有评分,8.7,208072,208072,1345,60847859,54987923,874,雷东宝,m60847859,演员,"王凯, 杨烁, 董子健, 杨采钰, 周放"
27493937,杨烁,男,30421903,演员,是,17,30421903,淬火年代,电视剧,2025-06-18,中国大陆,2025,剧情,有评分,7.0,21373,21373,387,60843855,54987923,875,雷东宝,m60843855,演员,"张新成, 宋祖儿, 王彦霖, 任程伟, 张月"
27493937,杨烁,男,26797690,演员,是,2,26797690,大江大河,电视剧,2018-12-10,中国大陆,2018,剧情,有评分,8.8,260126,260126,1513,53595429,54987923,876,雷东宝,m53595429,演员,"王凯, 杨烁, 杨烁, 董子健, 童瑶"
27493937,杨烁,男,26743573,演员,是,8,26743573,欢乐颂2,电视剧,2017-05-11,中国大陆,2017,剧情/爱情,有评分,5.4,154450,154450,913,53487195,54987923,877,包奕凡,m53487195,演员,"刘涛, 蒋欣, 王子文, 杨紫, 乔欣"
27493937,杨烁,男,26430092,演员,是,10,26430092,欢乐颂,电视剧,2016-04-18,中国大陆,2016,剧情/爱情,有评分,7.5,353514,353514,1628,52860233,54987923,878,包奕凡,m52860233,演员,"刘涛, 蒋欣, 王子文, 杨紫, 乔欣"
27484855,徐正运,男,26759908,演员,否,999,26759908,清平乐,电视剧,2020-04-07,中国大陆,2020,剧情/古装,有评分,6.4,173456,173456,1054,53519865,54969759,879,张士逊,m53519865,演员,"王凯, 江疏影, 任敏, 杨玏, 边程"
27484477,文静,女,27088993,演员,否,999,27088993,都挺好,电视剧,2019-03-01,中国大陆,2019,剧情/家庭,有评分,7.7,394106,394106,1742,54178035,54969003,880,小新,m54178035,演员,"姚晨, 倪大红, 郭京飞, 杨祐宁, 李念"
27484477,文静,女,26759908,演员,否,999,26759908,清平乐,电视剧,2020-04-07,中国大陆,2020,剧情/古装,有评分,6.4,173456,173456,1054,53519865,54969003,881,李司饰,m53519865,演员,"王凯, 江疏影, 任敏, 杨玏, 边程"
27484477,文静,女,26665065,演员,是,44,26665065,琅琊榜之风起长林,电视剧,2017-12-18,中国大陆,2017,剧情/古装,有评分,8.4,210088,210088,1328,53330179,54969003,882,淑妃,m53330179,演员,"黄晓明, 刘昊然, 佟丽娅, 张慧雯, 梅婷"
27483524,杨玏,男,26759908,演员,是,4,26759908,清平乐,电视剧,2020-04-07,中国大陆,2020,剧情/古装,有评分,6.4,173456,173456,1054,53519865,54967097,883,韩琦,m53519865,演员,"王凯, 江疏影, 任敏, 杨玏, 边程"
27558316,柳欣言,女,36571896,演员,否,999,36571896,命悬一生,电视剧,2025-10-11,中国大陆,2025,剧情/悬疑,有评分,7.7,85010,85010,809,73143841,55116681,884,章姨,m73143841,演员,"黄轩, 李庚希, 张哲华, 白宇帆, 尹昉"
27558316,柳欣言,女,35613241,演员,否,999,35613241,县委大院,电视剧,2022-12-07,中国大陆,2022,剧情,有评分,6.8,109693,109693,864,71226531,55116681,885,二嫂,m71226531,演员,"胡歌, 吴越, 张新成, 黄磊, 李光洁"
27558316,柳欣言,女,35332289,演员,是,54,35332289,开端,电视剧,2022-01-11,中国大陆,2022,剧情,有评分,7.9,968506,968506,2766,70664627,55116681,886,药店大姐,m70664627,演员,"白敬亭, 赵今麦, 刘奕君, 刘涛, 黄觉"
27483301,李大光,男,26759908,演员,否,999,26759908,清平乐,电视剧,2020-04-07,中国大陆,2020,剧情/古装,有评分,6.4,173456,173456,1054,53519865,54966651,888,邓保吉,m53519865,演员,"王凯, 江疏影, 任敏, 杨玏, 边程"
27483301,李大光,男,26683725,演员,是,79,26683725,外科风云,电视剧,2017-04-17,中国大陆,2017,剧情/爱情,有评分,7.3,94754,94754,832,53367499,54966651,889,马主任,m53367499,演员,"靳东, 白百何, 李佳航, 马少骅, 蓝盈莹"
27483301,李大光,男,25870290,演员,是,24,25870290,温州两家人,电视剧,2015-11-26,中国大陆,2015,剧情,有评分,7.8,7118,7118,236,51740629,54966651,890,卢富有,m51740629,演员,"郭涛, 任程伟, 袁咏仪, 陈丽娜, 刘奕君"
27554827,赵千紫,女,36571896,演员,否,999,36571896,命悬一生,电视剧,2025-10-11,中国大陆,2025,剧情/悬疑,有评分,7.7,85010,85010,809,73143841,55109703,891,周婶,m73143841,演员,"黄轩, 李庚希, 张哲华, 白宇帆, 尹昉"
27554827,赵千紫,女,35613241,演员,否,999,35613241,县委大院,电视剧,2022-12-07,中国大陆,2022,剧情,有评分,6.8,109693,109693,864,71226531,55109703,892,郝东风三姑,m71226531,演员,"胡歌, 吴越, 张新成, 黄磊, 李光洁"
27554827,赵千紫,女,35332289,演员,是,25,35332289,开端,电视剧,2022-01-11,中国大陆,2022,剧情,有评分,7.9,968506,968506,2766,70664627,55109703,893,刘彩彩,m70664627,演员,"白敬亭, 赵今麦, 刘奕君, 刘涛, 黄觉"
27554827,赵千紫,女,35033654,演员,是,31,35033654,山海情,电视剧,2021-01-12,中国大陆,2021,剧情,有评分,9.2,481571,481571,2105,70067357,55109703,894,马秋水,m70067357,演员,"黄轩, 张嘉益, 闫妮, 黄觉, 姚晨"
27554827,赵千紫,女,34792296,演员,是,28,34792296,欢迎光临,电视剧,2022-05-18,中国大陆,2022,剧情/喜剧/爱情,有评分,6.4,56516,56516,601,69584641,55109703,895,张姐,m69584641,演员,"黄轩, 白百何, 朱雨辰, 白宇帆, 丁嘉丽"
27554827,赵千紫,女,33442331,演员,是,19,33442331,我是余欢水,电视剧,2020-04-06,中国大陆,2020,剧情,有评分,7.3,324953,324953,1540,66884711,55109703,896,女摊主,m66884711,演员,"郭京飞, 苗苗, 高露, 岳旸, 高叶"
27554827,赵千紫,女,30423905,演员,是,24,30423905,大江大河2,电视剧,2020-12-20,中国大陆,2020,剧情/历史,有评分,8.7,208072,208072,1345,60847859,55109703,897,李继红,m60847859,演员,"王凯, 杨烁, 董子健, 杨采钰, 周放"
27554827,赵千紫,女,27088993,演员,是,26,27088993,都挺好,电视剧,2019-03-01,中国大陆,2019,剧情/家庭,有评分,7.7,394106,394106,1742,54178035,55109703,898,客栈老板娘,m54178035,演员,"姚晨, 倪大红, 郭京飞, 杨祐宁, 李念"
27554827,赵千紫,女,26928226,演员,否,999,26928226,知否知否应是绿肥红瘦,电视剧,2018-12-25,中国大陆,2018,剧情/爱情/古装,有评分,8.0,695224,695224,2358,53856501,55109703,899,向妈妈,m53856501,演员,"赵丽颖, 冯绍峰, 朱一龙, 施诗, 张佳宁"
27554827,赵千紫,女,26743573,演员,是,19,26743573,欢乐颂2,电视剧,2017-05-11,中国大陆,2017,剧情/爱情,有评分,5.4,154450,154450,913,53487195,55109703,900,,m53487195,演员,"刘涛, 蒋欣, 王子文, 杨紫, 乔欣"
27554827,赵千紫,女,26683725,演员,是,76,26683725,外科风云,电视剧,2017-04-17,中国大陆,2017,剧情/爱情,有评分,7.3,94754,94754,832,53367499,55109703,901,韩冬梅,m53367499,演员,"靳东, 白百何, 李佳航, 马少骅, 蓝盈莹"
27554827,赵千紫,女,26671336,演员,否,999,26671336,得闲谨制,电影,2025-12-06,中国大陆,2025,剧情/战争,有评分,6.9,268554,268554,1361,53342721,55109703,902,船上民众,m53342721,演员,"肖战, 彭昱畅, 周依然, 杨新鸣, 阿如那"
27554827,赵千紫,女,26665065,演员,否,999,26665065,琅琊榜之风起长林,电视剧,2017-12-18,中国大陆,2017,剧情/古装,有评分,8.4,210088,210088,1328,53330179,55109703,903,大娘,m53330179,演员,"黄晓明, 刘昊然, 佟丽娅, 张慧雯, 梅婷"
27554827,赵千紫,女,26430092,演员,是,27,26430092,欢乐颂,电视剧,2016-04-18,中国大陆,2016,剧情/爱情,有评分,7.5,353514,353514,1628,52860233,55109703,904,樊胜美嫂子,m52860233,演员,"刘涛, 蒋欣, 王子文, 杨紫, 乔欣"
27554827,赵千紫,女,26345137,演员,否,999,26345137,如果蜗牛有爱情,电视剧,2016-10-24,中国大陆,2016,剧情/爱情/悬疑,有评分,7.2,105271,105271,871,52690323,55109703,905,赵姐,m52690323,演员,"王凯, 王子文, 徐悦, 于恒, 赵圆瑗"
27554827,赵千紫,女,25870290,演员,是,20,25870290,温州两家人,电视剧,2015-11-26,中国大陆,2015,剧情,有评分,7.8,7118,7118,236,51740629,55109703,906,金青云,m51740629,演员,"郭涛, 任程伟, 袁咏仪, 陈丽娜, 刘奕君"
27549623,宫政,男,34792295,演员,是,43,34792295,乔家的儿女,电视剧,2021-08-17,中国大陆,2021,剧情/家庭,有评分,7.7,235622,235622,1347,69584639,55099295,907,小陈,m69584639,演员,"白宇, 宋祖儿, 毛晓彤, 张晚意, 周翊然"
27553834,朱子墨,男,34792298,演员,是,17,34792298,相逢时节,电视剧,2022-02-23,中国大陆,2022,剧情,有评分,4.9,33169,33169,403,69584645,55107717,909,郝聿怀,m69584645,演员,"雷佳音, 袁泉, 张艺兴, 贾乃亮, 罗海琼"
27503764,赵冉,女,34792298,演员,是,12,34792298,相逢时节,电视剧,2022-02-23,中国大陆,2022,剧情,有评分,4.9,33169,33169,403,69584645,55007577,910,邵彦,m69584645,演员,"雷佳音, 袁泉, 张艺兴, 贾乃亮, 罗海琼"
27227822,陈乔恩,女,26298935,演员,是,2,26298935,鬼吹灯之精绝古城,电视剧,2016-12-19,中国大陆,2016,剧情/悬疑/惊悚,有评分,7.9,274802,274802,1473,52597919,54455693,911,Shirley杨,m52597919,演员,"靳东, 陈乔恩, 赵达, 岳旸, 王永泉"
27559482,许君聪,男,26671336,演员,是,12,26671336,得闲谨制,电影,2025-12-06,中国大陆,2025,剧情/战争,有评分,6.9,268554,268554,1361,53342721,55119013,913,船长,m53342721,演员,"肖战, 彭昱畅, 周依然, 杨新鸣, 阿如那"
27495929,杜维瀚,男,34792296,演员,是,70,34792296,欢迎光临,电视剧,2022-05-18,中国大陆,2022,剧情/喜剧/爱情,有评分,6.4,56516,56516,601,69584641,54991907,914,健壮服务生,m69584641,演员,"黄轩, 白百何, 朱雨辰, 白宇帆, 丁嘉丽"
27547624,冯雷,男,36189205,演员,否,999,36189205,凡人歌,电视剧,2024-08-31,中国大陆,2024,剧情/喜剧,有评分,7.7,77700,77700,773,72378459,55095297,915,朱培东,m72378459,演员,"殷桃, 王骁, 章若楠, 秦俊杰, 张哲华"
27558286,阿耐,女,34792298,编剧,是,1,34792298,相逢时节,电视剧,2022-02-23,中国大陆,2022,剧情,有评分,4.9,33169,33169,403,69584645,55116621,918,,m69584645,编剧,"雷佳音, 袁泉, 张艺兴, 贾乃亮, 罗海琼"
27483155,赵倩,女,26779426,演员,否,999,26779426,欢乐颂3,电视剧,2022-08-11,中国大陆,2022,剧情/爱情,有评分,4.9,41716,41716,452,53558901,54966359,926,,m53558901,演员,"江疏影, 杨采钰, 张佳宁, 张慧雯, 李浩菲"
27549441,张琪,男,36571896,演员,否,999,36571896,命悬一生,电视剧,2025-10-11,中国大陆,2025,剧情/悬疑,有评分,7.7,85010,85010,809,73143841,55098931,927,徐财增,m73143841,演员,"黄轩, 李庚希, 张哲华, 白宇帆, 尹昉"
27484513,边程,男,26759908,演员,是,5,26759908,清平乐,电视剧,2020-04-07,中国大陆,2020,剧情/古装,有评分,6.4,173456,173456,1054,53519865,54969075,928,梁怀吉,m53519865,演员,"王凯, 江疏影, 任敏, 杨玏, 边程"
27559722,高鸿涛,男,25754848,演员,是,92,25754848,琅琊榜,电视剧,2015-09-19,中国大陆,2015,剧情/古装,有评分,9.4,919060,919060,2939,51509745,55119493,929,庆国公,m51509745,演员,"胡歌, 刘涛, 王凯, 陈龙, 黄维德"
27482763,陈龙,男,26743573,演员,是,12,26743573,欢乐颂2,电视剧,2017-05-11,中国大陆,2017,剧情/爱情,有评分,5.4,154450,154450,913,53487195,54965575,930,陈家康,m53487195,演员,"刘涛, 蒋欣, 王子文, 杨紫, 乔欣"
27482763,陈龙,男,25754848,演员,是,4,25754848,琅琊榜,电视剧,2015-09-19,中国大陆,2015,剧情/古装,有评分,9.4,919060,919060,2939,51509745,54965575,931,蒙挚,m51509745,演员,"胡歌, 刘涛, 王凯, 陈龙, 黄维德"
27495102,赵丽娟,女,26743573,演员,是,15,26743573,欢乐颂2,电视剧,2017-05-11,中国大陆,2017,剧情/爱情,有评分,5.4,154450,154450,913,53487195,54990253,932,包母,m53487195,演员,"刘涛, 蒋欣, 王子文, 杨紫, 乔欣"
27495102,赵丽娟,女,26683725,演员,是,15,26683725,外科风云,电视剧,2017-04-17,中国大陆,2017,剧情/爱情,有评分,7.3,94754,94754,832,53367499,54990253,933,赵静,m53367499,演员,"靳东, 白百何, 李佳航, 马少骅, 蓝盈莹"
27481509,王森,男,26683725,演员,是,8,26683725,外科风云,电视剧,2017-04-17,中国大陆,2017,剧情/爱情,有评分,7.3,94754,94754,832,53367499,54963067,934,扬子轩,m53367499,演员,"靳东, 白百何, 李佳航, 马少骅, 蓝盈莹"
27495350,马少骅,男,26683725,演员,是,4,26683725,外科风云,电视剧,2017-04-17,中国大陆,2017,剧情/爱情,有评分,7.3,94754,94754,832,53367499,54990749,935,傅博文,m53367499,演员,"靳东, 白百何, 李佳航, 马少骅, 蓝盈莹"
27555877,王旭峰,男,26797690,演员,是,39,26797690,大江大河,电视剧,2018-12-10,中国大陆,2018,剧情,有评分,8.8,260126,260126,1513,53595429,55111803,941,石科长,m53595429,演员,"王凯, 杨烁, 杨烁, 董子健, 童瑶"
27252844,梅婷,女,26665065,演员,是,5,26665065,琅琊榜之风起长林,电视剧,2017-12-18,中国大陆,2017,剧情/古装,有评分,8.4,210088,210088,1328,53330179,54505737,942,荀皇后,m53330179,演员,"黄晓明, 刘昊然, 佟丽娅, 张慧雯, 梅婷"
27485278,蒋君,女,34792296,演员,是,27,34792296,欢迎光临,电视剧,2022-05-18,中国大陆,2022,剧情/喜剧/爱情,有评分,6.4,56516,56516,601,69584641,54970605,943,客舱经理,m69584641,演员,"黄轩, 白百何, 朱雨辰, 白宇帆, 丁嘉丽"
27393857,陶红,女,35033654,演员,是,6,35033654,山海情,电视剧,2021-01-12,中国大陆,2021,剧情,有评分,9.2,481571,481571,2105,70067357,54787763,944,得福妈,m70067357,演员,"黄轩, 张嘉益, 闫妮, 黄觉, 姚晨"
27495261,徐幸,女,36189205,演员,否,999,36189205,凡人歌,电视剧,2024-08-31,中国大陆,2024,剧情/喜剧,有评分,7.7,77700,77700,773,72378459,54990571,945,沈母,m72378459,演员,"殷桃, 王骁, 章若楠, 秦俊杰, 张哲华"
27499805,代乐乐,女,36189205,演员,否,999,36189205,凡人歌,电视剧,2024-08-31,中国大陆,2024,剧情/喜剧,有评分,7.7,77700,77700,773,72378459,54999659,946,田意萌,m72378459,演员,"殷桃, 王骁, 章若楠, 秦俊杰, 张哲华"
27503980,齐奎,男,36189205,演员,否,999,36189205,凡人歌,电视剧,2024-08-31,中国大陆,2024,剧情/喜剧,有评分,7.7,77700,77700,773,72378459,55008009,947,沈志成,m72378459,演员,"殷桃, 王骁, 章若楠, 秦俊杰, 张哲华"
27503980,齐奎,男,35613241,演员,是,37,35613241,县委大院,电视剧,2022-12-07,中国大陆,2022,剧情,有评分,6.8,109693,109693,864,71226531,55008009,948,谭队长,m71226531,演员,"胡歌, 吴越, 张新成, 黄磊, 李光洁"
27503980,齐奎,男,35321446,演员,否,999,35321446,大江大河之岁月如歌,电视剧,2024-01-08,中国大陆,2024,剧情,有评分,8.0,72953,72953,764,70642941,55008009,949,韩则钢,m70642941,演员,"王凯, 杨烁, 董子健, 杨采钰, 张佳宁"
27503980,齐奎,男,34792296,演员,是,25,34792296,欢迎光临,电视剧,2022-05-18,中国大陆,2022,剧情/喜剧/爱情,有评分,6.4,56516,56516,601,69584641,55008009,950,土豪大哥,m69584641,演员,"黄轩, 白百何, 朱雨辰, 白宇帆, 丁嘉丽"
27503980,齐奎,男,30423905,演员,是,10,30423905,大江大河2,电视剧,2020-12-20,中国大陆,2020,剧情/历史,有评分,8.7,208072,208072,1345,60847859,55008009,951,韩则钢,m60847859,演员,"王凯, 杨烁, 董子健, 杨采钰, 周放"
27484179,洪京京,女,35588265,演员,否,999,35588265,樱桃琥珀,电视剧,2025-07-14,中国大陆,2025,剧情/爱情,有评分,5.7,38891,38891,471,71176579,54968407,952,曲老师,m71176579,演员,"赵今麦, 张凌赫, 董洁, 保剑锋, 董璇"
27558279,吴昊宸,男,26743573,演员,是,10,26743573,欢乐颂2,电视剧,2017-05-11,中国大陆,2017,剧情/爱情,有评分,5.4,154450,154450,913,53487195,55116607,953,应勤,m53487195,演员,"刘涛, 蒋欣, 王子文, 杨紫, 乔欣"
27558279,吴昊宸,男,26665065,演员,是,12,26665065,琅琊榜之风起长林,电视剧,2017-12-18,中国大陆,2017,剧情/古装,有评分,8.4,210088,210088,1328,53330179,55116607,954,萧元启,m53330179,演员,"黄晓明, 刘昊然, 佟丽娅, 张慧雯, 梅婷"
27558279,吴昊宸,男,26430092,演员,是,19,26430092,欢乐颂,电视剧,2016-04-18,中国大陆,2016,剧情/爱情,有评分,7.5,353514,353514,1628,52860233,55116607,955,应勤,m52860233,演员,"刘涛, 蒋欣, 王子文, 杨紫, 乔欣"
27558279,吴昊宸,男,26298935,演员,是,13,26298935,鬼吹灯之精绝古城,电视剧,2016-12-19,中国大陆,2016,剧情/悬疑/惊悚,有评分,7.9,274802,274802,1473,52597919,55116607,956,小战士,m52597919,演员,"靳东, 陈乔恩, 赵达, 岳旸, 王永泉"
27558279,吴昊宸,男,25994712,演员,否,999,25994712,伪装者,电视剧,2015-08-31,中国大陆,2015,剧情/悬疑,有评分,8.6,382758,382758,1814,51989473,55116607,957,日本兵,m51989473,演员,"胡歌, 靳东, 刘敏涛, 王凯, 宋轶"
27480722,王同辉,男,30421903,演员,否,999,30421903,淬火年代,电视剧,2025-06-18,中国大陆,2025,剧情,有评分,7.0,21373,21373,387,60843855,54961493,958,崔父,m60843855,演员,"张新成, 宋祖儿, 王彦霖, 任程伟, 张月"
27559764,于恒,男,35613241,演员,否,999,35613241,县委大院,电视剧,2022-12-07,中国大陆,2022,剧情,有评分,6.8,109693,109693,864,71226531,55119577,959,九原县冯主任,m71226531,演员,"胡歌, 吴越, 张新成, 黄磊, 李光洁"
27559764,于恒,男,30421903,演员,否,999,30421903,淬火年代,电视剧,2025-06-18,中国大陆,2025,剧情,有评分,7.0,21373,21373,387,60843855,55119577,960,周警官,m60843855,演员,"张新成, 宋祖儿, 王彦霖, 任程伟, 张月"
27559764,于恒,男,26779426,演员,否,999,26779426,欢乐颂3,电视剧,2022-08-11,中国大陆,2022,剧情/爱情,有评分,4.9,41716,41716,452,53558901,55119577,961,叶尚,m53558901,演员,"江疏影, 杨采钰, 张佳宁, 张慧雯, 李浩菲"
27559764,于恒,男,26345137,演员,是,4,26345137,如果蜗牛有爱情,电视剧,2016-10-24,中国大陆,2016,剧情/爱情/悬疑,有评分,7.2,105271,105271,871,52690323,55119577,962,赵寒,m52690323,演员,"王凯, 王子文, 徐悦, 于恒, 赵圆瑗"
27481430,张佳宁,女,35321446,演员,是,5,35321446,大江大河之岁月如歌,电视剧,2024-01-08,中国大陆,2024,剧情,有评分,8.0,72953,72953,764,70642941,54962909,963,任遐迩,m70642941,演员,"王凯, 杨烁, 董子健, 杨采钰, 张佳宁"
27481430,张佳宁,女,34792296,演员,是,11,34792296,欢迎光临,电视剧,2022-05-18,中国大陆,2022,剧情/喜剧/爱情,有评分,6.4,56516,56516,601,69584641,54962909,964,九斤,m69584641,演员,"黄轩, 白百何, 朱雨辰, 白宇帆, 丁嘉丽"
27481430,张佳宁,女,34792295,演员,是,17,34792295,乔家的儿女,电视剧,2021-08-17,中国大陆,2021,剧情/家庭,有评分,7.7,235622,235622,1347,69584639,54962909,965,常星宇,m69584639,演员,"白宇, 宋祖儿, 毛晓彤, 张晚意, 周翊然"
27481430,张佳宁,女,30423905,演员,是,56,30423905,大江大河2,电视剧,2020-12-20,中国大陆,2020,剧情/历史,有评分,8.7,208072,208072,1345,60847859,54962909,966,任遐迩,m60847859,演员,"王凯, 杨烁, 董子健, 杨采钰, 周放"
27481430,张佳宁,女,26928226,演员,是,5,26928226,知否知否应是绿肥红瘦,电视剧,2018-12-25,中国大陆,2018,剧情/爱情/古装,有评分,8.0,695224,695224,2358,53856501,54962909,967,盛如兰,m53856501,演员,"赵丽颖, 冯绍峰, 朱一龙, 施诗, 张佳宁"
27481430,张佳宁,女,26779426,演员,是,3,26779426,欢乐颂3,电视剧,2022-08-11,中国大陆,2022,剧情/爱情,有评分,4.9,41716,41716,452,53558901,54962909,968,朱喆,m53558901,演员,"江疏影, 杨采钰, 张佳宁, 张慧雯, 李浩菲"
27552504,李金江,男,35613241,演员,否,999,35613241,县委大院,电视剧,2022-12-07,中国大陆,2022,剧情,有评分,6.8,109693,109693,864,71226531,55105057,969,二乖,m71226531,演员,"胡歌, 吴越, 张新成, 黄磊, 李光洁"
27552504,李金江,男,35332289,演员,是,40,35332289,开端,电视剧,2022-01-11,中国大陆,2022,剧情,有评分,7.9,968506,968506,2766,70664627,55105057,970,外卖员,m70664627,演员,"白敬亭, 赵今麦, 刘奕君, 刘涛, 黄觉"
27552504,李金江,男,35321446,演员,否,999,35321446,大江大河之岁月如歌,电视剧,2024-01-08,中国大陆,2024,剧情,有评分,8.0,72953,72953,764,70642941,55105057,971,起哄人,m70642941,演员,"王凯, 杨烁, 董子健, 杨采钰, 张佳宁"
27552504,李金江,男,35033654,演员,是,20,35033654,山海情,电视剧,2021-01-12,中国大陆,2021,剧情,有评分,9.2,481571,481571,2105,70067357,55105057,972,杨尕娃,m70067357,演员,"黄轩, 张嘉益, 闫妮, 黄觉, 姚晨"
27552504,李金江,男,34792296,演员,是,35,34792296,欢迎光临,电视剧,2022-05-18,中国大陆,2022,剧情/喜剧/爱情,有评分,6.4,56516,56516,601,69584641,55105057,973,小李,m69584641,演员,"黄轩, 白百何, 朱雨辰, 白宇帆, 丁嘉丽"
27552504,李金江,男,33442331,演员,是,33,33442331,我是余欢水,电视剧,2020-04-06,中国大陆,2020,剧情,有评分,7.3,324953,324953,1540,66884711,55105057,974,小鱼,m66884711,演员,"郭京飞, 苗苗, 高露, 岳旸, 高叶"
27483377,刘敏涛,女,36571896,演员,是,10,36571896,命悬一生,电视剧,2025-10-11,中国大陆,2025,剧情/悬疑,有评分,7.7,85010,85010,809,73143841,54966803,975,童母,m73143841,演员,"黄轩, 李庚希, 张哲华, 白宇帆, 尹昉"
27483377,刘敏涛,女,26743573,演员,是,21,26743573,欢乐颂2,电视剧,2017-05-11,中国大陆,2017,剧情/爱情,有评分,5.4,154450,154450,913,53487195,54966803,976,,m53487195,演员,"刘涛, 蒋欣, 王子文, 杨紫, 乔欣"
27483377,刘敏涛,女,26430092,演员,是,23,26430092,欢乐颂,电视剧,2016-04-18,中国大陆,2016,剧情/爱情,有评分,7.5,353514,353514,1628,52860233,54966803,978,关母,m52860233,演员,"刘涛, 蒋欣, 王子文, 杨紫, 乔欣"
27483377,刘敏涛,女,25994712,演员,是,3,25994712,伪装者,电视剧,2015-08-31,中国大陆,2015,剧情/悬疑,有评分,8.6,382758,382758,1814,51989473,54966803,979,明镜,m51989473,演员,"胡歌, 靳东, 刘敏涛, 王凯, 宋轶"
27483377,刘敏涛,女,25754848,演员,是,18,25754848,琅琊榜,电视剧,2015-09-19,中国大陆,2015,剧情/古装,有评分,9.4,919060,919060,2939,51509745,54966803,980,静嫔,m51509745,演员,"胡歌, 刘涛, 王凯, 陈龙, 黄维德"
27484178,岳旸,男,34792296,演员,是,9,34792296,欢迎光临,电视剧,2022-05-18,中国大陆,2022,剧情/喜剧/爱情,有评分,6.4,56516,56516,601,69584641,54968405,981,孙经理（孙广庭）,m69584641,演员,"黄轩, 白百何, 朱雨辰, 白宇帆, 丁嘉丽"
27484178,岳旸,男,34792295,演员,是,41,34792295,乔家的儿女,电视剧,2021-08-17,中国大陆,2021,剧情/家庭,有评分,7.7,235622,235622,1347,69584639,54968405,982,李和满,m69584639,演员,"白宇, 宋祖儿, 毛晓彤, 张晚意, 周翊然"
27484178,岳旸,男,33442331,演员,是,4,33442331,我是余欢水,电视剧,2020-04-06,中国大陆,2020,剧情,有评分,7.3,324953,324953,1540,66884711,54968405,983,赵觉民,m66884711,演员,"郭京飞, 苗苗, 高露, 岳旸, 高叶"
27484178,岳旸,男,30423905,演员,是,35,30423905,大江大河2,电视剧,2020-12-20,中国大陆,2020,剧情/历史,有评分,8.7,208072,208072,1345,60847859,54968405,984,冯工,m60847859,演员,"王凯, 杨烁, 董子健, 杨采钰, 周放"
27484178,岳旸,男,27088993,演员,是,24,27088993,都挺好,电视剧,2019-03-01,中国大陆,2019,剧情/家庭,有评分,7.7,394106,394106,1742,54178035,54968405,985,警察,m54178035,演员,"姚晨, 倪大红, 郭京飞, 杨祐宁, 李念"
27484178,岳旸,男,26743573,演员,是,18,26743573,欢乐颂2,电视剧,2017-05-11,中国大陆,2017,剧情/爱情,有评分,5.4,154450,154450,913,53487195,54968405,986,樊胜英,m53487195,演员,"刘涛, 蒋欣, 王子文, 杨紫, 乔欣"
27484178,岳旸,男,26683725,演员,是,47,26683725,外科风云,电视剧,2017-04-17,中国大陆,2017,剧情/爱情,有评分,7.3,94754,94754,832,53367499,54968405,987,刘长河,m53367499,演员,"靳东, 白百何, 李佳航, 马少骅, 蓝盈莹"
27484178,岳旸,男,26665065,演员,是,26,26665065,琅琊榜之风起长林,电视剧,2017-12-18,中国大陆,2017,剧情/古装,有评分,8.4,210088,210088,1328,53330179,54968405,988,张府尹,m53330179,演员,"黄晓明, 刘昊然, 佟丽娅, 张慧雯, 梅婷"
27484178,岳旸,男,26430092,演员,是,26,26430092,欢乐颂,电视剧,2016-04-18,中国大陆,2016,剧情/爱情,有评分,7.5,353514,353514,1628,52860233,54968405,989,樊胜英,m52860233,演员,"刘涛, 蒋欣, 王子文, 杨紫, 乔欣"
27484178,岳旸,男,26298935,演员,是,4,26298935,鬼吹灯之精绝古城,电视剧,2016-12-19,中国大陆,2016,剧情/悬疑/惊悚,有评分,7.9,274802,274802,1473,52597919,54968405,990,大金牙,m52597919,演员,"靳东, 陈乔恩, 赵达, 岳旸, 王永泉"
27484178,岳旸,男,26088457,演员,是,11,26088457,他来了，请闭眼,电视剧,2015-10-15,中国大陆,2015,剧情/悬疑,有评分,6.7,74395,74395,706,52176963,54968405,991,老周,m52176963,演员,"霍建华, 马思纯, 张鲁一, 王凯, 尹正"
27484178,岳旸,男,25994712,演员,是,9,25994712,伪装者,电视剧,2015-08-31,中国大陆,2015,剧情/悬疑,有评分,8.6,382758,382758,1814,51989473,54968405,992,梁仲春,m51989473,演员,"胡歌, 靳东, 刘敏涛, 王凯, 宋轶"
27549497,丁勇岱,男,33442331,演员,是,40,33442331,我是余欢水,电视剧,2020-04-06,中国大陆,2020,剧情,有评分,7.3,324953,324953,1540,66884711,55099043,993,电视台副台长,m66884711,演员,"郭京飞, 苗苗, 高露, 岳旸, 高叶"
27549497,丁勇岱,男,26743573,演员,否,999,26743573,欢乐颂2,电视剧,2017-05-11,中国大陆,2017,剧情/爱情,有评分,5.4,154450,154450,913,53487195,55099043,994,,m53487195,演员,"刘涛, 蒋欣, 王子文, 杨紫, 乔欣"
27549497,丁勇岱,男,26683725,演员,是,22,26683725,外科风云,电视剧,2017-04-17,中国大陆,2017,剧情/爱情,有评分,7.3,94754,94754,832,53367499,55099043,995,高洪祥,m53367499,演员,"靳东, 白百何, 李佳航, 马少骅, 蓝盈莹"
27549497,丁勇岱,男,26430092,演员,是,18,26430092,欢乐颂,电视剧,2016-04-18,中国大陆,2016,剧情/爱情,有评分,7.5,353514,353514,1628,52860233,55099043,996,魏国强,m52860233,演员,"刘涛, 蒋欣, 王子文, 杨紫, 乔欣"
27549497,丁勇岱,男,25754848,演员,是,15,25754848,琅琊榜,电视剧,2015-09-19,中国大陆,2015,剧情/古装,有评分,9.4,919060,919060,2939,51509745,55099043,997,梁帝萧选,m51509745,演员,"胡歌, 刘涛, 王凯, 陈龙, 黄维德"
27493545,靳东,男,26743573,演员,是,13,26743573,欢乐颂2,电视剧,2017-05-11,中国大陆,2017,剧情/爱情,有评分,5.4,154450,154450,913,53487195,54987139,998,谭宗明,m53487195,演员,"刘涛, 蒋欣, 王子文, 杨紫, 乔欣"
27493545,靳东,男,26683725,演员,是,1,26683725,外科风云,电视剧,2017-04-17,中国大陆,2017,剧情/爱情,有评分,7.3,94754,94754,832,53367499,54987139,999,庄恕/小斌,m53367499,演员,"靳东, 白百何, 李佳航, 马少骅, 蓝盈莹"
27493545,靳东,男,26430092,演员,是,9,26430092,欢乐颂,电视剧,2016-04-18,中国大陆,2016,剧情/爱情,有评分,7.5,353514,353514,1628,52860233,54987139,1000,谭宗明,m52860233,演员,"刘涛, 蒋欣, 王子文, 杨紫, 乔欣"
27493545,靳东,男,26298935,演员,是,1,26298935,鬼吹灯之精绝古城,电视剧,2016-12-19,中国大陆,2016,剧情/悬疑/惊悚,有评分,7.9,274802,274802,1473,52597919,54987139,1001,胡八一,m52597919,演员,"靳东, 陈乔恩, 赵达, 岳旸, 王永泉"
27493545,靳东,男,25994712,演员,是,2,25994712,伪装者,电视剧,2015-08-31,中国大陆,2015,剧情/悬疑,有评分,8.6,382758,382758,1814,51989473,54987139,1002,明楼,m51989473,演员,"胡歌, 靳东, 刘敏涛, 王凯, 宋轶"
27493545,靳东,男,25754848,演员,是,6,25754848,琅琊榜,电视剧,2015-09-19,中国大陆,2015,剧情/古装,有评分,9.4,919060,919060,2939,51509745,54987139,1003,蔺晨,m51509745,演员,"胡歌, 刘涛, 王凯, 陈龙, 黄维德"
27549827,毛晓彤,女,34792295,演员,是,3,34792295,乔家的儿女,电视剧,2021-08-17,中国大陆,2021,剧情/家庭,有评分,7.7,235622,235622,1347,69584639,55099703,1004,乔三丽,m69584639,演员,"白宇, 宋祖儿, 毛晓彤, 张晚意, 周翊然"
27555673,王永强,男,26345137,演员,是,21,26345137,如果蜗牛有爱情,电视剧,2016-10-24,中国大陆,2016,剧情/爱情/悬疑,有评分,7.2,105271,105271,871,52690323,55111395,1005,赵琅,m52690323,演员,"王凯, 王子文, 徐悦, 于恒, 赵圆瑗"
27493269,许亚军,男,35321446,演员,是,7,35321446,大江大河之岁月如歌,电视剧,2024-01-08,中国大陆,2024,剧情,有评分,8.0,72953,72953,764,70642941,54986587,1006,梁父,m70642941,演员,"王凯, 杨烁, 董子健, 杨采钰, 张佳宁"
27503897,田小洁,男,35613241,演员,是,39,35613241,县委大院,电视剧,2022-12-07,中国大陆,2022,剧情,有评分,6.8,109693,109693,864,71226531,55007843,1007,孙组长,m71226531,演员,"胡歌, 吴越, 张新成, 黄磊, 李光洁"
27484062,张鹭,女,35613241,演员,否,999,35613241,县委大院,电视剧,2022-12-07,中国大陆,2022,剧情,有评分,6.8,109693,109693,864,71226531,54968173,1008,杨海燕,m71226531,演员,"胡歌, 吴越, 张新成, 黄磊, 李光洁"
27484062,张鹭,女,34792296,演员,是,18,34792296,欢迎光临,电视剧,2022-05-18,中国大陆,2022,剧情/喜剧/爱情,有评分,6.4,56516,56516,601,69584641,54968173,1009,李大妈,m69584641,演员,"黄轩, 白百何, 朱雨辰, 白宇帆, 丁嘉丽"
27554722,吴优,男,35033654,演员,是,38,35033654,山海情,电视剧,2021-01-12,中国大陆,2021,剧情,有评分,9.2,481571,481571,2105,70067357,55109493,1010,立仓,m70067357,演员,"黄轩, 张嘉益, 闫妮, 黄觉, 姚晨"
27493513,江奇霖,男,35613241,演员,否,999,35613241,县委大院,电视剧,2022-12-07,中国大陆,2022,剧情,有评分,6.8,109693,109693,864,71226531,54987075,1011,刘喜,m71226531,演员,"胡歌, 吴越, 张新成, 黄磊, 李光洁"
27493513,江奇霖,男,35033654,演员,是,23,35033654,山海情,电视剧,2021-01-12,中国大陆,2021,剧情,有评分,9.2,481571,481571,2105,70067357,54987075,1012,郭闽航,m70067357,演员,"黄轩, 张嘉益, 闫妮, 黄觉, 姚晨"
27493513,江奇霖,男,26671336,演员,是,13,26671336,得闲谨制,电影,2025-12-06,中国大陆,2025,剧情/战争,有评分,6.9,268554,268554,1361,53342721,54987075,1013,刘木匠,m53342721,演员,"肖战, 彭昱畅, 周依然, 杨新鸣, 阿如那"
27482871,房子斌,男,36189205,演员,否,999,36189205,凡人歌,电视剧,2024-08-31,中国大陆,2024,剧情/喜剧,有评分,7.7,77700,77700,773,72378459,54965791,1014,秦峰,m72378459,演员,"殷桃, 王骁, 章若楠, 秦俊杰, 张哲华"
27482871,房子斌,男,35613241,演员,是,12,35613241,县委大院,电视剧,2022-12-07,中国大陆,2022,剧情,有评分,6.8,109693,109693,864,71226531,54965791,1015,李保平（李乡长）,m71226531,演员,"胡歌, 吴越, 张新成, 黄磊, 李光洁"
27482871,房子斌,男,35321446,演员,是,10,35321446,大江大河之岁月如歌,电视剧,2024-01-08,中国大陆,2024,剧情,有评分,8.0,72953,72953,764,70642941,54965791,1016,宫新鸣,m70642941,演员,"王凯, 杨烁, 董子健, 杨采钰, 张佳宁"
27547707,秦俊杰,男,36189205,演员,是,4,36189205,凡人歌,电视剧,2024-08-31,中国大陆,2024,剧情/喜剧,有评分,7.7,77700,77700,773,72378459,55095463,1017,沈磊,m72378459,演员,"殷桃, 王骁, 章若楠, 秦俊杰, 张哲华"
27484520,张瑞涵,男,36534750,演员,是,12,36534750,小巷人家,电视剧,2024-10-28,中国大陆,2024,剧情/家庭,有评分,8.4,287902,287902,1555,73069549,54969089,1018,吴建国,m73069549,演员,"闫妮, 李光洁, 郭晓东, 蒋欣, 范丞丞"
27484520,张瑞涵,男,30423905,演员,是,42,30423905,大江大河2,电视剧,2020-12-20,中国大陆,2020,剧情/历史,有评分,8.7,208072,208072,1345,60847859,54969089,1019,程千里,m60847859,演员,"王凯, 杨烁, 董子健, 杨采钰, 周放"
27558001,吴桐,女,34792298,编剧,是,4,34792298,相逢时节,电视剧,2022-02-23,中国大陆,2022,剧情,有评分,4.9,33169,33169,403,69584645,55116051,1020,,m69584645,编剧,"雷佳音, 袁泉, 张艺兴, 贾乃亮, 罗海琼"
27558001,吴桐,女,26928226,编剧,是,2,26928226,知否知否应是绿肥红瘦,电视剧,2018-12-25,中国大陆,2018,剧情/爱情/古装,有评分,8.0,695224,695224,2358,53856501,55116051,1022,,m53856501,编剧,"赵丽颖, 冯绍峰, 朱一龙, 施诗, 张佳宁"
27547011,叶子诚,男,26928226,演员,否,999,26928226,知否知否应是绿肥红瘦,电视剧,2018-12-25,中国大陆,2018,剧情/爱情/古装,有评分,8.0,695224,695224,2358,53856501,55094071,1023,顾廷炳,m53856501,演员,"赵丽颖, 冯绍峰, 朱一龙, 施诗, 张佳宁"
27483732,王柏安,女,26928226,演员,否,999,26928226,知否知否应是绿肥红瘦,电视剧,2018-12-25,中国大陆,2018,剧情/爱情/古装,有评分,8.0,695224,695224,2358,53856501,54967513,1024,秋江,m53856501,演员,"赵丽颖, 冯绍峰, 朱一龙, 施诗, 张佳宁"
27503498,刘岳,男,26928226,演员,是,28,26928226,知否知否应是绿肥红瘦,电视剧,2018-12-25,中国大陆,2018,剧情/爱情/古装,有评分,8.0,695224,695224,2358,53856501,55007045,1025,贺弘文,m53856501,演员,"赵丽颖, 冯绍峰, 朱一龙, 施诗, 张佳宁"
27499941,李依晓,女,26928226,演员,是,11,26928226,知否知否应是绿肥红瘦,电视剧,2018-12-25,中国大陆,2018,剧情/爱情/古装,有评分,8.0,695224,695224,2358,53856501,54999931,1026,朱曼娘,m53856501,演员,"赵丽颖, 冯绍峰, 朱一龙, 施诗, 张佳宁"
27483837,宋祖儿,女,34792295,演员,是,2,34792295,乔家的儿女,电视剧,2021-08-17,中国大陆,2021,剧情/家庭,有评分,7.7,235622,235622,1347,69584639,54967723,1027,乔四美,m69584639,演员,"白宇, 宋祖儿, 毛晓彤, 张晚意, 周翊然"
27483837,宋祖儿,女,30421903,演员,是,2,30421903,淬火年代,电视剧,2025-06-18,中国大陆,2025,剧情,有评分,7.0,21373,21373,387,60843855,54967723,1028,崔冰冰,m60843855,演员,"张新成, 宋祖儿, 王彦霖, 任程伟, 张月"
27483521,鲍大志,男,26779426,演员,否,999,26779426,欢乐颂3,电视剧,2022-08-11,中国大陆,2022,剧情/爱情,有评分,4.9,41716,41716,452,53558901,54967091,1029,戴维父亲,m53558901,演员,"江疏影, 杨采钰, 张佳宁, 张慧雯, 李浩菲"
27484201,于莎莎,女,34792296,演员,是,13,34792296,欢迎光临,电视剧,2022-05-18,中国大陆,2022,剧情/喜剧/爱情,有评分,6.4,56516,56516,601,69584641,54968451,1030,甜妹子,m69584641,演员,"黄轩, 白百何, 朱雨辰, 白宇帆, 丁嘉丽"
27484201,于莎莎,女,26779426,演员,是,9,26779426,欢乐颂3,电视剧,2022-08-11,中国大陆,2022,剧情/爱情,有评分,4.9,41716,41716,452,53558901,54968451,1031,,m53558901,演员,"江疏影, 杨采钰, 张佳宁, 张慧雯, 李浩菲"
27492122,张天爱,女,26759908,演员,是,13,26759908,清平乐,电视剧,2020-04-07,中国大陆,2020,剧情/古装,有评分,6.4,173456,173456,1054,53519865,54984293,1032,陈熙春,m53519865,演员,"王凯, 江疏影, 任敏, 杨玏, 边程"
27550595,乔欣,女,26743573,演员,是,5,26743573,欢乐颂2,电视剧,2017-05-11,中国大陆,2017,剧情/爱情,有评分,5.4,154450,154450,913,53487195,55101239,1033,关雎尔,m53487195,演员,"刘涛, 蒋欣, 王子文, 杨紫, 乔欣"
27550595,乔欣,女,26665065,演员,是,14,26665065,琅琊榜之风起长林,电视剧,2017-12-18,中国大陆,2017,剧情/古装,有评分,8.4,210088,210088,1328,53330179,55101239,1034,荀安如,m53330179,演员,"黄晓明, 刘昊然, 佟丽娅, 张慧雯, 梅婷"
27550595,乔欣,女,26430092,演员,是,5,26430092,欢乐颂,电视剧,2016-04-18,中国大陆,2016,剧情/爱情,有评分,7.5,353514,353514,1628,52860233,55101239,1035,关雎尔,m52860233,演员,"刘涛, 蒋欣, 王子文, 杨紫, 乔欣"
27550595,乔欣,女,25754848,演员,是,29,25754848,琅琊榜,电视剧,2015-09-19,中国大陆,2015,剧情/古装,有评分,9.4,919060,919060,2939,51509745,55101239,1036,宇文念,m51509745,演员,"胡歌, 刘涛, 王凯, 陈龙, 黄维德"
27484718,方晓莉,女,26779426,演员,否,999,26779426,欢乐颂3,电视剧,2022-08-11,中国大陆,2022,剧情/爱情,有评分,4.9,41716,41716,452,53558901,54969485,1037,李其行母亲,m53558901,演员,"江疏影, 杨采钰, 张佳宁, 张慧雯, 李浩菲"
27484718,方晓莉,女,25754848,演员,是,26,25754848,琅琊榜,电视剧,2015-09-19,中国大陆,2015,剧情/古装,有评分,9.4,919060,919060,2939,51509745,54969485,1038,皇后言氏,m51509745,演员,"胡歌, 刘涛, 王凯, 陈龙, 黄维德"
27558281,康群智,女,34792298,演员,是,26,34792298,相逢时节,电视剧,2022-02-23,中国大陆,2022,剧情,有评分,4.9,33169,33169,403,69584645,55116611,1039,许大姐,m69584645,演员,"雷佳音, 袁泉, 张艺兴, 贾乃亮, 罗海琼"
27558281,康群智,女,27088993,演员,是,12,27088993,都挺好,电视剧,2019-03-01,中国大陆,2019,剧情/家庭,有评分,7.7,394106,394106,1742,54178035,55116611,1040,朱丽母亲,m54178035,演员,"姚晨, 倪大红, 郭京飞, 杨祐宁, 李念"
27558281,康群智,女,26928226,演员,是,26,26928226,知否知否应是绿肥红瘦,电视剧,2018-12-25,中国大陆,2018,剧情/爱情/古装,有评分,8.0,695224,695224,2358,53856501,55116611,1041,常嬷嬷,m53856501,演员,"赵丽颖, 冯绍峰, 朱一龙, 施诗, 张佳宁"
27558281,康群智,女,26759908,演员,是,38,26759908,清平乐,电视剧,2020-04-07,中国大陆,2020,剧情/古装,有评分,6.4,173456,173456,1054,53519865,55116611,1042,大长公主,m53519865,演员,"王凯, 江疏影, 任敏, 杨玏, 边程"
27558281,康群智,女,26743573,演员,否,999,26743573,欢乐颂2,电视剧,2017-05-11,中国大陆,2017,剧情/爱情,有评分,5.4,154450,154450,913,53487195,55116611,1043,,m53487195,演员,"刘涛, 蒋欣, 王子文, 杨紫, 乔欣"
27558281,康群智,女,26683725,演员,是,44,26683725,外科风云,电视剧,2017-04-17,中国大陆,2017,剧情/爱情,有评分,7.3,94754,94754,832,53367499,55116611,1044,曹母,m53367499,演员,"靳东, 白百何, 李佳航, 马少骅, 蓝盈莹"
27558281,康群智,女,26665065,演员,是,41,26665065,琅琊榜之风起长林,电视剧,2017-12-18,中国大陆,2017,剧情/古装,有评分,8.4,210088,210088,1328,53330179,55116611,1045,荀夫人,m53330179,演员,"黄晓明, 刘昊然, 佟丽娅, 张慧雯, 梅婷"
27558281,康群智,女,26430092,演员,是,25,26430092,欢乐颂,电视剧,2016-04-18,中国大陆,2016,剧情/爱情,有评分,7.5,353514,353514,1628,52860233,55116611,1046,刘美兰,m52860233,演员,"刘涛, 蒋欣, 王子文, 杨紫, 乔欣"
27504104,王宏,男,35613241,演员,是,43,35613241,县委大院,电视剧,2022-12-07,中国大陆,2022,剧情,有评分,6.8,109693,109693,864,71226531,55008257,1047,穆宏,m71226531,导演/演员,"胡歌, 吴越, 张新成, 黄磊, 李光洁"
27504104,王宏,男,35613241,导演,是,3,35613241,县委大院,电视剧,2022-12-07,中国大陆,2022,剧情,有评分,6.8,109693,109693,864,71226531,55008257,1048,,m71226531,导演/演员,"胡歌, 吴越, 张新成, 黄磊, 李光洁"
27504104,王宏,男,35332289,演员,是,30,35332289,开端,电视剧,2022-01-11,中国大陆,2022,剧情,有评分,7.9,968506,968506,2766,70664627,55008257,1049,私家车爸爸,m70664627,导演/演员,"白敬亭, 赵今麦, 刘奕君, 刘涛, 黄觉"
27504104,王宏,男,35321446,演员,是,11,35321446,大江大河之岁月如歌,电视剧,2024-01-08,中国大陆,2024,剧情,有评分,8.0,72953,72953,764,70642941,55008257,1050,雷士根,m70642941,导演/演员,"王凯, 杨烁, 董子健, 杨采钰, 张佳宁"
27504104,王宏,男,33442331,演员,是,36,33442331,我是余欢水,电视剧,2020-04-06,中国大陆,2020,剧情,有评分,7.3,324953,324953,1540,66884711,55008257,1051,小舅子,m66884711,导演/演员,"郭京飞, 苗苗, 高露, 岳旸, 高叶"
27504104,王宏,男,30423905,演员,是,18,30423905,大江大河2,电视剧,2020-12-20,中国大陆,2020,剧情/历史,有评分,8.7,208072,208072,1345,60847859,55008257,1052,雷士根,m60847859,导演/演员,"王凯, 杨烁, 董子健, 杨采钰, 周放"
27504104,王宏,男,26797690,演员,是,11,26797690,大江大河,电视剧,2018-12-10,中国大陆,2018,剧情,有评分,8.8,260126,260126,1513,53595429,55008257,1053,雷士根,m53595429,导演/演员,"王凯, 杨烁, 杨烁, 董子健, 童瑶"
27504104,王宏,男,26683725,演员,是,43,26683725,外科风云,电视剧,2017-04-17,中国大陆,2017,剧情/爱情,有评分,7.3,94754,94754,832,53367499,55008257,1054,王忱,m53367499,导演/演员,"靳东, 白百何, 李佳航, 马少骅, 蓝盈莹"
27504104,王宏,男,26665065,演员,否,999,26665065,琅琊榜之风起长林,电视剧,2017-12-18,中国大陆,2017,剧情/古装,有评分,8.4,210088,210088,1328,53330179,55008257,1055,天牢主管,m53330179,导演/演员,"黄晓明, 刘昊然, 佟丽娅, 张慧雯, 梅婷"
27504104,王宏,男,26430092,演员,是,17,26430092,欢乐颂,电视剧,2016-04-18,中国大陆,2016,剧情/爱情,有评分,7.5,353514,353514,1628,52860233,55008257,1057,林靖,m52860233,导演/演员,"刘涛, 蒋欣, 王子文, 杨紫, 乔欣"
27504104,王宏,男,26298935,演员,是,15,26298935,鬼吹灯之精绝古城,电视剧,2016-12-19,中国大陆,2016,剧情/悬疑/惊悚,有评分,7.9,274802,274802,1473,52597919,55008257,1058,大个子,m52597919,导演/演员,"靳东, 陈乔恩, 赵达, 岳旸, 王永泉"
27504104,王宏,男,25994712,演员,是,27,25994712,伪装者,电视剧,2015-08-31,中国大陆,2015,剧情/悬疑,有评分,8.6,382758,382758,1814,51989473,55008257,1059,林参谋,m51989473,导演/演员,"胡歌, 靳东, 刘敏涛, 王凯, 宋轶"
27504104,王宏,男,25754848,演员,是,32,25754848,琅琊榜,电视剧,2015-09-19,中国大陆,2015,剧情/古装,有评分,9.4,919060,919060,2939,51509745,55008257,1060,黎纲,m51509745,导演/演员,"胡歌, 刘涛, 王凯, 陈龙, 黄维德"
27480371,胡歌,男,35613241,演员,是,1,35613241,县委大院,电视剧,2022-12-07,中国大陆,2022,剧情,有评分,6.8,109693,109693,864,71226531,54960791,1061,梅晓歌,m71226531,演员,"胡歌, 吴越, 张新成, 黄磊, 李光洁"
27480371,胡歌,男,26683725,演员,是,21,26683725,外科风云,电视剧,2017-04-17,中国大陆,2017,剧情/爱情,有评分,7.3,94754,94754,832,53367499,54960791,1062,胡歌,m53367499,演员,"靳东, 白百何, 李佳航, 马少骅, 蓝盈莹"
27480371,胡歌,男,25994712,演员,是,1,25994712,伪装者,电视剧,2015-08-31,中国大陆,2015,剧情/悬疑,有评分,8.6,382758,382758,1814,51989473,54960791,1063,明台,m51989473,演员,"胡歌, 靳东, 刘敏涛, 王凯, 宋轶"
27480371,胡歌,男,25754848,演员,是,1,25754848,琅琊榜,电视剧,2015-09-19,中国大陆,2015,剧情/古装,有评分,9.4,919060,919060,2939,51509745,54960791,1064,梅长苏/苏哲/林殊,m51509745,演员,"胡歌, 刘涛, 王凯, 陈龙, 黄维德"
27501552,耿乐,男,26683725,演员,是,13,26683725,外科风云,电视剧,2017-04-17,中国大陆,2017,剧情/爱情,有评分,7.3,94754,94754,832,53367499,55003153,1065,薛栾,m53367499,演员,"靳东, 白百何, 李佳航, 马少骅, 蓝盈莹"
27553398,于彭,女,33442331,演员,否,999,33442331,我是余欢水,电视剧,2020-04-06,中国大陆,2020,剧情,有评分,7.3,324953,324953,1540,66884711,55106845,1066,邻居阿姨,m66884711,演员,"郭京飞, 苗苗, 高露, 岳旸, 高叶"
27484683,王正权,男,35321446,演员,否,999,35321446,大江大河之岁月如歌,电视剧,2024-01-08,中国大陆,2024,剧情,有评分,8.0,72953,72953,764,70642941,54969415,1067,老专家,m70642941,演员,"王凯, 杨烁, 董子健, 杨采钰, 张佳宁"
27484683,王正权,男,27088993,演员,是,15,27088993,都挺好,电视剧,2019-03-01,中国大陆,2019,剧情/家庭,有评分,7.7,394106,394106,1742,54178035,54969415,1068,舅舅,m54178035,演员,"姚晨, 倪大红, 郭京飞, 杨祐宁, 李念"
27484005,张衣,男,35321446,演员,否,999,35321446,大江大河之岁月如歌,电视剧,2024-01-08,中国大陆,2024,剧情,有评分,8.0,72953,72953,764,70642941,54968059,1069,张家权,m70642941,演员,"王凯, 杨烁, 董子健, 杨采钰, 张佳宁"
27541364,张博,男,26665065,演员,是,6,26665065,琅琊榜之风起长林,电视剧,2017-12-18,中国大陆,2017,剧情/古装,有评分,8.4,210088,210088,1328,53330179,55082777,1070,荀飞盏,m53330179,演员,"黄晓明, 刘昊然, 佟丽娅, 张慧雯, 梅婷"
27247159,黄晓明,男,26665065,演员,是,1,26665065,琅琊榜之风起长林,电视剧,2017-12-18,中国大陆,2017,剧情/古装,有评分,8.4,210088,210088,1328,53330179,54494367,1071,萧平章,m53330179,演员,"黄晓明, 刘昊然, 佟丽娅, 张慧雯, 梅婷"
27483821,刘旭,男,35613241,演员,否,999,35613241,县委大院,电视剧,2022-12-07,中国大陆,2022,剧情,有评分,6.8,109693,109693,864,71226531,54967691,1072,宋海平,m71226531,演员,"胡歌, 吴越, 张新成, 黄磊, 李光洁"
27547505,王砚辉,男,35613241,演员,是,22,35613241,县委大院,电视剧,2022-12-07,中国大陆,2022,剧情,有评分,6.8,109693,109693,864,71226531,55095059,1073,马广群,m71226531,演员,"胡歌, 吴越, 张新成, 黄磊, 李光洁"
27554130,彤阳,男,34792296,演员,是,51,34792296,欢迎光临,电视剧,2022-05-18,中国大陆,2022,剧情/喜剧/爱情,有评分,6.4,56516,56516,601,69584641,55108309,1074,年轻马大妈,m69584641,演员,"黄轩, 白百何, 朱雨辰, 白宇帆, 丁嘉丽"
27481231,郭涛,男,25870290,演员,是,1,25870290,温州两家人,电视剧,2015-11-26,中国大陆,2015,剧情,有评分,7.8,7118,7118,236,51740629,54962511,1075,侯三寿,m51740629,演员,"郭涛, 任程伟, 袁咏仪, 陈丽娜, 刘奕君"
27482854,霍桠明,男,36534750,演员,否,999,36534750,小巷人家,电视剧,2024-10-28,中国大陆,2024,剧情/家庭,有评分,8.4,287902,287902,1555,73069549,54965757,1076,王勇,m73069549,演员,"闫妮, 李光洁, 郭晓东, 蒋欣, 范丞丞"
27482854,霍桠明,男,34792295,演员,是,42,34792295,乔家的儿女,电视剧,2021-08-17,中国大陆,2021,剧情/家庭,有评分,7.7,235622,235622,1347,69584639,54965757,1077,陈主任,m69584639,演员,"白宇, 宋祖儿, 毛晓彤, 张晚意, 周翊然"
27482854,霍桠明,男,26928226,演员,否,999,26928226,知否知否应是绿肥红瘦,电视剧,2018-12-25,中国大陆,2018,剧情/爱情/古装,有评分,8.0,695224,695224,2358,53856501,54965757,1078,桓王,m53856501,演员,"赵丽颖, 冯绍峰, 朱一龙, 施诗, 张佳宁"
27482854,霍桠明,男,26345137,演员,是,10,26345137,如果蜗牛有爱情,电视剧,2016-10-24,中国大陆,2016,剧情/爱情/悬疑,有评分,7.2,105271,105271,871,52690323,54965757,1079,叶梓强,m52690323,演员,"王凯, 王子文, 徐悦, 于恒, 赵圆瑗"
27482854,霍桠明,男,26088457,演员,是,12,26088457,他来了，请闭眼,电视剧,2015-10-15,中国大陆,2015,剧情/悬疑,有评分,6.7,74395,74395,706,52176963,54965757,1080,吴队长,m52176963,演员,"霍建华, 马思纯, 张鲁一, 王凯, 尹正"
27484844,刘梦珂,女,26928226,演员,否,999,26928226,知否知否应是绿肥红瘦,电视剧,2018-12-25,中国大陆,2018,剧情/爱情/古装,有评分,8.0,695224,695224,2358,53856501,54969737,1081,明月,m53856501,演员,"赵丽颖, 冯绍峰, 朱一龙, 施诗, 张佳宁"
27549357,张慧雯,女,26779426,演员,是,4,26779426,欢乐颂3,电视剧,2022-08-11,中国大陆,2022,剧情/爱情,有评分,4.9,41716,41716,452,53558901,55098763,1082,何悯鸿,m53558901,演员,"江疏影, 杨采钰, 张佳宁, 张慧雯, 李浩菲"
27549357,张慧雯,女,26665065,演员,是,4,26665065,琅琊榜之风起长林,电视剧,2017-12-18,中国大陆,2017,剧情/古装,有评分,8.4,210088,210088,1328,53330179,55098763,1083,林奚,m53330179,演员,"黄晓明, 刘昊然, 佟丽娅, 张慧雯, 梅婷"
27489544,吴珏瑾,女,35332289,演员,是,33,35332289,开端,电视剧,2022-01-11,中国大陆,2022,剧情,有评分,7.9,968506,968506,2766,70664627,54979137,1084,刘瑶妈,m70664627,演员,"白敬亭, 赵今麦, 刘奕君, 刘涛, 黄觉"
27547744,钱漪,男,35332289,演员,是,31,35332289,开端,电视剧,2022-01-11,中国大陆,2022,剧情,有评分,7.9,968506,968506,2766,70664627,55095537,1085,卢笛爸爸,m70664627,演员,"白敬亭, 赵今麦, 刘奕君, 刘涛, 黄觉"
27547786,李洪涛,男,26928226,演员,是,15,26928226,知否知否应是绿肥红瘦,电视剧,2018-12-25,中国大陆,2018,剧情/爱情/古装,有评分,8.0,695224,695224,2358,53856501,55095621,1086,顾偃开,m53856501,演员,"赵丽颖, 冯绍峰, 朱一龙, 施诗, 张佳宁"
27547786,李洪涛,男,26683725,演员,是,45,26683725,外科风云,电视剧,2017-04-17,中国大陆,2017,剧情/爱情,有评分,7.3,94754,94754,832,53367499,55095621,1087,祁大伟,m53367499,演员,"靳东, 白百何, 李佳航, 马少骅, 蓝盈莹"
27488329,杨新鸣,男,26928226,演员,是,17,26928226,知否知否应是绿肥红瘦,电视剧,2018-12-25,中国大陆,2018,剧情/爱情/古装,有评分,8.0,695224,695224,2358,53856501,54976707,1089,顾四爷,m53856501,演员,"赵丽颖, 冯绍峰, 朱一龙, 施诗, 张佳宁"
27488329,杨新鸣,男,26683725,演员,是,7,26683725,外科风云,电视剧,2017-04-17,中国大陆,2017,剧情/爱情,有评分,7.3,94754,94754,832,53367499,54976707,1090,钟西北,m53367499,演员,"靳东, 白百何, 李佳航, 马少骅, 蓝盈莹"
27488329,杨新鸣,男,26671336,演员,是,4,26671336,得闲谨制,电影,2025-12-06,中国大陆,2025,剧情/战争,有评分,6.9,268554,268554,1361,53342721,54976707,1091,太爷,m53342721,演员,"肖战, 彭昱畅, 周依然, 杨新鸣, 阿如那"
27488329,杨新鸣,男,26298935,演员,是,6,26298935,鬼吹灯之精绝古城,电视剧,2016-12-19,中国大陆,2016,剧情/悬疑/惊悚,有评分,7.9,274802,274802,1473,52597919,54976707,1092,陈久仁,m52597919,演员,"靳东, 陈乔恩, 赵达, 岳旸, 王永泉"
27488329,杨新鸣,男,25870290,演员,是,8,25870290,温州两家人,电视剧,2015-11-26,中国大陆,2015,剧情,有评分,7.8,7118,7118,236,51740629,54976707,1093,唐元彪,m51740629,演员,"郭涛, 任程伟, 袁咏仪, 陈丽娜, 刘奕君"
27551132,何杜娟,女,34792296,演员,是,31,34792296,欢迎光临,电视剧,2022-05-18,中国大陆,2022,剧情/喜剧/爱情,有评分,6.4,56516,56516,601,69584641,55102313,1094,女护工,m69584641,演员,"黄轩, 白百何, 朱雨辰, 白宇帆, 丁嘉丽"
27551132,何杜娟,女,26683725,演员,是,6,26683725,外科风云,电视剧,2017-04-17,中国大陆,2017,剧情/爱情,有评分,7.3,94754,94754,832,53367499,55102313,1095,楚珺,m53367499,演员,"靳东, 白百何, 李佳航, 马少骅, 蓝盈莹"
27551132,何杜娟,女,25870290,演员,是,6,25870290,温州两家人,电视剧,2015-11-26,中国大陆,2015,剧情,有评分,7.8,7118,7118,236,51740629,55102313,1096,刘灵子,m51740629,演员,"郭涛, 任程伟, 袁咏仪, 陈丽娜, 刘奕君"
27559707,任婉婧,女,26928226,演员,否,999,26928226,知否知否应是绿肥红瘦,电视剧,2018-12-25,中国大陆,2018,剧情/爱情/古装,有评分,8.0,695224,695224,2358,53856501,55119463,1097,海氏,m53856501,演员,"赵丽颖, 冯绍峰, 朱一龙, 施诗, 张佳宁"
27559707,任婉婧,女,26759908,演员,否,999,26759908,清平乐,电视剧,2020-04-07,中国大陆,2020,剧情/古装,有评分,6.4,173456,173456,1054,53519865,55119463,1099,,m53519865,演员,"王凯, 江疏影, 任敏, 杨玏, 边程"
27503117,李念,女,27088993,演员,是,5,27088993,都挺好,电视剧,2019-03-01,中国大陆,2019,剧情/家庭,有评分,7.7,394106,394106,1742,54178035,55006283,1103,朱丽,m54178035,演员,"姚晨, 倪大红, 郭京飞, 杨祐宁, 李念"
27493357,张勇,女,25994712,编剧,是,1,25994712,伪装者,电视剧,2015-08-31,中国大陆,2015,剧情/悬疑,有评分,8.6,382758,382758,1814,51989473,54986763,1104,,m51989473,编剧,"胡歌, 靳东, 刘敏涛, 王凯, 宋轶"
27559766,江森,男,26345137,演员,是,12,26345137,如果蜗牛有爱情,电视剧,2016-10-24,中国大陆,2016,剧情/爱情/悬疑,有评分,7.2,105271,105271,871,52690323,55119581,1105,提萨,m52690323,演员,"王凯, 王子文, 徐悦, 于恒, 赵圆瑗"
27482880,蒋冰,男,26345137,演员,是,9,26345137,如果蜗牛有爱情,电视剧,2016-10-24,中国大陆,2016,剧情/爱情/悬疑,有评分,7.2,105271,105271,871,52690323,54965809,1106,张士雍,m52690323,演员,"王凯, 王子文, 徐悦, 于恒, 赵圆瑗"
27498460,王黎雯,女,26665065,演员,否,999,26665065,琅琊榜之风起长林,电视剧,2017-12-18,中国大陆,2017,剧情/古装,有评分,8.4,210088,210088,1328,53330179,54996969,1107,林母,m53330179,演员,"黄晓明, 刘昊然, 佟丽娅, 张慧雯, 梅婷"
27483363,江柏萱,男,34792298,演员,是,22,34792298,相逢时节,电视剧,2022-02-23,中国大陆,2022,剧情,有评分,4.9,33169,33169,403,69584645,54966775,1108,简志国,m69584645,演员,"雷佳音, 袁泉, 张艺兴, 贾乃亮, 罗海琼"
27558901,黄澄澄,男,35613241,演员,是,38,35613241,县委大院,电视剧,2022-12-07,中国大陆,2022,剧情,有评分,6.8,109693,109693,864,71226531,55117851,1109,袁浩,m71226531,演员,"胡歌, 吴越, 张新成, 黄磊, 李光洁"
27503138,毛孩,男,35613241,演员,是,25,35613241,县委大院,电视剧,2022-12-07,中国大陆,2022,剧情,有评分,6.8,109693,109693,864,71226531,55006325,1110,宝根,m71226531,演员,"胡歌, 吴越, 张新成, 黄磊, 李光洁"
27484215,张艺心,女,36189205,演员,否,999,36189205,凡人歌,电视剧,2024-08-31,中国大陆,2024,剧情/喜剧,有评分,7.7,77700,77700,773,72378459,54968479,1111,宁家保姆,m72378459,演员,"殷桃, 王骁, 章若楠, 秦俊杰, 张哲华"
27492012,潘斌龙,男,36189205,演员,否,999,36189205,凡人歌,电视剧,2024-08-31,中国大陆,2024,剧情/喜剧,有评分,7.7,77700,77700,773,72378459,54984073,1112,老柯,m72378459,演员,"殷桃, 王骁, 章若楠, 秦俊杰, 张哲华"
27482877,王海地,男,30423905,演员,是,33,30423905,大江大河2,电视剧,2020-12-20,中国大陆,2020,剧情/历史,有评分,8.7,208072,208072,1345,60847859,54965803,1113,靳长晓,m60847859,演员,"王凯, 杨烁, 董子健, 杨采钰, 周放"
27480984,石云鹏,男,36534750,演员,是,9,36534750,小巷人家,电视剧,2024-10-28,中国大陆,2024,剧情/家庭,有评分,8.4,287902,287902,1555,73069549,54962017,1114,向鹏飞,m73069549,演员,"闫妮, 李光洁, 郭晓东, 蒋欣, 范丞丞"
27480984,石云鹏,男,35321446,演员,否,999,35321446,大江大河之岁月如歌,电视剧,2024-01-08,中国大陆,2024,剧情,有评分,8.0,72953,72953,764,70642941,54962017,1115,杨速,m70642941,演员,"王凯, 杨烁, 董子健, 杨采钰, 张佳宁"
27480984,石云鹏,男,26743573,演员,是,17,26743573,欢乐颂2,电视剧,2017-05-11,中国大陆,2017,剧情/爱情,有评分,5.4,154450,154450,913,53487195,54962017,1116,,m53487195,演员,"刘涛, 蒋欣, 王子文, 杨紫, 乔欣"
27480984,石云鹏,男,26430092,演员,是,32,26430092,欢乐颂,电视剧,2016-04-18,中国大陆,2016,剧情/爱情,有评分,7.5,353514,353514,1628,52860233,54962017,1117,小明,m52860233,演员,"刘涛, 蒋欣, 王子文, 杨紫, 乔欣"
27484473,徐雷智,男,26779426,演员,否,999,26779426,欢乐颂3,电视剧,2022-08-11,中国大陆,2022,剧情/爱情,有评分,4.9,41716,41716,452,53558901,54968995,1118,陆总,m53558901,演员,"江疏影, 杨采钰, 张佳宁, 张慧雯, 李浩菲"
27482773,刘钧,男,36534750,演员,否,999,36534750,小巷人家,电视剧,2024-10-28,中国大陆,2024,剧情/家庭,有评分,8.4,287902,287902,1555,73069549,54965595,1119,张书记,m73069549,演员,"闫妮, 李光洁, 郭晓东, 蒋欣, 范丞丞"
27482773,刘钧,男,35613241,演员,是,23,35613241,县委大院,电视剧,2022-12-07,中国大陆,2022,剧情,有评分,6.8,109693,109693,864,71226531,54965595,1120,李国春,m71226531,演员,"胡歌, 吴越, 张新成, 黄磊, 李光洁"
27482773,刘钧,男,34792295,演员,是,6,34792295,乔家的儿女,电视剧,2021-08-17,中国大陆,2021,剧情/家庭,有评分,7.7,235622,235622,1347,69584639,54965595,1121,乔祖望,m69584639,演员,"白宇, 宋祖儿, 毛晓彤, 张晚意, 周翊然"
27482773,刘钧,男,30421903,演员,是,11,30421903,淬火年代,电视剧,2025-06-18,中国大陆,2025,剧情,有评分,7.0,21373,21373,387,60843855,54965595,1122,汪总工,m60843855,演员,"张新成, 宋祖儿, 王彦霖, 任程伟, 张月"
27482773,刘钧,男,27088993,演员,是,25,27088993,都挺好,电视剧,2019-03-01,中国大陆,2019,剧情/家庭,有评分,7.7,394106,394106,1742,54178035,54965595,1123,洪总,m54178035,演员,"姚晨, 倪大红, 郭京飞, 杨祐宁, 李念"
27482773,刘钧,男,26928226,演员,是,6,26928226,知否知否应是绿肥红瘦,电视剧,2018-12-25,中国大陆,2018,剧情/爱情/古装,有评分,8.0,695224,695224,2358,53856501,54965595,1124,盛紘,m53856501,演员,"赵丽颖, 冯绍峰, 朱一龙, 施诗, 张佳宁"
27482773,刘钧,男,26759908,演员,是,9,26759908,清平乐,电视剧,2020-04-07,中国大陆,2020,剧情/古装,有评分,6.4,173456,173456,1054,53519865,54965595,1125,范仲淹,m53519865,演员,"王凯, 江疏影, 任敏, 杨玏, 边程"
27482773,刘钧,男,26665065,演员,是,15,26665065,琅琊榜之风起长林,电视剧,2017-12-18,中国大陆,2017,剧情/古装,有评分,8.4,210088,210088,1328,53330179,54965595,1126,梁帝萧歆,m53330179,演员,"黄晓明, 刘昊然, 佟丽娅, 张慧雯, 梅婷"
27482773,刘钧,男,25870290,演员,是,18,25870290,温州两家人,电视剧,2015-11-26,中国大陆,2015,剧情,有评分,7.8,7118,7118,236,51740629,54965595,1127,浦律师,m51740629,演员,"郭涛, 任程伟, 袁咏仪, 陈丽娜, 刘奕君"
27557621,龙斌,男,35332289,演员,是,50,35332289,开端,电视剧,2022-01-11,中国大陆,2022,剧情,有评分,7.9,968506,968506,2766,70664627,55115291,1128,老江,m70664627,演员,"白敬亭, 赵今麦, 刘奕君, 刘涛, 黄觉"
27554352,王沛禄,男,36571896,演员,是,18,36571896,命悬一生,电视剧,2025-10-11,中国大陆,2025,剧情/悬疑,有评分,7.7,85010,85010,809,73143841,55108753,1129,郭阿弟,m73143841,演员,"黄轩, 李庚希, 张哲华, 白宇帆, 尹昉"
27554352,王沛禄,男,35332289,演员,是,43,35332289,开端,电视剧,2022-01-11,中国大陆,2022,剧情,有评分,7.9,968506,968506,2766,70664627,55108753,1130,油罐车副驾,m70664627,演员,"白敬亭, 赵今麦, 刘奕君, 刘涛, 黄觉"
27554352,王沛禄,男,35033654,演员,否,999,35033654,山海情,电视剧,2021-01-12,中国大陆,2021,剧情,有评分,9.2,481571,481571,2105,70067357,55108753,1131,瘦脸,m70067357,演员,"黄轩, 张嘉益, 闫妮, 黄觉, 姚晨"
27554352,王沛禄,男,33442331,演员,是,11,33442331,我是余欢水,电视剧,2020-04-06,中国大陆,2020,剧情,有评分,7.3,324953,324953,1540,66884711,55108753,1132,赵悟民,m66884711,演员,"郭京飞, 苗苗, 高露, 岳旸, 高叶"
27483015,墨阳,男,35613241,演员,否,999,35613241,县委大院,电视剧,2022-12-07,中国大陆,2022,剧情,有评分,6.8,109693,109693,864,71226531,54966079,1133,河洞乡书记,m71226531,演员,"胡歌, 吴越, 张新成, 黄磊, 李光洁"
27483015,墨阳,男,26683725,演员,是,48,26683725,外科风云,电视剧,2017-04-17,中国大陆,2017,剧情/爱情,有评分,7.3,94754,94754,832,53367499,54966079,1134,赵峥,m53367499,演员,"靳东, 白百何, 李佳航, 马少骅, 蓝盈莹"
27547648,任帅,男,35332289,演员,是,21,35332289,开端,电视剧,2022-01-11,中国大陆,2022,剧情,有评分,7.9,968506,968506,2766,70664627,55095345,1135,夏江,m70664627,演员,"白敬亭, 赵今麦, 刘奕君, 刘涛, 黄觉"
27547648,任帅,男,33442331,演员,是,42,33442331,我是余欢水,电视剧,2020-04-06,中国大陆,2020,剧情,有评分,7.3,324953,324953,1540,66884711,55095345,1136,王局长,m66884711,演员,"郭京飞, 苗苗, 高露, 岳旸, 高叶"
27547648,任帅,男,26797690,演员,是,32,26797690,大江大河,电视剧,2018-12-10,中国大陆,2018,剧情,有评分,8.8,260126,260126,1513,53595429,55095345,1137,李主任,m53595429,演员,"王凯, 杨烁, 杨烁, 董子健, 童瑶"
27547648,任帅,男,26683725,演员,是,39,26683725,外科风云,电视剧,2017-04-17,中国大陆,2017,剧情/爱情,有评分,7.3,94754,94754,832,53367499,55095345,1138,常立生,m53367499,演员,"靳东, 白百何, 李佳航, 马少骅, 蓝盈莹"
27547938,宋轶,女,25994712,演员,是,5,25994712,伪装者,电视剧,2015-08-31,中国大陆,2015,剧情/悬疑,有评分,8.6,382758,382758,1814,51989473,55095925,1139,于曼丽,m51989473,演员,"胡歌, 靳东, 刘敏涛, 王凯, 宋轶"
27516241,赵君,男,26797690,演员,是,25,26797690,大江大河,电视剧,2018-12-10,中国大陆,2018,剧情,有评分,8.8,260126,260126,1513,53595429,55032531,1140,刘总工,m53595429,演员,"王凯, 杨烁, 杨烁, 董子健, 童瑶"
27480653,郭晓东,男,36534750,演员,是,3,36534750,小巷人家,电视剧,2024-10-28,中国大陆,2024,剧情/家庭,有评分,8.4,287902,287902,1555,73069549,54961355,1141,庄超英,m73069549,演员,"闫妮, 李光洁, 郭晓东, 蒋欣, 范丞丞"
27488381,周野芒,男,34792298,演员,是,28,34792298,相逢时节,电视剧,2022-02-23,中国大陆,2022,剧情,有评分,4.9,33169,33169,403,69584645,54976811,1142,田父,m69584645,演员,"雷佳音, 袁泉, 张艺兴, 贾乃亮, 罗海琼"
27502631,周铁,男,34792298,演员,是,13,34792298,相逢时节,电视剧,2022-02-23,中国大陆,2022,剧情,有评分,4.9,33169,33169,403,69584645,55005311,1143,阿才哥,m69584645,演员,"雷佳音, 袁泉, 张艺兴, 贾乃亮, 罗海琼"
27500484,吴靖萱,女,34792296,演员,否,999,34792296,欢迎光临,电视剧,2022-05-18,中国大陆,2022,剧情/喜剧/爱情,有评分,6.4,56516,56516,601,69584641,55001017,1145,红唇女,m69584641,演员,"黄轩, 白百何, 朱雨辰, 白宇帆, 丁嘉丽"
27484451,张铎,男,35033654,演员,否,999,35033654,山海情,电视剧,2021-01-12,中国大陆,2021,剧情,有评分,9.2,481571,481571,2105,70067357,54968951,1146,警察甲,m70067357,演员,"黄轩, 张嘉益, 闫妮, 黄觉, 姚晨"
27557955,刘恩佳,女,35033654,演员,是,60,35033654,山海情,电视剧,2021-01-12,中国大陆,2021,剧情,有评分,9.2,481571,481571,2105,70067357,55115959,1147,成年安晓燕,m70067357,演员,"黄轩, 张嘉益, 闫妮, 黄觉, 姚晨"
27480702,国歌,女,35613241,演员,是,41,35613241,县委大院,电视剧,2022-12-07,中国大陆,2022,剧情,有评分,6.8,109693,109693,864,71226531,54961453,1148,王晚菊,m71226531,演员,"胡歌, 吴越, 张新成, 黄磊, 李光洁"
27480702,国歌,女,34792295,演员,是,33,34792295,乔家的儿女,电视剧,2021-08-17,中国大陆,2021,剧情/家庭,有评分,7.7,235622,235622,1347,69584639,54961453,1149,魏淑英,m69584639,演员,"白宇, 宋祖儿, 毛晓彤, 张晚意, 周翊然"
27480702,国歌,女,30423905,演员,是,45,30423905,大江大河2,电视剧,2020-12-20,中国大陆,2020,剧情/历史,有评分,8.7,208072,208072,1345,60847859,54961453,1150,陶医生,m60847859,演员,"王凯, 杨烁, 董子健, 杨采钰, 周放"
27483487,陈思斯,女,30423905,演员,是,41,30423905,大江大河2,电视剧,2020-12-20,中国大陆,2020,剧情/历史,有评分,8.7,208072,208072,1345,60847859,54967023,1151,袁湘,m60847859,演员,"王凯, 杨烁, 董子健, 杨采钰, 周放"
27484241,孙浩涪,男,30423905,演员,是,40,30423905,大江大河2,电视剧,2020-12-20,中国大陆,2020,剧情/历史,有评分,8.7,208072,208072,1345,60847859,54968531,1152,赵小波,m60847859,演员,"王凯, 杨烁, 董子健, 杨采钰, 周放"
27484241,孙浩涪,男,26797690,演员,是,42,26797690,大江大河,电视剧,2018-12-10,中国大陆,2018,剧情,有评分,8.8,260126,260126,1513,53595429,54968531,1153,赵小波,m53595429,演员,"王凯, 杨烁, 杨烁, 董子健, 童瑶"
27483025,徐囡楠,女,30423905,演员,是,34,30423905,大江大河2,电视剧,2020-12-20,中国大陆,2020,剧情/历史,有评分,8.7,208072,208072,1345,60847859,54966099,1154,冯雪华,m60847859,演员,"王凯, 杨烁, 董子健, 杨采钰, 周放"
27560088,韩淼,男,26430092,演员,否,999,26430092,欢乐颂,电视剧,2016-04-18,中国大陆,2016,剧情/爱情,有评分,7.5,353514,353514,1628,52860233,55120225,1155,关雎尔师兄,m52860233,演员,"刘涛, 蒋欣, 王子文, 杨紫, 乔欣"
27551843,冯军,女,34792296,演员,是,21,34792296,欢迎光临,电视剧,2022-05-18,中国大陆,2022,剧情/喜剧/爱情,有评分,6.4,56516,56516,601,69584641,55103735,1156,唐大妈,m69584641,演员,"黄轩, 白百何, 朱雨辰, 白宇帆, 丁嘉丽"
27551843,冯军,女,26928226,演员,否,999,26928226,知否知否应是绿肥红瘦,电视剧,2018-12-25,中国大陆,2018,剧情/爱情/古装,有评分,8.0,695224,695224,2358,53856501,55103735,1157,余老夫人,m53856501,演员,"赵丽颖, 冯绍峰, 朱一龙, 施诗, 张佳宁"
27483544,夏一瑶,女,26928226,演员,否,999,26928226,知否知否应是绿肥红瘦,电视剧,2018-12-25,中国大陆,2018,剧情/爱情/古装,有评分,8.0,695224,695224,2358,53856501,54967137,1158,朱氏,m53856501,演员,"赵丽颖, 冯绍峰, 朱一龙, 施诗, 张佳宁"
27483739,牛飘,男,26779426,演员,否,999,26779426,欢乐颂3,电视剧,2022-08-11,中国大陆,2022,剧情/爱情,有评分,4.9,41716,41716,452,53558901,54967527,1159,叶蓁蓁父亲,m53558901,演员,"江疏影, 杨采钰, 张佳宁, 张慧雯, 李浩菲"
27480743,李明珠,女,36571896,演员,是,21,36571896,命悬一生,电视剧,2025-10-11,中国大陆,2025,剧情/悬疑,有评分,7.7,85010,85010,809,73143841,54961535,1160,李老太太,m73143841,演员,"黄轩, 李庚希, 张哲华, 白宇帆, 尹昉"
27480743,李明珠,女,33442331,演员,是,23,33442331,我是余欢水,电视剧,2020-04-06,中国大陆,2020,剧情,有评分,7.3,324953,324953,1540,66884711,54961535,1161,李姐,m66884711,演员,"郭京飞, 苗苗, 高露, 岳旸, 高叶"
27554851,刘秋实,男,34792298,演员,是,14,34792298,相逢时节,电视剧,2022-02-23,中国大陆,2022,剧情,有评分,4.9,33169,33169,403,69584645,55109751,1162,刘之呈,m69584645,演员,"雷佳音, 袁泉, 张艺兴, 贾乃亮, 罗海琼"
27554851,刘秋实,男,26759908,演员,否,999,26759908,清平乐,电视剧,2020-04-07,中国大陆,2020,剧情/古装,有评分,6.4,173456,173456,1054,53519865,55109751,1163,葛闳,m53519865,演员,"王凯, 江疏影, 任敏, 杨玏, 边程"
27483961,田璐菡,女,26759908,演员,是,32,26759908,清平乐,电视剧,2020-04-07,中国大陆,2020,剧情/古装,有评分,6.4,173456,173456,1054,53519865,54967971,1164,缳儿,m53519865,演员,"王凯, 江疏影, 任敏, 杨玏, 边程"
27502065,郑皓原,男,26759908,演员,是,24,26759908,清平乐,电视剧,2020-04-07,中国大陆,2020,剧情/古装,有评分,6.4,173456,173456,1054,53519865,55004179,1165,苏舜钦,m53519865,演员,"王凯, 江疏影, 任敏, 杨玏, 边程"
27539939,刘丹,女,35613241,演员,是,28,35613241,县委大院,电视剧,2022-12-07,中国大陆,2022,剧情,有评分,6.8,109693,109693,864,71226531,55079927,1166,沈大夫,m71226531,演员,"胡歌, 吴越, 张新成, 黄磊, 李光洁"
27539939,刘丹,女,35332289,演员,是,6,35332289,开端,电视剧,2022-01-11,中国大陆,2022,剧情,有评分,7.9,968506,968506,2766,70664627,55079927,1167,陶映红,m70664627,演员,"白敬亭, 赵今麦, 刘奕君, 刘涛, 黄觉"
27539939,刘丹,女,35321446,演员,是,9,35321446,大江大河之岁月如歌,电视剧,2024-01-08,中国大陆,2024,剧情,有评分,8.0,72953,72953,764,70642941,55079927,1168,曹自立,m70642941,演员,"王凯, 杨烁, 董子健, 杨采钰, 张佳宁"
27539939,刘丹,女,34792295,演员,是,36,34792295,乔家的儿女,电视剧,2021-08-17,中国大陆,2021,剧情/家庭,有评分,7.7,235622,235622,1347,69584639,55079927,1169,小茉妈,m69584639,演员,"白宇, 宋祖儿, 毛晓彤, 张晚意, 周翊然"
27558314,张昕琦,女,25754848,演员,是,56,25754848,琅琊榜,电视剧,2015-09-19,中国大陆,2015,剧情/古装,有评分,9.4,919060,919060,2939,51509745,55116677,1170,心杨,m51509745,演员,"胡歌, 刘涛, 王凯, 陈龙, 黄维德"
27487771,刘冠霖,男,35332289,演员,是,27,35332289,开端,电视剧,2022-01-11,中国大陆,2022,剧情,有评分,7.9,968506,968506,2766,70664627,54975591,1171,杨总,m70664627,演员,"白敬亭, 赵今麦, 刘奕君, 刘涛, 黄觉"
27487771,刘冠霖,男,25870290,演员,是,36,25870290,温州两家人,电视剧,2015-11-26,中国大陆,2015,剧情,有评分,7.8,7118,7118,236,51740629,54975591,1172,,m51740629,演员,"郭涛, 任程伟, 袁咏仪, 陈丽娜, 刘奕君"
27487771,刘冠霖,男,25754848,演员,是,35,25754848,琅琊榜,电视剧,2015-09-19,中国大陆,2015,剧情/古装,有评分,9.4,919060,919060,2939,51509745,54975591,1173,夏春,m51509745,演员,"胡歌, 刘涛, 王凯, 陈龙, 黄维德"
27547952,张龄心,女,35332289,演员,是,17,35332289,开端,电视剧,2022-01-11,中国大陆,2022,剧情,有评分,7.9,968506,968506,2766,70664627,55095953,1174,莫医生,m70664627,演员,"白敬亭, 赵今麦, 刘奕君, 刘涛, 黄觉"
27547952,张龄心,女,26665065,演员,是,37,26665065,琅琊榜之风起长林,电视剧,2017-12-18,中国大陆,2017,剧情/古装,有评分,8.4,210088,210088,1328,53330179,55095953,1175,戚夫人,m53330179,演员,"黄晓明, 刘昊然, 佟丽娅, 张慧雯, 梅婷"
27547952,张龄心,女,25754848,演员,是,9,25754848,琅琊榜,电视剧,2015-09-19,中国大陆,2015,剧情/古装,有评分,9.4,919060,919060,2939,51509745,55095953,1176,夏冬,m51509745,演员,"胡歌, 刘涛, 王凯, 陈龙, 黄维德"
27217254,刘涛,女,35613241,演员,是,6,35613241,县委大院,电视剧,2022-12-07,中国大陆,2022,剧情,有评分,6.8,109693,109693,864,71226531,54434557,1177,李唐,m71226531,演员,"胡歌, 吴越, 张新成, 黄磊, 李光洁"
27217254,刘涛,女,35332289,演员,是,4,35332289,开端,电视剧,2022-01-11,中国大陆,2022,剧情,有评分,7.9,968506,968506,2766,70664627,54434557,1178,杜局,m70664627,演员,"白敬亭, 赵今麦, 刘奕君, 刘涛, 黄觉"
27217254,刘涛,女,26743573,演员,是,1,26743573,欢乐颂2,电视剧,2017-05-11,中国大陆,2017,剧情/爱情,有评分,5.4,154450,154450,913,53487195,54434557,1179,安迪,m53487195,演员,"刘涛, 蒋欣, 王子文, 杨紫, 乔欣"
27217254,刘涛,女,26430092,演员,是,1,26430092,欢乐颂,电视剧,2016-04-18,中国大陆,2016,剧情/爱情,有评分,7.5,353514,353514,1628,52860233,54434557,1180,安迪,m52860233,演员,"刘涛, 蒋欣, 王子文, 杨紫, 乔欣"
27217254,刘涛,女,25754848,演员,是,2,25754848,琅琊榜,电视剧,2015-09-19,中国大陆,2015,剧情/古装,有评分,9.4,919060,919060,2939,51509745,54434557,1181,穆霓凰,m51509745,演员,"胡歌, 刘涛, 王凯, 陈龙, 黄维德"
27559770,朱朱,女,26759908,编剧,是,1,26759908,清平乐,电视剧,2020-04-07,中国大陆,2020,剧情/古装,有评分,6.4,173456,173456,1054,53519865,55119589,1182,,m53519865,编剧,"王凯, 江疏影, 任敏, 杨玏, 边程"
27559770,朱朱,女,26683725,编剧,是,1,26683725,外科风云,电视剧,2017-04-17,中国大陆,2017,剧情/爱情,有评分,7.3,94754,94754,832,53367499,55119589,1183,,m53367499,编剧,"靳东, 白百何, 李佳航, 马少骅, 蓝盈莹"
27559770,朱朱,女,26345137,编剧,是,2,26345137,如果蜗牛有爱情,电视剧,2016-10-24,中国大陆,2016,剧情/爱情/悬疑,有评分,7.2,105271,105271,871,52690323,55119589,1184,,m52690323,编剧,"王凯, 王子文, 徐悦, 于恒, 赵圆瑗"
27546068,穆丽燕,女,34792296,演员,是,24,34792296,欢迎光临,电视剧,2022-05-18,中国大陆,2022,剧情/喜剧/爱情,有评分,6.4,56516,56516,601,69584641,55092185,1185,段母,m69584641,演员,"黄轩, 白百何, 朱雨辰, 白宇帆, 丁嘉丽"
27546068,穆丽燕,女,33442331,演员,是,38,33442331,我是余欢水,电视剧,2020-04-06,中国大陆,2020,剧情,有评分,7.3,324953,324953,1540,66884711,55092185,1186,岳母,m66884711,演员,"郭京飞, 苗苗, 高露, 岳旸, 高叶"
27546068,穆丽燕,女,26928226,演员,否,999,26928226,知否知否应是绿肥红瘦,电视剧,2018-12-25,中国大陆,2018,剧情/爱情/古装,有评分,8.0,695224,695224,2358,53856501,55092185,1187,贺老太太,m53856501,演员,"赵丽颖, 冯绍峰, 朱一龙, 施诗, 张佳宁"
27546068,穆丽燕,女,26743573,演员,否,999,26743573,欢乐颂2,电视剧,2017-05-11,中国大陆,2017,剧情/爱情,有评分,5.4,154450,154450,913,53487195,55092185,1188,曲筱绡母亲,m53487195,演员,"刘涛, 蒋欣, 王子文, 杨紫, 乔欣"
27546068,穆丽燕,女,26683725,演员,是,72,26683725,外科风云,电视剧,2017-04-17,中国大陆,2017,剧情/爱情,有评分,7.3,94754,94754,832,53367499,55092185,1189,乔禾,m53367499,演员,"靳东, 白百何, 李佳航, 马少骅, 蓝盈莹"
27546068,穆丽燕,女,26430092,演员,是,20,26430092,欢乐颂,电视剧,2016-04-18,中国大陆,2016,剧情/爱情,有评分,7.5,353514,353514,1628,52860233,55092185,1190,曲母,m52860233,演员,"刘涛, 蒋欣, 王子文, 杨紫, 乔欣"
27546068,穆丽燕,女,26088457,演员,否,999,26088457,他来了，请闭眼,电视剧,2015-10-15,中国大陆,2015,剧情/悬疑,有评分,6.7,74395,74395,706,52176963,55092185,1191,薄靳言母亲,m52176963,演员,"霍建华, 马思纯, 张鲁一, 王凯, 尹正"
27549621,张晚意,男,34792295,演员,是,4,34792295,乔家的儿女,电视剧,2021-08-17,中国大陆,2021,剧情/家庭,有评分,7.7,235622,235622,1347,69584639,55099291,1192,乔二强,m69584639,演员,"白宇, 宋祖儿, 毛晓彤, 张晚意, 周翊然"
27500359,寇智国,男,34792298,演员,是,18,34792298,相逢时节,电视剧,2022-02-23,中国大陆,2022,剧情,有评分,4.9,33169,33169,403,69584645,55000767,1193,大眼,m69584645,演员,"雷佳音, 袁泉, 张艺兴, 贾乃亮, 罗海琼"
27480705,张俪,女,34792298,演员,是,16,34792298,相逢时节,电视剧,2022-02-23,中国大陆,2022,剧情,有评分,4.9,33169,33169,403,69584645,54961459,1194,罗一归,m69584645,演员,"雷佳音, 袁泉, 张艺兴, 贾乃亮, 罗海琼"
27546840,彭昱畅,男,27088993,演员,是,11,27088993,都挺好,电视剧,2019-03-01,中国大陆,2019,剧情/家庭,有评分,7.7,394106,394106,1742,54178035,55093729,1195,小蒙,m54178035,演员,"姚晨, 倪大红, 郭京飞, 杨祐宁, 李念"
27546840,彭昱畅,男,26671336,演员,是,2,26671336,得闲谨制,电影,2025-12-06,中国大陆,2025,剧情/战争,有评分,6.9,268554,268554,1361,53342721,55093729,1196,肖衍,m53342721,演员,"肖战, 彭昱畅, 周依然, 杨新鸣, 阿如那"
27518280,李易祥,男,35033654,演员,是,69,35033654,山海情,电视剧,2021-01-12,中国大陆,2021,剧情,有评分,9.2,481571,481571,2105,70067357,55036609,1197,春玲大,m70067357,演员,"黄轩, 张嘉益, 闫妮, 黄觉, 姚晨"
27484023,黄品沅,男,36189205,演员,否,999,36189205,凡人歌,电视剧,2024-08-31,中国大陆,2024,剧情/喜剧,有评分,7.7,77700,77700,773,72378459,54968095,1198,沈父,m72378459,演员,"殷桃, 王骁, 章若楠, 秦俊杰, 张哲华"
27558263,李雪婷,女,26430092,演员,是,36,26430092,欢乐颂,电视剧,2016-04-18,中国大陆,2016,剧情/爱情,有评分,7.5,353514,353514,1628,52860233,55116575,1199,阿关囡,m52860233,演员,"刘涛, 蒋欣, 王子文, 杨紫, 乔欣"
27500361,刘润萱,女,26088457,演员,否,999,26088457,他来了，请闭眼,电视剧,2015-10-15,中国大陆,2015,剧情/悬疑,有评分,6.7,74395,74395,706,52176963,55000771,1200,韩娟,m52176963,演员,"霍建华, 马思纯, 张鲁一, 王凯, 尹正"
27556957,刘姝辰,女,26928226,演员,否,999,26928226,知否知否应是绿肥红瘦,电视剧,2018-12-25,中国大陆,2018,剧情/爱情/古装,有评分,8.0,695224,695224,2358,53856501,55113963,1201,余方氏,m53856501,演员,"赵丽颖, 冯绍峰, 朱一龙, 施诗, 张佳宁"
27553758,吴弘,男,26928226,演员,否,999,26928226,知否知否应是绿肥红瘦,电视剧,2018-12-25,中国大陆,2018,剧情/爱情/古装,有评分,8.0,695224,695224,2358,53856501,55107565,1202,梁晗,m53856501,演员,"赵丽颖, 冯绍峰, 朱一龙, 施诗, 张佳宁"
27553785,杜双宇,男,30421903,演员,否,999,30421903,淬火年代,电视剧,2025-06-18,中国大陆,2025,剧情,有评分,7.0,21373,21373,387,60843855,55107619,1203,王西,m60843855,演员,"张新成, 宋祖儿, 王彦霖, 任程伟, 张月"
27551990,宋楚炎,男,30421903,演员,否,999,30421903,淬火年代,电视剧,2025-06-18,中国大陆,2025,剧情,有评分,7.0,21373,21373,387,60843855,55104029,1204,老许,m60843855,演员,"张新成, 宋祖儿, 王彦霖, 任程伟, 张月"
27547507,练练,女,35321446,演员,是,6,35321446,大江大河之岁月如歌,电视剧,2024-01-08,中国大陆,2024,剧情,有评分,8.0,72953,72953,764,70642941,55095063,1205,韦春红,m70642941,演员,"王凯, 杨烁, 董子健, 杨采钰, 张佳宁"
27547507,练练,女,34792298,演员,是,7,34792298,相逢时节,电视剧,2022-02-23,中国大陆,2022,剧情,有评分,4.9,33169,33169,403,69584645,55095063,1206,陈昕儿,m69584645,演员,"雷佳音, 袁泉, 张艺兴, 贾乃亮, 罗海琼"
27547507,练练,女,30423905,演员,是,7,30423905,大江大河2,电视剧,2020-12-20,中国大陆,2020,剧情/历史,有评分,8.7,208072,208072,1345,60847859,55095063,1207,韦春红,m60847859,演员,"王凯, 杨烁, 董子健, 杨采钰, 周放"
27547507,练练,女,30421903,演员,是,18,30421903,淬火年代,电视剧,2025-06-18,中国大陆,2025,剧情,有评分,7.0,21373,21373,387,60843855,55095063,1208,韦春红,m60843855,演员,"张新成, 宋祖儿, 王彦霖, 任程伟, 张月"
27547507,练练,女,26797690,演员,是,13,26797690,大江大河,电视剧,2018-12-10,中国大陆,2018,剧情,有评分,8.8,260126,260126,1513,53595429,55095063,1209,韦春红,m53595429,演员,"王凯, 杨烁, 杨烁, 董子健, 童瑶"
27552296,张新成,男,35613241,演员,是,3,35613241,县委大院,电视剧,2022-12-07,中国大陆,2022,剧情,有评分,6.8,109693,109693,864,71226531,55104641,1210,林志为,m71226531,演员,"胡歌, 吴越, 张新成, 黄磊, 李光洁"
27552296,张新成,男,30421903,演员,是,1,30421903,淬火年代,电视剧,2025-06-18,中国大陆,2025,剧情,有评分,7.0,21373,21373,387,60843855,55104641,1211,柳钧,m60843855,演员,"张新成, 宋祖儿, 王彦霖, 任程伟, 张月"
27484067,刘亭作,男,36571896,演员,是,11,36571896,命悬一生,电视剧,2025-10-11,中国大陆,2025,剧情/悬疑,有评分,7.7,85010,85010,809,73143841,54968183,1212,许青春,m73143841,演员,"黄轩, 李庚希, 张哲华, 白宇帆, 尹昉"
27484067,刘亭作,男,34792296,演员,是,41,34792296,欢迎光临,电视剧,2022-05-18,中国大陆,2022,剧情/喜剧/爱情,有评分,6.4,56516,56516,601,69584641,54968183,1213,马自达车主,m69584641,演员,"黄轩, 白百何, 朱雨辰, 白宇帆, 丁嘉丽"
27547034,陈洁怡,女,35332289,演员,是,42,35332289,开端,电视剧,2022-01-11,中国大陆,2022,剧情,有评分,7.9,968506,968506,2766,70664627,55094117,1214,王萌萌,m70664627,演员,"白敬亭, 赵今麦, 刘奕君, 刘涛, 黄觉"
27555572,王名扬,男,25870290,演员,是,39,25870290,温州两家人,电视剧,2015-11-26,中国大陆,2015,剧情,有评分,7.8,7118,7118,236,51740629,55111193,1215,林健林,m51740629,演员,"郭涛, 任程伟, 袁咏仪, 陈丽娜, 刘奕君"
27555572,王名扬,男,25754848,演员,否,999,25754848,琅琊榜,电视剧,2015-09-19,中国大陆,2015,剧情/古装,有评分,9.4,919060,919060,2939,51509745,55111193,1216,唐少使,m51509745,演员,"胡歌, 刘涛, 王凯, 陈龙, 黄维德"
27484211,宁文彤,男,35613241,演员,是,11,35613241,县委大院,电视剧,2022-12-07,中国大陆,2022,剧情,有评分,6.8,109693,109693,864,71226531,54968471,1217,李来有,m71226531,演员,"胡歌, 吴越, 张新成, 黄磊, 李光洁"
27484211,宁文彤,男,35321446,演员,否,999,35321446,大江大河之岁月如歌,电视剧,2024-01-08,中国大陆,2024,剧情,有评分,8.0,72953,72953,764,70642941,54968471,1218,齐卫革,m70642941,演员,"王凯, 杨烁, 董子健, 杨采钰, 张佳宁"
27484211,宁文彤,男,34792296,演员,是,40,34792296,欢迎光临,电视剧,2022-05-18,中国大陆,2022,剧情/喜剧/爱情,有评分,6.4,56516,56516,601,69584641,54968471,1219,超哥,m69584641,演员,"黄轩, 白百何, 朱雨辰, 白宇帆, 丁嘉丽"
27484211,宁文彤,男,33442331,演员,是,9,33442331,我是余欢水,电视剧,2020-04-06,中国大陆,2020,剧情,有评分,7.3,324953,324953,1540,66884711,54968471,1220,白副主任,m66884711,演员,"郭京飞, 苗苗, 高露, 岳旸, 高叶"
27484211,宁文彤,男,26928226,演员,是,46,26928226,知否知否应是绿肥红瘦,电视剧,2018-12-25,中国大陆,2018,剧情/爱情/古装,有评分,8.0,695224,695224,2358,53856501,54968471,1221,邕王,m53856501,演员,"赵丽颖, 冯绍峰, 朱一龙, 施诗, 张佳宁"
27484211,宁文彤,男,26743573,演员,是,20,26743573,欢乐颂2,电视剧,2017-05-11,中国大陆,2017,剧情/爱情,有评分,5.4,154450,154450,913,53487195,54968471,1222,,m53487195,演员,"刘涛, 蒋欣, 王子文, 杨紫, 乔欣"
27484211,宁文彤,男,26683725,演员,是,40,26683725,外科风云,电视剧,2017-04-17,中国大陆,2017,剧情/爱情,有评分,7.3,94754,94754,832,53367499,54968471,1223,应志南,m53367499,演员,"靳东, 白百何, 李佳航, 马少骅, 蓝盈莹"
27484211,宁文彤,男,26430092,演员,是,15,26430092,欢乐颂,电视剧,2016-04-18,中国大陆,2016,剧情/爱情,有评分,7.5,353514,353514,1628,52860233,54968471,1224,严吕明,m52860233,演员,"刘涛, 蒋欣, 王子文, 杨紫, 乔欣"
27484211,宁文彤,男,25754848,演员,是,23,25754848,琅琊榜,电视剧,2015-09-19,中国大陆,2015,剧情/古装,有评分,9.4,919060,919060,2939,51509745,54968471,1225,纪王,m51509745,演员,"胡歌, 刘涛, 王凯, 陈龙, 黄维德"
27547578,刘向京,男,26683725,演员,是,37,26683725,外科风云,电视剧,2017-04-17,中国大陆,2017,剧情/爱情,有评分,7.3,94754,94754,832,53367499,55095205,1226,李主任,m53367499,演员,"靳东, 白百何, 李佳航, 马少骅, 蓝盈莹"
27559782,刘杰毅,男,34792295,演员,是,47,34792295,乔家的儿女,电视剧,2021-08-17,中国大陆,2021,剧情/家庭,有评分,7.7,235622,235622,1347,69584639,55119613,1227,刘强,m69584639,演员,"白宇, 宋祖儿, 毛晓彤, 张晚意, 周翊然"
27482653,王东,男,27088993,演员,是,10,27088993,都挺好,电视剧,2019-03-01,中国大陆,2019,剧情/家庭,有评分,7.7,394106,394106,1742,54178035,54965355,1228,柳青,m54178035,演员,"姚晨, 倪大红, 郭京飞, 杨祐宁, 李念"
27558008,宿宇杰,男,26345137,演员,否,999,26345137,如果蜗牛有爱情,电视剧,2016-10-24,中国大陆,2016,剧情/爱情/悬疑,有评分,7.2,105271,105271,871,52690323,55116065,1229,周成博,m52690323,演员,"王凯, 王子文, 徐悦, 于恒, 赵圆瑗"
27481692,梁冠华,男,34792298,演员,是,6,34792298,相逢时节,电视剧,2022-02-23,中国大陆,2022,剧情,有评分,4.9,33169,33169,403,69584645,54963433,1230,张立新,m69584645,演员,"雷佳音, 袁泉, 张艺兴, 贾乃亮, 罗海琼"
27213092,廖凡,男,26671336,演员,是,11,26671336,得闲谨制,电影,2025-12-06,中国大陆,2025,剧情/战争,有评分,6.9,268554,268554,1361,53342721,54426233,1231,山童,m53342721,演员,"肖战, 彭昱畅, 周依然, 杨新鸣, 阿如那"
27502710,林栋甫,男,35321446,演员,否,999,35321446,大江大河之岁月如歌,电视剧,2024-01-08,中国大陆,2024,剧情,有评分,8.0,72953,72953,764,70642941,55005469,1232,梁外公,m70642941,演员,"王凯, 杨烁, 董子健, 杨采钰, 张佳宁"
27502710,林栋甫,男,30423905,演员,是,52,30423905,大江大河2,电视剧,2020-12-20,中国大陆,2020,剧情/历史,有评分,8.7,208072,208072,1345,60847859,55005469,1233,梁外公,m60847859,演员,"王凯, 杨烁, 董子健, 杨采钰, 周放"
27498648,张雯,女,34792296,演员,是,14,34792296,欢迎光临,电视剧,2022-05-18,中国大陆,2022,剧情/喜剧/爱情,有评分,6.4,56516,56516,601,69584641,54997345,1234,郭玥,m69584641,演员,"黄轩, 白百何, 朱雨辰, 白宇帆, 丁嘉丽"
27483191,陆玲,女,26743573,演员,否,999,26743573,欢乐颂2,电视剧,2017-05-11,中国大陆,2017,剧情/爱情,有评分,5.4,154450,154450,913,53487195,54966431,1235,,m53487195,演员,"刘涛, 蒋欣, 王子文, 杨紫, 乔欣"
27504244,雷汉,男,26779426,演员,否,999,26779426,欢乐颂3,电视剧,2022-08-11,中国大陆,2022,剧情/爱情,有评分,4.9,41716,41716,452,53558901,55008537,1236,余初晖父亲,m53558901,演员,"江疏影, 杨采钰, 张佳宁, 张慧雯, 李浩菲"
27487448,姬晨牧,男,36189205,演员,否,999,36189205,凡人歌,电视剧,2024-08-31,中国大陆,2024,剧情/喜剧,有评分,7.7,77700,77700,773,72378459,54974945,1237,李晓悦公司总监,m72378459,演员,"殷桃, 王骁, 章若楠, 秦俊杰, 张哲华"
27487448,姬晨牧,男,26779426,演员,否,999,26779426,欢乐颂3,电视剧,2022-08-11,中国大陆,2022,剧情/爱情,有评分,4.9,41716,41716,452,53558901,54974945,1238,何悯鸿父亲,m53558901,演员,"江疏影, 杨采钰, 张佳宁, 张慧雯, 李浩菲"
27554881,李浩菲,女,26779426,演员,是,5,26779426,欢乐颂3,电视剧,2022-08-11,中国大陆,2022,剧情/爱情,有评分,4.9,41716,41716,452,53558901,55109811,1239,余初晖,m53558901,演员,"江疏影, 杨采钰, 张佳宁, 张慧雯, 李浩菲"
27487918,周思羽,男,36571896,演员,是,19,36571896,命悬一生,电视剧,2025-10-11,中国大陆,2025,剧情/悬疑,有评分,7.7,85010,85010,809,73143841,54975885,1240,福昌,m73143841,演员,"黄轩, 李庚希, 张哲华, 白宇帆, 尹昉"
27487918,周思羽,男,26671336,演员,是,7,26671336,得闲谨制,电影,2025-12-06,中国大陆,2025,剧情/战争,有评分,6.9,268554,268554,1361,53342721,54975885,1241,康灵宝,m53342721,演员,"肖战, 彭昱畅, 周依然, 杨新鸣, 阿如那"
27483822,马岩,男,36534750,演员,否,999,36534750,小巷人家,电视剧,2024-10-28,中国大陆,2024,剧情/家庭,有评分,8.4,287902,287902,1555,73069549,54967693,1242,向东,m73069549,演员,"闫妮, 李光洁, 郭晓东, 蒋欣, 范丞丞"
27483822,马岩,男,26928226,演员,否,999,26928226,知否知否应是绿肥红瘦,电视剧,2018-12-25,中国大陆,2018,剧情/爱情/古装,有评分,8.0,695224,695224,2358,53856501,54967693,1243,王舅父,m53856501,演员,"赵丽颖, 冯绍峰, 朱一龙, 施诗, 张佳宁"
27483822,马岩,男,26759908,演员,否,999,26759908,清平乐,电视剧,2020-04-07,中国大陆,2020,剧情/古装,有评分,6.4,173456,173456,1054,53519865,54967693,1244,贾昌朝,m53519865,演员,"王凯, 江疏影, 任敏, 杨玏, 边程"
27482870,杨雨婷,女,26928226,演员,否,999,26928226,知否知否应是绿肥红瘦,电视剧,2018-12-25,中国大陆,2018,剧情/爱情/古装,有评分,8.0,695224,695224,2358,53856501,54965789,1245,荣妃,m53856501,演员,"赵丽颖, 冯绍峰, 朱一龙, 施诗, 张佳宁"
27482870,杨雨婷,女,25754848,演员,是,24,25754848,琅琊榜,电视剧,2015-09-19,中国大陆,2015,剧情/古装,有评分,9.4,919060,919060,2939,51509745,54965789,1246,越贵妃,m51509745,演员,"胡歌, 刘涛, 王凯, 陈龙, 黄维德"
27493459,毕彦君,男,34792296,演员,是,12,34792296,欢迎光临,电视剧,2022-05-18,中国大陆,2022,剧情/喜剧/爱情,有评分,6.4,56516,56516,601,69584641,54986967,1247,杨守义,m69584641,演员,"黄轩, 白百何, 朱雨辰, 白宇帆, 丁嘉丽"
27493459,毕彦君,男,26683725,演员,是,33,26683725,外科风云,电视剧,2017-04-17,中国大陆,2017,剧情/爱情,有评分,7.3,94754,94754,832,53367499,54986967,1248,梁思进,m53367499,演员,"靳东, 白百何, 李佳航, 马少骅, 蓝盈莹"
27493459,毕彦君,男,26665065,演员,是,8,26665065,琅琊榜之风起长林,电视剧,2017-12-18,中国大陆,2017,剧情/古装,有评分,8.4,210088,210088,1328,53330179,54986967,1249,荀白水,m53330179,演员,"黄晓明, 刘昊然, 佟丽娅, 张慧雯, 梅婷"
27550733,范湉湉,女,33442331,演员,是,18,33442331,我是余欢水,电视剧,2020-04-06,中国大陆,2020,剧情,有评分,7.3,324953,324953,1540,66884711,55101515,1250,中年妇女,m66884711,演员,"郭京飞, 苗苗, 高露, 岳旸, 高叶"
27487192,黄杨钿甜,女,26665065,演员,否,999,26665065,琅琊榜之风起长林,电视剧,2017-12-18,中国大陆,2017,剧情/古装,有评分,8.4,210088,210088,1328,53330179,54974433,1251,童年林奚,m53330179,演员,"黄晓明, 刘昊然, 佟丽娅, 张慧雯, 梅婷"
27484365,胡先煦,男,26665065,演员,是,16,26665065,琅琊榜之风起长林,电视剧,2017-12-18,中国大陆,2017,剧情/古装,有评分,8.4,210088,210088,1328,53330179,54968779,1252,萧元时,m53330179,演员,"黄晓明, 刘昊然, 佟丽娅, 张慧雯, 梅婷"
27554176,杨一威,男,35613241,演员,否,999,35613241,县委大院,电视剧,2022-12-07,中国大陆,2022,剧情,有评分,6.8,109693,109693,864,71226531,55108401,1253,郝东风堂哥,m71226531,演员,"胡歌, 吴越, 张新成, 黄磊, 李光洁"
27499089,周小镔,男,25870290,演员,是,30,25870290,温州两家人,电视剧,2015-11-26,中国大陆,2015,剧情,有评分,7.8,7118,7118,236,51740629,54998227,1254,阿斌,m51740629,演员,"郭涛, 任程伟, 袁咏仪, 陈丽娜, 刘奕君"
27547806,王星瀚,男,36189205,演员,否,999,36189205,凡人歌,电视剧,2024-08-31,中国大陆,2024,剧情/喜剧,有评分,7.7,77700,77700,773,72378459,55095661,1255,安全副总,m72378459,演员,"殷桃, 王骁, 章若楠, 秦俊杰, 张哲华"
27560238,蔡纲,男,27088993,演员,否,999,27088993,都挺好,电视剧,2019-03-01,中国大陆,2019,剧情/家庭,有评分,7.7,394106,394106,1742,54178035,55120525,1259,张总,m54178035,演员,"姚晨, 倪大红, 郭京飞, 杨祐宁, 李念"
27560238,蔡纲,男,26743573,演员,否,999,26743573,欢乐颂2,电视剧,2017-05-11,中国大陆,2017,剧情/爱情,有评分,5.4,154450,154450,913,53487195,55120525,1260,,m53487195,演员,"刘涛, 蒋欣, 王子文, 杨紫, 乔欣"
27548401,胡晴云,女,26928226,演员,否,999,26928226,知否知否应是绿肥红瘦,电视剧,2018-12-25,中国大陆,2018,剧情/爱情/古装,有评分,8.0,695224,695224,2358,53856501,55096851,1261,国公夫人,m53856501,演员,"赵丽颖, 冯绍峰, 朱一龙, 施诗, 张佳宁"
27488025,沈驰,男,26928226,演员,否,999,26928226,知否知否应是绿肥红瘦,电视剧,2018-12-25,中国大陆,2018,剧情/爱情/古装,有评分,8.0,695224,695224,2358,53856501,54976099,1262,石头,m53856501,演员,"赵丽颖, 冯绍峰, 朱一龙, 施诗, 张佳宁"
27559767,米特,男,26928226,演员,否,999,26928226,知否知否应是绿肥红瘦,电视剧,2018-12-25,中国大陆,2018,剧情/爱情/古装,有评分,8.0,695224,695224,2358,53856501,55119583,1263,段成泳,m53856501,演员,"赵丽颖, 冯绍峰, 朱一龙, 施诗, 张佳宁"
27559767,米特,男,26345137,演员,是,17,26345137,如果蜗牛有爱情,电视剧,2016-10-24,中国大陆,2016,剧情/爱情/悬疑,有评分,7.2,105271,105271,871,52690323,55119583,1264,大胡,m52690323,演员,"王凯, 王子文, 徐悦, 于恒, 赵圆瑗"
27558179,袁媛,女,26928226,演员,否,999,26928226,知否知否应是绿肥红瘦,电视剧,2018-12-25,中国大陆,2018,剧情/爱情/古装,有评分,8.0,695224,695224,2358,53856501,55116407,1265,朱楼,m53856501,演员,"赵丽颖, 冯绍峰, 朱一龙, 施诗, 张佳宁"
27484569,赵淑珍,女,26928226,演员,否,999,26928226,知否知否应是绿肥红瘦,电视剧,2018-12-25,中国大陆,2018,剧情/爱情/古装,有评分,8.0,695224,695224,2358,53856501,54969187,1266,王老太太,m53856501,演员,"赵丽颖, 冯绍峰, 朱一龙, 施诗, 张佳宁"
27483468,朱一龙,男,26928226,演员,是,3,26928226,知否知否应是绿肥红瘦,电视剧,2018-12-25,中国大陆,2018,剧情/爱情/古装,有评分,8.0,695224,695224,2358,53856501,54966985,1267,齐衡,m53856501,演员,"赵丽颖, 冯绍峰, 朱一龙, 施诗, 张佳宁"
27503862,于小琬,女,26759908,演员,否,999,26759908,清平乐,电视剧,2020-04-07,中国大陆,2020,剧情/古装,有评分,6.4,173456,173456,1054,53519865,55007773,1268,冯娘子,m53519865,演员,"王凯, 江疏影, 任敏, 杨玏, 边程"
27555494,陈伟栋,男,26759908,演员,是,17,26759908,清平乐,电视剧,2020-04-07,中国大陆,2020,剧情/古装,有评分,6.4,173456,173456,1054,53519865,55111037,1269,文彦博,m53519865,演员,"王凯, 江疏影, 任敏, 杨玏, 边程"
27541400,周奇奇,女,25754848,演员,是,11,25754848,琅琊榜,电视剧,2015-09-19,中国大陆,2015,剧情/古装,有评分,9.4,919060,919060,2939,51509745,55082849,1270,宫羽,m51509745,演员,"胡歌, 刘涛, 王凯, 陈龙, 黄维德"
27483045,肖显鹏,男,34792295,演员,是,76,34792295,乔家的儿女,电视剧,2021-08-17,中国大陆,2021,剧情/家庭,有评分,7.7,235622,235622,1347,69584639,54966139,1272,马素芹男人,m69584639,演员,"白宇, 宋祖儿, 毛晓彤, 张晚意, 周翊然"
27547913,赵彦民,男,27088993,演员,是,17,27088993,都挺好,电视剧,2019-03-01,中国大陆,2019,剧情/家庭,有评分,7.7,394106,394106,1742,54178035,55095875,1273,聂来金,m54178035,演员,"姚晨, 倪大红, 郭京飞, 杨祐宁, 李念"
27256921,杨祐宁,男,27088993,演员,是,4,27088993,都挺好,电视剧,2019-03-01,中国大陆,2019,剧情/家庭,有评分,7.7,394106,394106,1742,54178035,54513891,1274,石天冬,m54178035,演员,"姚晨, 倪大红, 郭京飞, 杨祐宁, 李念"
27495157,孙淳,男,35613241,演员,是,16,35613241,县委大院,电视剧,2022-12-07,中国大陆,2022,剧情,有评分,6.8,109693,109693,864,71226531,54990363,1276,周良顺,m71226531,演员,"胡歌, 吴越, 张新成, 黄磊, 李光洁"
27495157,孙淳,男,26665065,演员,是,9,26665065,琅琊榜之风起长林,电视剧,2017-12-18,中国大陆,2017,剧情/古装,有评分,8.4,210088,210088,1328,53330179,54990363,1277,萧庭生,m53330179,演员,"黄晓明, 刘昊然, 佟丽娅, 张慧雯, 梅婷"
27502878,肖战,男,26671336,演员,是,1,26671336,得闲谨制,电影,2025-12-06,中国大陆,2025,剧情/战争,有评分,6.9,268554,268554,1361,53342721,55005805,1278,莫得闲,m53342721,演员,"肖战, 彭昱畅, 周依然, 杨新鸣, 阿如那"
27554145,原宁,男,34792296,演员,是,79,34792296,欢迎光临,电视剧,2022-05-18,中国大陆,2022,剧情/喜剧/爱情,有评分,6.4,56516,56516,601,69584641,55108339,1279,下棋大爷,m69584641,演员,"黄轩, 白百何, 朱雨辰, 白宇帆, 丁嘉丽"
27495304,袁文康,男,34792296,演员,是,23,34792296,欢迎光临,电视剧,2022-05-18,中国大陆,2022,剧情/喜剧/爱情,有评分,6.4,56516,56516,601,69584641,54990657,1280,段总,m69584641,演员,"黄轩, 白百何, 朱雨辰, 白宇帆, 丁嘉丽"
27485537,李晓川,男,35033654,演员,是,28,35033654,山海情,电视剧,2021-01-12,中国大陆,2021,剧情,有评分,9.2,481571,481571,2105,70067357,54971123,1281,痳副县长,m70067357,演员,"黄轩, 张嘉益, 闫妮, 黄觉, 姚晨"
27480378,闫妮,女,36534750,演员,是,1,36534750,小巷人家,电视剧,2024-10-28,中国大陆,2024,剧情/家庭,有评分,8.4,287902,287902,1555,73069549,54960805,1282,黄玲,m73069549,演员,"闫妮, 李光洁, 郭晓东, 蒋欣, 范丞丞"
27480378,闫妮,女,35033654,演员,是,3,35033654,山海情,电视剧,2021-01-12,中国大陆,2021,剧情,有评分,9.2,481571,481571,2105,70067357,54960805,1283,杨县长,m70067357,演员,"黄轩, 张嘉益, 闫妮, 黄觉, 姚晨"
27558277,华明伟,男,25870290,演员,是,38,25870290,温州两家人,电视剧,2015-11-26,中国大陆,2015,剧情,有评分,7.8,7118,7118,236,51740629,55116603,1284,张教授,m51740629,演员,"郭涛, 任程伟, 袁咏仪, 陈丽娜, 刘奕君"
27483689,赵芮,女,30423905,演员,是,44,30423905,大江大河2,电视剧,2020-12-20,中国大陆,2020,剧情/历史,有评分,8.7,208072,208072,1345,60847859,54967427,1285,刘芳,m60847859,演员,"王凯, 杨烁, 董子健, 杨采钰, 周放"
27554056,曲昱曈,男,26088457,演员,否,999,26088457,他来了，请闭眼,电视剧,2015-10-15,中国大陆,2015,剧情/悬疑,有评分,6.7,74395,74395,706,52176963,55108161,1286,阮明淮,m52176963,演员,"霍建华, 马思纯, 张鲁一, 王凯, 尹正"
27548382,崔心心,女,26088457,演员,是,13,26088457,他来了，请闭眼,电视剧,2015-10-15,中国大陆,2015,剧情/悬疑,有评分,6.7,74395,74395,706,52176963,55096813,1287,韩雨蒙,m52176963,演员,"霍建华, 马思纯, 张鲁一, 王凯, 尹正"
27484182,李宝安,男,35613241,演员,否,999,35613241,县委大院,电视剧,2022-12-07,中国大陆,2022,剧情,有评分,6.8,109693,109693,864,71226531,54968413,1288,肖俊学父亲,m71226531,演员,"胡歌, 吴越, 张新成, 黄磊, 李光洁"
27484182,李宝安,男,35321446,演员,否,999,35321446,大江大河之岁月如歌,电视剧,2024-01-08,中国大陆,2024,剧情,有评分,8.0,72953,72953,764,70642941,54968413,1289,宋季山,m70642941,演员,"王凯, 杨烁, 董子健, 杨采钰, 张佳宁"
27484182,李宝安,男,30423905,演员,是,19,30423905,大江大河2,电视剧,2020-12-20,中国大陆,2020,剧情/历史,有评分,8.7,208072,208072,1345,60847859,54968413,1290,宋季山,m60847859,演员,"王凯, 杨烁, 董子健, 杨采钰, 周放"
27484182,李宝安,男,26928226,演员,否,999,26928226,知否知否应是绿肥红瘦,电视剧,2018-12-25,中国大陆,2018,剧情/爱情/古装,有评分,8.0,695224,695224,2358,53856501,54968413,1291,刘知州,m53856501,演员,"赵丽颖, 冯绍峰, 朱一龙, 施诗, 张佳宁"
27484182,李宝安,男,26797690,演员,是,17,26797690,大江大河,电视剧,2018-12-10,中国大陆,2018,剧情,有评分,8.8,260126,260126,1513,53595429,54968413,1292,宋季山,m53595429,演员,"王凯, 杨烁, 杨烁, 董子健, 童瑶"
27502789,孙鹏滨,男,30421903,演员,否,999,30421903,淬火年代,电视剧,2025-06-18,中国大陆,2025,剧情,有评分,7.0,21373,21373,387,60843855,55005627,1293,徐主任,m60843855,演员,"张新成, 宋祖儿, 王彦霖, 任程伟, 张月"
27499292,佟悦,男,35613241,演员,是,13,35613241,县委大院,电视剧,2022-12-07,中国大陆,2022,剧情,有评分,6.8,109693,109693,864,71226531,54998633,1294,范太平,m71226531,演员,"胡歌, 吴越, 张新成, 黄磊, 李光洁"
27499292,佟悦,男,35321446,演员,否,999,35321446,大江大河之岁月如歌,电视剧,2024-01-08,中国大陆,2024,剧情,有评分,8.0,72953,72953,764,70642941,54998633,1295,孙青山,m70642941,演员,"王凯, 杨烁, 董子健, 杨采钰, 张佳宁"
27499292,佟悦,男,26779426,演员,否,999,26779426,欢乐颂3,电视剧,2022-08-11,中国大陆,2022,剧情/爱情,有评分,4.9,41716,41716,452,53558901,54998633,1296,,m53558901,演员,"江疏影, 杨采钰, 张佳宁, 张慧雯, 李浩菲"
27557969,王禹铮,男,36571896,演员,否,999,36571896,命悬一生,电视剧,2025-10-11,中国大陆,2025,剧情/悬疑,有评分,7.7,85010,85010,809,73143841,55115987,1297,工友王哥,m73143841,演员,"黄轩, 李庚希, 张哲华, 白宇帆, 尹昉"
27557969,王禹铮,男,35321446,演员,否,999,35321446,大江大河之岁月如歌,电视剧,2024-01-08,中国大陆,2024,剧情,有评分,8.0,72953,72953,764,70642941,55115987,1298,沈科长,m70642941,演员,"王凯, 杨烁, 董子健, 杨采钰, 张佳宁"
27557969,王禹铮,男,33442331,演员,是,27,33442331,我是余欢水,电视剧,2020-04-06,中国大陆,2020,剧情,有评分,7.3,324953,324953,1540,66884711,55115987,1299,工头,m66884711,演员,"郭京飞, 苗苗, 高露, 岳旸, 高叶"
27557969,王禹铮,男,26665065,演员,否,999,26665065,琅琊榜之风起长林,电视剧,2017-12-18,中国大陆,2017,剧情/古装,有评分,8.4,210088,210088,1328,53330179,55115987,1300,阿泰,m53330179,演员,"黄晓明, 刘昊然, 佟丽娅, 张慧雯, 梅婷"
27557969,王禹铮,男,26430092,演员,否,999,26430092,欢乐颂,电视剧,2016-04-18,中国大陆,2016,剧情/爱情,有评分,7.5,353514,353514,1628,52860233,55115987,1301,奇点同事甲,m52860233,演员,"刘涛, 蒋欣, 王子文, 杨紫, 乔欣"
27557969,王禹铮,男,26345137,演员,是,15,26345137,如果蜗牛有爱情,电视剧,2016-10-24,中国大陆,2016,剧情/爱情/悬疑,有评分,7.2,105271,105271,871,52690323,55115987,1302,老李,m52690323,演员,"王凯, 王子文, 徐悦, 于恒, 赵圆瑗"
27557969,王禹铮,男,25870290,演员,是,21,25870290,温州两家人,电视剧,2015-11-26,中国大陆,2015,剧情,有评分,7.8,7118,7118,236,51740629,55115987,1303,许瓯平,m51740629,演员,"郭涛, 任程伟, 袁咏仪, 陈丽娜, 刘奕君"
27484989,张开宙,男,36534750,导演,是,1,36534750,小巷人家,电视剧,2024-10-28,中国大陆,2024,剧情/家庭,有评分,8.4,287902,287902,1555,73069549,54970027,1304,,m73069549,导演,"闫妮, 李光洁, 郭晓东, 蒋欣, 范丞丞"
27484989,张开宙,男,35588265,导演,是,1,35588265,樱桃琥珀,电视剧,2025-07-14,中国大陆,2025,剧情/爱情,有评分,5.7,38891,38891,471,71176579,54970027,1305,,m71176579,导演,"赵今麦, 张凌赫, 董洁, 保剑锋, 董璇"
27484989,张开宙,男,34792295,导演,是,1,34792295,乔家的儿女,电视剧,2021-08-17,中国大陆,2021,剧情/家庭,有评分,7.7,235622,235622,1347,69584639,54970027,1306,,m69584639,导演,"白宇, 宋祖儿, 毛晓彤, 张晚意, 周翊然"
27484989,张开宙,男,26928226,导演,是,1,26928226,知否知否应是绿肥红瘦,电视剧,2018-12-25,中国大陆,2018,剧情/爱情/古装,有评分,8.0,695224,695224,2358,53856501,54970027,1307,,m53856501,导演,"赵丽颖, 冯绍峰, 朱一龙, 施诗, 张佳宁"
27484989,张开宙,男,26759908,导演,是,1,26759908,清平乐,电视剧,2020-04-07,中国大陆,2020,剧情/古装,有评分,6.4,173456,173456,1054,53519865,54970027,1308,,m53519865,导演,"王凯, 江疏影, 任敏, 杨玏, 边程"
27484989,张开宙,男,26743573,导演,是,2,26743573,欢乐颂2,电视剧,2017-05-11,中国大陆,2017,剧情/爱情,有评分,5.4,154450,154450,913,53487195,54970027,1309,,m53487195,导演,"刘涛, 蒋欣, 王子文, 杨紫, 乔欣"
27484989,张开宙,男,26345137,导演,是,1,26345137,如果蜗牛有爱情,电视剧,2016-10-24,中国大陆,2016,剧情/爱情/悬疑,有评分,7.2,105271,105271,871,52690323,54970027,1310,,m52690323,导演,"王凯, 王子文, 徐悦, 于恒, 赵圆瑗"
27484989,张开宙,男,26088457,导演,是,1,26088457,他来了，请闭眼,电视剧,2015-10-15,中国大陆,2015,剧情/悬疑,有评分,6.7,74395,74395,706,52176963,54970027,1311,,m52176963,导演,"霍建华, 马思纯, 张鲁一, 王凯, 尹正"
27484964,蒋林燕,女,27088993,演员,否,999,27088993,都挺好,电视剧,2019-03-01,中国大陆,2019,剧情/家庭,有评分,7.7,394106,394106,1742,54178035,54969977,1313,彩票店老板娘,m54178035,演员,"姚晨, 倪大红, 郭京飞, 杨祐宁, 李念"
27484964,蒋林燕,女,25754848,演员,是,53,25754848,琅琊榜,电视剧,2015-09-19,中国大陆,2015,剧情/古装,有评分,9.4,919060,919060,2939,51509745,54969977,1314,誉王妃,m51509745,演员,"胡歌, 刘涛, 王凯, 陈龙, 黄维德"
27546749,赵一龙,男,25754848,演员,是,33,25754848,琅琊榜,电视剧,2015-09-19,中国大陆,2015,剧情/古装,有评分,9.4,919060,919060,2939,51509745,55093547,1315,甄平,m51509745,演员,"胡歌, 刘涛, 王凯, 陈龙, 黄维德"
27482701,王鸥,女,25994712,演员,是,7,25994712,伪装者,电视剧,2015-08-31,中国大陆,2015,剧情/悬疑,有评分,8.6,382758,382758,1814,51989473,54965451,1316,汪曼春,m51989473,演员,"胡歌, 靳东, 刘敏涛, 王凯, 宋轶"
27482701,王鸥,女,25754848,演员,是,10,25754848,琅琊榜,电视剧,2015-09-19,中国大陆,2015,剧情/古装,有评分,9.4,919060,919060,2939,51509745,54965451,1317,秦般若,m51509745,演员,"胡歌, 刘涛, 王凯, 陈龙, 黄维德"
27232185,柯蓝,女,26683725,演员,是,28,26683725,外科风云,电视剧,2017-04-17,中国大陆,2017,剧情/爱情,有评分,7.3,94754,94754,832,53367499,54464419,1318,郑燕华,m53367499,演员,"靳东, 白百何, 李佳航, 马少骅, 蓝盈莹"
27504291,王澜,女,34792295,演员,是,19,34792295,乔家的儿女,电视剧,2021-08-17,中国大陆,2021,剧情/家庭,有评分,7.7,235622,235622,1347,69584639,55008631,1327,曲阿英,m69584639,演员,"白宇, 宋祖儿, 毛晓彤, 张晚意, 周翊然"
27548834,赵圆瑗,女,26345137,演员,是,5,26345137,如果蜗牛有爱情,电视剧,2016-10-24,中国大陆,2016,剧情/爱情/悬疑,有评分,7.2,105271,105271,871,52690323,55097717,1329,叶梓夕,m52690323,演员,"王凯, 王子文, 徐悦, 于恒, 赵圆瑗"
27484769,淮文,男,36534750,演员,否,999,36534750,小巷人家,电视剧,2024-10-28,中国大陆,2024,剧情/家庭,有评分,8.4,287902,287902,1555,73069549,54969587,1330,刘健,m73069549,演员,"闫妮, 李光洁, 郭晓东, 蒋欣, 范丞丞"
27554712,王鲁,男,36534750,演员,否,999,36534750,小巷人家,电视剧,2024-10-28,中国大陆,2024,剧情/家庭,有评分,8.4,287902,287902,1555,73069549,55109473,1331,科员乙,m73069549,演员,"闫妮, 李光洁, 郭晓东, 蒋欣, 范丞丞"
27484659,王岗,男,26665065,演员,否,999,26665065,琅琊榜之风起长林,电视剧,2017-12-18,中国大陆,2017,剧情/古装,有评分,8.4,210088,210088,1328,53330179,54969367,1332,齐勋,m53330179,演员,"黄晓明, 刘昊然, 佟丽娅, 张慧雯, 梅婷"
27216195,袁泉,女,34792298,演员,是,2,34792298,相逢时节,电视剧,2022-02-23,中国大陆,2022,剧情,有评分,4.9,33169,33169,403,69584645,54432439,1333,宁宥,m69584645,演员,"雷佳音, 袁泉, 张艺兴, 贾乃亮, 罗海琼"
27481167,热依扎,女,35033654,演员,是,8,35033654,山海情,电视剧,2021-01-12,中国大陆,2021,剧情,有评分,9.2,481571,481571,2105,70067357,54962383,1335,李水花,m70067357,演员,"黄轩, 张嘉益, 闫妮, 黄觉, 姚晨"
27504141,殷桃,女,36189205,演员,是,1,36189205,凡人歌,电视剧,2024-08-31,中国大陆,2024,剧情/喜剧,有评分,7.7,77700,77700,773,72378459,55008331,1336,沈琳,m72378459,演员,"殷桃, 王骁, 章若楠, 秦俊杰, 张哲华"
27481755,赵阳,男,30423905,演员,是,17,30423905,大江大河2,电视剧,2020-12-20,中国大陆,2020,剧情/历史,有评分,8.7,208072,208072,1345,60847859,54963559,1337,虞山卿,m60847859,演员,"王凯, 杨烁, 董子健, 杨采钰, 周放"
27481755,赵阳,男,26797690,演员,是,10,26797690,大江大河,电视剧,2018-12-10,中国大陆,2018,剧情,有评分,8.8,260126,260126,1513,53595429,54963559,1338,虞山卿,m53595429,演员,"王凯, 杨烁, 杨烁, 董子健, 童瑶"
27484772,袁子弹,女,34792296,编剧,是,1,34792296,欢迎光临,电视剧,2022-05-18,中国大陆,2022,剧情/喜剧/爱情,有评分,6.4,56516,56516,601,69584641,54969593,1339,,m69584641,编剧,"黄轩, 白百何, 朱雨辰, 白宇帆, 丁嘉丽"
27484772,袁子弹,女,26743573,编剧,是,1,26743573,欢乐颂2,电视剧,2017-05-11,中国大陆,2017,剧情/爱情,有评分,5.4,154450,154450,913,53487195,54969593,1340,,m53487195,编剧,"刘涛, 蒋欣, 王子文, 杨紫, 乔欣"
27484772,袁子弹,女,26430092,编剧,是,1,26430092,欢乐颂,电视剧,2016-04-18,中国大陆,2016,剧情/爱情,有评分,7.5,353514,353514,1628,52860233,54969593,1341,,m52860233,编剧,"刘涛, 蒋欣, 王子文, 杨紫, 乔欣"
27480492,朱雨辰,男,35613241,演员,是,17,35613241,县委大院,电视剧,2022-12-07,中国大陆,2022,剧情,有评分,6.8,109693,109693,864,71226531,54961033,1342,郑三,m71226531,演员,"胡歌, 吴越, 张新成, 黄磊, 李光洁"
27480492,朱雨辰,男,34792296,演员,是,3,34792296,欢迎光临,电视剧,2022-05-18,中国大陆,2022,剧情/喜剧/爱情,有评分,6.4,56516,56516,601,69584641,54961033,1343,王牛郎,m69584641,演员,"黄轩, 白百何, 朱雨辰, 白宇帆, 丁嘉丽"
27480492,朱雨辰,男,30421903,演员,是,12,30421903,淬火年代,电视剧,2025-06-18,中国大陆,2025,剧情,有评分,7.0,21373,21373,387,60843855,54961033,1344,林岳,m60843855,演员,"张新成, 宋祖儿, 王彦霖, 任程伟, 张月"
27483051,纪宁,男,26759908,演员,否,999,26759908,清平乐,电视剧,2020-04-07,中国大陆,2020,剧情/古装,有评分,6.4,173456,173456,1054,53519865,54966151,1345,冯京,m53519865,演员,"王凯, 江疏影, 任敏, 杨玏, 边程"
27504447,何建泽,男,26759908,演员,是,40,26759908,清平乐,电视剧,2020-04-07,中国大陆,2020,剧情/古装,有评分,6.4,173456,173456,1054,53519865,55008943,1346,包拯,m53519865,演员,"王凯, 江疏影, 任敏, 杨玏, 边程"
27502392,李超,男,36534750,演员,否,999,36534750,小巷人家,电视剧,2024-10-28,中国大陆,2024,剧情/家庭,有评分,8.4,287902,287902,1555,73069549,55004833,1347,,m73069549,演员,"闫妮, 李光洁, 郭晓东, 蒋欣, 范丞丞"
27502392,李超,男,34792298,演员,是,31,34792298,相逢时节,电视剧,2022-02-23,中国大陆,2022,剧情,有评分,4.9,33169,33169,403,69584645,55004833,1348,小童,m69584645,演员,"雷佳音, 袁泉, 张艺兴, 贾乃亮, 罗海琼"
27502392,李超,男,34792295,演员,是,85,34792295,乔家的儿女,电视剧,2021-08-17,中国大陆,2021,剧情/家庭,有评分,7.7,235622,235622,1347,69584639,55004833,1349,指导员,m69584639,演员,"白宇, 宋祖儿, 毛晓彤, 张晚意, 周翊然"
27502392,李超,男,30423905,演员,是,25,30423905,大江大河2,电视剧,2020-12-20,中国大陆,2020,剧情/历史,有评分,8.7,208072,208072,1345,60847859,55004833,1350,梁凡,m60847859,演员,"王凯, 杨烁, 董子健, 杨采钰, 周放"
27502392,李超,男,25754848,演员,是,71,25754848,琅琊榜,电视剧,2015-09-19,中国大陆,2015,剧情/古装,有评分,9.4,919060,919060,2939,51509745,55004833,1351,徐大人,m51509745,演员,"胡歌, 刘涛, 王凯, 陈龙, 黄维德"
27484701,卢杉,女,25754848,演员,是,34,25754848,琅琊榜,电视剧,2015-09-19,中国大陆,2015,剧情/古装,有评分,9.4,919060,919060,2939,51509745,54969451,1352,靖王妃,m51509745,演员,"胡歌, 刘涛, 王凯, 陈龙, 黄维德"
27504444,吴磊,男,25754848,演员,是,12,25754848,琅琊榜,电视剧,2015-09-19,中国大陆,2015,剧情/古装,有评分,9.4,919060,919060,2939,51509745,55008937,1353,飞流,m51509745,演员,"胡歌, 刘涛, 王凯, 陈龙, 黄维德"
27499697,戴云霞,女,26683725,演员,是,46,26683725,外科风云,电视剧,2017-04-17,中国大陆,2017,剧情/爱情,有评分,7.3,94754,94754,832,53367499,54999443,1354,房宇辉,m53367499,演员,"靳东, 白百何, 李佳航, 马少骅, 蓝盈莹"
27484192,薛淑洁,女,35613241,演员,否,999,35613241,县委大院,电视剧,2022-12-07,中国大陆,2022,剧情,有评分,6.8,109693,109693,864,71226531,54968433,1355,周良顺妻,m71226531,演员,"胡歌, 吴越, 张新成, 黄磊, 李光洁"
27484192,薛淑洁,女,26683725,演员,是,29,26683725,外科风云,电视剧,2017-04-17,中国大陆,2017,剧情/爱情,有评分,7.3,94754,94754,832,53367499,54968433,1356,程露,m53367499,演员,"靳东, 白百何, 李佳航, 马少骅, 蓝盈莹"
27560574,高旭阳,男,35613241,演员,否,999,35613241,县委大院,电视剧,2022-12-07,中国大陆,2022,剧情,有评分,6.8,109693,109693,864,71226531,55121197,1357,高乡长,m71226531,演员,"胡歌, 吴越, 张新成, 黄磊, 李光洁"
27561922,李晨涛,女,30423905,演员,是,14,30423905,大江大河2,电视剧,2020-12-20,中国大陆,2020,剧情/历史,有评分,8.7,208072,208072,1345,60847859,55123893,1358,程母,m60847859,演员,"王凯, 杨烁, 董子健, 杨采钰, 周放"
27561922,李晨涛,女,26797690,演员,是,41,26797690,大江大河,电视剧,2018-12-10,中国大陆,2018,剧情,有评分,8.8,260126,260126,1513,53595429,55123893,1359,程母,m53595429,演员,"王凯, 杨烁, 杨烁, 董子健, 童瑶"
33417570,李乐,男,34792295,演员,是,38,34792295,乔家的儿女,电视剧,2021-08-17,中国大陆,2021,剧情/家庭,有评分,7.7,235622,235622,1347,69584639,66835189,1360,文斌,m69584639,演员,"白宇, 宋祖儿, 毛晓彤, 张晚意, 周翊然"
30168671,周翊然,男,34792295,演员,是,5,34792295,乔家的儿女,电视剧,2021-08-17,中国大陆,2021,剧情/家庭,有评分,7.7,235622,235622,1347,69584639,60337391,1361,乔七七,m69584639,演员,"白宇, 宋祖儿, 毛晓彤, 张晚意, 周翊然"
27576853,葛兆美,女,27088993,演员,否,999,27088993,都挺好,电视剧,2019-03-01,中国大陆,2019,剧情/家庭,有评分,7.7,394106,394106,1742,54178035,55153755,1362,老太太,m54178035,演员,"姚晨, 倪大红, 郭京飞, 杨祐宁, 李念"
27562718,张怀公,男,27088993,演员,否,999,27088993,都挺好,电视剧,2019-03-01,中国大陆,2019,剧情/家庭,有评分,7.7,394106,394106,1742,54178035,55125485,1363,中年男子,m54178035,演员,"姚晨, 倪大红, 郭京飞, 杨祐宁, 李念"
30481550,安沺,女,27088993,演员,是,20,27088993,都挺好,电视剧,2019-03-01,中国大陆,2019,剧情/家庭,有评分,7.7,394106,394106,1742,54178035,60963149,1364,少年苏明玉,m54178035,演员,"姚晨, 倪大红, 郭京飞, 杨祐宁, 李念"
35707141,王海龙,男,25994712,演员,是,33,25994712,伪装者,电视剧,2015-08-31,中国大陆,2015,剧情/悬疑,有评分,8.6,382758,382758,1814,51989473,71414331,1366,阿三,m51989473,演员,"胡歌, 靳东, 刘敏涛, 王凯, 宋轶"
36125724,喻庆辉,男,36534750,演员,否,999,36534750,小巷人家,电视剧,2024-10-28,中国大陆,2024,剧情/家庭,有评分,8.4,287902,287902,1555,73069549,72251497,1367,张爷爷,m73069549,演员,"闫妮, 李光洁, 郭晓东, 蒋欣, 范丞丞"
34876232,夏梦,女,34792298,演员,是,47,34792298,相逢时节,电视剧,2022-02-23,中国大陆,2022,剧情,有评分,4.9,33169,33169,403,69584645,69752513,1368,青年宁宥,m69584645,演员,"雷佳音, 袁泉, 张艺兴, 贾乃亮, 罗海琼"
35812541,么琳,女,34792298,演员,是,40,34792298,相逢时节,电视剧,2022-02-23,中国大陆,2022,剧情,有评分,4.9,33169,33169,403,69584645,71625131,1369,班主任李老师,m69584645,演员,"雷佳音, 袁泉, 张艺兴, 贾乃亮, 罗海琼"
27573655,张建新,女,34792298,演员,是,25,34792298,相逢时节,电视剧,2022-02-23,中国大陆,2022,剧情,有评分,4.9,33169,33169,403,69584645,55147359,1370,陈母,m69584645,演员,"雷佳音, 袁泉, 张艺兴, 贾乃亮, 罗海琼"
35516673,包圆圆,女,35613241,演员,否,999,35613241,县委大院,电视剧,2022-12-07,中国大陆,2022,剧情,有评分,6.8,109693,109693,864,71226531,71033395,1371,小玲,m71226531,演员,"胡歌, 吴越, 张新成, 黄磊, 李光洁"
30124167,老羊,男,35033654,演员,是,39,35033654,山海情,电视剧,2021-01-12,中国大陆,2021,剧情,有评分,9.2,481571,481571,2105,70067357,60248383,1374,菇贩老辛,m70067357,演员,"黄轩, 张嘉益, 闫妮, 黄觉, 姚晨"
34814755,郏莉莉,女,26430092,演员,否,999,26430092,欢乐颂,电视剧,2016-04-18,中国大陆,2016,剧情/爱情,有评分,7.5,353514,353514,1628,52860233,69629559,1375,夏文娟,m52860233,演员,"刘涛, 蒋欣, 王子文, 杨紫, 乔欣"
30439419,梅宝莱,女,35588265,演员,否,999,35588265,樱桃琥珀,电视剧,2025-07-14,中国大陆,2025,剧情/爱情,有评分,5.7,38891,38891,471,71176579,60878887,1376,啦啦队教练,m71176579,演员,"赵今麦, 张凌赫, 董洁, 保剑锋, 董璇"
27665868,胡樱子,女,26743573,演员,否,999,26743573,欢乐颂2,电视剧,2017-05-11,中国大陆,2017,剧情/爱情,有评分,5.4,154450,154450,913,53487195,55331785,1377,恐恐,m53487195,演员,"刘涛, 蒋欣, 王子文, 杨紫, 乔欣"
27565168,邓伦,男,26743573,演员,是,7,26743573,欢乐颂2,电视剧,2017-05-11,中国大陆,2017,剧情/爱情,有评分,5.4,154450,154450,913,53487195,55130385,1378,谢童,m53487195,演员,"刘涛, 蒋欣, 王子文, 杨紫, 乔欣"
27562362,张天舒,男,36189205,演员,否,999,36189205,凡人歌,电视剧,2024-08-31,中国大陆,2024,剧情/喜剧,有评分,7.7,77700,77700,773,72378459,55124773,1379,老高,m72378459,演员,"殷桃, 王骁, 章若楠, 秦俊杰, 张哲华"
27562362,张天舒,男,27088993,演员,否,999,27088993,都挺好,电视剧,2019-03-01,中国大陆,2019,剧情/家庭,有评分,7.7,394106,394106,1742,54178035,55124773,1380,孙副总,m54178035,演员,"姚晨, 倪大红, 郭京飞, 杨祐宁, 李念"
27562362,张天舒,男,26779426,演员,否,999,26779426,欢乐颂3,电视剧,2022-08-11,中国大陆,2022,剧情/爱情,有评分,4.9,41716,41716,452,53558901,55124773,1381,,m53558901,演员,"江疏影, 杨采钰, 张佳宁, 张慧雯, 李浩菲"
27562362,张天舒,男,26743573,演员,否,999,26743573,欢乐颂2,电视剧,2017-05-11,中国大陆,2017,剧情/爱情,有评分,5.4,154450,154450,913,53487195,55124773,1382,,m53487195,演员,"刘涛, 蒋欣, 王子文, 杨紫, 乔欣"
27562637,金子,女,26759908,演员,否,999,26759908,清平乐,电视剧,2020-04-07,中国大陆,2020,剧情/古装,有评分,6.4,173456,173456,1054,53519865,55125323,1390,少女丹姝,m53519865,演员,"王凯, 江疏影, 任敏, 杨玏, 边程"
27576304,马丁,女,34792298,演员,是,36,34792298,相逢时节,电视剧,2022-02-23,中国大陆,2022,剧情,有评分,4.9,33169,33169,403,69584645,55152657,1391,邹婷婷,m69584645,演员,"雷佳音, 袁泉, 张艺兴, 贾乃亮, 罗海琼"
27576304,马丁,女,34792295,演员,是,78,34792295,乔家的儿女,电视剧,2021-08-17,中国大陆,2021,剧情/家庭,有评分,7.7,235622,235622,1347,69584639,55152657,1392,石厂长老婆,m69584639,演员,"白宇, 宋祖儿, 毛晓彤, 张晚意, 周翊然"
27576304,马丁,女,26928226,演员,是,27,26928226,知否知否应是绿肥红瘦,电视剧,2018-12-25,中国大陆,2018,剧情/爱情/古装,有评分,8.0,695224,695224,2358,53856501,55152657,1393,雪娘,m53856501,演员,"赵丽颖, 冯绍峰, 朱一龙, 施诗, 张佳宁"
27576304,马丁,女,26759908,演员,否,999,26759908,清平乐,电视剧,2020-04-07,中国大陆,2020,剧情/古装,有评分,6.4,173456,173456,1054,53519865,55152657,1394,八大王妃,m53519865,演员,"王凯, 江疏影, 任敏, 杨玏, 边程"
35809401,杨毅春,男,35332289,演员,是,97,35332289,开端,电视剧,2022-01-11,中国大陆,2022,剧情,有评分,7.9,968506,968506,2766,70664627,71618851,1402,相关领导,m70664627,演员,"白敬亭, 赵今麦, 刘奕君, 刘涛, 黄觉"
35205528,李斌,男,35613241,演员,否,999,35613241,县委大院,电视剧,2022-12-07,中国大陆,2022,剧情,有评分,6.8,109693,109693,864,71226531,70411105,1403, 陶然亭经理,m71226531,演员,"胡歌, 吴越, 张新成, 黄磊, 李光洁"
35205528,李斌,男,35332289,演员,是,29,35332289,开端,电视剧,2022-01-11,中国大陆,2022,剧情,有评分,7.9,968506,968506,2766,70664627,70411105,1404,副市长,m70664627,演员,"白敬亭, 赵今麦, 刘奕君, 刘涛, 黄觉"
35205528,李斌,男,34792295,演员,是,113,34792295,乔家的儿女,电视剧,2021-08-17,中国大陆,2021,剧情/家庭,有评分,7.7,235622,235622,1347,69584639,70411105,1405,宁校长,m69584639,演员,"白宇, 宋祖儿, 毛晓彤, 张晚意, 周翊然"
34802139,景研竣,男,34792298,演员,是,48,34792298,相逢时节,电视剧,2022-02-23,中国大陆,2022,剧情,有评分,4.9,33169,33169,403,69584645,69604327,1419,青年田景野,m69584645,演员,"雷佳音, 袁泉, 张艺兴, 贾乃亮, 罗海琼"
27569671,美浓轮泰史,男,26671336,演员,否,999,26671336,得闲谨制,电影,2025-12-06,中国大陆,2025,剧情/战争,有评分,6.9,268554,268554,1361,53342721,55139391,1420,坦克车长,m53342721,演员,"肖战, 彭昱畅, 周依然, 杨新鸣, 阿如那"
30153675,高满堂,男,35033654,编剧,是,1,35033654,山海情,电视剧,2021-01-12,中国大陆,2021,剧情,有评分,9.2,481571,481571,2105,70067357,60307399,1421,,m70067357,编剧,"黄轩, 张嘉益, 闫妮, 黄觉, 姚晨"
30153675,高满堂,男,25870290,编剧,是,1,25870290,温州两家人,电视剧,2015-11-26,中国大陆,2015,剧情,有评分,7.8,7118,7118,236,51740629,60307399,1422,,m51740629,编剧,"郭涛, 任程伟, 袁咏仪, 陈丽娜, 刘奕君"
27575679,德柏,男,36189205,演员,否,999,36189205,凡人歌,电视剧,2024-08-31,中国大陆,2024,剧情/喜剧,有评分,7.7,77700,77700,773,72378459,55151407,1423,赵鹏举,m72378459,演员,"殷桃, 王骁, 章若楠, 秦俊杰, 张哲华"
35282467,潘非佯,男,30423905,演员,否,999,30423905,大江大河2,电视剧,2020-12-20,中国大陆,2020,剧情/历史,有评分,8.7,208072,208072,1345,60847859,70564983,1424,吴晓波,m60847859,演员,"王凯, 杨烁, 董子健, 杨采钰, 周放"
30402186,金晖,男,36189205,演员,否,999,36189205,凡人歌,电视剧,2024-08-31,中国大陆,2024,剧情/喜剧,有评分,7.7,77700,77700,773,72378459,60804421,1425,陈总,m72378459,演员,"殷桃, 王骁, 章若楠, 秦俊杰, 张哲华"
30402186,金晖,男,26743573,演员,否,999,26743573,欢乐颂2,电视剧,2017-05-11,中国大陆,2017,剧情/爱情,有评分,5.4,154450,154450,913,53487195,60804421,1426,咖啡店长,m53487195,演员,"刘涛, 蒋欣, 王子文, 杨紫, 乔欣"
30402186,金晖,男,26430092,演员,否,999,26430092,欢乐颂,电视剧,2016-04-18,中国大陆,2016,剧情/爱情,有评分,7.5,353514,353514,1628,52860233,60804421,1427,咖啡店张总,m52860233,演员,"刘涛, 蒋欣, 王子文, 杨紫, 乔欣"
35211060,杨智迪,女,26928226,演员,否,999,26928226,知否知否应是绿肥红瘦,电视剧,2018-12-25,中国大陆,2018,剧情/爱情/古装,有评分,8.0,695224,695224,2358,53856501,70422169,1428,邵氏,m53856501,演员,"赵丽颖, 冯绍峰, 朱一龙, 施诗, 张佳宁"
27566429,彭杨,女,35613241,演员,否,999,35613241,县委大院,电视剧,2022-12-07,中国大陆,2022,剧情,有评分,6.8,109693,109693,864,71226531,55132907,1429,乔胜利妻,m71226531,演员,"胡歌, 吴越, 张新成, 黄磊, 李光洁"
27566429,彭杨,女,30421903,演员,否,999,30421903,淬火年代,电视剧,2025-06-18,中国大陆,2025,剧情,有评分,7.0,21373,21373,387,60843855,55132907,1430,夏海萍,m60843855,演员,"张新成, 宋祖儿, 王彦霖, 任程伟, 张月"
35637105,朱丛冉,男,36571896,演员,否,999,36571896,命悬一生,电视剧,2025-10-11,中国大陆,2025,剧情/悬疑,有评分,7.7,85010,85010,809,73143841,71274259,1431,法老王调酒师,m73143841,演员,"黄轩, 李庚希, 张哲华, 白宇帆, 尹昉"
35190853,贾笑涵,女,26759908,演员,否,999,26759908,清平乐,电视剧,2020-04-07,中国大陆,2020,剧情/古装,有评分,6.4,173456,173456,1054,53519865,70381755,1432,少女中心禾,m53519865,演员,"王凯, 江疏影, 任敏, 杨玏, 边程"
35024933,于嘉溢,男,34792295,演员,是,40,34792295,乔家的儿女,电视剧,2021-08-17,中国大陆,2021,剧情/家庭,有评分,7.7,235622,235622,1347,69584639,70049915,1433,徐福年,m69584639,演员,"白宇, 宋祖儿, 毛晓彤, 张晚意, 周翊然"
35024933,于嘉溢,男,26759908,演员,否,999,26759908,清平乐,电视剧,2020-04-07,中国大陆,2020,剧情/古装,有评分,6.4,173456,173456,1054,53519865,70049915,1434,杨怀敏,m53519865,演员,"王凯, 江疏影, 任敏, 杨玏, 边程"
36726458,叶泉希,女,36534750,演员,是,15,36534750,小巷人家,电视剧,2024-10-28,中国大陆,2024,剧情/家庭,有评分,8.4,287902,287902,1555,73069549,73452965,1448,庄筱婷(童年,m73069549,演员,"闫妮, 李光洁, 郭晓东, 蒋欣, 范丞丞"
36720560,朱苏洁,女,26671336,演员,否,999,26671336,得闲谨制,电影,2025-12-06,中国大陆,2025,剧情/战争,有评分,6.9,268554,268554,1361,53342721,73441169,1449,船上民众,m53342721,演员,"肖战, 彭昱畅, 周依然, 杨新鸣, 阿如那"
36915391,王江一,男,36571896,演员,否,999,36571896,命悬一生,电视剧,2025-10-11,中国大陆,2025,剧情/悬疑,有评分,7.7,85010,85010,809,73143841,73830831,1451,方达生,m73143841,演员,"黄轩, 李庚希, 张哲华, 白宇帆, 尹昉"
37102831,靳茗程,女,36534750,演员,否,999,36534750,小巷人家,电视剧,2024-10-28,中国大陆,2024,剧情/家庭,有评分,8.4,287902,287902,1555,73069549,74205711,1452,周晓莉,m73069549,演员,"闫妮, 李光洁, 郭晓东, 蒋欣, 范丞丞"
37102831,靳茗程,女,35321446,演员,否,999,35321446,大江大河之岁月如歌,电视剧,2024-01-08,中国大陆,2024,剧情,有评分,8.0,72953,72953,764,70642941,74205711,1453,护士,m70642941,演员,"王凯, 杨烁, 董子健, 杨采钰, 张佳宁"
37102831,靳茗程,女,34792295,演员,否,999,34792295,乔家的儿女,电视剧,2021-08-17,中国大陆,2021,剧情/家庭,有评分,7.7,235622,235622,1347,69584639,74205711,1454,,m69584639,演员,"白宇, 宋祖儿, 毛晓彤, 张晚意, 周翊然"
36624867,葛兴佳,男,26671336,演员,否,999,26671336,得闲谨制,电影,2025-12-06,中国大陆,2025,剧情/战争,有评分,6.9,268554,268554,1361,53342721,73249783,1455,船上民众,m53342721,演员,"肖战, 彭昱畅, 周依然, 杨新鸣, 阿如那"
36572587,沈倩然,女,34792295,演员,是,79,34792295,乔家的儿女,电视剧,2021-08-17,中国大陆,2021,剧情/家庭,有评分,7.7,235622,235622,1347,69584639,73145223,1456,石厂长女儿,m69584639,演员,"白宇, 宋祖儿, 毛晓彤, 张晚意, 周翊然"
36572587,沈倩然,女,26928226,演员,否,999,26928226,知否知否应是绿肥红瘦,电视剧,2018-12-25,中国大陆,2018,剧情/爱情/古装,有评分,8.0,695224,695224,2358,53856501,73145223,1457,媚儿,m53856501,演员,"赵丽颖, 冯绍峰, 朱一龙, 施诗, 张佳宁"
36839758,赵烁,男,30421903,导演,是,2,30421903,淬火年代,电视剧,2025-06-18,中国大陆,2025,剧情,有评分,7.0,21373,21373,387,60843855,73679565,1461,,m60843855,导演,"张新成, 宋祖儿, 王彦霖, 任程伟, 张月"
27561063,冷海铭,男,36189205,演员,否,999,36189205,凡人歌,电视剧,2024-08-31,中国大陆,2024,剧情/喜剧,有评分,7.7,77700,77700,773,72378459,55122175,1465,老孙,m72378459,演员,"殷桃, 王骁, 章若楠, 秦俊杰, 张哲华"
27561063,冷海铭,男,35613241,演员,否,999,35613241,县委大院,电视剧,2022-12-07,中国大陆,2022,剧情,有评分,6.8,109693,109693,864,71226531,55122175,1466,矿业好心员工,m71226531,演员,"胡歌, 吴越, 张新成, 黄磊, 李光洁"
27561063,冷海铭,男,26759908,演员,否,999,26759908,清平乐,电视剧,2020-04-07,中国大陆,2020,剧情/古装,有评分,6.4,173456,173456,1054,53519865,55122175,1467,王贽,m53519865,演员,"王凯, 江疏影, 任敏, 杨玏, 边程"
27561063,冷海铭,男,26430092,演员,否,999,26430092,欢乐颂,电视剧,2016-04-18,中国大陆,2016,剧情/爱情,有评分,7.5,353514,353514,1628,52860233,55122175,1468,调查人,m52860233,演员,"刘涛, 蒋欣, 王子文, 杨紫, 乔欣"
34903302,孙安可,女,34792295,演员,是,10,34792295,乔家的儿女,电视剧,2021-08-17,中国大陆,2021,剧情/家庭,有评分,7.7,235622,235622,1347,69584639,69806653,1469,孙小茉,m69584639,演员,"白宇, 宋祖儿, 毛晓彤, 张晚意, 周翊然"
35499257,马凡丁,女,35321446,演员,否,999,35321446,大江大河之岁月如歌,电视剧,2024-01-08,中国大陆,2024,剧情,有评分,8.0,72953,72953,764,70642941,70998563,1471,杨逦,m70642941,演员,"王凯, 杨烁, 董子健, 杨采钰, 张佳宁"
36237135,金梦翼,男,26671336,演员,否,999,26671336,得闲谨制,电影,2025-12-06,中国大陆,2025,剧情/战争,有评分,6.9,268554,268554,1361,53342721,72474319,1472,被救男孩,m53342721,演员,"肖战, 彭昱畅, 周依然, 杨新鸣, 阿如那"
30484919,红花,女,35613241,演员,否,999,35613241,县委大院,电视剧,2022-12-07,中国大陆,2022,剧情,有评分,6.8,109693,109693,864,71226531,60969887,1478,牛姐,m71226531,演员,"胡歌, 吴越, 张新成, 黄磊, 李光洁"
30484919,红花,女,34792296,演员,是,19,34792296,欢迎光临,电视剧,2022-05-18,中国大陆,2022,剧情/喜剧/爱情,有评分,6.4,56516,56516,601,69584641,60969887,1479,周大妈,m69584641,演员,"黄轩, 白百何, 朱雨辰, 白宇帆, 丁嘉丽"
30484919,红花,女,30423905,演员,是,32,30423905,大江大河2,电视剧,2020-12-20,中国大陆,2020,剧情/历史,有评分,8.7,208072,208072,1345,60847859,60969887,1480,裴有芬,m60847859,演员,"王凯, 杨烁, 董子健, 杨采钰, 周放"
30484919,红花,女,27088993,演员,是,16,27088993,都挺好,电视剧,2019-03-01,中国大陆,2019,剧情/家庭,有评分,7.7,394106,394106,1742,54178035,60969887,1481,舅妈,m54178035,演员,"姚晨, 倪大红, 郭京飞, 杨祐宁, 李念"
30484919,红花,女,26928226,演员,否,999,26928226,知否知否应是绿肥红瘦,电视剧,2018-12-25,中国大陆,2018,剧情/爱情/古装,有评分,8.0,695224,695224,2358,53856501,60969887,1482,刘妈妈,m53856501,演员,"赵丽颖, 冯绍峰, 朱一龙, 施诗, 张佳宁"
35290375,张忻恺,男,30421903,演员,否,999,30421903,淬火年代,电视剧,2025-06-18,中国大陆,2025,剧情,有评分,7.0,21373,21373,387,60843855,70580799,1483,范小龙,m60843855,演员,"张新成, 宋祖儿, 王彦霖, 任程伟, 张月"
35290375,张忻恺,男,26671336,演员,否,999,26671336,得闲谨制,电影,2025-12-06,中国大陆,2025,剧情/战争,有评分,6.9,268554,268554,1361,53342721,70580799,1484,船上民众,m53342721,演员,"肖战, 彭昱畅, 周依然, 杨新鸣, 阿如那"
27576416,颜北,男,30421903,演员,否,999,30421903,淬火年代,电视剧,2025-06-18,中国大陆,2025,剧情,有评分,7.0,21373,21373,387,60843855,55152881,1485,放贷人,m60843855,演员,"张新成, 宋祖儿, 王彦霖, 任程伟, 张月"
30440805,王安宇,男,36534750,演员,是,7,36534750,小巷人家,电视剧,2024-10-28,中国大陆,2024,剧情/家庭,有评分,8.4,287902,287902,1555,73069549,60881659,1486,林栋哲,m73069549,演员,"闫妮, 李光洁, 郭晓东, 蒋欣, 范丞丞"
30440805,王安宇,男,26779426,演员,是,7,26779426,欢乐颂3,电视剧,2022-08-11,中国大陆,2022,剧情/爱情,有评分,4.9,41716,41716,452,53558901,60881659,1487,李其行,m53558901,演员,"江疏影, 杨采钰, 张佳宁, 张慧雯, 李浩菲"
35281443,詹妮,女,36571896,演员,否,999,36571896,命悬一生,电视剧,2025-10-11,中国大陆,2025,剧情/悬疑,有评分,7.7,85010,85010,809,73143841,70562935,1488,何园,m73143841,演员,"黄轩, 李庚希, 张哲华, 白宇帆, 尹昉"
33408183,张哲华,男,36571896,演员,是,3,36571896,命悬一生,电视剧,2025-10-11,中国大陆,2025,剧情/悬疑,有评分,7.7,85010,85010,809,73143841,66816415,1489,孟朝,m73143841,演员,"黄轩, 李庚希, 张哲华, 白宇帆, 尹昉"
33408183,张哲华,男,36189205,演员,是,5,36189205,凡人歌,电视剧,2024-08-31,中国大陆,2024,剧情/喜剧,有评分,7.7,77700,77700,773,72378459,66816415,1490,那隽,m72378459,演员,"殷桃, 王骁, 章若楠, 秦俊杰, 张哲华"
35076356,宗宇宸,男,26759908,演员,否,999,26759908,清平乐,电视剧,2020-04-07,中国大陆,2020,剧情/古装,有评分,6.4,173456,173456,1054,53519865,70152761,1491,少年李玮,m53519865,演员,"王凯, 江疏影, 任敏, 杨玏, 边程"
30135961,冷纪元,男,26759908,演员,否,999,26759908,清平乐,电视剧,2020-04-07,中国大陆,2020,剧情/古装,有评分,6.4,173456,173456,1054,53519865,60271971,1492,刘宜孙,m53519865,演员,"王凯, 江疏影, 任敏, 杨玏, 边程"
27575109,许薇,女,35332289,演员,是,38,35332289,开端,电视剧,2022-01-11,中国大陆,2022,剧情,有评分,7.9,968506,968506,2766,70664627,55150267,1493,吴老师,m70664627,演员,"白敬亭, 赵今麦, 刘奕君, 刘涛, 黄觉"
27575109,许薇,女,34792296,演员,是,30,34792296,欢迎光临,电视剧,2022-05-18,中国大陆,2022,剧情/喜剧/爱情,有评分,6.4,56516,56516,601,69584641,55150267,1494,小薇,m69584641,演员,"黄轩, 白百何, 朱雨辰, 白宇帆, 丁嘉丽"
30135214,鄢佳辉,男,25754848,演员,是,111,25754848,琅琊榜,电视剧,2015-09-19,中国大陆,2015,剧情/古装,有评分,9.4,919060,919060,2939,51509745,60270477,1495,邱泽,m51509745,演员,"胡歌, 刘涛, 王凯, 陈龙, 黄维德"
27562688,苗克,男,26683725,演员,是,80,26683725,外科风云,电视剧,2017-04-17,中国大陆,2017,剧情/爱情,有评分,7.3,94754,94754,832,53367499,55125425,1496,年轻钟西北,m53367499,演员,"靳东, 白百何, 李佳航, 马少骅, 蓝盈莹"
27562688,苗克,男,25870290,演员,是,23,25870290,温州两家人,电视剧,2015-11-26,中国大陆,2015,剧情,有评分,7.8,7118,7118,236,51740629,55125425,1497,,m51740629,演员,"郭涛, 任程伟, 袁咏仪, 陈丽娜, 刘奕君"
27562688,苗克,男,25754848,演员,是,59,25754848,琅琊榜,电视剧,2015-09-19,中国大陆,2015,剧情/古装,有评分,9.4,919060,919060,2939,51509745,55125425,1498,高升,m51509745,演员,"胡歌, 刘涛, 王凯, 陈龙, 黄维德"
30433946,傅铂涵,男,33442331,演员,是,22,33442331,我是余欢水,电视剧,2020-04-06,中国大陆,2020,剧情,有评分,7.3,324953,324953,1540,66884711,60867941,1499,张子铭,m66884711,演员,"郭京飞, 苗苗, 高露, 岳旸, 高叶"
33478486,姚力烨,男,25994712,演员,是,26,25994712,伪装者,电视剧,2015-08-31,中国大陆,2015,剧情/悬疑,有评分,8.6,382758,382758,1814,51989473,66957021,1500,陈炳,m51989473,演员,"胡歌, 靳东, 刘敏涛, 王凯, 宋轶"
30288415,朱健,男,27088993,演员,否,999,27088993,都挺好,电视剧,2019-03-01,中国大陆,2019,剧情/家庭,有评分,7.7,394106,394106,1742,54178035,60576879,1501,老倪,m54178035,演员,"姚晨, 倪大红, 郭京飞, 杨祐宁, 李念"
30288415,朱健,男,26797690,演员,否,999,26797690,大江大河,电视剧,2018-12-10,中国大陆,2018,剧情,有评分,8.8,260126,260126,1513,53595429,60576879,1502,陈科长,m53595429,演员,"王凯, 杨烁, 杨烁, 董子健, 童瑶"
27581329,袁忠远,男,26345137,演员,否,999,26345137,如果蜗牛有爱情,电视剧,2016-10-24,中国大陆,2016,剧情/爱情/悬疑,有评分,7.2,105271,105271,871,52690323,55162707,1503,刘厅长,m52690323,演员,"王凯, 王子文, 徐悦, 于恒, 赵圆瑗"
34902336,仇恩泽,男,36534750,演员,是,23,36534750,小巷人家,电视剧,2024-10-28,中国大陆,2024,剧情/家庭,有评分,8.4,287902,287902,1555,73069549,69804721,1504,向鹏飞(少年,m73069549,演员,"闫妮, 李光洁, 郭晓东, 蒋欣, 范丞丞"
35286695,卢禹豪,男,34792298,演员,是,57,34792298,相逢时节,电视剧,2022-02-23,中国大陆,2022,剧情,有评分,4.9,33169,33169,403,69584645,70573439,1505,幼年崔启明,m69584645,演员,"雷佳音, 袁泉, 张艺兴, 贾乃亮, 罗海琼"
35812536,何风,男,34792298,演员,是,39,34792298,相逢时节,电视剧,2022-02-23,中国大陆,2022,剧情,有评分,4.9,33169,33169,403,69584645,71625121,1506,王助理,m69584645,演员,"雷佳音, 袁泉, 张艺兴, 贾乃亮, 罗海琼"
35812536,何风,男,26665065,演员,否,999,26665065,琅琊榜之风起长林,电视剧,2017-12-18,中国大陆,2017,剧情/古装,有评分,8.4,210088,210088,1328,53330179,71625121,1507,孙统领,m53330179,演员,"黄晓明, 刘昊然, 佟丽娅, 张慧雯, 梅婷"
36134980,张治洲,男,35613241,演员,否,999,35613241,县委大院,电视剧,2022-12-07,中国大陆,2022,剧情,有评分,6.8,109693,109693,864,71226531,72270009,1508,油坊儿子,m71226531,演员,"胡歌, 吴越, 张新成, 黄磊, 李光洁"
30395512,叶上庄,男,26671336,演员,否,999,26671336,得闲谨制,电影,2025-12-06,中国大陆,2025,剧情/战争,有评分,6.9,268554,268554,1361,53342721,60791073,1509,渣兵团,m53342721,演员,"肖战, 彭昱畅, 周依然, 杨新鸣, 阿如那"
35568935,赵爱诚,女,34792296,演员,是,68,34792296,欢迎光临,电视剧,2022-05-18,中国大陆,2022,剧情/喜剧/爱情,有评分,6.4,56516,56516,601,69584641,71137919,1510,小汤圆,m69584641,演员,"黄轩, 白百何, 朱雨辰, 白宇帆, 丁嘉丽"
30267761,马柏全,男,36534750,演员,否,999,36534750,小巷人家,电视剧,2024-10-28,中国大陆,2024,剧情/家庭,有评分,8.4,287902,287902,1555,73069549,60535571,1511,吴军,m73069549,演员,"闫妮, 李光洁, 郭晓东, 蒋欣, 范丞丞"
30267761,马柏全,男,35033654,演员,是,52,35033654,山海情,电视剧,2021-01-12,中国大陆,2021,剧情,有评分,9.2,481571,481571,2105,70067357,60535571,1512,少年马得宝,m70067357,演员,"黄轩, 张嘉益, 闫妮, 黄觉, 姚晨"
27567203,王晴,女,36189205,演员,否,999,36189205,凡人歌,电视剧,2024-08-31,中国大陆,2024,剧情/喜剧,有评分,7.7,77700,77700,773,72378459,55134455,1514,老高妻子,m72378459,演员,"殷桃, 王骁, 章若楠, 秦俊杰, 张哲华"
27567203,王晴,女,34792298,演员,是,34,34792298,相逢时节,电视剧,2022-02-23,中国大陆,2022,剧情,有评分,4.9,33169,33169,403,69584645,55134455,1515,李娜,m69584645,演员,"雷佳音, 袁泉, 张艺兴, 贾乃亮, 罗海琼"
27567203,王晴,女,33442331,演员,是,12,33442331,我是余欢水,电视剧,2020-04-06,中国大陆,2020,剧情,有评分,7.3,324953,324953,1540,66884711,55134455,1516,黄发女子,m66884711,演员,"郭京飞, 苗苗, 高露, 岳旸, 高叶"
30189920,卢琳,女,36534750,演员,否,999,36534750,小巷人家,电视剧,2024-10-28,中国大陆,2024,剧情/家庭,有评分,8.4,287902,287902,1555,73069549,60379889,1517,知青办主任,m73069549,演员,"闫妮, 李光洁, 郭晓东, 蒋欣, 范丞丞"
30189920,卢琳,女,35588265,演员,否,999,35588265,樱桃琥珀,电视剧,2025-07-14,中国大陆,2025,剧情/爱情,有评分,5.7,38891,38891,471,71176579,60379889,1518,贺老师,m71176579,演员,"赵今麦, 张凌赫, 董洁, 保剑锋, 董璇"
27572785,陈冠甯,男,26743573,演员,否,999,26743573,欢乐颂2,电视剧,2017-05-11,中国大陆,2017,剧情/爱情,有评分,5.4,154450,154450,913,53487195,55145619,1519,陈总,m53487195,演员,"刘涛, 蒋欣, 王子文, 杨紫, 乔欣"
27572785,陈冠甯,男,26430092,演员,否,999,26430092,欢乐颂,电视剧,2016-04-18,中国大陆,2016,剧情/爱情,有评分,7.5,353514,353514,1628,52860233,55145619,1520,经理,m52860233,演员,"刘涛, 蒋欣, 王子文, 杨紫, 乔欣"
30149028,李若宁,女,26928226,演员,是,23,26928226,知否知否应是绿肥红瘦,电视剧,2018-12-25,中国大陆,2018,剧情/爱情/古装,有评分,8.0,695224,695224,2358,53856501,60298105,1524,魏行首,m53856501,演员,"赵丽颖, 冯绍峰, 朱一龙, 施诗, 张佳宁"
35101340,原若航,男,34792295,演员,是,73,34792295,乔家的儿女,电视剧,2021-08-17,中国大陆,2021,剧情/家庭,有评分,7.7,235622,235622,1347,69584639,70202729,1525,智勇,m69584639,演员,"白宇, 宋祖儿, 毛晓彤, 张晚意, 周翊然"
35101340,原若航,男,26779426,演员,否,999,26779426,欢乐颂3,电视剧,2022-08-11,中国大陆,2022,剧情/爱情,有评分,4.9,41716,41716,452,53558901,70202729,1526,,m53558901,演员,"江疏影, 杨采钰, 张佳宁, 张慧雯, 李浩菲"
35067559,胡原君,女,36571896,演员,否,999,36571896,命悬一生,电视剧,2025-10-11,中国大陆,2025,剧情/悬疑,有评分,7.7,85010,85010,809,73143841,70135167,1527,麻姐,m73143841,演员,"黄轩, 李庚希, 张哲华, 白宇帆, 尹昉"
35067559,胡原君,女,35613241,演员,否,999,35613241,县委大院,电视剧,2022-12-07,中国大陆,2022,剧情,有评分,6.8,109693,109693,864,71226531,70135167,1528,女村民,m71226531,演员,"胡歌, 吴越, 张新成, 黄磊, 李光洁"
35067559,胡原君,女,35033654,演员,否,999,35033654,山海情,电视剧,2021-01-12,中国大陆,2021,剧情,有评分,9.2,481571,481571,2105,70067357,70135167,1529,肖丽丽,m70067357,演员,"黄轩, 张嘉益, 闫妮, 黄觉, 姚晨"
35067559,胡原君,女,33442331,演员,否,999,33442331,我是余欢水,电视剧,2020-04-06,中国大陆,2020,剧情,有评分,7.3,324953,324953,1540,66884711,70135167,1530,前台接待员,m66884711,演员,"郭京飞, 苗苗, 高露, 岳旸, 高叶"
35067559,胡原君,女,26928226,演员,否,999,26928226,知否知否应是绿肥红瘦,电视剧,2018-12-25,中国大陆,2018,剧情/爱情/古装,有评分,8.0,695224,695224,2358,53856501,70135167,1531,顾廷狄妻,m53856501,演员,"赵丽颖, 冯绍峰, 朱一龙, 施诗, 张佳宁"
35067559,胡原君,女,26665065,演员,是,34,26665065,琅琊榜之风起长林,电视剧,2017-12-18,中国大陆,2017,剧情/古装,有评分,8.4,210088,210088,1328,53330179,70135167,1532,小胭,m53330179,演员,"黄晓明, 刘昊然, 佟丽娅, 张慧雯, 梅婷"
27576504,李晓强,男,36571896,演员,是,22,36571896,命悬一生,电视剧,2025-10-11,中国大陆,2025,剧情/悬疑,有评分,7.7,85010,85010,809,73143841,55153057,1533,老余,m73143841,演员,"黄轩, 李庚希, 张哲华, 白宇帆, 尹昉"
27576504,李晓强,男,35321446,演员,否,999,35321446,大江大河之岁月如歌,电视剧,2024-01-08,中国大陆,2024,剧情,有评分,8.0,72953,72953,764,70642941,55153057,1534,吴兴春,m70642941,演员,"王凯, 杨烁, 董子健, 杨采钰, 张佳宁"
27576504,李晓强,男,35033654,演员,否,999,35033654,山海情,电视剧,2021-01-12,中国大陆,2021,剧情,有评分,9.2,481571,481571,2105,70067357,55153057,1535,宁总,m70067357,演员,"黄轩, 张嘉益, 闫妮, 黄觉, 姚晨"
35575445,史迪文,男,26759908,演员,否,999,26759908,清平乐,电视剧,2020-04-07,中国大陆,2020,剧情/古装,有评分,6.4,173456,173456,1054,53519865,71150939,1538,,m53519865,演员,"王凯, 江疏影, 任敏, 杨玏, 边程"
27562153,冯瀑,男,26928226,演员,否,999,26928226,知否知否应是绿肥红瘦,电视剧,2018-12-25,中国大陆,2018,剧情/爱情/古装,有评分,8.0,695224,695224,2358,53856501,55124355,1539,,m53856501,演员,"赵丽颖, 冯绍峰, 朱一龙, 施诗, 张佳宁"
27562153,冯瀑,男,26759908,演员,否,999,26759908,清平乐,电视剧,2020-04-07,中国大陆,2020,剧情/古装,有评分,6.4,173456,173456,1054,53519865,55124355,1540,范雍,m53519865,演员,"王凯, 江疏影, 任敏, 杨玏, 边程"
27562153,冯瀑,男,26665065,演员,否,999,26665065,琅琊榜之风起长林,电视剧,2017-12-18,中国大陆,2017,剧情/古装,有评分,8.4,210088,210088,1328,53330179,55124355,1541,程大夫,m53330179,演员,"黄晓明, 刘昊然, 佟丽娅, 张慧雯, 梅婷"
35296415,赵子煜,男,34792296,演员,是,76,34792296,欢迎光临,电视剧,2022-05-18,中国大陆,2022,剧情/喜剧/爱情,有评分,6.4,56516,56516,601,69584641,70592879,1543,香客乙,m69584641,演员,"黄轩, 白百何, 朱雨辰, 白宇帆, 丁嘉丽"
35296415,赵子煜,男,30423905,演员,是,38,30423905,大江大河2,电视剧,2020-12-20,中国大陆,2020,剧情/历史,有评分,8.7,208072,208072,1345,60847859,70592879,1544,王处长,m60847859,演员,"王凯, 杨烁, 董子健, 杨采钰, 周放"
35296415,赵子煜,男,26430092,演员,否,999,26430092,欢乐颂,电视剧,2016-04-18,中国大陆,2016,剧情/爱情,有评分,7.5,353514,353514,1628,52860233,70592879,1548,励志讲师,m52860233,演员,"刘涛, 蒋欣, 王子文, 杨紫, 乔欣"
35809076,彭亚辉,男,35332289,演员,是,101,35332289,开端,电视剧,2022-01-11,中国大陆,2022,剧情,有评分,7.9,968506,968506,2766,70664627,71618201,1551,公交公司员工,m70664627,演员,"白敬亭, 赵今麦, 刘奕君, 刘涛, 黄觉"
27562501,王志鹏,男,35332289,演员,是,53,35332289,开端,电视剧,2022-01-11,中国大陆,2022,剧情,有评分,7.9,968506,968506,2766,70664627,55125051,1552,员工丙,m70664627,演员,"白敬亭, 赵今麦, 刘奕君, 刘涛, 黄觉"
27576399,杨阳,女,26928226,演员,否,999,26928226,知否知否应是绿肥红瘦,电视剧,2018-12-25,中国大陆,2018,剧情/爱情/古装,有评分,8.0,695224,695224,2358,53856501,55152847,1557,车三娘,m53856501,演员,"赵丽颖, 冯绍峰, 朱一龙, 施诗, 张佳宁"
27576399,杨阳,女,26683725,演员,是,81,26683725,外科风云,电视剧,2017-04-17,中国大陆,2017,剧情/爱情,有评分,7.3,94754,94754,832,53367499,55152847,1558,年轻程露,m53367499,演员,"靳东, 白百何, 李佳航, 马少骅, 蓝盈莹"
37119450,钱希怡,女,36534750,演员,否,999,36534750,小巷人家,电视剧,2024-10-28,中国大陆,2024,剧情/家庭,有评分,8.4,287902,287902,1555,73069549,74238949,1560,柳絮(青年,m73069549,演员,"闫妮, 李光洁, 郭晓东, 蒋欣, 范丞丞"
37898951,罗刚,男,26671336,演员,否,999,26671336,得闲谨制,电影,2025-12-06,中国大陆,2025,剧情/战争,有评分,6.9,268554,268554,1361,53342721,75797951,1561,船上民众,m53342721,演员,"肖战, 彭昱畅, 周依然, 杨新鸣, 阿如那"
37088829,韩欣桐,女,30423905,演员,否,999,30423905,大江大河2,电视剧,2020-12-20,中国大陆,2020,剧情/历史,有评分,8.7,208072,208072,1345,60847859,74177707,1562,酒店前台,m60847859,演员,"王凯, 杨烁, 董子健, 杨采钰, 周放"
37110373,杨雯晰,女,36534750,演员,否,999,36534750,小巷人家,电视剧,2024-10-28,中国大陆,2024,剧情/家庭,有评分,8.4,287902,287902,1555,73069549,74220795,1563,庄筱婷(少年,m73069549,演员,"闫妮, 李光洁, 郭晓东, 蒋欣, 范丞丞"
27561631,叶禾,男,26665065,演员,否,999,26665065,琅琊榜之风起长林,电视剧,2017-12-18,中国大陆,2017,剧情/古装,有评分,8.4,210088,210088,1328,53330179,55123311,1564,小刀,m53330179,演员,"黄晓明, 刘昊然, 佟丽娅, 张慧雯, 梅婷"
35812559,刘骁磊,男,34792298,演员,是,43,34792298,相逢时节,电视剧,2022-02-23,中国大陆,2022,剧情,有评分,4.9,33169,33169,403,69584645,71625167,1565,快递员,m69584645,演员,"雷佳音, 袁泉, 张艺兴, 贾乃亮, 罗海琼"
35671190,彭浩森,男,26671336,演员,否,999,26671336,得闲谨制,电影,2025-12-06,中国大陆,2025,剧情/战争,有评分,6.9,268554,268554,1361,53342721,71342429,1566,船务,m53342721,演员,"肖战, 彭昱畅, 周依然, 杨新鸣, 阿如那"
27573255,陈梦希,女,26928226,演员,是,40,26928226,知否知否应是绿肥红瘦,电视剧,2018-12-25,中国大陆,2018,剧情/爱情/古装,有评分,8.0,695224,695224,2358,53856501,55146559,1576,小邹氏,m53856501,演员,"赵丽颖, 冯绍峰, 朱一龙, 施诗, 张佳宁"
30227432,高秋梓,女,26779426,演员,否,999,26779426,欢乐颂3,电视剧,2022-08-11,中国大陆,2022,剧情/爱情,有评分,4.9,41716,41716,452,53558901,60454913,1577,,m53558901,演员,"江疏影, 杨采钰, 张佳宁, 张慧雯, 李浩菲"
27588593,刘煜宸,男,36571896,演员,否,999,36571896,命悬一生,电视剧,2025-10-11,中国大陆,2025,剧情/悬疑,有评分,7.7,85010,85010,809,73143841,55177235,1578,少年倪向东跟班甲,m73143841,演员,"黄轩, 李庚希, 张哲华, 白宇帆, 尹昉"
35082359,户元松,男,26759908,演员,否,999,26759908,清平乐,电视剧,2020-04-07,中国大陆,2020,剧情/古装,有评分,6.4,173456,173456,1054,53519865,70164767,1579,赵概,m53519865,演员,"王凯, 江疏影, 任敏, 杨玏, 边程"
35082359,户元松,男,26665065,演员,否,999,26665065,琅琊榜之风起长林,电视剧,2017-12-18,中国大陆,2017,剧情/古装,有评分,8.4,210088,210088,1328,53330179,70164767,1580,少年濮阳缨爸,m53330179,演员,"黄晓明, 刘昊然, 佟丽娅, 张慧雯, 梅婷"
34990567,蓝城,男,26759908,演员,否,999,26759908,清平乐,电视剧,2020-04-07,中国大陆,2020,剧情/古装,有评分,6.4,173456,173456,1054,53519865,69981183,1581,梅尧臣,m53519865,演员,"王凯, 江疏影, 任敏, 杨玏, 边程"
27568751,陈铁军,男,26759908,演员,否,999,26759908,清平乐,电视剧,2020-04-07,中国大陆,2020,剧情/古装,有评分,6.4,173456,173456,1054,53519865,55137551,1582,胡瑗,m53519865,演员,"王凯, 江疏影, 任敏, 杨玏, 边程"
30288417,刘国际,男,26759908,演员,否,999,26759908,清平乐,电视剧,2020-04-07,中国大陆,2020,剧情/古装,有评分,6.4,173456,173456,1054,53519865,60576883,1583,陈执中,m53519865,演员,"王凯, 江疏影, 任敏, 杨玏, 边程"
34987968,苏伊可,女,34792295,演员,是,30,34792295,乔家的儿女,电视剧,2021-08-17,中国大陆,2021,剧情/家庭,有评分,7.7,235622,235622,1347,69584639,69975985,1584,童年四美,m69584639,演员,"白宇, 宋祖儿, 毛晓彤, 张晚意, 周翊然"
34987968,苏伊可,女,26759908,演员,否,999,26759908,清平乐,电视剧,2020-04-07,中国大陆,2020,剧情/古装,有评分,6.4,173456,173456,1054,53519865,69975985,1585,小小徽柔,m53519865,演员,"王凯, 江疏影, 任敏, 杨玏, 边程"
30232191,程世宇,男,36571896,演员,否,999,36571896,命悬一生,电视剧,2025-10-11,中国大陆,2025,剧情/悬疑,有评分,7.7,85010,85010,809,73143841,60464431,1586,糖厂人事干部,m73143841,演员,"黄轩, 李庚希, 张哲华, 白宇帆, 尹昉"
30232191,程世宇,男,35613241,演员,否,999,35613241,县委大院,电视剧,2022-12-07,中国大陆,2022,剧情,有评分,6.8,109693,109693,864,71226531,60464431,1587,廖总随行,m71226531,演员,"胡歌, 吴越, 张新成, 黄磊, 李光洁"
30232191,程世宇,男,35332289,演员,是,88,35332289,开端,电视剧,2022-01-11,中国大陆,2022,剧情,有评分,7.9,968506,968506,2766,70664627,60464431,1588,方警官,m70664627,演员,"白敬亭, 赵今麦, 刘奕君, 刘涛, 黄觉"
30232191,程世宇,男,34792298,演员,否,999,34792298,相逢时节,电视剧,2022-02-23,中国大陆,2022,剧情,有评分,4.9,33169,33169,403,69584645,60464431,1589,程可欣父亲,m69584645,演员,"雷佳音, 袁泉, 张艺兴, 贾乃亮, 罗海琼"
30232191,程世宇,男,26797690,演员,否,999,26797690,大江大河,电视剧,2018-12-10,中国大陆,2018,剧情,有评分,8.8,260126,260126,1513,53595429,60464431,1590,,m53595429,演员,"王凯, 杨烁, 杨烁, 董子健, 童瑶"
30405730,李克伟,男,35613241,演员,否,999,35613241,县委大院,电视剧,2022-12-07,中国大陆,2022,剧情,有评分,6.8,109693,109693,864,71226531,60811509,1591,老崔,m71226531,演员,"胡歌, 吴越, 张新成, 黄磊, 李光洁"
30405730,李克伟,男,35332289,演员,是,24,35332289,开端,电视剧,2022-01-11,中国大陆,2022,剧情,有评分,7.9,968506,968506,2766,70664627,60811509,1592,范永钢,m70664627,演员,"白敬亭, 赵今麦, 刘奕君, 刘涛, 黄觉"
30405730,李克伟,男,35321446,演员,否,999,35321446,大江大河之岁月如歌,电视剧,2024-01-08,中国大陆,2024,剧情,有评分,8.0,72953,72953,764,70642941,60811509,1593,雷忠富,m70642941,演员,"王凯, 杨烁, 董子健, 杨采钰, 张佳宁"
30405730,李克伟,男,33442331,演员,是,43,33442331,我是余欢水,电视剧,2020-04-06,中国大陆,2020,剧情,有评分,7.3,324953,324953,1540,66884711,60811509,1594,超市老板,m66884711,演员,"郭京飞, 苗苗, 高露, 岳旸, 高叶"
30405730,李克伟,男,26797690,演员,是,19,26797690,大江大河,电视剧,2018-12-10,中国大陆,2018,剧情,有评分,8.8,260126,260126,1513,53595429,60811509,1595,雷忠富,m53595429,演员,"王凯, 杨烁, 杨烁, 董子健, 童瑶"
30405730,李克伟,男,26430092,演员,否,999,26430092,欢乐颂,电视剧,2016-04-18,中国大陆,2016,剧情/爱情,有评分,7.5,353514,353514,1628,52860233,60811509,1596,刘思明,m52860233,演员,"刘涛, 蒋欣, 王子文, 杨紫, 乔欣"
36359490,孔兮,男,36571896,演员,否,999,36571896,命悬一生,电视剧,2025-10-11,中国大陆,2025,剧情/悬疑,有评分,7.7,85010,85010,809,73143841,72719029,1597,饭店孔老板,m73143841,演员,"黄轩, 李庚希, 张哲华, 白宇帆, 尹昉"
36359490,孔兮,男,35613241,演员,否,999,35613241,县委大院,电视剧,2022-12-07,中国大陆,2022,剧情,有评分,6.8,109693,109693,864,71226531,72719029,1598,大鹏,m71226531,演员,"胡歌, 吴越, 张新成, 黄磊, 李光洁"
36359490,孔兮,男,35321446,演员,否,999,35321446,大江大河之岁月如歌,电视剧,2024-01-08,中国大陆,2024,剧情,有评分,8.0,72953,72953,764,70642941,72719029,1599,赵营超,m70642941,演员,"王凯, 杨烁, 董子健, 杨采钰, 张佳宁"
36359490,孔兮,男,33442331,演员,否,999,33442331,我是余欢水,电视剧,2020-04-06,中国大陆,2020,剧情,有评分,7.3,324953,324953,1540,66884711,72719029,1600,三顺,m66884711,演员,"郭京飞, 苗苗, 高露, 岳旸, 高叶"
36359490,孔兮,男,26665065,演员,否,999,26665065,琅琊榜之风起长林,电视剧,2017-12-18,中国大陆,2017,剧情/古装,有评分,8.4,210088,210088,1328,53330179,72719029,1601,,m53330179,演员,"黄晓明, 刘昊然, 佟丽娅, 张慧雯, 梅婷"
36359490,孔兮,男,26430092,演员,否,999,26430092,欢乐颂,电视剧,2016-04-18,中国大陆,2016,剧情/爱情,有评分,7.5,353514,353514,1628,52860233,72719029,1602,要债人,m52860233,演员,"刘涛, 蒋欣, 王子文, 杨紫, 乔欣"
35739964,郭增友,男,35332289,演员,是,91,35332289,开端,电视剧,2022-01-11,中国大陆,2022,剧情,有评分,7.9,968506,968506,2766,70664627,71479977,1604,公交车司机,m70664627,演员,"白敬亭, 赵今麦, 刘奕君, 刘涛, 黄觉"
30487883,史成业,男,36571896,导演,是,2,36571896,命悬一生,电视剧,2025-10-11,中国大陆,2025,剧情/悬疑,有评分,7.7,85010,85010,809,73143841,60975815,1607,,m73143841,导演,"黄轩, 李庚希, 张哲华, 白宇帆, 尹昉"
30302213,李斌,男,26665065,演员,是,45,26665065,琅琊榜之风起长林,电视剧,2017-12-18,中国大陆,2017,剧情/古装,有评分,8.4,210088,210088,1328,53330179,60604475,1615,宁王,m53330179,演员,"黄晓明, 刘昊然, 佟丽娅, 张慧雯, 梅婷"
30302213,李斌,男,25754848,演员,是,79,25754848,琅琊榜,电视剧,2015-09-19,中国大陆,2015,剧情/古装,有评分,9.4,919060,919060,2939,51509745,60604475,1616,宁王,m51509745,演员,"胡歌, 刘涛, 王凯, 陈龙, 黄维德"
27576094,李虹辰,男,34792295,演员,是,56,34792295,乔家的儿女,电视剧,2021-08-17,中国大陆,2021,剧情/家庭,有评分,7.7,235622,235622,1347,69584639,55152237,1622,项北方,m69584639,演员,"白宇, 宋祖儿, 毛晓彤, 张晚意, 周翊然"
35737962,张宇轩,男,34792295,演员,是,24,34792295,乔家的儿女,电视剧,2021-08-17,中国大陆,2021,剧情/家庭,有评分,7.7,235622,235622,1347,69584639,71475973,1623,少年二强,m69584639,演员,"白宇, 宋祖儿, 毛晓彤, 张晚意, 周翊然"
35156468,怀远,男,27088993,演员,否,999,27088993,都挺好,电视剧,2019-03-01,中国大陆,2019,剧情/家庭,有评分,7.7,394106,394106,1742,54178035,70312985,1624,老刘,m54178035,演员,"姚晨, 倪大红, 郭京飞, 杨祐宁, 李念"
27566516,田征,男,26797690,演员,否,999,26797690,大江大河,电视剧,2018-12-10,中国大陆,2018,剧情,有评分,8.8,260126,260126,1513,53595429,55133081,1625,二叔,m53595429,演员,"王凯, 杨烁, 杨烁, 董子健, 童瑶"
36098293,张思敏,女,36534750,演员,否,999,36534750,小巷人家,电视剧,2024-10-28,中国大陆,2024,剧情/家庭,有评分,8.4,287902,287902,1555,73069549,72196635,1626,孙玉兰,m73069549,演员,"闫妮, 李光洁, 郭晓东, 蒋欣, 范丞丞"
35004937,左凌峰,男,35321446,演员,是,16,35321446,大江大河之岁月如歌,电视剧,2024-01-08,中国大陆,2024,剧情,有评分,8.0,72953,72953,764,70642941,70009923,1627,王鹏,m70642941,演员,"王凯, 杨烁, 董子健, 杨采钰, 张佳宁"
30410779,胡昌霖,男,34792298,演员,是,53,34792298,相逢时节,电视剧,2022-02-23,中国大陆,2022,剧情,有评分,4.9,33169,33169,403,69584645,60821607,1628,少年简宏成,m69584645,演员,"雷佳音, 袁泉, 张艺兴, 贾乃亮, 罗海琼"
27577530,阿如那,男,26671336,演员,是,5,26671336,得闲谨制,电影,2025-12-06,中国大陆,2025,剧情/战争,有评分,6.9,268554,268554,1361,53342721,55155109,1629,麻郭富,m53342721,演员,"肖战, 彭昱畅, 周依然, 杨新鸣, 阿如那"
30410632,赵雪,女,34792296,演员,是,47,34792296,欢迎光临,电视剧,2022-05-18,中国大陆,2022,剧情/喜剧/爱情,有评分,6.4,56516,56516,601,69584641,60821313,1630,年轻柳美莉,m69584641,演员,"黄轩, 白百何, 朱雨辰, 白宇帆, 丁嘉丽"
27570117,朱义,男,35033654,演员,否,999,35033654,山海情,电视剧,2021-01-12,中国大陆,2021,剧情,有评分,9.2,481571,481571,2105,70067357,55140283,1631,扬水站站长,m70067357,演员,"黄轩, 张嘉益, 闫妮, 黄觉, 姚晨"
35251083,姜健,男,36189205,演员,否,999,36189205,凡人歌,电视剧,2024-08-31,中国大陆,2024,剧情/喜剧,有评分,7.7,77700,77700,773,72378459,70502215,1632,猎头,m72378459,演员,"殷桃, 王骁, 章若楠, 秦俊杰, 张哲华"
34919551,师悦玲,女,35321446,演员,是,17,35321446,大江大河之岁月如歌,电视剧,2024-01-08,中国大陆,2024,剧情,有评分,8.0,72953,72953,764,70642941,69839151,1633,梁母,m70642941,演员,"王凯, 杨烁, 董子健, 杨采钰, 张佳宁"
34919551,师悦玲,女,30423905,演员,是,28,30423905,大江大河2,电视剧,2020-12-20,中国大陆,2020,剧情/历史,有评分,8.7,208072,208072,1345,60847859,69839151,1634,梁母,m60847859,演员,"王凯, 杨烁, 董子健, 杨采钰, 周放"
33463215,高安艺,男,26430092,演员,否,999,26430092,欢乐颂,电视剧,2016-04-18,中国大陆,2016,剧情/爱情,有评分,7.5,353514,353514,1628,52860233,66926479,1635,面试官甲 ,m52860233,演员,"刘涛, 蒋欣, 王子文, 杨紫, 乔欣"
27563485,李逸男,男,35588265,演员,否,999,35588265,樱桃琥珀,电视剧,2025-07-14,中国大陆,2025,剧情/爱情,有评分,5.7,38891,38891,471,71176579,55127019,1636,陈明昊,m71176579,演员,"赵今麦, 张凌赫, 董洁, 保剑锋, 董璇"
30371639,马泰,男,26088457,演员,否,999,26088457,他来了，请闭眼,电视剧,2015-10-15,中国大陆,2015,剧情/悬疑,有评分,6.7,74395,74395,706,52176963,60743327,1637,Barnes-医生,m52176963,演员,"霍建华, 马思纯, 张鲁一, 王凯, 尹正"
30433944,李媛媛,女,30423905,演员,是,43,30423905,大江大河2,电视剧,2020-12-20,中国大陆,2020,剧情/历史,有评分,8.7,208072,208072,1345,60847859,60867937,1638,赵秀,m60847859,演员,"王凯, 杨烁, 董子健, 杨采钰, 周放"
30433944,李媛媛,女,26928226,演员,否,999,26928226,知否知否应是绿肥红瘦,电视剧,2018-12-25,中国大陆,2018,剧情/爱情/古装,有评分,8.0,695224,695224,2358,53856501,60867937,1639,翠微,m53856501,演员,"赵丽颖, 冯绍峰, 朱一龙, 施诗, 张佳宁"
34853739,甘昀宸,男,30421903,演员,否,999,30421903,淬火年代,电视剧,2025-06-18,中国大陆,2025,剧情,有评分,7.0,21373,21373,387,60843855,69707527,1640,小郑,m60843855,演员,"张新成, 宋祖儿, 王彦霖, 任程伟, 张月"
34853739,甘昀宸,男,26671336,演员,是,6,26671336,得闲谨制,电影,2025-12-06,中国大陆,2025,剧情/战争,有评分,6.9,268554,268554,1361,53342721,69707527,1641,梅德福,m53342721,演员,"肖战, 彭昱畅, 周依然, 杨新鸣, 阿如那"
27587580,张月,女,30421903,演员,是,5,30421903,淬火年代,电视剧,2025-06-18,中国大陆,2025,剧情,有评分,7.0,21373,21373,387,60843855,55175209,1642,林川,m60843855,演员,"张新成, 宋祖儿, 王彦霖, 任程伟, 张月"
30419197,陈立唯,男,26759908,演员,否,999,26759908,清平乐,电视剧,2020-04-07,中国大陆,2020,剧情/古装,有评分,6.4,173456,173456,1054,53519865,60838443,1643,王质,m53519865,演员,"王凯, 江疏影, 任敏, 杨玏, 边程"
35882098,王红梅,女,35321446,演员,否,999,35321446,大江大河之岁月如歌,电视剧,2024-01-08,中国大陆,2024,剧情,有评分,8.0,72953,72953,764,70642941,71764245,1644,冯母,m70642941,演员,"王凯, 杨烁, 董子健, 杨采钰, 张佳宁"
35882098,王红梅,女,34792295,演员,是,58,34792295,乔家的儿女,电视剧,2021-08-17,中国大陆,2021,剧情/家庭,有评分,7.7,235622,235622,1347,69584639,71764245,1645,叶母,m69584639,演员,"白宇, 宋祖儿, 毛晓彤, 张晚意, 周翊然"
35882098,王红梅,女,26759908,演员,否,999,26759908,清平乐,电视剧,2020-04-07,中国大陆,2020,剧情/古装,有评分,6.4,173456,173456,1054,53519865,71764245,1646,盛姑姑,m53519865,演员,"王凯, 江疏影, 任敏, 杨玏, 边程"
35093868,张勇民,男,26759908,演员,否,999,26759908,清平乐,电视剧,2020-04-07,中国大陆,2020,剧情/古装,有评分,6.4,173456,173456,1054,53519865,70187785,1647,宋庠,m53519865,演员,"王凯, 江疏影, 任敏, 杨玏, 边程"
34449436,胡双全,男,26759908,演员,否,999,26759908,清平乐,电视剧,2020-04-07,中国大陆,2020,剧情/古装,有评分,6.4,173456,173456,1054,53519865,68898921,1648,梁全一,m53519865,演员,"王凯, 江疏影, 任敏, 杨玏, 边程"
35003133,鲁文秀,男,26759908,演员,否,999,26759908,清平乐,电视剧,2020-04-07,中国大陆,2020,剧情/古装,有评分,6.4,173456,173456,1054,53519865,70006315,1649,曾巩,m53519865,演员,"王凯, 江疏影, 任敏, 杨玏, 边程"
27571473,张本煜,男,26759908,演员,是,15,26759908,清平乐,电视剧,2020-04-07,中国大陆,2020,剧情/古装,有评分,6.4,173456,173456,1054,53519865,55142995,1650,欧阳修,m53519865,演员,"王凯, 江疏影, 任敏, 杨玏, 边程"
35809350,阮样华,男,35332289,演员,是,103,35332289,开端,电视剧,2022-01-11,中国大陆,2022,剧情,有评分,7.9,968506,968506,2766,70664627,71618749,1651,药婆儿子,m70664627,演员,"白敬亭, 赵今麦, 刘奕君, 刘涛, 黄觉"
27574992,龙德,男,25754848,演员,是,77,25754848,琅琊榜,电视剧,2015-09-19,中国大陆,2015,剧情/古装,有评分,9.4,919060,919060,2939,51509745,55150033,1657,季帮主,m51509745,演员,"胡歌, 刘涛, 王凯, 陈龙, 黄维德"
27567064,孙荣,男,25754848,演员,是,70,25754848,琅琊榜,电视剧,2015-09-19,中国大陆,2015,剧情/古装,有评分,9.4,919060,919060,2939,51509745,55134177,1658,穆王,m51509745,演员,"胡歌, 刘涛, 王凯, 陈龙, 黄维德"
27562462,马波,男,35613241,演员,否,999,35613241,县委大院,电视剧,2022-12-07,中国大陆,2022,剧情,有评分,6.8,109693,109693,864,71226531,55124973,1659,曹建林,m71226531,演员,"胡歌, 吴越, 张新成, 黄磊, 李光洁"
27562462,马波,男,35332289,演员,是,26,35332289,开端,电视剧,2022-01-11,中国大陆,2022,剧情,有评分,7.9,968506,968506,2766,70664627,55124973,1660,室友,m70664627,演员,"白敬亭, 赵今麦, 刘奕君, 刘涛, 黄觉"
27562462,马波,男,35033654,演员,是,35,35033654,山海情,电视剧,2021-01-12,中国大陆,2021,剧情,有评分,9.2,481571,481571,2105,70067357,55124973,1661,杨三,m70067357,演员,"黄轩, 张嘉益, 闫妮, 黄觉, 姚晨"
27562462,马波,男,33442331,演员,是,45,33442331,我是余欢水,电视剧,2020-04-06,中国大陆,2020,剧情,有评分,7.3,324953,324953,1540,66884711,55124973,1662,丁助理,m66884711,演员,"郭京飞, 苗苗, 高露, 岳旸, 高叶"
27562462,马波,男,30423905,演员,否,999,30423905,大江大河2,电视剧,2020-12-20,中国大陆,2020,剧情/历史,有评分,8.7,208072,208072,1345,60847859,55124973,1663,贾佳伟,m60847859,演员,"王凯, 杨烁, 董子健, 杨采钰, 周放"
27562462,马波,男,26797690,演员,否,999,26797690,大江大河,电视剧,2018-12-10,中国大陆,2018,剧情,有评分,8.8,260126,260126,1513,53595429,55124973,1664,贾佳伟,m53595429,演员,"王凯, 杨烁, 杨烁, 董子健, 童瑶"
27562462,马波,男,26683725,演员,否,999,26683725,外科风云,电视剧,2017-04-17,中国大陆,2017,剧情/爱情,有评分,7.3,94754,94754,832,53367499,55124973,1665,蔡伟,m53367499,演员,"靳东, 白百何, 李佳航, 马少骅, 蓝盈莹"
27562462,马波,男,26665065,演员,否,999,26665065,琅琊榜之风起长林,电视剧,2017-12-18,中国大陆,2017,剧情/古装,有评分,8.4,210088,210088,1328,53330179,55124973,1666,高福,m53330179,演员,"黄晓明, 刘昊然, 佟丽娅, 张慧雯, 梅婷"
27562462,马波,男,26345137,演员,否,999,26345137,如果蜗牛有爱情,电视剧,2016-10-24,中国大陆,2016,剧情/爱情/悬疑,有评分,7.2,105271,105271,871,52690323,55124973,1667,关南,m52690323,演员,"王凯, 王子文, 徐悦, 于恒, 赵圆瑗"
27562462,马波,男,26088457,演员,否,999,26088457,他来了，请闭眼,电视剧,2015-10-15,中国大陆,2015,剧情/悬疑,有评分,6.7,74395,74395,706,52176963,55124973,1668,沈一丹,m52176963,演员,"霍建华, 马思纯, 张鲁一, 王凯, 尹正"
27562462,马波,男,25754848,演员,是,76,25754848,琅琊榜,电视剧,2015-09-19,中国大陆,2015,剧情/古装,有评分,9.4,919060,919060,2939,51509745,55124973,1669,朱寿春,m51509745,演员,"胡歌, 刘涛, 王凯, 陈龙, 黄维德"
34444417,张庭菲,女,26683725,演员,否,999,26683725,外科风云,电视剧,2017-04-17,中国大陆,2017,剧情/爱情,有评分,7.3,94754,94754,832,53367499,68888883,1670,护士张丽,m53367499,演员,"靳东, 白百何, 李佳航, 马少骅, 蓝盈莹"
27562687,白马竞,男,34792295,演员,是,71,34792295,乔家的儿女,电视剧,2021-08-17,中国大陆,2021,剧情/家庭,有评分,7.7,235622,235622,1347,69584639,55125423,1671,玲子爸,m69584639,演员,"白宇, 宋祖儿, 毛晓彤, 张晚意, 周翊然"
27562687,白马竞,男,26683725,演员,是,77,26683725,外科风云,电视剧,2017-04-17,中国大陆,2017,剧情/爱情,有评分,7.3,94754,94754,832,53367499,55125423,1672,叶洪达,m53367499,演员,"靳东, 白百何, 李佳航, 马少骅, 蓝盈莹"
35201375,刘建民,男,34792295,演员,是,83,34792295,乔家的儿女,电视剧,2021-08-17,中国大陆,2021,剧情/家庭,有评分,7.7,235622,235622,1347,69584639,70402799,1679,孟桂芝爸,m69584639,演员,"白宇, 宋祖儿, 毛晓彤, 张晚意, 周翊然"
36599986,高若芯,女,25994712,演员,否,999,25994712,伪装者,电视剧,2015-08-31,中国大陆,2015,剧情/悬疑,有评分,8.6,382758,382758,1814,51989473,73200021,1681,青年明镜,m51989473,演员,"胡歌, 靳东, 刘敏涛, 王凯, 宋轶"
37066300,柴宗立,男,35588265,演员,是,13,35588265,樱桃琥珀,电视剧,2025-07-14,中国大陆,2025,剧情/爱情,有评分,5.7,38891,38891,471,71176579,74132649,1682,冯乐天,m71176579,演员,"赵今麦, 张凌赫, 董洁, 保剑锋, 董璇"
36465314,徐喆,女,26928226,演员,否,999,26928226,知否知否应是绿肥红瘦,电视剧,2018-12-25,中国大陆,2018,剧情/爱情/古装,有评分,8.0,695224,695224,2358,53856501,72930677,1683,羊毫,m53856501,演员,"赵丽颖, 冯绍峰, 朱一龙, 施诗, 张佳宁"
36929235,傅闽南,男,35332289,演员,是,96,35332289,开端,电视剧,2022-01-11,中国大陆,2022,剧情,有评分,7.9,968506,968506,2766,70664627,73858519,1684,,m70664627,演员,"白敬亭, 赵今麦, 刘奕君, 刘涛, 黄觉"
27561633,松浦敬之,男,25994712,演员,是,21,25994712,伪装者,电视剧,2015-08-31,中国大陆,2015,剧情/悬疑,有评分,8.6,382758,382758,1814,51989473,55123315,1685,高木,m51989473,演员,"胡歌, 靳东, 刘敏涛, 王凯, 宋轶"
30377692,郝鹏飞,男,35321446,演员,否,999,35321446,大江大河之岁月如歌,电视剧,2024-01-08,中国大陆,2024,剧情,有评分,8.0,72953,72953,764,70642941,60755433,1688,钱伟星,m70642941,演员,"王凯, 杨烁, 董子健, 杨采钰, 张佳宁"
27562411,徐为平,男,35613241,演员,否,999,35613241,县委大院,电视剧,2022-12-07,中国大陆,2022,剧情,有评分,6.8,109693,109693,864,71226531,55124871,1690,九原县文联主席,m71226531,演员,"胡歌, 吴越, 张新成, 黄磊, 李光洁"
34786046,刘季,女,35613241,演员,否,999,35613241,县委大院,电视剧,2022-12-07,中国大陆,2022,剧情,有评分,6.8,109693,109693,864,71226531,69572141,1691,乡卫生院董大夫,m71226531,演员,"胡歌, 吴越, 张新成, 黄磊, 李光洁"
27567182,白一骢,男,26298935,编剧,是,1,26298935,鬼吹灯之精绝古城,电视剧,2016-12-19,中国大陆,2016,剧情/悬疑/惊悚,有评分,7.9,274802,274802,1473,52597919,55134413,1692,,m52597919,编剧,"靳东, 陈乔恩, 赵达, 岳旸, 王永泉"
35784878,庄园,男,26671336,演员,否,999,26671336,得闲谨制,电影,2025-12-06,中国大陆,2025,剧情/战争,有评分,6.9,268554,268554,1361,53342721,71569805,1693,渣兵团,m53342721,演员,"肖战, 彭昱畅, 周依然, 杨新鸣, 阿如那"
34467207,李越,男,26671336,演员,否,999,26671336,得闲谨制,电影,2025-12-06,中国大陆,2025,剧情/战争,有评分,6.9,268554,268554,1361,53342721,68934463,1694,渣兵团,m53342721,演员,"肖战, 彭昱畅, 周依然, 杨新鸣, 阿如那"
35414152,栾茗媛,女,34792296,演员,是,37,34792296,欢迎光临,电视剧,2022-05-18,中国大陆,2022,剧情/喜剧/爱情,有评分,6.4,56516,56516,601,69584641,70828353,1695,小媛,m69584641,演员,"黄轩, 白百何, 朱雨辰, 白宇帆, 丁嘉丽"
27579889,黄尧,女,35613241,演员,是,21,35613241,县委大院,电视剧,2022-12-07,中国大陆,2022,剧情,有评分,6.8,109693,109693,864,71226531,55159827,1696,何亚萍,m71226531,演员,"胡歌, 吴越, 张新成, 黄磊, 李光洁"
27579889,黄尧,女,35033654,演员,是,9,35033654,山海情,电视剧,2021-01-12,中国大陆,2021,剧情,有评分,9.2,481571,481571,2105,70067357,55159827,1697,白麦苗,m70067357,演员,"黄轩, 张嘉益, 闫妮, 黄觉, 姚晨"
35717288,周杰,男,30423905,演员,否,999,30423905,大江大河2,电视剧,2020-12-20,中国大陆,2020,剧情/历史,有评分,8.7,208072,208072,1345,60847859,71434625,1698,厂办负责人,m60847859,演员,"王凯, 杨烁, 董子健, 杨采钰, 周放"
27563209,段冉,男,30423905,演员,否,999,30423905,大江大河2,电视剧,2020-12-20,中国大陆,2020,剧情/历史,有评分,8.7,208072,208072,1345,60847859,55126467,1699,孙主任,m60847859,演员,"王凯, 杨烁, 董子健, 杨采钰, 周放"
27633286,冯棉,女,26430092,演员,否,999,26430092,欢乐颂,电视剧,2016-04-18,中国大陆,2016,剧情/爱情,有评分,7.5,353514,353514,1628,52860233,55266621,1700,咖啡店店长,m52860233,演员,"刘涛, 蒋欣, 王子文, 杨紫, 乔欣"
34909447,于小鸣,男,30421903,演员,否,999,30421903,淬火年代,电视剧,2025-06-18,中国大陆,2025,剧情,有评分,7.0,21373,21373,387,60843855,69818943,1701,吴朝阳,m60843855,演员,"张新成, 宋祖儿, 王彦霖, 任程伟, 张月"
27572928,蒋沁芸,女,26759908,演员,是,41,26759908,清平乐,电视剧,2020-04-07,中国大陆,2020,剧情/古装,有评分,6.4,173456,173456,1054,53519865,55145905,1702,郭皇后,m53519865,演员,"王凯, 江疏影, 任敏, 杨玏, 边程"
35577165,霍雨佳,女,35613241,演员,否,999,35613241,县委大院,电视剧,2022-12-07,中国大陆,2022,剧情,有评分,6.8,109693,109693,864,71226531,71154379,1703,吕青山妻,m71226531,演员,"胡歌, 吴越, 张新成, 黄磊, 李光洁"
35577165,霍雨佳,女,35332289,演员,是,76,35332289,开端,电视剧,2022-01-11,中国大陆,2022,剧情,有评分,7.9,968506,968506,2766,70664627,71154379,1704,老张妻子,m70664627,演员,"白敬亭, 赵今麦, 刘奕君, 刘涛, 黄觉"
30288953,陈奕恩,男,26088457,演员,否,999,26088457,他来了，请闭眼,电视剧,2015-10-15,中国大陆,2015,剧情/悬疑,有评分,6.7,74395,74395,706,52176963,60577955,1715,魏思源,m52176963,演员,"霍建华, 马思纯, 张鲁一, 王凯, 尹正"
30288953,陈奕恩,男,25870290,演员,否,999,25870290,温州两家人,电视剧,2015-11-26,中国大陆,2015,剧情,有评分,7.8,7118,7118,236,51740629,60577955,1716,吴海洲,m51740629,演员,"郭涛, 任程伟, 袁咏仪, 陈丽娜, 刘奕君"
30288953,陈奕恩,男,25754848,演员,否,999,25754848,琅琊榜,电视剧,2015-09-19,中国大陆,2015,剧情/古装,有评分,9.4,919060,919060,2939,51509745,60577955,1717,少将军,m51509745,演员,"胡歌, 刘涛, 王凯, 陈龙, 黄维德"
27563524,郝文学,男,26665065,演员,否,999,26665065,琅琊榜之风起长林,电视剧,2017-12-18,中国大陆,2017,剧情/古装,有评分,8.4,210088,210088,1328,53330179,55127097,1718,太医,m53330179,演员,"黄晓明, 刘昊然, 佟丽娅, 张慧雯, 梅婷"
27563524,郝文学,男,25754848,演员,是,61,25754848,琅琊榜,电视剧,2015-09-19,中国大陆,2015,剧情/古装,有评分,9.4,919060,919060,2939,51509745,55127097,1719,岳秀泽,m51509745,演员,"胡歌, 刘涛, 王凯, 陈龙, 黄维德"
27568460,张巨明,男,25994712,演员,是,37,25994712,伪装者,电视剧,2015-08-31,中国大陆,2015,剧情/悬疑,有评分,8.6,382758,382758,1814,51989473,55136969,1720,满崽,m51989473,演员,"胡歌, 靳东, 刘敏涛, 王凯, 宋轶"
27568460,张巨明,男,25754848,演员,是,54,25754848,琅琊榜,电视剧,2015-09-19,中国大陆,2015,剧情/古装,有评分,9.4,919060,919060,2939,51509745,55136969,1721,萧庭生,m51509745,演员,"胡歌, 刘涛, 王凯, 陈龙, 黄维德"
35639963,佐菲,女,33442331,演员,否,999,33442331,我是余欢水,电视剧,2020-04-06,中国大陆,2020,剧情,有评分,7.3,324953,324953,1540,66884711,71279975,1722,女记者,m66884711,演员,"郭京飞, 苗苗, 高露, 岳旸, 高叶"
35812549,王梓,男,34792298,演员,是,41,34792298,相逢时节,电视剧,2022-02-23,中国大陆,2022,剧情,有评分,4.9,33169,33169,403,69584645,71625147,1723,阿辰,m69584645,演员,"雷佳音, 袁泉, 张艺兴, 贾乃亮, 罗海琼"
30320904,任宇,男,35613241,演员,否,999,35613241,县委大院,电视剧,2022-12-07,中国大陆,2022,剧情,有评分,6.8,109693,109693,864,71226531,60641857,1724,财政局吴主任,m71226531,演员,"胡歌, 吴越, 张新成, 黄磊, 李光洁"
27588249,王梓权,男,36189205,演员,否,999,36189205,凡人歌,电视剧,2024-08-31,中国大陆,2024,剧情/喜剧,有评分,7.7,77700,77700,773,72378459,55176547,1726,路杰,m72378459,演员,"殷桃, 王骁, 章若楠, 秦俊杰, 张哲华"
27562762,李沁霏,女,26430092,演员,否,999,26430092,欢乐颂,电视剧,2016-04-18,中国大陆,2016,剧情/爱情,有评分,7.5,353514,353514,1628,52860233,55125573,1727,部门经理,m52860233,演员,"刘涛, 蒋欣, 王子文, 杨紫, 乔欣"
30224457,朱凌雾,女,26665065,演员,否,999,26665065,琅琊榜之风起长林,电视剧,2017-12-18,中国大陆,2017,剧情/古装,有评分,8.4,210088,210088,1328,53330179,60448963,1728,敏儿,m53330179,演员,"黄晓明, 刘昊然, 佟丽娅, 张慧雯, 梅婷"
30224457,朱凌雾,女,26430092,演员,否,999,26430092,欢乐颂,电视剧,2016-04-18,中国大陆,2016,剧情/爱情,有评分,7.5,353514,353514,1628,52860233,60448963,1729,樊同事乙,m52860233,演员,"刘涛, 蒋欣, 王子文, 杨紫, 乔欣"
36446551,邹梓越,女,35588265,演员,否,999,35588265,樱桃琥珀,电视剧,2025-07-14,中国大陆,2025,剧情/爱情,有评分,5.7,38891,38891,471,71176579,72893151,1730,辛婷婷,m71176579,演员,"赵今麦, 张凌赫, 董洁, 保剑锋, 董璇"
27568834,董羽生,男,36571896,演员,否,999,36571896,命悬一生,电视剧,2025-10-11,中国大陆,2025,剧情/悬疑,有评分,7.7,85010,85010,809,73143841,55137717,1731,混混头子,m73143841,演员,"黄轩, 李庚希, 张哲华, 白宇帆, 尹昉"
34880343,黄凯文,女,35332289,编剧,是,4,35332289,开端,电视剧,2022-01-11,中国大陆,2022,剧情,有评分,7.9,968506,968506,2766,70664627,69760735,1732,,m70664627,编剧,"白敬亭, 赵今麦, 刘奕君, 刘涛, 黄觉"
34880343,黄凯文,女,35321446,编剧,是,4,35321446,大江大河之岁月如歌,电视剧,2024-01-08,中国大陆,2024,剧情,有评分,8.0,72953,72953,764,70642941,69760735,1733,,m70642941,编剧,"王凯, 杨烁, 董子健, 杨采钰, 张佳宁"
35809410,程小刚,男,35332289,演员,是,59,35332289,开端,电视剧,2022-01-11,中国大陆,2022,剧情,有评分,7.9,968506,968506,2766,70664627,71618869,1735,路人乙,m70664627,演员,"白敬亭, 赵今麦, 刘奕君, 刘涛, 黄觉"
27567479,季晨,男,26759908,演员,是,27,26759908,清平乐,电视剧,2020-04-07,中国大陆,2020,剧情/古装,有评分,6.4,173456,173456,1054,53519865,55135007,1737,狄青,m53519865,演员,"王凯, 江疏影, 任敏, 杨玏, 边程"
27567479,季晨,男,25754848,演员,是,69,25754848,琅琊榜,电视剧,2015-09-19,中国大陆,2015,剧情/古装,有评分,9.4,919060,919060,2939,51509745,55135007,1738,祁王萧景禹,m51509745,演员,"胡歌, 刘涛, 王凯, 陈龙, 黄维德"
34921604,郑杨,男,33442331,演员,是,28,33442331,我是余欢水,电视剧,2020-04-06,中国大陆,2020,剧情,有评分,7.3,324953,324953,1540,66884711,69843257,1740,厂房保安,m66884711,演员,"郭京飞, 苗苗, 高露, 岳旸, 高叶"
37066301,刘俊坚,男,35588265,演员,是,12,35588265,樱桃琥珀,电视剧,2025-07-14,中国大陆,2025,剧情/爱情,有评分,5.7,38891,38891,471,71176579,74132651,1747,费林格,m71176579,演员,"赵今麦, 张凌赫, 董洁, 保剑锋, 董璇"
37055789,沈佳钰,女,35588265,演员,是,7,35588265,樱桃琥珀,电视剧,2025-07-14,中国大陆,2025,剧情/爱情,有评分,5.7,38891,38891,471,71176579,74111627,1748,秦野云,m71176579,演员,"赵今麦, 张凌赫, 董洁, 保剑锋, 董璇"
37241614,贝伊勒,男,36571896,演员,否,999,36571896,命悬一生,电视剧,2025-10-11,中国大陆,2025,剧情/悬疑,有评分,7.7,85010,85010,809,73143841,74483277,1756,少年曹小军,m73143841,演员,"黄轩, 李庚希, 张哲华, 白宇帆, 尹昉"
36540759,谢昊廷,男,36571896,演员,否,999,36571896,命悬一生,电视剧,2025-10-11,中国大陆,2025,剧情/悬疑,有评分,7.7,85010,85010,809,73143841,73081567,1757,少年倪向东,m73143841,演员,"黄轩, 李庚希, 张哲华, 白宇帆, 尹昉"
36577760,孟艺,女,34792295,演员,是,112,34792295,乔家的儿女,电视剧,2021-08-17,中国大陆,2021,剧情/家庭,有评分,7.7,235622,235622,1347,69584639,73155569,1758,朱老师,m69584639,演员,"白宇, 宋祖儿, 毛晓彤, 张晚意, 周翊然"
37397171,杨震钧,男,36534750,演员,否,999,36534750,小巷人家,电视剧,2024-10-28,中国大陆,2024,剧情/家庭,有评分,8.4,287902,287902,1555,73069549,74794391,1759,司机,m73069549,演员,"闫妮, 李光洁, 郭晓东, 蒋欣, 范丞丞"
35091779,刘禹霆,男,34792295,演员,是,81,34792295,乔家的儿女,电视剧,2021-08-17,中国大陆,2021,剧情/家庭,有评分,7.7,235622,235622,1347,69584639,70183607,1762,黄志超,m69584639,演员,"白宇, 宋祖儿, 毛晓彤, 张晚意, 周翊然"
36140571,谢春懿,男,34792295,演员,是,50,34792295,乔家的儿女,电视剧,2021-08-17,中国大陆,2021,剧情/家庭,有评分,7.7,235622,235622,1347,69584639,72281191,1763,牛野,m69584639,演员,"白宇, 宋祖儿, 毛晓彤, 张晚意, 周翊然"
30229469,桑茗胜,男,25994712,演员,是,32,25994712,伪装者,电视剧,2015-08-31,中国大陆,2015,剧情/悬疑,有评分,8.6,382758,382758,1814,51989473,60458987,1764,唐川,m51989473,演员,"胡歌, 靳东, 刘敏涛, 王凯, 宋轶"
36350641,曾怀毅,男,36534750,演员,否,999,36534750,小巷人家,电视剧,2024-10-28,中国大陆,2024,剧情/家庭,有评分,8.4,287902,287902,1555,73069549,72701331,1765,,m73069549,演员,"闫妮, 李光洁, 郭晓东, 蒋欣, 范丞丞"
35439369,侯玮涛,男,35321446,演员,否,999,35321446,大江大河之岁月如歌,电视剧,2024-01-08,中国大陆,2024,剧情,有评分,8.0,72953,72953,764,70642941,70878787,1766,李成亮,m70642941,演员,"王凯, 杨烁, 董子健, 杨采钰, 张佳宁"
35439369,侯玮涛,男,34792295,演员,是,48,34792295,乔家的儿女,电视剧,2021-08-17,中国大陆,2021,剧情/家庭,有评分,7.7,235622,235622,1347,69584639,70878787,1767,王一宁,m69584639,演员,"白宇, 宋祖儿, 毛晓彤, 张晚意, 周翊然"
30469050,陈奎希,男,34792296,演员,是,44,34792296,欢迎光临,电视剧,2022-05-18,中国大陆,2022,剧情/喜剧/爱情,有评分,6.4,56516,56516,601,69584641,60938149,1768,郭玥老公,m69584641,演员,"黄轩, 白百何, 朱雨辰, 白宇帆, 丁嘉丽"
30329977,李先亮,男,35033654,演员,否,999,35033654,山海情,电视剧,2021-01-12,中国大陆,2021,剧情,有评分,9.2,481571,481571,2105,70067357,60660003,1769,货车司机,m70067357,演员,"黄轩, 张嘉益, 闫妮, 黄觉, 姚晨"
36298672,丁榆,女,36189205,演员,否,999,36189205,凡人歌,电视剧,2024-08-31,中国大陆,2024,剧情/喜剧,有评分,7.7,77700,77700,773,72378459,72597393,1770,,m72378459,演员,"殷桃, 王骁, 章若楠, 秦俊杰, 张哲华"
34958750,冯雪雅,女,35588265,演员,否,999,35588265,樱桃琥珀,电视剧,2025-07-14,中国大陆,2025,剧情/爱情,有评分,5.7,38891,38891,471,71176579,69917549,1772,中其乐,m71176579,演员,"赵今麦, 张凌赫, 董洁, 保剑锋, 董璇"
27562103,闫龙飞,男,26088457,演员,否,999,26088457,他来了，请闭眼,电视剧,2015-10-15,中国大陆,2015,剧情/悬疑,有评分,6.7,74395,74395,706,52176963,55124255,1773,Tommy,m52176963,演员,"霍建华, 马思纯, 张鲁一, 王凯, 尹正"
27577596,姜珮瑶,女,36571896,演员,是,6,36571896,命悬一生,电视剧,2025-10-11,中国大陆,2025,剧情/悬疑,有评分,7.7,85010,85010,809,73143841,55155241,1780,田宝珍,m73143841,演员,"黄轩, 李庚希, 张哲华, 白宇帆, 尹昉"
35809091,姜蓉,女,30423905,演员,否,999,30423905,大江大河2,电视剧,2020-12-20,中国大陆,2020,剧情/历史,有评分,8.7,208072,208072,1345,60847859,71618231,1781,范姐,m60847859,演员,"王凯, 杨烁, 董子健, 杨采钰, 周放"
35809091,姜蓉,女,26759908,演员,否,999,26759908,清平乐,电视剧,2020-04-07,中国大陆,2020,剧情/古装,有评分,6.4,173456,173456,1054,53519865,71618231,1782,王曾夫人,m53519865,演员,"王凯, 江疏影, 任敏, 杨玏, 边程"
35160096,张毓宜,女,26759908,演员,否,999,26759908,清平乐,电视剧,2020-04-07,中国大陆,2020,剧情/古装,有评分,6.4,173456,173456,1054,53519865,70320241,1783,小徽柔,m53519865,演员,"王凯, 江疏影, 任敏, 杨玏, 边程"
30484372,李沛泽,男,26759908,演员,否,999,26759908,清平乐,电视剧,2020-04-07,中国大陆,2020,剧情/古装,有评分,6.4,173456,173456,1054,53519865,60968793,1784,晏几道,m53519865,演员,"王凯, 江疏影, 任敏, 杨玏, 边程"
36414664,陈宇喆,男,35332289,演员,是,56,35332289,开端,电视剧,2022-01-11,中国大陆,2022,剧情,有评分,7.9,968506,968506,2766,70664627,72829377,1785,私车男孩,m70664627,演员,"白敬亭, 赵今麦, 刘奕君, 刘涛, 黄觉"
28442493,张捷,女,34792295,演员,是,69,34792295,乔家的儿女,电视剧,2021-08-17,中国大陆,2021,剧情/家庭,有评分,7.7,235622,235622,1347,69584639,56885035,1808,玲子姨妈,m69584639,演员,"白宇, 宋祖儿, 毛晓彤, 张晚意, 周翊然"
27578518,孙伊涵,女,34792295,演员,是,12,34792295,乔家的儿女,电视剧,2021-08-17,中国大陆,2021,剧情/家庭,有评分,7.7,235622,235622,1347,69584639,55157085,1809,文居岸,m69584639,演员,"白宇, 宋祖儿, 毛晓彤, 张晚意, 周翊然"
30484923,王成,男,27088993,演员,是,22,27088993,都挺好,电视剧,2019-03-01,中国大陆,2019,剧情/家庭,有评分,7.7,394106,394106,1742,54178035,60969895,1810,少年苏明哲,m54178035,演员,"姚晨, 倪大红, 郭京飞, 杨祐宁, 李念"
35165369,余骁睿,男,34792298,演员,是,55,34792298,相逢时节,电视剧,2022-02-23,中国大陆,2022,剧情,有评分,4.9,33169,33169,403,69584645,70330787,1811,幼年简宏图,m69584645,演员,"雷佳音, 袁泉, 张艺兴, 贾乃亮, 罗海琼"
27577561,节冰,男,36534750,演员,否,999,36534750,小巷人家,电视剧,2024-10-28,中国大陆,2024,剧情/家庭,有评分,8.4,287902,287902,1555,73069549,55155171,1812,周教授,m73069549,演员,"闫妮, 李光洁, 郭晓东, 蒋欣, 范丞丞"
27577561,节冰,男,35613241,演员,否,999,35613241,县委大院,电视剧,2022-12-07,中国大陆,2022,剧情,有评分,6.8,109693,109693,864,71226531,55155171,1813,林志为父亲,m71226531,演员,"胡歌, 吴越, 张新成, 黄磊, 李光洁"
30312666,张樟,女,34792296,演员,是,72,34792296,欢迎光临,电视剧,2022-05-18,中国大陆,2022,剧情/喜剧/爱情,有评分,6.4,56516,56516,601,69584641,60625381,1814,电影院情侣女,m69584641,演员,"黄轩, 白百何, 朱雨辰, 白宇帆, 丁嘉丽"
30206589,杨旻咏,男,35033654,演员,是,34,35033654,山海情,电视剧,2021-01-12,中国大陆,2021,剧情,有评分,9.2,481571,481571,2105,70067357,60413227,1815,安万升,m70067357,演员,"黄轩, 张嘉益, 闫妮, 黄觉, 姚晨"
27565381,王志刚,男,25870290,演员,是,26,25870290,温州两家人,电视剧,2015-11-26,中国大陆,2015,剧情,有评分,7.8,7118,7118,236,51740629,55130811,1816,,m51740629,演员,"郭涛, 任程伟, 袁咏仪, 陈丽娜, 刘奕君"
34459825,冷心清,女,36189205,演员,否,999,36189205,凡人歌,电视剧,2024-08-31,中国大陆,2024,剧情/喜剧,有评分,7.7,77700,77700,773,72378459,68919699,1817,彭欣怡,m72378459,演员,"殷桃, 王骁, 章若楠, 秦俊杰, 张哲华"
27584601,迈克尔·寇特斯,男,30423905,演员,否,999,30423905,大江大河2,电视剧,2020-12-20,中国大陆,2020,剧情/历史,有评分,8.7,208072,208072,1345,60847859,55169251,1818,吉恩,m60847859,演员,"王凯, 杨烁, 董子健, 杨采钰, 周放"
30267156,罗周红,女,26430092,演员,否,999,26430092,欢乐颂,电视剧,2016-04-18,中国大陆,2016,剧情/爱情,有评分,7.5,353514,353514,1628,52860233,60534361,1821,家属,m52860233,演员,"刘涛, 蒋欣, 王子文, 杨紫, 乔欣"
27580695,王沚渊,女,26430092,演员,否,999,26430092,欢乐颂,电视剧,2016-04-18,中国大陆,2016,剧情/爱情,有评分,7.5,353514,353514,1628,52860233,55161439,1822,病孩母亲,m52860233,演员,"刘涛, 蒋欣, 王子文, 杨紫, 乔欣"
30313293,魏劲松,男,26928226,演员,否,999,26928226,知否知否应是绿肥红瘦,电视剧,2018-12-25,中国大陆,2018,剧情/爱情/古装,有评分,8.0,695224,695224,2358,53856501,60626635,1826,李太监,m53856501,演员,"赵丽颖, 冯绍峰, 朱一龙, 施诗, 张佳宁"
35328468,许超,男,35613241,演员,否,999,35613241,县委大院,电视剧,2022-12-07,中国大陆,2022,剧情,有评分,6.8,109693,109693,864,71226531,70656985,1827,东亚星副总,m71226531,演员,"胡歌, 吴越, 张新成, 黄磊, 李光洁"
35328468,许超,男,30421903,演员,否,999,30421903,淬火年代,电视剧,2025-06-18,中国大陆,2025,剧情,有评分,7.0,21373,21373,387,60843855,70656985,1828,孙警官,m60843855,演员,"张新成, 宋祖儿, 王彦霖, 任程伟, 张月"
30232159,严丰,男,30421903,演员,否,999,30421903,淬火年代,电视剧,2025-06-18,中国大陆,2025,剧情,有评分,7.0,21373,21373,387,60843855,60464367,1829,严副厂长,m60843855,演员,"张新成, 宋祖儿, 王彦霖, 任程伟, 张月"
33431560,陈奕歌,男,26779426,演员,否,999,26779426,欢乐颂3,电视剧,2022-08-11,中国大陆,2022,剧情/爱情,有评分,4.9,41716,41716,452,53558901,66863169,1830,,m53558901,演员,"江疏影, 杨采钰, 张佳宁, 张慧雯, 李浩菲"
35360125,洪悦熙,女,26759908,演员,否,999,26759908,清平乐,电视剧,2020-04-07,中国大陆,2020,剧情/古装,有评分,6.4,173456,173456,1054,53519865,70720299,1831,小高滔滔,m53519865,演员,"王凯, 江疏影, 任敏, 杨玏, 边程"
34955300,予辰,女,26759908,演员,否,999,26759908,清平乐,电视剧,2020-04-07,中国大陆,2020,剧情/古装,有评分,6.4,173456,173456,1054,53519865,69910649,1832,许静奴,m53519865,演员,"王凯, 江疏影, 任敏, 杨玏, 边程"
27573064,杨玥,女,26759908,演员,否,999,26759908,清平乐,电视剧,2020-04-07,中国大陆,2020,剧情/古装,有评分,6.4,173456,173456,1054,53519865,55146177,1833,高滔滔,m53519865,演员,"王凯, 江疏影, 任敏, 杨玏, 边程"
30438929,王竞,男,26430092,演员,否,999,26430092,欢乐颂,电视剧,2016-04-18,中国大陆,2016,剧情/爱情,有评分,7.5,353514,353514,1628,52860233,60877907,1853,绯闻男,m52860233,演员,"刘涛, 蒋欣, 王子文, 杨紫, 乔欣"
27567821,张永健,男,26683725,演员,是,54,26683725,外科风云,电视剧,2017-04-17,中国大陆,2017,剧情/爱情,有评分,7.3,94754,94754,832,53367499,55135691,1866,葛树新,m53367499,演员,"靳东, 白百何, 李佳航, 马少骅, 蓝盈莹"
36576823,沈逸卓,男,34792295,演员,是,90,34792295,乔家的儿女,电视剧,2021-08-17,中国大陆,2021,剧情/家庭,有评分,7.7,235622,235622,1347,69584639,73153695,1867,少年牛野,m69584639,演员,"白宇, 宋祖儿, 毛晓彤, 张晚意, 周翊然"
37899054,佐佐木大智,男,26671336,演员,否,999,26671336,得闲谨制,电影,2025-12-06,中国大陆,2025,剧情/战争,有评分,6.9,268554,268554,1361,53342721,75798157,1869,坦克炮手,m53342721,演员,"肖战, 彭昱畅, 周依然, 杨新鸣, 阿如那"
37899052,山口改,男,26671336,演员,否,999,26671336,得闲谨制,电影,2025-12-06,中国大陆,2025,剧情/战争,有评分,6.9,268554,268554,1361,53342721,75798153,1870,八木,m53342721,演员,"肖战, 彭昱畅, 周依然, 杨新鸣, 阿如那"
36576785,王子木,男,34792295,演员,是,88,34792295,乔家的儿女,电视剧,2021-08-17,中国大陆,2021,剧情/家庭,有评分,7.7,235622,235622,1347,69584639,73153619,1871,陈威,m69584639,演员,"白宇, 宋祖儿, 毛晓彤, 张晚意, 周翊然"
36576785,王子木,男,26759908,演员,否,999,26759908,清平乐,电视剧,2020-04-07,中国大陆,2020,剧情/古装,有评分,6.4,173456,173456,1054,53519865,73153619,1872,曹诱,m53519865,演员,"王凯, 江疏影, 任敏, 杨玏, 边程"
36619624,钱正忠,男,25754848,演员,是,87,25754848,琅琊榜,电视剧,2015-09-19,中国大陆,2015,剧情/古装,有评分,9.4,919060,919060,2939,51509745,73239297,1873,秦山 / 柴都统,m51509745,演员,"胡歌, 刘涛, 王凯, 陈龙, 黄维德"
36572606,朱剑峰,男,34792295,演员,是,84,34792295,乔家的儿女,电视剧,2021-08-17,中国大陆,2021,剧情/家庭,有评分,7.7,235622,235622,1347,69584639,73145261,1874,大块头,m69584639,演员,"白宇, 宋祖儿, 毛晓彤, 张晚意, 周翊然"
37067027,张瀚生,男,34792296,演员,否,999,34792296,欢迎光临,电视剧,2022-05-18,中国大陆,2022,剧情/喜剧/爱情,有评分,6.4,56516,56516,601,69584641,74134103,1875,,m69584641,演员,"黄轩, 白百何, 朱雨辰, 白宇帆, 丁嘉丽"
27562104,李子轩,男,34792295,演员,是,67,34792295,乔家的儿女,电视剧,2021-08-17,中国大陆,2021,剧情/家庭,有评分,7.7,235622,235622,1347,69584639,55124257,1877,学生,m69584639,演员,"白宇, 宋祖儿, 毛晓彤, 张晚意, 周翊然"
30183850,魏瑾,女,34792295,演员,是,49,34792295,乔家的儿女,电视剧,2021-08-17,中国大陆,2021,剧情/家庭,有评分,7.7,235622,235622,1347,69584639,60367749,1878,齐小雅,m69584639,演员,"白宇, 宋祖儿, 毛晓彤, 张晚意, 周翊然"
34990625,埃里克·海斯,男,26797690,演员,否,999,26797690,大江大河,电视剧,2018-12-10,中国大陆,2018,剧情,有评分,8.8,260126,260126,1513,53595429,69981299,1880,珂勒医生,m53595429,演员,"王凯, 杨烁, 杨烁, 董子健, 童瑶"
35882053,谷明晨,男,26797690,演员,否,999,26797690,大江大河,电视剧,2018-12-10,中国大陆,2018,剧情,有评分,8.8,260126,260126,1513,53595429,71764155,1881,徐秘书,m53595429,演员,"王凯, 杨烁, 杨烁, 董子健, 童瑶"
35577113,贺琦玉,女,26797690,演员,否,999,26797690,大江大河,电视剧,2018-12-10,中国大陆,2018,剧情,有评分,8.8,260126,260126,1513,53595429,71154275,1882,张淑桦,m53595429,演员,"王凯, 杨烁, 杨烁, 董子健, 童瑶"
34995522,金有明,男,26665065,演员,否,999,26665065,琅琊榜之风起长林,电视剧,2017-12-18,中国大陆,2017,剧情/古装,有评分,8.4,210088,210088,1328,53330179,69991093,1883,中书令,m53330179,演员,"黄晓明, 刘昊然, 佟丽娅, 张慧雯, 梅婷"
34905108,白沙,女,34792298,演员,否,999,34792298,相逢时节,电视剧,2022-02-23,中国大陆,2022,剧情,有评分,4.9,33169,33169,403,69584645,69810265,1884,青年袁柳,m69584645,演员,"雷佳音, 袁泉, 张艺兴, 贾乃亮, 罗海琼"
34905108,白沙,女,34792295,演员,是,39,34792295,乔家的儿女,电视剧,2021-08-17,中国大陆,2021,剧情/家庭,有评分,7.7,235622,235622,1347,69584639,69810265,1885,余美勤,m69584639,演员,"白宇, 宋祖儿, 毛晓彤, 张晚意, 周翊然"
27588590,孙宁,男,34792298,演员,是,9,34792298,相逢时节,电视剧,2022-02-23,中国大陆,2022,剧情,有评分,4.9,33169,33169,403,69584645,55177229,1886,简宏图,m69584645,演员,"雷佳音, 袁泉, 张艺兴, 贾乃亮, 罗海琼"
35954268,郭晗,男,26671336,演员,否,999,26671336,得闲谨制,电影,2025-12-06,中国大陆,2025,剧情/战争,有评分,6.9,268554,268554,1361,53342721,71908585,1887,渣兵团,m53342721,演员,"肖战, 彭昱畅, 周依然, 杨新鸣, 阿如那"
27587708,唐尧,男,35321446,编剧,是,1,35321446,大江大河之岁月如歌,电视剧,2024-01-08,中国大陆,2024,剧情,有评分,8.0,72953,72953,764,70642941,55175465,1888,,m70642941,编剧,"王凯, 杨烁, 董子健, 杨采钰, 张佳宁"
27587708,唐尧,男,30423905,编剧,是,1,30423905,大江大河2,电视剧,2020-12-20,中国大陆,2020,剧情/历史,有评分,8.7,208072,208072,1345,60847859,55175465,1889,,m60847859,编剧,"王凯, 杨烁, 董子健, 杨采钰, 周放"
27587708,唐尧,男,26797690,编剧,是,2,26797690,大江大河,电视剧,2018-12-10,中国大陆,2018,剧情,有评分,8.8,260126,260126,1513,53595429,55175465,1890,,m53595429,编剧,"王凯, 杨烁, 杨烁, 董子健, 童瑶"
30446678,韩龙瑄,男,30423905,演员,否,999,30423905,大江大河2,电视剧,2020-12-20,中国大陆,2020,剧情/历史,有评分,8.7,208072,208072,1345,60847859,60893405,1891,中年官员,m60847859,演员,"王凯, 杨烁, 董子健, 杨采钰, 周放"
27575593,胡耘豪,男,35321446,演员,是,19,35321446,大江大河之岁月如歌,电视剧,2024-01-08,中国大陆,2024,剧情,有评分,8.0,72953,72953,764,70642941,55151235,1892,雷正明,m70642941,演员,"王凯, 杨烁, 董子健, 杨采钰, 张佳宁"
27575593,胡耘豪,男,30423905,演员,是,16,30423905,大江大河2,电视剧,2020-12-20,中国大陆,2020,剧情/历史,有评分,8.7,208072,208072,1345,60847859,55151235,1893,雷正明,m60847859,演员,"王凯, 杨烁, 董子健, 杨采钰, 周放"
27575593,胡耘豪,男,26797690,演员,是,15,26797690,大江大河,电视剧,2018-12-10,中国大陆,2018,剧情,有评分,8.8,260126,260126,1513,53595429,55151235,1894,雷正明,m53595429,演员,"王凯, 杨烁, 杨烁, 董子健, 童瑶"
27581921,陆进,男,26928226,演员,否,999,26928226,知否知否应是绿肥红瘦,电视剧,2018-12-25,中国大陆,2018,剧情/爱情/古装,有评分,8.0,695224,695224,2358,53856501,55163891,1895,康晋,m53856501,演员,"赵丽颖, 冯绍峰, 朱一龙, 施诗, 张佳宁"
30488702,吴双,女,26759908,演员,否,999,26759908,清平乐,电视剧,2020-04-07,中国大陆,2020,剧情/古装,有评分,6.4,173456,173456,1054,53519865,60977453,1896,蕙儿,m53519865,演员,"王凯, 江疏影, 任敏, 杨玏, 边程"
30346097,邱玉洁,女,35332289,编剧,是,2,35332289,开端,电视剧,2022-01-11,中国大陆,2022,剧情,有评分,7.9,968506,968506,2766,70664627,60692243,1897,,m70664627,编剧,"白敬亭, 赵今麦, 刘奕君, 刘涛, 黄觉"
30346097,邱玉洁,女,35033654,编剧,是,6,35033654,山海情,电视剧,2021-01-12,中国大陆,2021,剧情,有评分,9.2,481571,481571,2105,70067357,60692243,1898,,m70067357,编剧,"黄轩, 张嘉益, 闫妮, 黄觉, 姚晨"
34901029,沐桐,男,35332289,演员,是,35,35332289,开端,电视剧,2022-01-11,中国大陆,2022,剧情,有评分,7.9,968506,968506,2766,70664627,69802107,1899,马小龙,m70664627,演员,"白敬亭, 赵今麦, 刘奕君, 刘涛, 黄觉"
27562154,焦鹏,男,36571896,演员,否,999,36571896,命悬一生,电视剧,2025-10-11,中国大陆,2025,剧情/悬疑,有评分,7.7,85010,85010,809,73143841,55124357,1900,李清福,m73143841,演员,"黄轩, 李庚希, 张哲华, 白宇帆, 尹昉"
27562154,焦鹏,男,35332289,演员,是,11,35332289,开端,电视剧,2022-01-11,中国大陆,2022,剧情,有评分,7.9,968506,968506,2766,70664627,55124357,1901,焦向荣,m70664627,演员,"白敬亭, 赵今麦, 刘奕君, 刘涛, 黄觉"
27562154,焦鹏,男,35321446,演员,否,999,35321446,大江大河之岁月如歌,电视剧,2024-01-08,中国大陆,2024,剧情,有评分,8.0,72953,72953,764,70642941,55124357,1902,丁森学,m70642941,演员,"王凯, 杨烁, 董子健, 杨采钰, 张佳宁"
27562154,焦鹏,男,35033654,演员,是,37,35033654,山海情,电视剧,2021-01-12,中国大陆,2021,剧情,有评分,9.2,481571,481571,2105,70067357,55124357,1903,五蹲,m70067357,演员,"黄轩, 张嘉益, 闫妮, 黄觉, 姚晨"
35122406,郑胜利,男,25754848,演员,是,97,25754848,琅琊榜,电视剧,2015-09-19,中国大陆,2015,剧情/古装,有评分,9.4,919060,919060,2939,51509745,70244861,1906,林燮,m51509745,演员,"胡歌, 刘涛, 王凯, 陈龙, 黄维德"
36151818,朱茉颜,女,34792295,演员,是,117,34792295,乔家的儿女,电视剧,2021-08-17,中国大陆,2021,剧情/家庭,有评分,7.7,235622,235622,1347,69584639,72303685,1911,时髦女人,m69584639,演员,"白宇, 宋祖儿, 毛晓彤, 张晚意, 周翊然"
35090999,杨晨睿,男,34792295,演员,是,92,34792295,乔家的儿女,电视剧,2021-08-17,中国大陆,2021,剧情/家庭,有评分,7.7,235622,235622,1347,69584639,70182047,1912,少年智勇,m69584639,演员,"白宇, 宋祖儿, 毛晓彤, 张晚意, 周翊然"
36430292,李蕊初,女,36534750,演员,否,999,36534750,小巷人家,电视剧,2024-10-28,中国大陆,2024,剧情/家庭,有评分,8.4,287902,287902,1555,73069549,72860633,1913,吴珊珊(童年,m73069549,演员,"闫妮, 李光洁, 郭晓东, 蒋欣, 范丞丞"
35662232,刘琪锜,女,36534750,演员,是,18,36534750,小巷人家,电视剧,2024-10-28,中国大陆,2024,剧情/家庭,有评分,8.4,287902,287902,1555,73069549,71324513,1914,庄筱婷(青年,m73069549,演员,"闫妮, 李光洁, 郭晓东, 蒋欣, 范丞丞"
30481467,杨雨潼,女,34792298,演员,是,49,34792298,相逢时节,电视剧,2022-02-23,中国大陆,2022,剧情,有评分,4.9,33169,33169,403,69584645,60962983,1915,青年陈昕儿,m69584645,演员,"雷佳音, 袁泉, 张艺兴, 贾乃亮, 罗海琼"
36016219,王彬,男,35613241,演员,否,999,35613241,县委大院,电视剧,2022-12-07,中国大陆,2022,剧情,有评分,6.8,109693,109693,864,71226531,72032487,1916,廖君,m71226531,演员,"胡歌, 吴越, 张新成, 黄磊, 李光洁"
35065399,李子涵,女,35613241,演员,否,999,35613241,县委大院,电视剧,2022-12-07,中国大陆,2022,剧情,有评分,6.8,109693,109693,864,71226531,70130847,1917,采访记者,m71226531,演员,"胡歌, 吴越, 张新成, 黄磊, 李光洁"
27562088,芮伟航,男,34792296,演员,是,53,34792296,欢迎光临,电视剧,2022-05-18,中国大陆,2022,剧情/喜剧/爱情,有评分,6.4,56516,56516,601,69584641,55124225,1918,情侣男,m69584641,演员,"黄轩, 白百何, 朱雨辰, 白宇帆, 丁嘉丽"
27562096,柯国庆,男,35321446,演员,否,999,35321446,大江大河之岁月如歌,电视剧,2024-01-08,中国大陆,2024,剧情,有评分,8.0,72953,72953,764,70642941,55124241,1919,詹姆斯,m70642941,演员,"王凯, 杨烁, 董子健, 杨采钰, 张佳宁"
27562096,柯国庆,男,34792296,演员,是,43,34792296,欢迎光临,电视剧,2022-05-18,中国大陆,2022,剧情/喜剧/爱情,有评分,6.4,56516,56516,601,69584641,55124241,1920,外籍高管,m69584641,演员,"黄轩, 白百何, 朱雨辰, 白宇帆, 丁嘉丽"
30482823,张振荣,男,35033654,演员,否,999,35033654,山海情,电视剧,2021-01-12,中国大陆,2021,剧情,有评分,9.2,481571,481571,2105,70067357,60965695,1921,李书记,m70067357,演员,"黄轩, 张嘉益, 闫妮, 黄觉, 姚晨"
35739560,徐小舒,女,36189205,演员,否,999,36189205,凡人歌,电视剧,2024-08-31,中国大陆,2024,剧情/喜剧,有评分,7.7,77700,77700,773,72378459,71479169,1922,小柳,m72378459,演员,"殷桃, 王骁, 章若楠, 秦俊杰, 张哲华"
30204190,骆言,女,36189205,演员,否,999,36189205,凡人歌,电视剧,2024-08-31,中国大陆,2024,剧情/喜剧,有评分,7.7,77700,77700,773,72378459,60408429,1923,相亲乙,m72378459,演员,"殷桃, 王骁, 章若楠, 秦俊杰, 张哲华"
35567845,高榕,女,35588265,演员,否,999,35588265,樱桃琥珀,电视剧,2025-07-14,中国大陆,2025,剧情/爱情,有评分,5.7,38891,38891,471,71176579,71135739,1926,方畅,m71176579,演员,"赵今麦, 张凌赫, 董洁, 保剑锋, 董璇"
34892919,路思奇,男,36571896,演员,否,999,36571896,命悬一生,电视剧,2025-10-11,中国大陆,2025,剧情/悬疑,有评分,7.7,85010,85010,809,73143841,69785887,1927,大年,m73143841,演员,"黄轩, 李庚希, 张哲华, 白宇帆, 尹昉"
35439368,从瑞麟,男,26759908,演员,否,999,26759908,清平乐,电视剧,2020-04-07,中国大陆,2020,剧情/古装,有评分,6.4,173456,173456,1054,53519865,70878785,1928,刘几,m53519865,演员,"王凯, 江疏影, 任敏, 杨玏, 边程"
33425651,李嘉欣,女,26759908,演员,否,999,26759908,清平乐,电视剧,2020-04-07,中国大陆,2020,剧情/古装,有评分,6.4,173456,173456,1054,53519865,66851351,1929,富若兰,m53519865,演员,"王凯, 江疏影, 任敏, 杨玏, 边程"
33394834,肖添仁,男,36534750,演员,否,999,36534750,小巷人家,电视剧,2024-10-28,中国大陆,2024,剧情/家庭,有评分,8.4,287902,287902,1555,73069549,66789717,1930,少年庄图南,m73069549,演员,"闫妮, 李光洁, 郭晓东, 蒋欣, 范丞丞"
33394834,肖添仁,男,26759908,演员,否,999,26759908,清平乐,电视剧,2020-04-07,中国大陆,2020,剧情/古装,有评分,6.4,173456,173456,1054,53519865,66789717,1931,童年赵宗实,m53519865,演员,"王凯, 江疏影, 任敏, 杨玏, 边程"
36721272,吴兆麟,男,35588265,演员,否,999,35588265,樱桃琥珀,电视剧,2025-07-14,中国大陆,2025,剧情/爱情,有评分,5.7,38891,38891,471,71176579,73442593,1942,韩引,m71176579,演员,"赵今麦, 张凌赫, 董洁, 保剑锋, 董璇"
37194741,张瀚方,女,36534750,演员,否,999,36534750,小巷人家,电视剧,2024-10-28,中国大陆,2024,剧情/家庭,有评分,8.4,287902,287902,1555,73069549,74389531,1943,李佳室友,m73069549,演员,"闫妮, 李光洁, 郭晓东, 蒋欣, 范丞丞"
37660667,孔钰铭,男,36571896,演员,是,17,36571896,命悬一生,电视剧,2025-10-11,中国大陆,2025,剧情/悬疑,有评分,7.7,85010,85010,809,73143841,75321383,1944,刘铮,m73143841,演员,"黄轩, 李庚希, 张哲华, 白宇帆, 尹昉"
36762032,殷晨曦,女,35332289,演员,是,69,35332289,开端,电视剧,2022-01-11,中国大陆,2022,剧情,有评分,7.9,968506,968506,2766,70664627,73524113,1945,何鹰俊女儿,m70664627,演员,"白敬亭, 赵今麦, 刘奕君, 刘涛, 黄觉"
27562504,啜二勇,男,26797690,演员,否,999,26797690,大江大河,电视剧,2018-12-10,中国大陆,2018,剧情,有评分,8.8,260126,260126,1513,53595429,55125057,1947,费厂长,m53595429,演员,"王凯, 杨烁, 杨烁, 董子健, 童瑶"
27622501,周洁琼,女,36534750,演员,是,10,36534750,小巷人家,电视剧,2024-10-28,中国大陆,2024,剧情/家庭,有评分,8.4,287902,287902,1555,73069549,55245051,1948,吴姗姗,m73069549,演员,"闫妮, 李光洁, 郭晓东, 蒋欣, 范丞丞"
35175726,陈凯瑞,男,35613241,演员,否,999,35613241,县委大院,电视剧,2022-12-07,中国大陆,2022,剧情,有评分,6.8,109693,109693,864,71226531,70351501,1949, 门卫乙,m71226531,演员,"胡歌, 吴越, 张新成, 黄磊, 李光洁"
30269700,刘惠仪,女,35613241,演员,否,999,35613241,县委大院,电视剧,2022-12-07,中国大陆,2022,剧情,有评分,6.8,109693,109693,864,71226531,60539449,1950,李保平母亲,m71226531,演员,"胡歌, 吴越, 张新成, 黄磊, 李光洁"
30371660,边天扬,男,26928226,演员,否,999,26928226,知否知否应是绿肥红瘦,电视剧,2018-12-25,中国大陆,2018,剧情/爱情/古装,有评分,8.0,695224,695224,2358,53856501,60743369,1952,少年顾廷烨,m53856501,演员,"赵丽颖, 冯绍峰, 朱一龙, 施诗, 张佳宁"
30426524,孙延笙,男,36571896,演员,否,999,36571896,命悬一生,电视剧,2025-10-11,中国大陆,2025,剧情/悬疑,有评分,7.7,85010,85010,809,73143841,60853097,1953,包德发,m73143841,演员,"黄轩, 李庚希, 张哲华, 白宇帆, 尹昉"
35197604,王议伟,男,36571896,演员,否,999,36571896,命悬一生,电视剧,2025-10-11,中国大陆,2025,剧情/悬疑,有评分,7.7,85010,85010,809,73143841,70395257,1954,包德盛,m73143841,演员,"黄轩, 李庚希, 张哲华, 白宇帆, 尹昉"
36125725,薛宾,男,26759908,演员,否,999,26759908,清平乐,电视剧,2020-04-07,中国大陆,2020,剧情/古装,有评分,6.4,173456,173456,1054,53519865,72251499,1955,冯士元,m53519865,演员,"王凯, 江疏影, 任敏, 杨玏, 边程"
30302217,尹元章,男,30421903,演员,否,999,30421903,淬火年代,电视剧,2025-06-18,中国大陆,2025,剧情,有评分,7.0,21373,21373,387,60843855,60604483,1957,曹父,m60843855,演员,"张新成, 宋祖儿, 王彦霖, 任程伟, 张月"
30302217,尹元章,男,25754848,演员,是,65,25754848,琅琊榜,电视剧,2015-09-19,中国大陆,2015,剧情/古装,有评分,9.4,919060,919060,2939,51509745,60604483,1958,楼之敬,m51509745,演员,"胡歌, 刘涛, 王凯, 陈龙, 黄维德"
27567225,李小燕,女,34792298,演员,是,21,34792298,相逢时节,电视剧,2022-02-23,中国大陆,2022,剧情,有评分,4.9,33169,33169,403,69584645,55134499,1959,郝母,m69584645,演员,"雷佳音, 袁泉, 张艺兴, 贾乃亮, 罗海琼"
27567225,李小燕,女,26743573,演员,否,999,26743573,欢乐颂2,电视剧,2017-05-11,中国大陆,2017,剧情/爱情,有评分,5.4,154450,154450,913,53487195,55134499,1960,,m53487195,演员,"刘涛, 蒋欣, 王子文, 杨紫, 乔欣"
27567225,李小燕,女,26683725,演员,是,64,26683725,外科风云,电视剧,2017-04-17,中国大陆,2017,剧情/爱情,有评分,7.3,94754,94754,832,53367499,55134499,1961,林母,m53367499,演员,"靳东, 白百何, 李佳航, 马少骅, 蓝盈莹"
27567583,嵇波,男,36571896,演员,否,999,36571896,命悬一生,电视剧,2025-10-11,中国大陆,2025,剧情/悬疑,有评分,7.7,85010,85010,809,73143841,55135215,1962,老嵇,m73143841,演员,"黄轩, 李庚希, 张哲华, 白宇帆, 尹昉"
27567583,嵇波,男,26683725,演员,是,50,26683725,外科风云,电视剧,2017-04-17,中国大陆,2017,剧情/爱情,有评分,7.3,94754,94754,832,53367499,55135215,1963,年轻傅博文,m53367499,演员,"靳东, 白百何, 李佳航, 马少骅, 蓝盈莹"
27567583,嵇波,男,25870290,演员,是,22,25870290,温州两家人,电视剧,2015-11-26,中国大陆,2015,剧情,有评分,7.8,7118,7118,236,51740629,55135215,1964,黄金娒,m51740629,演员,"郭涛, 任程伟, 袁咏仪, 陈丽娜, 刘奕君"
35176675,何籽乐,女,34792295,演员,是,65,34792295,乔家的儿女,电视剧,2021-08-17,中国大陆,2021,剧情/家庭,有评分,7.7,235622,235622,1347,69584639,70353399,1966,小敏,m69584639,演员,"白宇, 宋祖儿, 毛晓彤, 张晚意, 周翊然"
36056230,陈艳艳,女,36534750,演员,否,999,36534750,小巷人家,电视剧,2024-10-28,中国大陆,2024,剧情/家庭,有评分,8.4,287902,287902,1555,73069549,72112509,1968,张老师,m73069549,演员,"闫妮, 李光洁, 郭晓东, 蒋欣, 范丞丞"
34443516,赵语彤,女,36534750,演员,是,21,36534750,小巷人家,电视剧,2024-10-28,中国大陆,2024,剧情/家庭,有评分,8.4,287902,287902,1555,73069549,68887081,1969,张敏(青年,m73069549,演员,"闫妮, 李光洁, 郭晓东, 蒋欣, 范丞丞"
36350639,雷丰瑞,男,36534750,演员,是,19,36534750,小巷人家,电视剧,2024-10-28,中国大陆,2024,剧情/家庭,有评分,8.4,287902,287902,1555,73069549,72701327,1970,王大志,m73069549,演员,"闫妮, 李光洁, 郭晓东, 蒋欣, 范丞丞"
35748131,魏智,男,26665065,演员,是,40,26665065,琅琊榜之风起长林,电视剧,2017-12-18,中国大陆,2017,剧情/古装,有评分,8.4,210088,210088,1328,53330179,71496311,1971,惠王,m53330179,演员,"黄晓明, 刘昊然, 佟丽娅, 张慧雯, 梅婷"
30484357,高尚,男,34792298,编剧,是,3,34792298,相逢时节,电视剧,2022-02-23,中国大陆,2022,剧情,有评分,4.9,33169,33169,403,69584645,60968763,1972,,m69584645,编剧,"雷佳音, 袁泉, 张艺兴, 贾乃亮, 罗海琼"
34982100,郜峰,男,26671336,演员,否,999,26671336,得闲谨制,电影,2025-12-06,中国大陆,2025,剧情/战争,有评分,6.9,268554,268554,1361,53342721,69964249,1973,船上民众,m53342721,演员,"肖战, 彭昱畅, 周依然, 杨新鸣, 阿如那"
30268759,侯晓,男,34792296,演员,是,32,34792296,欢迎光临,电视剧,2022-05-18,中国大陆,2022,剧情/喜剧/爱情,有评分,6.4,56516,56516,601,69584641,60537567,1974,侯先生,m69584641,演员,"黄轩, 白百何, 朱雨辰, 白宇帆, 丁嘉丽"
35224586,吴金鑫,男,36534750,演员,否,999,36534750,小巷人家,电视剧,2024-10-28,中国大陆,2024,剧情/家庭,有评分,8.4,287902,287902,1555,73069549,70449221,1975,陈达,m73069549,演员,"闫妮, 李光洁, 郭晓东, 蒋欣, 范丞丞"
35224586,吴金鑫,男,35033654,演员,是,47,35033654,山海情,电视剧,2021-01-12,中国大陆,2021,剧情,有评分,9.2,481571,481571,2105,70067357,70449221,1976,黄展旗,m70067357,演员,"黄轩, 张嘉益, 闫妮, 黄觉, 姚晨"
35047525,曹松,男,34792295,演员,是,120,34792295,乔家的儿女,电视剧,2021-08-17,中国大陆,2021,剧情/家庭,有评分,7.7,235622,235622,1347,69584639,70095099,1981,报亭老板,m69584639,演员,"白宇, 宋祖儿, 毛晓彤, 张晚意, 周翊然"
34853847,张家硕,男,26759908,演员,否,999,26759908,清平乐,电视剧,2020-04-07,中国大陆,2020,剧情/古装,有评分,6.4,173456,173456,1054,53519865,69707743,1989,少年宋仁宗,m53519865,演员,"王凯, 江疏影, 任敏, 杨玏, 边程"
27562160,沈雪炜,男,25754848,演员,是,93,25754848,琅琊榜,电视剧,2015-09-19,中国大陆,2015,剧情/古装,有评分,9.4,919060,919060,2939,51509745,55124369,1990,北燕使臣,m51509745,演员,"胡歌, 刘涛, 王凯, 陈龙, 黄维德"
27576558,王侃,男,26743573,演员,否,999,26743573,欢乐颂2,电视剧,2017-05-11,中国大陆,2017,剧情/爱情,有评分,5.4,154450,154450,913,53487195,55153165,1991,霍老,m53487195,演员,"刘涛, 蒋欣, 王子文, 杨紫, 乔欣"
27576558,王侃,男,25754848,演员,是,63,25754848,琅琊榜,电视剧,2015-09-19,中国大陆,2015,剧情/古装,有评分,9.4,919060,919060,2939,51509745,55153165,1992,何敬中,m51509745,演员,"胡歌, 刘涛, 王凯, 陈龙, 黄维德"
27602011,隋名旸,男,25754848,演员,是,45,25754848,琅琊榜,电视剧,2015-09-19,中国大陆,2015,剧情/古装,有评分,9.4,919060,919060,2939,51509745,55204071,1993,夏秋,m51509745,演员,"胡歌, 刘涛, 王凯, 陈龙, 黄维德"
27562689,张婉儿,女,26683725,演员,是,69,26683725,外科风云,电视剧,2017-04-17,中国大陆,2017,剧情/爱情,有评分,7.3,94754,94754,832,53367499,55125427,1994,赵雨西,m53367499,演员,"靳东, 白百何, 李佳航, 马少骅, 蓝盈莹"
36576782,翟骏弛,男,34792295,演员,是,86,34792295,乔家的儿女,电视剧,2021-08-17,中国大陆,2021,剧情/家庭,有评分,7.7,235622,235622,1347,69584639,73153613,1995,小黑,m69584639,演员,"白宇, 宋祖儿, 毛晓彤, 张晚意, 周翊然"
37898952,乔牧,男,26671336,演员,否,999,26671336,得闲谨制,电影,2025-12-06,中国大陆,2025,剧情/战争,有评分,6.9,268554,268554,1361,53342721,75797953,1996,船上民众,m53342721,演员,"肖战, 彭昱畅, 周依然, 杨新鸣, 阿如那"
37396344,罗霆,男,26759908,演员,否,999,26759908,清平乐,电视剧,2020-04-07,中国大陆,2020,剧情/古装,有评分,6.4,173456,173456,1054,53519865,74792737,1997,李迪,m53519865,演员,"王凯, 江疏影, 任敏, 杨玏, 边程"
37811413,于宝坤,男,26671336,演员,否,999,26671336,得闲谨制,电影,2025-12-06,中国大陆,2025,剧情/战争,有评分,6.9,268554,268554,1361,53342721,75622875,1998,渣兵团,m53342721,演员,"肖战, 彭昱畅, 周依然, 杨新鸣, 阿如那"
27560391,邵伟桐,男,26683725,演员,是,60,26683725,外科风云,电视剧,2017-04-17,中国大陆,2017,剧情/爱情,有评分,7.3,94754,94754,832,53367499,55120831,1999,肖铮,m53367499,演员,"靳东, 白百何, 李佳航, 马少骅, 蓝盈莹"
35544766,梁文慧,女,34792295,演员,是,35,34792295,乔家的儿女,电视剧,2021-08-17,中国大陆,2021,剧情/家庭,有评分,7.7,235622,235622,1347,69584639,71089581,2000,孟桂芝,m69584639,演员,"白宇, 宋祖儿, 毛晓彤, 张晚意, 周翊然"
30197247,崔绍涵,男,33442331,演员,是,31,33442331,我是余欢水,电视剧,2020-04-06,中国大陆,2020,剧情,有评分,7.3,324953,324953,1540,66884711,60394543,2002,贝壳经纪人,m66884711,演员,"郭京飞, 苗苗, 高露, 岳旸, 高叶"
35868308,秦子为,男,26345137,演员,否,999,26345137,如果蜗牛有爱情,电视剧,2016-10-24,中国大陆,2016,剧情/爱情/悬疑,有评分,7.2,105271,105271,871,52690323,71736665,2003,,m52690323,演员,"王凯, 王子文, 徐悦, 于恒, 赵圆瑗"
27567057,王菁华,女,36534750,演员,否,999,36534750,小巷人家,电视剧,2024-10-28,中国大陆,2024,剧情/家庭,有评分,8.4,287902,287902,1555,73069549,55134163,2004,书记老婆,m73069549,演员,"闫妮, 李光洁, 郭晓东, 蒋欣, 范丞丞"
27567057,王菁华,女,34792295,演员,是,70,34792295,乔家的儿女,电视剧,2021-08-17,中国大陆,2021,剧情/家庭,有评分,7.7,235622,235622,1347,69584639,55134163,2005,玲子妈,m69584639,演员,"白宇, 宋祖儿, 毛晓彤, 张晚意, 周翊然"
30206588,豆艺坤,男,35321446,演员,否,999,35321446,大江大河之岁月如歌,电视剧,2024-01-08,中国大陆,2024,剧情,有评分,8.0,72953,72953,764,70642941,60413225,2006,贾士伟,m70642941,演员,"王凯, 杨烁, 董子健, 杨采钰, 张佳宁"
35661606,刘舒祎,女,36189205,演员,否,999,36189205,凡人歌,电视剧,2024-08-31,中国大陆,2024,剧情/喜剧,有评分,7.7,77700,77700,773,72378459,71323261,2011,梁老师,m72378459,演员,"殷桃, 王骁, 章若楠, 秦俊杰, 张哲华"
30335050,姚清仁,男,35588265,演员,否,999,35588265,樱桃琥珀,电视剧,2025-07-14,中国大陆,2025,剧情/爱情,有评分,5.7,38891,38891,471,71176579,60670149,2012,冯老师,m71176579,演员,"赵今麦, 张凌赫, 董洁, 保剑锋, 董璇"
34800456,张凌赫,男,35588265,演员,是,2,35588265,樱桃琥珀,电视剧,2025-07-14,中国大陆,2025,剧情/爱情,有评分,5.7,38891,38891,471,71176579,69600961,2013,蒋峤西,m71176579,演员,"赵今麦, 张凌赫, 董洁, 保剑锋, 董璇"
27609077,何雨虹,女,34792296,演员,是,29,34792296,欢迎光临,电视剧,2022-05-18,中国大陆,2022,剧情/喜剧/爱情,有评分,6.4,56516,56516,601,69584641,55218203,2014,小虹,m69584641,演员,"黄轩, 白百何, 朱雨辰, 白宇帆, 丁嘉丽"
27609077,何雨虹,女,30421903,演员,是,6,30421903,淬火年代,电视剧,2025-06-18,中国大陆,2025,剧情,有评分,7.0,21373,21373,387,60843855,55218203,2015,沈嘉丽,m60843855,演员,"张新成, 宋祖儿, 王彦霖, 任程伟, 张月"
35473437,祈祷君,女,35332289,编剧,是,1,35332289,开端,电视剧,2022-01-11,中国大陆,2022,剧情,有评分,7.9,968506,968506,2766,70664627,70946923,2023,,m70664627,编剧,"白敬亭, 赵今麦, 刘奕君, 刘涛, 黄觉"
27567264,张喜前,男,35332289,演员,是,9,35332289,开端,电视剧,2022-01-11,中国大陆,2022,剧情,有评分,7.9,968506,968506,2766,70664627,55134577,2024,马国强,m70664627,演员,"白敬亭, 赵今麦, 刘奕君, 刘涛, 黄觉"
30481400,聂闻,男,25754848,演员,是,86,25754848,琅琊榜,电视剧,2015-09-19,中国大陆,2015,剧情/古装,有评分,9.4,919060,919060,2939,51509745,60962849,2025,锦衣胖子,m51509745,演员,"胡歌, 刘涛, 王凯, 陈龙, 黄维德"
27562157,刘丕中,男,26928226,演员,否,999,26928226,知否知否应是绿肥红瘦,电视剧,2018-12-25,中国大陆,2018,剧情/爱情/古装,有评分,8.0,695224,695224,2358,53856501,55124363,2026,齐国公,m53856501,演员,"赵丽颖, 冯绍峰, 朱一龙, 施诗, 张佳宁"
27562157,刘丕中,男,25754848,演员,是,42,25754848,琅琊榜,电视剧,2015-09-19,中国大陆,2015,剧情/古装,有评分,9.4,919060,919060,2939,51509745,55124363,2027,卓鼎风,m51509745,演员,"胡歌, 刘涛, 王凯, 陈龙, 黄维德"
35599085,郑千里,男,34792295,演员,是,66,34792295,乔家的儿女,电视剧,2021-08-17,中国大陆,2021,剧情/家庭,有评分,7.7,235622,235622,1347,69584639,71198219,2028,童年七七,m69584639,演员,"白宇, 宋祖儿, 毛晓彤, 张晚意, 周翊然"
35567738,李洛伊,女,34792295,演员,是,25,34792295,乔家的儿女,电视剧,2021-08-17,中国大陆,2021,剧情/家庭,有评分,7.7,235622,235622,1347,69584639,71135525,2029,童年乔三丽,m69584639,演员,"白宇, 宋祖儿, 毛晓彤, 张晚意, 周翊然"
27567299,朱佳煜,男,36534750,演员,否,999,36534750,小巷人家,电视剧,2024-10-28,中国大陆,2024,剧情/家庭,有评分,8.4,287902,287902,1555,73069549,55134647,2030,庄振北(少年,m73069549,演员,"闫妮, 李光洁, 郭晓东, 蒋欣, 范丞丞"
35774352,余知远,男,36534750,演员,是,26,36534750,小巷人家,电视剧,2024-10-28,中国大陆,2024,剧情/家庭,有评分,8.4,287902,287902,1555,73069549,71548753,2031,向鹏飞(青年,m73069549,演员,"闫妮, 李光洁, 郭晓东, 蒋欣, 范丞丞"
35013901,卢思宇,男,35321446,演员,否,999,35321446,大江大河之岁月如歌,电视剧,2024-01-08,中国大陆,2024,剧情,有评分,8.0,72953,72953,764,70642941,70027851,2032,齐小飞,m70642941,演员,"王凯, 杨烁, 董子健, 杨采钰, 张佳宁"
30378003,赵梓冲,男,35321446,演员,否,999,35321446,大江大河之岁月如歌,电视剧,2024-01-08,中国大陆,2024,剧情,有评分,8.0,72953,72953,764,70642941,60756055,2033,曲队长,m70642941,演员,"王凯, 杨烁, 董子健, 杨采钰, 张佳宁"
30379015,洪佳宁,女,34792296,演员,是,66,34792296,欢迎光临,电视剧,2022-05-18,中国大陆,2022,剧情/喜剧/爱情,有评分,6.4,56516,56516,601,69584641,60758079,2035,化妆师,m69584641,演员,"黄轩, 白百何, 朱雨辰, 白宇帆, 丁嘉丽"
30208071,姜冠南,男,35321446,演员,否,999,35321446,大江大河之岁月如歌,电视剧,2024-01-08,中国大陆,2024,剧情,有评分,8.0,72953,72953,764,70642941,60416191,2036,雷正山,m70642941,演员,"王凯, 杨烁, 董子健, 杨采钰, 张佳宁"
30208071,姜冠南,男,35033654,演员,是,13,35033654,山海情,电视剧,2021-01-12,中国大陆,2021,剧情,有评分,9.2,481571,481571,2105,70067357,60416191,2037,李水旺,m70067357,演员,"黄轩, 张嘉益, 闫妮, 黄觉, 姚晨"
35932307,林潇,女,36189205,演员,否,999,36189205,凡人歌,电视剧,2024-08-31,中国大陆,2024,剧情/喜剧,有评分,7.7,77700,77700,773,72378459,71864663,2038,刘妙颖,m72378459,演员,"殷桃, 王骁, 章若楠, 秦俊杰, 张哲华"
30135170,刘志云,男,30423905,演员,否,999,30423905,大江大河2,电视剧,2020-12-20,中国大陆,2020,剧情/历史,有评分,8.7,208072,208072,1345,60847859,60270389,2039,王区长,m60847859,演员,"王凯, 杨烁, 董子健, 杨采钰, 周放"
30386297,曹世平,男,27088993,演员,否,999,27088993,都挺好,电视剧,2019-03-01,中国大陆,2019,剧情/家庭,有评分,7.7,394106,394106,1742,54178035,60772643,2040,医生,m54178035,演员,"姚晨, 倪大红, 郭京飞, 杨祐宁, 李念"
30386297,曹世平,男,26430092,演员,否,999,26430092,欢乐颂,电视剧,2016-04-18,中国大陆,2016,剧情/爱情,有评分,7.5,353514,353514,1628,52860233,60772643,2041,老方,m52860233,演员,"刘涛, 蒋欣, 王子文, 杨紫, 乔欣"
27564834,付滢竹,女,26743573,演员,否,999,26743573,欢乐颂2,电视剧,2017-05-11,中国大陆,2017,剧情/爱情,有评分,5.4,154450,154450,913,53487195,55129717,2043,叶子,m53487195,演员,"刘涛, 蒋欣, 王子文, 杨紫, 乔欣"
30446573,邬倩,女,36534750,演员,否,999,36534750,小巷人家,电视剧,2024-10-28,中国大陆,2024,剧情/家庭,有评分,8.4,287902,287902,1555,73069549,60893195,2044,女工乙,m73069549,演员,"闫妮, 李光洁, 郭晓东, 蒋欣, 范丞丞"
30446573,邬倩,女,36189205,演员,否,999,36189205,凡人歌,电视剧,2024-08-31,中国大陆,2024,剧情/喜剧,有评分,7.7,77700,77700,773,72378459,60893195,2045,沈丽萍,m72378459,演员,"殷桃, 王骁, 章若楠, 秦俊杰, 张哲华"
30446573,邬倩,女,30421903,演员,否,999,30421903,淬火年代,电视剧,2025-06-18,中国大陆,2025,剧情,有评分,7.0,21373,21373,387,60843855,60893195,2046,刘厅长,m60843855,演员,"张新成, 宋祖儿, 王彦霖, 任程伟, 张月"
30446573,邬倩,女,27088993,演员,否,999,27088993,都挺好,电视剧,2019-03-01,中国大陆,2019,剧情/家庭,有评分,7.7,394106,394106,1742,54178035,60893195,2047,人事主管,m54178035,演员,"姚晨, 倪大红, 郭京飞, 杨祐宁, 李念"
30446573,邬倩,女,26743573,演员,否,999,26743573,欢乐颂2,电视剧,2017-05-11,中国大陆,2017,剧情/爱情,有评分,5.4,154450,154450,913,53487195,60893195,2048,樊胜美主管,m53487195,演员,"刘涛, 蒋欣, 王子文, 杨紫, 乔欣"
30388045,马瑞泽,男,26759908,演员,否,999,26759908,清平乐,电视剧,2020-04-07,中国大陆,2020,剧情/古装,有评分,6.4,173456,173456,1054,53519865,60776139,2049,梁生,m53519865,演员,"王凯, 江疏影, 任敏, 杨玏, 边程"
34903269,蒋未,男,26759908,演员,否,999,26759908,清平乐,电视剧,2020-04-07,中国大陆,2020,剧情/古装,有评分,6.4,173456,173456,1054,53519865,69806587,2050,王益柔,m53519865,演员,"王凯, 江疏影, 任敏, 杨玏, 边程"
35346201,张浩,男,36571896,演员,是,24,36571896,命悬一生,电视剧,2025-10-11,中国大陆,2025,剧情/悬疑,有评分,7.7,85010,85010,809,73143841,70692451,2051,道哥,m73143841,演员,"黄轩, 李庚希, 张哲华, 白宇帆, 尹昉"
35346201,张浩,男,35613241,演员,否,999,35613241,县委大院,电视剧,2022-12-07,中国大陆,2022,剧情,有评分,6.8,109693,109693,864,71226531,70692451,2052,买牛村民,m71226531,演员,"胡歌, 吴越, 张新成, 黄磊, 李光洁"
35346201,张浩,男,35332289,演员,是,41,35332289,开端,电视剧,2022-01-11,中国大陆,2022,剧情,有评分,7.9,968506,968506,2766,70664627,70692451,2053,翻斗车司机,m70664627,演员,"白敬亭, 赵今麦, 刘奕君, 刘涛, 黄觉"
35346201,张浩,男,35033654,演员,是,36,35033654,山海情,电视剧,2021-01-12,中国大陆,2021,剧情,有评分,9.2,481571,481571,2105,70067357,70692451,2054,拴闷,m70067357,演员,"黄轩, 张嘉益, 闫妮, 黄觉, 姚晨"
27571485,白敬亭,男,35332289,演员,是,1,35332289,开端,电视剧,2022-01-11,中国大陆,2022,剧情,有评分,7.9,968506,968506,2766,70664627,55143019,2055,肖鹤云,m70664627,演员,"白敬亭, 赵今麦, 刘奕君, 刘涛, 黄觉"
36770885,李雨璇,女,36534750,演员,否,999,36534750,小巷人家,电视剧,2024-10-28,中国大陆,2024,剧情/家庭,有评分,8.4,287902,287902,1555,73069549,73541819,2057,庄赶美媳妇,m73069549,演员,"闫妮, 李光洁, 郭晓东, 蒋欣, 范丞丞"
37898956,向孝文,男,26671336,演员,否,999,26671336,得闲谨制,电影,2025-12-06,中国大陆,2025,剧情/战争,有评分,6.9,268554,268554,1361,53342721,75797961,2058,船务,m53342721,演员,"肖战, 彭昱畅, 周依然, 杨新鸣, 阿如那"
37887887,严知度,男,26671336,演员,是,8,26671336,得闲谨制,电影,2025-12-06,中国大陆,2025,剧情/战争,有评分,6.9,268554,268554,1361,53342721,75775823,2059,莫等闲,m53342721,演员,"肖战, 彭昱畅, 周依然, 杨新鸣, 阿如那"
36928733,谭鑫磊,男,26779426,演员,否,999,26779426,欢乐颂3,电视剧,2022-08-11,中国大陆,2022,剧情/爱情,有评分,4.9,41716,41716,452,53558901,73857515,2060,,m53558901,演员,"江疏影, 杨采钰, 张佳宁, 张慧雯, 李浩菲"
36038158,吕梓航,男,34792295,演员,是,31,34792295,乔家的儿女,电视剧,2021-08-17,中国大陆,2021,剧情/家庭,有评分,7.7,235622,235622,1347,69584639,72076365,2062,青年唯民,m69584639,演员,"白宇, 宋祖儿, 毛晓彤, 张晚意, 周翊然"
30389758,明星,女,33442331,演员,否,999,33442331,我是余欢水,电视剧,2020-04-06,中国大陆,2020,剧情,有评分,7.3,324953,324953,1540,66884711,60779565,2063,4s店女销售,m66884711,演员,"郭京飞, 苗苗, 高露, 岳旸, 高叶"
34971211,简宇熙,男,36534750,演员,是,27,36534750,小巷人家,电视剧,2024-10-28,中国大陆,2024,剧情/家庭,有评分,8.4,287902,287902,1555,73069549,69942471,2065,林栋哲(青年,m73069549,演员,"闫妮, 李光洁, 郭晓东, 蒋欣, 范丞丞"
34950445,范诗然,女,35321446,演员,否,999,35321446,大江大河之岁月如歌,电视剧,2024-01-08,中国大陆,2024,剧情,有评分,8.0,72953,72953,764,70642941,69900939,2066,樊净,m70642941,演员,"王凯, 杨烁, 董子健, 杨采钰, 张佳宁"
36109526,朱卫民,男,34792298,演员,否,999,34792298,相逢时节,电视剧,2022-02-23,中国大陆,2022,剧情,有评分,4.9,33169,33169,403,69584645,72219101,2067,孙片警,m69584645,演员,"雷佳音, 袁泉, 张艺兴, 贾乃亮, 罗海琼"
33433070,朱丽群,女,35613241,演员,否,999,35613241,县委大院,电视剧,2022-12-07,中国大陆,2022,剧情,有评分,6.8,109693,109693,864,71226531,66866189,2069,宝根妻,m71226531,演员,"胡歌, 吴越, 张新成, 黄磊, 李光洁"
33433070,朱丽群,女,30423905,演员,否,999,30423905,大江大河2,电视剧,2020-12-20,中国大陆,2020,剧情/历史,有评分,8.7,208072,208072,1345,60847859,66866189,2070,胡桂玲,m60847859,演员,"王凯, 杨烁, 董子健, 杨采钰, 周放"
30271857,章若楠,女,36189205,演员,是,3,36189205,凡人歌,电视剧,2024-08-31,中国大陆,2024,剧情/喜剧,有评分,7.7,77700,77700,773,72378459,60543763,2071,李晓悦,m72378459,演员,"殷桃, 王骁, 章若楠, 秦俊杰, 张哲华"
27570086,徐玉兰,女,26928226,演员,否,999,26928226,知否知否应是绿肥红瘦,电视剧,2018-12-25,中国大陆,2018,剧情/爱情/古装,有评分,8.0,695224,695224,2358,53856501,55140221,2072,姑老太太,m53856501,演员,"赵丽颖, 冯绍峰, 朱一龙, 施诗, 张佳宁"
27570086,徐玉兰,女,26797690,演员,否,999,26797690,大江大河,电视剧,2018-12-10,中国大陆,2018,剧情,有评分,8.8,260126,260126,1513,53595429,55140221,2073,张母,m53595429,演员,"王凯, 杨烁, 杨烁, 董子健, 童瑶"
30474726,刘怡潼,男,30421903,演员,否,999,30421903,淬火年代,电视剧,2025-06-18,中国大陆,2025,剧情,有评分,7.0,21373,21373,387,60843855,60949501,2074,小柯,m60843855,演员,"张新成, 宋祖儿, 王彦霖, 任程伟, 张月"
35457775,苏梦迪,女,30421903,演员,否,999,30421903,淬火年代,电视剧,2025-06-18,中国大陆,2025,剧情,有评分,7.0,21373,21373,387,60843855,70915599,2075,谭工,m60843855,演员,"张新成, 宋祖儿, 王彦霖, 任程伟, 张月"
35271147,王影璐,女,30421903,演员,是,8,30421903,淬火年代,电视剧,2025-06-18,中国大陆,2025,剧情,有评分,7.0,21373,21373,387,60843855,70542343,2076,余珊珊,m60843855,演员,"张新成, 宋祖儿, 王彦霖, 任程伟, 张月"
27577029,邹元清,女,35588265,演员,否,999,35588265,樱桃琥珀,电视剧,2025-07-14,中国大陆,2025,剧情/爱情,有评分,5.7,38891,38891,471,71176579,55154107,2077,孟莉君,m71176579,演员,"赵今麦, 张凌赫, 董洁, 保剑锋, 董璇"
27577029,邹元清,女,35033654,演员,是,19,35033654,山海情,电视剧,2021-01-12,中国大陆,2021,剧情,有评分,9.2,481571,481571,2105,70067357,55154107,2078,马得花,m70067357,演员,"黄轩, 张嘉益, 闫妮, 黄觉, 姚晨"
27577029,邹元清,女,26779426,演员,否,999,26779426,欢乐颂3,电视剧,2022-08-11,中国大陆,2022,剧情/爱情,有评分,4.9,41716,41716,452,53558901,55154107,2079,宋砾,m53558901,演员,"江疏影, 杨采钰, 张佳宁, 张慧雯, 李浩菲"
34887992,董照,男,36571896,演员,否,999,36571896,命悬一生,电视剧,2025-10-11,中国大陆,2025,剧情/悬疑,有评分,7.7,85010,85010,809,73143841,69776033,2080,老乞丐,m73143841,演员,"黄轩, 李庚希, 张哲华, 白宇帆, 尹昉"
34887992,董照,男,35321446,演员,否,999,35321446,大江大河之岁月如歌,电视剧,2024-01-08,中国大陆,2024,剧情,有评分,8.0,72953,72953,764,70642941,69776033,2081,陈七叔,m70642941,演员,"王凯, 杨烁, 董子健, 杨采钰, 张佳宁"
34887992,董照,男,35033654,演员,是,71,35033654,山海情,电视剧,2021-01-12,中国大陆,2021,剧情,有评分,9.2,481571,481571,2105,70067357,69776033,2082,小川爷,m70067357,演员,"黄轩, 张嘉益, 闫妮, 黄觉, 姚晨"
34887992,董照,男,26928226,演员,否,999,26928226,知否知否应是绿肥红瘦,电视剧,2018-12-25,中国大陆,2018,剧情/爱情/古装,有评分,8.0,695224,695224,2358,53856501,69776033,2083,赵太医,m53856501,演员,"赵丽颖, 冯绍峰, 朱一龙, 施诗, 张佳宁"
35065693,嘉泽,女,36571896,演员,是,12,36571896,命悬一生,电视剧,2025-10-11,中国大陆,2025,剧情/悬疑,有评分,7.7,85010,85010,809,73143841,70131435,2084,夏洁,m73143841,演员,"黄轩, 李庚希, 张哲华, 白宇帆, 尹昉"
30406432,唐启荣,男,34792298,演员,否,999,34792298,相逢时节,电视剧,2022-02-23,中国大陆,2022,剧情,有评分,4.9,33169,33169,403,69584645,60812913,2085,车祸患者父亲,m69584645,演员,"雷佳音, 袁泉, 张艺兴, 贾乃亮, 罗海琼"
30406432,唐启荣,男,26759908,演员,否,999,26759908,清平乐,电视剧,2020-04-07,中国大陆,2020,剧情/古装,有评分,6.4,173456,173456,1054,53519865,60812913,2086,龚鼎臣,m53519865,演员,"王凯, 江疏影, 任敏, 杨玏, 边程"
35206797,陈昱彤,女,35588265,演员,否,999,35588265,樱桃琥珀,电视剧,2025-07-14,中国大陆,2025,剧情/爱情,有评分,5.7,38891,38891,471,71176579,70413643,2087,小其乐,m71176579,演员,"赵今麦, 张凌赫, 董洁, 保剑锋, 董璇"
35206797,陈昱彤,女,26759908,演员,否,999,26759908,清平乐,电视剧,2020-04-07,中国大陆,2020,剧情/古装,有评分,6.4,173456,173456,1054,53519865,70413643,2088,十一公主,m53519865,演员,"王凯, 江疏影, 任敏, 杨玏, 边程"
27587444,卫羽,男,26759908,演员,否,999,26759908,清平乐,电视剧,2020-04-07,中国大陆,2020,剧情/古装,有评分,6.4,173456,173456,1054,53519865,55174937,2089,高若讷,m53519865,演员,"王凯, 江疏影, 任敏, 杨玏, 边程"
27567294,赵达,男,35321446,演员,是,14,35321446,大江大河之岁月如歌,电视剧,2024-01-08,中国大陆,2024,剧情,有评分,8.0,72953,72953,764,70642941,55134637,2090,寻建祥,m70642941,演员,"王凯, 杨烁, 董子健, 杨采钰, 张佳宁"
27567294,赵达,男,33442331,演员,是,7,33442331,我是余欢水,电视剧,2020-04-06,中国大陆,2020,剧情,有评分,7.3,324953,324953,1540,66884711,55134637,2091,吕夫蒙,m66884711,演员,"郭京飞, 苗苗, 高露, 岳旸, 高叶"
27567294,赵达,男,30423905,演员,是,9,30423905,大江大河2,电视剧,2020-12-20,中国大陆,2020,剧情/历史,有评分,8.7,208072,208072,1345,60847859,55134637,2092,寻建祥,m60847859,演员,"王凯, 杨烁, 董子健, 杨采钰, 周放"
27567294,赵达,男,26797690,演员,是,8,26797690,大江大河,电视剧,2018-12-10,中国大陆,2018,剧情,有评分,8.8,260126,260126,1513,53595429,55134637,2093,寻建祥,m53595429,演员,"王凯, 杨烁, 杨烁, 董子健, 童瑶"
27567294,赵达,男,26759908,演员,是,47,26759908,清平乐,电视剧,2020-04-07,中国大陆,2020,剧情/古装,有评分,6.4,173456,173456,1054,53519865,55134637,2094,赵元俨,m53519865,演员,"王凯, 江疏影, 任敏, 杨玏, 边程"
27567294,赵达,男,26665065,演员,是,28,26665065,琅琊榜之风起长林,电视剧,2017-12-18,中国大陆,2017,剧情/古装,有评分,8.4,210088,210088,1328,53330179,55134637,2095,拓跋宇,m53330179,演员,"黄晓明, 刘昊然, 佟丽娅, 张慧雯, 梅婷"
27567294,赵达,男,26430092,演员,否,999,26430092,欢乐颂,电视剧,2016-04-18,中国大陆,2016,剧情/爱情,有评分,7.5,353514,353514,1628,52860233,55134637,2096,男主人,m52860233,演员,"刘涛, 蒋欣, 王子文, 杨紫, 乔欣"
27567294,赵达,男,26298935,演员,是,3,26298935,鬼吹灯之精绝古城,电视剧,2016-12-19,中国大陆,2016,剧情/悬疑/惊悚,有评分,7.9,274802,274802,1473,52597919,55134637,2097,王胖子/王凯旋,m52597919,演员,"靳东, 陈乔恩, 赵达, 岳旸, 王永泉"
34876230,余沛杉,男,35613241,演员,否,999,35613241,县委大院,电视剧,2022-12-07,中国大陆,2022,剧情,有评分,6.8,109693,109693,864,71226531,69752509,2098,门卫甲,m71226531,演员,"胡歌, 吴越, 张新成, 黄磊, 李光洁"
34876230,余沛杉,男,35332289,演员,是,16,35332289,开端,电视剧,2022-01-11,中国大陆,2022,剧情,有评分,7.9,968506,968506,2766,70664627,69752509,2099,余雷,m70664627,演员,"白敬亭, 赵今麦, 刘奕君, 刘涛, 黄觉"
34876230,余沛杉,男,26759908,演员,否,999,26759908,清平乐,电视剧,2020-04-07,中国大陆,2020,剧情/古装,有评分,6.4,173456,173456,1054,53519865,69752509,2100,曹佾,m53519865,演员,"王凯, 江疏影, 任敏, 杨玏, 边程"
30275333,算,男,35332289,编剧,是,3,35332289,开端,电视剧,2022-01-11,中国大陆,2022,剧情,有评分,7.9,968506,968506,2766,70664627,60550715,2101,,m70664627,导演/编剧,"白敬亭, 赵今麦, 刘奕君, 刘涛, 黄觉"
30275333,算,男,35332289,导演,是,3,35332289,开端,电视剧,2022-01-11,中国大陆,2022,剧情,有评分,7.9,968506,968506,2766,70664627,60550715,2102,,m70664627,导演/编剧,"白敬亭, 赵今麦, 刘奕君, 刘涛, 黄觉"
27567902,郭晓然,男,26743573,演员,否,999,26743573,欢乐颂2,电视剧,2017-05-11,中国大陆,2017,剧情/爱情,有评分,5.4,154450,154450,913,53487195,55135853,2103,曲连杰,m53487195,演员,"刘涛, 蒋欣, 王子文, 杨紫, 乔欣"
27567902,郭晓然,男,26430092,演员,是,12,26430092,欢乐颂,电视剧,2016-04-18,中国大陆,2016,剧情/爱情,有评分,7.5,353514,353514,1628,52860233,55135853,2104,曲连杰,m52860233,演员,"刘涛, 蒋欣, 王子文, 杨紫, 乔欣"
27567902,郭晓然,男,26088457,演员,是,14,26088457,他来了，请闭眼,电视剧,2015-10-15,中国大陆,2015,剧情/悬疑,有评分,6.7,74395,74395,706,52176963,55135853,2105,梁凯文,m52176963,演员,"霍建华, 马思纯, 张鲁一, 王凯, 尹正"
27567902,郭晓然,男,25870290,演员,是,7,25870290,温州两家人,电视剧,2015-11-26,中国大陆,2015,剧情,有评分,7.8,7118,7118,236,51740629,55135853,2106,娄新宝,m51740629,演员,"郭涛, 任程伟, 袁咏仪, 陈丽娜, 刘奕君"
27567902,郭晓然,男,25754848,演员,是,20,25754848,琅琊榜,电视剧,2015-09-19,中国大陆,2015,剧情/古装,有评分,9.4,919060,919060,2939,51509745,55135853,2107,言豫津,m51509745,演员,"胡歌, 刘涛, 王凯, 陈龙, 黄维德"
27623643,袁近辉,男,34792295,演员,是,87,34792295,乔家的儿女,电视剧,2021-08-17,中国大陆,2021,剧情/家庭,有评分,7.7,235622,235622,1347,69584639,55247335,2121,润润,m69584639,演员,"白宇, 宋祖儿, 毛晓彤, 张晚意, 周翊然"
34460347,朱辉,男,34792295,演员,是,57,34792295,乔家的儿女,电视剧,2021-08-17,中国大陆,2021,剧情/家庭,有评分,7.7,235622,235622,1347,69584639,68920743,2122,叶父,m69584639,演员,"白宇, 宋祖儿, 毛晓彤, 张晚意, 周翊然"
28046589,邵老五,男,35321446,演员,否,999,35321446,大江大河之岁月如歌,电视剧,2024-01-08,中国大陆,2024,剧情,有评分,8.0,72953,72953,764,70642941,56093227,2127,钟桂全,m70642941,演员,"王凯, 杨烁, 董子健, 杨采钰, 张佳宁"
28046589,邵老五,男,35033654,演员,是,44,35033654,山海情,电视剧,2021-01-12,中国大陆,2021,剧情,有评分,9.2,481571,481571,2105,70067357,56093227,2128,涌泉村村民,m70067357,演员,"黄轩, 张嘉益, 闫妮, 黄觉, 姚晨"
27568683,张昊唯,男,35321446,演员,否,999,35321446,大江大河之岁月如歌,电视剧,2024-01-08,中国大陆,2024,剧情,有评分,8.0,72953,72953,764,70642941,55137415,2129,李今,m70642941,演员,"王凯, 杨烁, 董子健, 杨采钰, 张佳宁"
27568683,张昊唯,男,26665065,演员,是,27,26665065,琅琊榜之风起长林,电视剧,2017-12-18,中国大陆,2017,剧情/古装,有评分,8.4,210088,210088,1328,53330179,55137415,2130,蔺九,m53330179,演员,"黄晓明, 刘昊然, 佟丽娅, 张慧雯, 梅婷"
27568683,张昊唯,男,26088457,演员,是,10,26088457,他来了，请闭眼,电视剧,2015-10-15,中国大陆,2015,剧情/悬疑,有评分,6.7,74395,74395,706,52176963,55137415,2131,苏北,m52176963,演员,"霍建华, 马思纯, 张鲁一, 王凯, 尹正"
27568683,张昊唯,男,25870290,演员,是,10,25870290,温州两家人,电视剧,2015-11-26,中国大陆,2015,剧情,有评分,7.8,7118,7118,236,51740629,55137415,2132,许金生,m51740629,演员,"郭涛, 任程伟, 袁咏仪, 陈丽娜, 刘奕君"
30419151,王钢,男,35033654,演员,否,999,35033654,山海情,电视剧,2021-01-12,中国大陆,2021,剧情,有评分,9.2,481571,481571,2105,70067357,60838351,2133,水利局长,m70067357,演员,"黄轩, 张嘉益, 闫妮, 黄觉, 姚晨"
30419151,王钢,男,26928226,演员,否,999,26928226,知否知否应是绿肥红瘦,电视剧,2018-12-25,中国大陆,2018,剧情/爱情/古装,有评分,8.0,695224,695224,2358,53856501,60838351,2134,盛维,m53856501,演员,"赵丽颖, 冯绍峰, 朱一龙, 施诗, 张佳宁"
30419151,王钢,男,26797690,演员,否,999,26797690,大江大河,电视剧,2018-12-10,中国大陆,2018,剧情,有评分,8.8,260126,260126,1513,53595429,60838351,2135,袁厂长,m53595429,演员,"王凯, 杨烁, 杨烁, 董子健, 童瑶"
34888247,徐凌晨,男,26759908,演员,否,999,26759908,清平乐,电视剧,2020-04-07,中国大陆,2020,剧情/古装,有评分,6.4,173456,173456,1054,53519865,69776543,2136,少年张茂则,m53519865,演员,"王凯, 江疏影, 任敏, 杨玏, 边程"
35230998,乔沐,女,36571896,演员,是,15,36571896,命悬一生,电视剧,2025-10-11,中国大陆,2025,剧情/悬疑,有评分,7.7,85010,85010,809,73143841,70462045,2137,楚笑,m73143841,演员,"黄轩, 李庚希, 张哲华, 白宇帆, 尹昉"
35230998,乔沐,女,35613241,演员,否,999,35613241,县委大院,电视剧,2022-12-07,中国大陆,2022,剧情,有评分,6.8,109693,109693,864,71226531,70462045,2138,曾妻,m71226531,演员,"胡歌, 吴越, 张新成, 黄磊, 李光洁"
35230998,乔沐,女,35332289,演员,是,36,35332289,开端,电视剧,2022-01-11,中国大陆,2022,剧情,有评分,7.9,968506,968506,2766,70664627,70462045,2139,小陆护士,m70664627,演员,"白敬亭, 赵今麦, 刘奕君, 刘涛, 黄觉"
35230998,乔沐,女,35321446,演员,否,999,35321446,大江大河之岁月如歌,电视剧,2024-01-08,中国大陆,2024,剧情,有评分,8.0,72953,72953,764,70642941,70462045,2140,张领娣,m70642941,演员,"王凯, 杨烁, 董子健, 杨采钰, 张佳宁"
35230998,乔沐,女,35033654,演员,否,999,35033654,山海情,电视剧,2021-01-12,中国大陆,2021,剧情,有评分,9.2,481571,481571,2105,70067357,70462045,2141,外地女工,m70067357,演员,"黄轩, 张嘉益, 闫妮, 黄觉, 姚晨"
35230998,乔沐,女,33442331,演员,否,999,33442331,我是余欢水,电视剧,2020-04-06,中国大陆,2020,剧情,有评分,7.3,324953,324953,1540,66884711,70462045,2142,小陆,m66884711,演员,"郭京飞, 苗苗, 高露, 岳旸, 高叶"
30390143,白宇帆,男,36571896,演员,是,4,36571896,命悬一生,电视剧,2025-10-11,中国大陆,2025,剧情/悬疑,有评分,7.7,85010,85010,809,73143841,60780335,2143,曹小军,m73143841,演员,"黄轩, 李庚希, 张哲华, 白宇帆, 尹昉"
30390143,白宇帆,男,35332289,演员,是,18,35332289,开端,电视剧,2022-01-11,中国大陆,2022,剧情,有评分,7.9,968506,968506,2766,70664627,60780335,2144,刘鹏,m70664627,演员,"白敬亭, 赵今麦, 刘奕君, 刘涛, 黄觉"
30390143,白宇帆,男,35033654,演员,是,10,35033654,山海情,电视剧,2021-01-12,中国大陆,2021,剧情,有评分,9.2,481571,481571,2105,70067357,60780335,2145,马得宝,m70067357,演员,"黄轩, 张嘉益, 闫妮, 黄觉, 姚晨"
30390143,白宇帆,男,34792296,演员,是,4,34792296,欢迎光临,电视剧,2022-05-18,中国大陆,2022,剧情/喜剧/爱情,有评分,6.4,56516,56516,601,69584641,60780335,2146,陈精典,m69584641,演员,"黄轩, 白百何, 朱雨辰, 白宇帆, 丁嘉丽"
35748130,魏至强,男,34792295,演员,是,118,34792295,乔家的儿女,电视剧,2021-08-17,中国大陆,2021,剧情/家庭,有评分,7.7,235622,235622,1347,69584639,71496309,2147,戚成钢爸,m69584639,演员,"白宇, 宋祖儿, 毛晓彤, 张晚意, 周翊然"
35748130,魏至强,男,30421903,演员,否,999,30421903,淬火年代,电视剧,2025-06-18,中国大陆,2025,剧情,有评分,7.0,21373,21373,387,60843855,71496309,2148,程老板,m60843855,演员,"张新成, 宋祖儿, 王彦霖, 任程伟, 张月"
35748130,魏至强,男,26759908,演员,否,999,26759908,清平乐,电视剧,2020-04-07,中国大陆,2020,剧情/古装,有评分,6.4,173456,173456,1054,53519865,71496309,2149,王随,m53519865,演员,"王凯, 江疏影, 任敏, 杨玏, 边程"
35748130,魏至强,男,26665065,演员,是,33,26665065,琅琊榜之风起长林,电视剧,2017-12-18,中国大陆,2017,剧情/古装,有评分,8.4,210088,210088,1328,53330179,71496309,2150,沈尚书,m53330179,演员,"黄晓明, 刘昊然, 佟丽娅, 张慧雯, 梅婷"
35748130,魏至强,男,25754848,演员,是,103,25754848,琅琊榜,电视剧,2015-09-19,中国大陆,2015,剧情/古装,有评分,9.4,919060,919060,2939,51509745,71496309,2151,田德之,m51509745,演员,"胡歌, 刘涛, 王凯, 陈龙, 黄维德"
27567703,陈牧扬,男,36571896,演员,否,999,36571896,命悬一生,电视剧,2025-10-11,中国大陆,2025,剧情/悬疑,有评分,7.7,85010,85010,809,73143841,55135455,2152,民警老陈,m73143841,演员,"黄轩, 李庚希, 张哲华, 白宇帆, 尹昉"
27567703,陈牧扬,男,35332289,演员,是,20,35332289,开端,电视剧,2022-01-11,中国大陆,2022,剧情,有评分,7.9,968506,968506,2766,70664627,55135455,2153,消防指挥员,m70664627,演员,"白敬亭, 赵今麦, 刘奕君, 刘涛, 黄觉"
27567703,陈牧扬,男,34792295,演员,是,53,34792295,乔家的儿女,电视剧,2021-08-17,中国大陆,2021,剧情/家庭,有评分,7.7,235622,235622,1347,69584639,55135455,2154,文清华,m69584639,演员,"白宇, 宋祖儿, 毛晓彤, 张晚意, 周翊然"
27567703,陈牧扬,男,33442331,演员,是,41,33442331,我是余欢水,电视剧,2020-04-06,中国大陆,2020,剧情,有评分,7.3,324953,324953,1540,66884711,55135455,2155,方队长,m66884711,演员,"郭京飞, 苗苗, 高露, 岳旸, 高叶"
27567703,陈牧扬,男,26683725,演员,是,18,26683725,外科风云,电视剧,2017-04-17,中国大陆,2017,剧情/爱情,有评分,7.3,94754,94754,832,53367499,55135455,2157,原野,m53367499,演员,"靳东, 白百何, 李佳航, 马少骅, 蓝盈莹"
27567703,陈牧扬,男,26665065,演员,是,30,26665065,琅琊榜之风起长林,电视剧,2017-12-18,中国大陆,2017,剧情/古装,有评分,8.4,210088,210088,1328,53330179,55135455,2158,狄明,m53330179,演员,"黄晓明, 刘昊然, 佟丽娅, 张慧雯, 梅婷"
27567703,陈牧扬,男,26430092,演员,是,13,26430092,欢乐颂,电视剧,2016-04-18,中国大陆,2016,剧情/爱情,有评分,7.5,353514,353514,1628,52860233,55135455,2159,白主管,m52860233,演员,"刘涛, 蒋欣, 王子文, 杨紫, 乔欣"
36599525,大米,女,36534750,编剧,是,1,36534750,小巷人家,电视剧,2024-10-28,中国大陆,2024,剧情/家庭,有评分,8.4,287902,287902,1555,73069549,73199099,2160,,m73069549,编剧,"闫妮, 李光洁, 郭晓东, 蒋欣, 范丞丞"
36478555,邹多加,女,34792298,演员,否,999,34792298,相逢时节,电视剧,2022-02-23,中国大陆,2022,剧情,有评分,4.9,33169,33169,403,69584645,72957159,2161,,m69584645,演员,"雷佳音, 袁泉, 张艺兴, 贾乃亮, 罗海琼"
36572593,马嘉璐,女,35613241,演员,否,999,35613241,县委大院,电视剧,2022-12-07,中国大陆,2022,剧情,有评分,6.8,109693,109693,864,71226531,73145235,2162,邱真姐姐,m71226531,演员,"胡歌, 吴越, 张新成, 黄磊, 李光洁"
36572593,马嘉璐,女,34792295,演员,是,82,34792295,乔家的儿女,电视剧,2021-08-17,中国大陆,2021,剧情/家庭,有评分,7.7,235622,235622,1347,69584639,73145235,2163,小蓝,m69584639,演员,"白宇, 宋祖儿, 毛晓彤, 张晚意, 周翊然"
36572593,马嘉璐,女,26797690,演员,否,999,26797690,大江大河,电视剧,2018-12-10,中国大陆,2018,剧情,有评分,8.8,260126,260126,1513,53595429,73145235,2164,,m53595429,演员,"王凯, 杨烁, 杨烁, 董子健, 童瑶"
36629763,陈宝国,男,26759908,演员,否,999,26759908,清平乐,电视剧,2020-04-07,中国大陆,2020,剧情/古装,有评分,6.4,173456,173456,1054,53519865,73259575,2165,曹傅,m53519865,演员,"王凯, 江疏影, 任敏, 杨玏, 边程"
34948429,张杍涵,男,34792295,演员,是,96,34792295,乔家的儿女,电视剧,2021-08-17,中国大陆,2021,剧情/家庭,有评分,7.7,235622,235622,1347,69584639,69896907,2166,7-9岁王若轩,m69584639,演员,"白宇, 宋祖儿, 毛晓彤, 张晚意, 周翊然"
35212062,孔德锋,男,36534750,演员,否,999,36534750,小巷人家,电视剧,2024-10-28,中国大陆,2024,剧情/家庭,有评分,8.4,287902,287902,1555,73069549,70424173,2167,张干事,m73069549,演员,"闫妮, 李光洁, 郭晓东, 蒋欣, 范丞丞"
27576999,叶筱玮,男,35613241,演员,否,999,35613241,县委大院,电视剧,2022-12-07,中国大陆,2022,剧情,有评分,6.8,109693,109693,864,71226531,55154047,2169,何冬鸣,m71226531,演员,"胡歌, 吴越, 张新成, 黄磊, 李光洁"
27567207,常玉红,女,35613241,演员,否,999,35613241,县委大院,电视剧,2022-12-07,中国大陆,2022,剧情,有评分,6.8,109693,109693,864,71226531,55134463,2170,祁美萍,m71226531,演员,"胡歌, 吴越, 张新成, 黄磊, 李光洁"
35352273,田占林,男,35033654,演员,否,999,35033654,山海情,电视剧,2021-01-12,中国大陆,2021,剧情,有评分,9.2,481571,481571,2105,70067357,70704595,2171,村干部乙,m70067357,演员,"黄轩, 张嘉益, 闫妮, 黄觉, 姚晨"
34800724,赵小宁,男,35033654,演员,否,999,35033654,山海情,电视剧,2021-01-12,中国大陆,2021,剧情,有评分,9.2,481571,481571,2105,70067357,69601497,2172,苦水村支书,m70067357,演员,"黄轩, 张嘉益, 闫妮, 黄觉, 姚晨"
30446298,李熙政,男,36189205,演员,否,999,36189205,凡人歌,电视剧,2024-08-31,中国大陆,2024,剧情/喜剧,有评分,7.7,77700,77700,773,72378459,60892645,2173,小赵,m72378459,演员,"殷桃, 王骁, 章若楠, 秦俊杰, 张哲华"
34943492,徐多多,女,36189205,演员,否,999,36189205,凡人歌,电视剧,2024-08-31,中国大陆,2024,剧情/喜剧,有评分,7.7,77700,77700,773,72378459,69887033,2174,那卓越,m72378459,演员,"殷桃, 王骁, 章若楠, 秦俊杰, 张哲华"
27575997,刘伟,男,36534750,演员,是,17,36534750,小巷人家,电视剧,2024-10-28,中国大陆,2024,剧情/家庭,有评分,8.4,287902,287902,1555,73069549,55152043,2175,庄爷爷,m73069549,演员,"闫妮, 李光洁, 郭晓东, 蒋欣, 范丞丞"
27575997,刘伟,男,36189205,演员,否,999,36189205,凡人歌,电视剧,2024-08-31,中国大陆,2024,剧情/喜剧,有评分,7.7,77700,77700,773,72378459,55152043,2176,三大爷,m72378459,演员,"殷桃, 王骁, 章若楠, 秦俊杰, 张哲华"
34914051,王子铭,男,26928226,演员,否,999,26928226,知否知否应是绿肥红瘦,电视剧,2018-12-25,中国大陆,2018,剧情/爱情/古装,有评分,8.0,695224,695224,2358,53856501,69828151,2184,袁文绍,m53856501,演员,"赵丽颖, 冯绍峰, 朱一龙, 施诗, 张佳宁"
27574456,杜伶俐,女,35613241,演员,否,999,35613241,县委大院,电视剧,2022-12-07,中国大陆,2022,剧情,有评分,6.8,109693,109693,864,71226531,55148961,2185,领班,m71226531,演员,"胡歌, 吴越, 张新成, 黄磊, 李光洁"
27574456,杜伶俐,女,26928226,演员,否,999,26928226,知否知否应是绿肥红瘦,电视剧,2018-12-25,中国大陆,2018,剧情/爱情/古装,有评分,8.0,695224,695224,2358,53856501,55148961,2186,康兆儿,m53856501,演员,"赵丽颖, 冯绍峰, 朱一龙, 施诗, 张佳宁"
27583166,薛媛媛,女,26928226,演员,否,999,26928226,知否知否应是绿肥红瘦,电视剧,2018-12-25,中国大陆,2018,剧情/爱情/古装,有评分,8.0,695224,695224,2358,53856501,55166381,2187,孙母,m53856501,演员,"赵丽颖, 冯绍峰, 朱一龙, 施诗, 张佳宁"
27577422,陈雅斓,女,26928226,演员,是,32,26928226,知否知否应是绿肥红瘦,电视剧,2018-12-25,中国大陆,2018,剧情/爱情/古装,有评分,8.0,695224,695224,2358,53856501,55154893,2188,申氏,m53856501,演员,"赵丽颖, 冯绍峰, 朱一龙, 施诗, 张佳宁"
36350920,明大程,男,30421903,编剧,是,1,30421903,淬火年代,电视剧,2025-06-18,中国大陆,2025,剧情,有评分,7.0,21373,21373,387,60843855,72701889,2189,,m60843855,编剧,"张新成, 宋祖儿, 王彦霖, 任程伟, 张月"
27575421,幺依田,女,36571896,演员,否,999,36571896,命悬一生,电视剧,2025-10-11,中国大陆,2025,剧情/悬疑,有评分,7.7,85010,85010,809,73143841,55150891,2190,田姐,m73143841,演员,"黄轩, 李庚希, 张哲华, 白宇帆, 尹昉"
27581665,周鹏雨,女,36571896,演员,否,999,36571896,命悬一生,电视剧,2025-10-11,中国大陆,2025,剧情/悬疑,有评分,7.7,85010,85010,809,73143841,55163379,2191,阿梅,m73143841,演员,"黄轩, 李庚希, 张哲华, 白宇帆, 尹昉"
27581665,周鹏雨,女,33442331,演员,是,15,33442331,我是余欢水,电视剧,2020-04-06,中国大陆,2020,剧情,有评分,7.3,324953,324953,1540,66884711,55163379,2192,护士,m66884711,演员,"郭京飞, 苗苗, 高露, 岳旸, 高叶"
27581665,周鹏雨,女,30423905,演员,否,999,30423905,大江大河2,电视剧,2020-12-20,中国大陆,2020,剧情/历史,有评分,8.7,208072,208072,1345,60847859,55163379,2193,杨逦,m60847859,演员,"王凯, 杨烁, 董子健, 杨采钰, 周放"
27581665,周鹏雨,女,26797690,演员,否,999,26797690,大江大河,电视剧,2018-12-10,中国大陆,2018,剧情,有评分,8.8,260126,260126,1513,53595429,55163379,2194,杨逦,m53595429,演员,"王凯, 杨烁, 杨烁, 董子健, 童瑶"
27581665,周鹏雨,女,26665065,演员,否,999,26665065,琅琊榜之风起长林,电视剧,2017-12-18,中国大陆,2017,剧情/古装,有评分,8.4,210088,210088,1328,53330179,55163379,2195,丽妃,m53330179,演员,"黄晓明, 刘昊然, 佟丽娅, 张慧雯, 梅婷"
34557680,杜以兵,男,26759908,演员,否,999,26759908,清平乐,电视剧,2020-04-07,中国大陆,2020,剧情/古装,有评分,6.4,173456,173456,1054,53519865,69115409,2196,余靖,m53519865,演员,"王凯, 江疏影, 任敏, 杨玏, 边程"
30227401,康嘉泽,男,26759908,演员,否,999,26759908,清平乐,电视剧,2020-04-07,中国大陆,2020,剧情/古装,有评分,6.4,173456,173456,1054,53519865,60454851,2197,小怀吉,m53519865,演员,"王凯, 江疏影, 任敏, 杨玏, 边程"
30155447,鞠帛展,男,36571896,演员,否,999,36571896,命悬一生,电视剧,2025-10-11,中国大陆,2025,剧情/悬疑,有评分,7.7,85010,85010,809,73143841,60310943,2198,赵组长,m73143841,演员,"黄轩, 李庚希, 张哲华, 白宇帆, 尹昉"
30155447,鞠帛展,男,35332289,演员,是,15,35332289,开端,电视剧,2022-01-11,中国大陆,2022,剧情,有评分,7.9,968506,968506,2766,70664627,60310943,2199,小六,m70664627,演员,"白敬亭, 赵今麦, 刘奕君, 刘涛, 黄觉"
30155447,鞠帛展,男,35321446,演员,是,13,35321446,大江大河之岁月如歌,电视剧,2024-01-08,中国大陆,2024,剧情,有评分,8.0,72953,72953,764,70642941,60310943,2200,四眼,m70642941,演员,"王凯, 杨烁, 董子健, 杨采钰, 张佳宁"
30155447,鞠帛展,男,30423905,演员,是,47,30423905,大江大河2,电视剧,2020-12-20,中国大陆,2020,剧情/历史,有评分,8.7,208072,208072,1345,60847859,60310943,2201,四眼,m60847859,演员,"王凯, 杨烁, 董子健, 杨采钰, 周放"
30155447,鞠帛展,男,26797690,演员,是,23,26797690,大江大河,电视剧,2018-12-10,中国大陆,2018,剧情,有评分,8.8,260126,260126,1513,53595429,60310943,2202,四眼会计,m53595429,演员,"王凯, 杨烁, 杨烁, 董子健, 童瑶"
35748497,刘洪超,男,25754848,演员,是,82,25754848,琅琊榜,电视剧,2015-09-19,中国大陆,2015,剧情/古装,有评分,9.4,919060,919060,2939,51509745,71497043,2205,安锐,m51509745,演员,"胡歌, 刘涛, 王凯, 陈龙, 黄维德"
27566474,张晔子,女,26683725,演员,是,66,26683725,外科风云,电视剧,2017-04-17,中国大陆,2017,剧情/爱情,有评分,7.3,94754,94754,832,53367499,55132997,2206,赵丽,m53367499,演员,"靳东, 白百何, 李佳航, 马少骅, 蓝盈莹"
34977084,李嘉懿,女,34792295,演员,是,109,34792295,乔家的儿女,电视剧,2021-08-17,中国大陆,2021,剧情/家庭,有评分,7.7,235622,235622,1347,69584639,69954217,2209,79岁 乔韵芝,m69584639,演员,"白宇, 宋祖儿, 毛晓彤, 张晚意, 周翊然"
36322961,鞠江,男,33442331,演员,否,999,33442331,我是余欢水,电视剧,2020-04-06,中国大陆,2020,剧情,有评分,7.3,324953,324953,1540,66884711,72645971,2210,服务员,m66884711,演员,"郭京飞, 苗苗, 高露, 岳旸, 高叶"
33463195,郑晓钟,男,36534750,演员,否,999,36534750,小巷人家,电视剧,2024-10-28,中国大陆,2024,剧情/家庭,有评分,8.4,287902,287902,1555,73069549,66926439,2211,,m73069549,演员,"闫妮, 李光洁, 郭晓东, 蒋欣, 范丞丞"
35152686,樊驿宁,男,36534750,演员,否,999,36534750,小巷人家,电视剧,2024-10-28,中国大陆,2024,剧情/家庭,有评分,8.4,287902,287902,1555,73069549,70305421,2212,张师兄,m73069549,演员,"闫妮, 李光洁, 郭晓东, 蒋欣, 范丞丞"
35800222,崔诗灏,男,34792298,编剧,是,2,34792298,相逢时节,电视剧,2022-02-23,中国大陆,2022,剧情,有评分,4.9,33169,33169,403,69584645,71600493,2213,,m69584645,编剧,"雷佳音, 袁泉, 张艺兴, 贾乃亮, 罗海琼"
35577153,屈扬,男,35613241,演员,否,999,35613241,县委大院,电视剧,2022-12-07,中国大陆,2022,剧情,有评分,6.8,109693,109693,864,71226531,71154355,2214,招商办主任,m71226531,演员,"胡歌, 吴越, 张新成, 黄磊, 李光洁"
35379468,吴恩璇,女,34792296,演员,是,55,34792296,欢迎光临,电视剧,2022-05-18,中国大陆,2022,剧情/喜剧/爱情,有评分,6.4,56516,56516,601,69584641,70758985,2216,波浪女,m69584641,演员,"黄轩, 白百何, 朱雨辰, 白宇帆, 丁嘉丽"
30212095,尹蕊,女,36189205,演员,否,999,36189205,凡人歌,电视剧,2024-08-31,中国大陆,2024,剧情/喜剧,有评分,7.7,77700,77700,773,72378459,60424239,2217,小北,m72378459,演员,"殷桃, 王骁, 章若楠, 秦俊杰, 张哲华"
27562208,卞涛,男,30423905,演员,否,999,30423905,大江大河2,电视剧,2020-12-20,中国大陆,2020,剧情/历史,有评分,8.7,208072,208072,1345,60847859,55124465,2218,高局长,m60847859,演员,"王凯, 杨烁, 董子健, 杨采钰, 周放"
27562715,朱薇薇,女,35613241,演员,否,999,35613241,县委大院,电视剧,2022-12-07,中国大陆,2022,剧情,有评分,6.8,109693,109693,864,71226531,55125479,2219, 贺姐,m71226531,演员,"胡歌, 吴越, 张新成, 黄磊, 李光洁"
27562715,朱薇薇,女,35588265,演员,否,999,35588265,樱桃琥珀,电视剧,2025-07-14,中国大陆,2025,剧情/爱情,有评分,5.7,38891,38891,471,71176579,55125479,2220,小学孙校长,m71176579,演员,"赵今麦, 张凌赫, 董洁, 保剑锋, 董璇"
32567995,王斌,男,26743573,演员,否,999,26743573,欢乐颂2,电视剧,2017-05-11,中国大陆,2017,剧情/爱情,有评分,5.4,154450,154450,913,53487195,65136039,2221,大林,m53487195,演员,"刘涛, 蒋欣, 王子文, 杨紫, 乔欣"
35065777,何思甜,女,36534750,演员,是,25,36534750,小巷人家,电视剧,2024-10-28,中国大陆,2024,剧情/家庭,有评分,8.4,287902,287902,1555,73069549,70131603,2225,吴珊珊(青年,m73069549,演员,"闫妮, 李光洁, 郭晓东, 蒋欣, 范丞丞"
35065777,何思甜,女,26759908,演员,否,999,26759908,清平乐,电视剧,2020-04-07,中国大陆,2020,剧情/古装,有评分,6.4,173456,173456,1054,53519865,70131603,2226,大徽柔,m53519865,演员,"王凯, 江疏影, 任敏, 杨玏, 边程"
35744915,尹腾喆,男,35332289,演员,是,67,35332289,开端,电视剧,2022-01-11,中国大陆,2022,剧情,有评分,7.9,968506,968506,2766,70664627,71489879,2227,交警甲,m70664627,演员,"白敬亭, 赵今麦, 刘奕君, 刘涛, 黄觉"
27562161,刘朔,男,25754848,演员,是,66,25754848,琅琊榜,电视剧,2015-09-19,中国大陆,2015,剧情/古装,有评分,9.4,919060,919060,2939,51509745,55124371,2228,徐安谟,m51509745,演员,"胡歌, 刘涛, 王凯, 陈龙, 黄维德"
27565661,魏伟,男,35332289,演员,是,28,35332289,开端,电视剧,2022-01-11,中国大陆,2022,剧情,有评分,7.9,968506,968506,2766,70664627,55131371,2229,公交车公司办公室主任,m70664627,演员,"白敬亭, 赵今麦, 刘奕君, 刘涛, 黄觉"
27565661,魏伟,男,35033654,演员,否,999,35033654,山海情,电视剧,2021-01-12,中国大陆,2021,剧情,有评分,9.2,481571,481571,2105,70067357,55131371,2230,小刘主任,m70067357,演员,"黄轩, 张嘉益, 闫妮, 黄觉, 姚晨"
27565661,魏伟,男,30423905,演员,是,30,30423905,大江大河2,电视剧,2020-12-20,中国大陆,2020,剧情/历史,有评分,8.7,208072,208072,1345,60847859,55131371,2231,楚中天,m60847859,演员,"王凯, 杨烁, 董子健, 杨采钰, 周放"
27565661,魏伟,男,26665065,演员,是,35,26665065,琅琊榜之风起长林,电视剧,2017-12-18,中国大陆,2017,剧情/古装,有评分,8.4,210088,210088,1328,53330179,55131371,2232,迟将军,m53330179,演员,"黄晓明, 刘昊然, 佟丽娅, 张慧雯, 梅婷"
27565661,魏伟,男,26430092,演员,否,999,26430092,欢乐颂,电视剧,2016-04-18,中国大陆,2016,剧情/爱情,有评分,7.5,353514,353514,1628,52860233,55131371,2234,要债人,m52860233,演员,"刘涛, 蒋欣, 王子文, 杨紫, 乔欣"
27565661,魏伟,男,26298935,演员,是,16,26298935,鬼吹灯之精绝古城,电视剧,2016-12-19,中国大陆,2016,剧情/悬疑/惊悚,有评分,7.9,274802,274802,1473,52597919,55131371,2235,王八万,m52597919,演员,"靳东, 陈乔恩, 赵达, 岳旸, 王永泉"
27565661,魏伟,男,25754848,演员,是,31,25754848,琅琊榜,电视剧,2015-09-19,中国大陆,2015,剧情/古装,有评分,9.4,919060,919060,2939,51509745,55131371,2237,童路,m51509745,演员,"胡歌, 刘涛, 王凯, 陈龙, 黄维德"
27562685,梁诗冉,女,26683725,演员,是,58,26683725,外科风云,电视剧,2017-04-17,中国大陆,2017,剧情/爱情,有评分,7.3,94754,94754,832,53367499,55125419,2238,张茜,m53367499,演员,"靳东, 白百何, 李佳航, 马少骅, 蓝盈莹"
37156163,应振南,男,35588265,演员,否,999,35588265,樱桃琥珀,电视剧,2025-07-14,中国大陆,2025,剧情/爱情,有评分,5.7,38891,38891,471,71176579,74312375,2239,表白男孩,m71176579,演员,"赵今麦, 张凌赫, 董洁, 保剑锋, 董璇"
36889719,焦雪睿,女,35588265,演员,否,999,35588265,樱桃琥珀,电视剧,2025-07-14,中国大陆,2025,剧情/爱情,有评分,5.7,38891,38891,471,71176579,73779487,2240,白韵,m71176579,演员,"赵今麦, 张凌赫, 董洁, 保剑锋, 董璇"
37055057,午圣,男,35588265,演员,是,8,35588265,樱桃琥珀,电视剧,2025-07-14,中国大陆,2025,剧情/爱情,有评分,5.7,38891,38891,471,71176579,74110163,2241,余樵,m71176579,演员,"赵今麦, 张凌赫, 董洁, 保剑锋, 董璇"
36654787,申林,女,26779426,演员,否,999,26779426,欢乐颂3,电视剧,2022-08-11,中国大陆,2022,剧情/爱情,有评分,4.9,41716,41716,452,53558901,73309623,2242,,m53558901,演员,"江疏影, 杨采钰, 张佳宁, 张慧雯, 李浩菲"
36522509,姜莉,女,30421903,演员,否,999,30421903,淬火年代,电视剧,2025-06-18,中国大陆,2025,剧情,有评分,7.0,21373,21373,387,60843855,73045067,2243,范小龙妻子,m60843855,演员,"张新成, 宋祖儿, 王彦霖, 任程伟, 张月"
36550804,李依心,女,36571896,演员,否,999,36571896,命悬一生,电视剧,2025-10-11,中国大陆,2025,剧情/悬疑,有评分,7.7,85010,85010,809,73143841,73101657,2244,阿玲,m73143841,演员,"黄轩, 李庚希, 张哲华, 白宇帆, 尹昉"
37089387,徐奥俊,男,36571896,演员,是,7,36571896,命悬一生,电视剧,2025-10-11,中国大陆,2025,剧情/悬疑,有评分,7.7,85010,85010,809,73143841,74178823,2245,童浩,m73143841,演员,"黄轩, 李庚希, 张哲华, 白宇帆, 尹昉"
37454355,李盈慧,女,26683725,演员,否,999,26683725,外科风云,电视剧,2017-04-17,中国大陆,2017,剧情/爱情,有评分,7.3,94754,94754,832,53367499,74908759,2246,,m53367499,演员,"靳东, 白百何, 李佳航, 马少骅, 蓝盈莹"
37454355,李盈慧,女,26665065,演员,否,999,26665065,琅琊榜之风起长林,电视剧,2017-12-18,中国大陆,2017,剧情/古装,有评分,8.4,210088,210088,1328,53330179,74908759,2247,,m53330179,演员,"黄晓明, 刘昊然, 佟丽娅, 张慧雯, 梅婷"
36091736,李胜楠,女,27088993,演员,否,999,27088993,都挺好,电视剧,2019-03-01,中国大陆,2019,剧情/家庭,有评分,7.7,394106,394106,1742,54178035,72183521,2250,,m54178035,演员,"姚晨, 倪大红, 郭京飞, 杨祐宁, 李念"
36153891,王蔷,女,36534750,演员,否,999,36534750,小巷人家,电视剧,2024-10-28,中国大陆,2024,剧情/家庭,有评分,8.4,287902,287902,1555,73069549,72307831,2251,学生处干事,m73069549,演员,"闫妮, 李光洁, 郭晓东, 蒋欣, 范丞丞"
36153891,王蔷,女,35321446,演员,否,999,35321446,大江大河之岁月如歌,电视剧,2024-01-08,中国大陆,2024,剧情,有评分,8.0,72953,72953,764,70642941,72307831,2252,农药厂财务,m70642941,演员,"王凯, 杨烁, 董子健, 杨采钰, 张佳宁"
36153891,王蔷,女,34792295,演员,否,999,34792295,乔家的儿女,电视剧,2021-08-17,中国大陆,2021,剧情/家庭,有评分,7.7,235622,235622,1347,69584639,72307831,2253,,m69584639,演员,"白宇, 宋祖儿, 毛晓彤, 张晚意, 周翊然"
30432049,刘贾玺,女,34792295,演员,是,75,34792295,乔家的儿女,电视剧,2021-08-17,中国大陆,2021,剧情/家庭,有评分,7.7,235622,235622,1347,69584639,60864147,2254,小慧,m69584639,演员,"白宇, 宋祖儿, 毛晓彤, 张晚意, 周翊然"
30432049,刘贾玺,女,26665065,演员,否,999,26665065,琅琊榜之风起长林,电视剧,2017-12-18,中国大陆,2017,剧情/古装,有评分,8.4,210088,210088,1328,53330179,60864147,2255,素心,m53330179,演员,"黄晓明, 刘昊然, 佟丽娅, 张慧雯, 梅婷"
35452625,孔祥海,男,35613241,演员,否,999,35613241,县委大院,电视剧,2022-12-07,中国大陆,2022,剧情,有评分,6.8,109693,109693,864,71226531,70905299,2256,白树新,m71226531,演员,"胡歌, 吴越, 张新成, 黄磊, 李光洁"
30367399,郜玄铭,男,26671336,演员,否,999,26671336,得闲谨制,电影,2025-12-06,中国大陆,2025,剧情/战争,有评分,6.9,268554,268554,1361,53342721,60734847,2258,门牙,m53342721,演员,"肖战, 彭昱畅, 周依然, 杨新鸣, 阿如那"
27577033,鲁照华,女,35033654,演员,否,999,35033654,山海情,电视剧,2021-01-12,中国大陆,2021,剧情,有评分,9.2,481571,481571,2105,70067357,55154115,2260,张一娟,m70067357,演员,"黄轩, 张嘉益, 闫妮, 黄觉, 姚晨"
34785625,赵婉鹭山,女,36189205,演员,否,999,36189205,凡人歌,电视剧,2024-08-31,中国大陆,2024,剧情/喜剧,有评分,7.7,77700,77700,773,72378459,69571299,2261,保姆张姐,m72378459,演员,"殷桃, 王骁, 章若楠, 秦俊杰, 张哲华"
35451322,周俞辰,男,35588265,演员,否,999,35588265,樱桃琥珀,电视剧,2025-07-14,中国大陆,2025,剧情/爱情,有评分,5.7,38891,38891,471,71176579,70902693,2262,小峤西,m71176579,演员,"赵今麦, 张凌赫, 董洁, 保剑锋, 董璇"
35061499,左林杰,男,35588265,演员,是,10,35588265,樱桃琥珀,电视剧,2025-07-14,中国大陆,2025,剧情/爱情,有评分,5.7,38891,38891,471,71176579,70123047,2263,蔡方元,m71176579,演员,"赵今麦, 张凌赫, 董洁, 保剑锋, 董璇"
27577080,史艳,女,26928226,演员,否,999,26928226,知否知否应是绿肥红瘦,电视剧,2018-12-25,中国大陆,2018,剧情/爱情/古装,有评分,8.0,695224,695224,2358,53856501,55154209,2264,房妈妈,m53856501,演员,"赵丽颖, 冯绍峰, 朱一龙, 施诗, 张佳宁"
27575624,田淼,女,35321446,演员,否,999,35321446,大江大河之岁月如歌,电视剧,2024-01-08,中国大陆,2024,剧情,有评分,8.0,72953,72953,764,70642941,55151297,2265,雷正山妈,m70642941,演员,"王凯, 杨烁, 董子健, 杨采钰, 张佳宁"
27575624,田淼,女,26928226,演员,否,999,26928226,知否知否应是绿肥红瘦,电视剧,2018-12-25,中国大陆,2018,剧情/爱情/古装,有评分,8.0,695224,695224,2358,53856501,55151297,2266,樊妈妈,m53856501,演员,"赵丽颖, 冯绍峰, 朱一龙, 施诗, 张佳宁"
27570723,董可飞,男,33442331,演员,是,46,33442331,我是余欢水,电视剧,2020-04-06,中国大陆,2020,剧情,有评分,7.3,324953,324953,1540,66884711,55141495,2267,陈大壮,m66884711,演员,"郭京飞, 苗苗, 高露, 岳旸, 高叶"
27570723,董可飞,男,26779426,演员,否,999,26779426,欢乐颂3,电视剧,2022-08-11,中国大陆,2022,剧情/爱情,有评分,4.9,41716,41716,452,53558901,55141495,2268,叶方,m53558901,演员,"江疏影, 杨采钰, 张佳宁, 张慧雯, 李浩菲"
27663651,徐晴,女,36571896,演员,否,999,36571896,命悬一生,电视剧,2025-10-11,中国大陆,2025,剧情/悬疑,有评分,7.7,85010,85010,809,73143841,55327351,2269,阿柠,m73143841,演员,"黄轩, 李庚希, 张哲华, 白宇帆, 尹昉"
27563473,丁嘉文,男,26759908,演员,是,21,26759908,清平乐,电视剧,2020-04-07,中国大陆,2020,剧情/古装,有评分,6.4,173456,173456,1054,53519865,55126995,2271,曹评,m53519865,演员,"王凯, 江疏影, 任敏, 杨玏, 边程"
30274073,任敏,女,26759908,演员,是,3,26759908,清平乐,电视剧,2020-04-07,中国大陆,2020,剧情/古装,有评分,6.4,173456,173456,1054,53519865,60548195,2272,赵徽柔,m53519865,演员,"王凯, 江疏影, 任敏, 杨玏, 边程"
35744911,刘祉驿,男,35332289,演员,是,46,35332289,开端,电视剧,2022-01-11,中国大陆,2022,剧情,有评分,7.9,968506,968506,2766,70664627,71489871,2273,男学生,m70664627,演员,"白敬亭, 赵今麦, 刘奕君, 刘涛, 黄觉"
35165489,杨永文,男,25754848,演员,是,116,25754848,琅琊榜,电视剧,2015-09-19,中国大陆,2015,剧情/古装,有评分,9.4,919060,919060,2939,51509745,70331027,2274,费亦升,m51509745,演员,"胡歌, 刘涛, 王凯, 陈龙, 黄维德"
27569670,王铮,男,25994712,演员,是,13,25994712,伪装者,电视剧,2015-08-31,中国大陆,2015,剧情/悬疑,有评分,8.6,382758,382758,1814,51989473,55139389,2284,郭骑云,m51989473,演员,"胡歌, 靳东, 刘敏涛, 王凯, 宋轶"
30337708,姿娜,女,26797690,演员,否,999,26797690,大江大河,电视剧,2018-12-10,中国大陆,2018,剧情,有评分,8.8,260126,260126,1513,53595429,60675465,2285,秘书,m53595429,演员,"王凯, 杨烁, 杨烁, 董子健, 童瑶"
27569442,曲博,男,36534750,演员,否,999,36534750,小巷人家,电视剧,2024-10-28,中国大陆,2024,剧情/家庭,有评分,8.4,287902,287902,1555,73069549,55138933,2287,李一鸣,m73069549,演员,"闫妮, 李光洁, 郭晓东, 蒋欣, 范丞丞"
30423866,李庆誉,男,36534750,演员,是,13,36534750,小巷人家,电视剧,2024-10-28,中国大陆,2024,剧情/家庭,有评分,8.4,287902,287902,1555,73069549,60847781,2288,林栋哲(少年,m73069549,演员,"闫妮, 李光洁, 郭晓东, 蒋欣, 范丞丞"
30423866,李庆誉,男,33442331,演员,是,10,33442331,我是余欢水,电视剧,2020-04-06,中国大陆,2020,剧情,有评分,7.3,324953,324953,1540,66884711,60847781,2289,小余晨,m66884711,演员,"郭京飞, 苗苗, 高露, 岳旸, 高叶"
35898492,王资豪,男,34792298,演员,否,999,34792298,相逢时节,电视剧,2022-02-23,中国大陆,2022,剧情,有评分,4.9,33169,33169,403,69584645,71797033,2291,吴迪（小胖）,m69584645,演员,"雷佳音, 袁泉, 张艺兴, 贾乃亮, 罗海琼"
27582077,洪洋,男,35613241,演员,否,999,35613241,县委大院,电视剧,2022-12-07,中国大陆,2022,剧情,有评分,6.8,109693,109693,864,71226531,55164203,2292,赵乐恒,m71226531,演员,"胡歌, 吴越, 张新成, 黄磊, 李光洁"
36085854,吴健,男,36534750,演员,否,999,36534750,小巷人家,电视剧,2024-10-28,中国大陆,2024,剧情/家庭,有评分,8.4,287902,287902,1555,73069549,72171757,2293,人事处处长,m73069549,演员,"闫妮, 李光洁, 郭晓东, 蒋欣, 范丞丞"
36085854,吴健,男,35613241,演员,否,999,35613241,县委大院,电视剧,2022-12-07,中国大陆,2022,剧情,有评分,6.8,109693,109693,864,71226531,72171757,2294,彭乡长,m71226531,演员,"胡歌, 吴越, 张新成, 黄磊, 李光洁"
35801335,杨烨儿,女,35613241,演员,是,45,35613241,县委大院,电视剧,2022-12-07,中国大陆,2022,剧情,有评分,6.8,109693,109693,864,71226531,71602719,2295,青年乔麦,m71226531,演员,"胡歌, 吴越, 张新成, 黄磊, 李光洁"
35165426,海玲,女,35033654,演员,是,27,35033654,山海情,电视剧,2021-01-12,中国大陆,2021,剧情,有评分,9.2,481571,481571,2105,70067357,70330901,2296,高青峡妈妈,m70067357,演员,"黄轩, 张嘉益, 闫妮, 黄觉, 姚晨"
35036430,林乐炫,女,34792296,演员,是,16,34792296,欢迎光临,电视剧,2022-05-18,中国大陆,2022,剧情/喜剧/爱情,有评分,6.4,56516,56516,601,69584641,70072909,2300,小丽,m69584641,演员,"黄轩, 白百何, 朱雨辰, 白宇帆, 丁嘉丽"
35036430,林乐炫,女,33442331,演员,否,999,33442331,我是余欢水,电视剧,2020-04-06,中国大陆,2020,剧情,有评分,7.3,324953,324953,1540,66884711,70072909,2301,电视台主持人,m66884711,演员,"郭京飞, 苗苗, 高露, 岳旸, 高叶"
35419167,乔尔·阿德里安,男,26088457,演员,否,999,26088457,他来了，请闭眼,电视剧,2015-10-15,中国大陆,2015,剧情/悬疑,有评分,6.7,74395,74395,706,52176963,70838383,2302,Evans,m52176963,演员,"霍建华, 马思纯, 张鲁一, 王凯, 尹正"
27614775,王子桀,男,26928226,演员,是,47,26928226,知否知否应是绿肥红瘦,电视剧,2018-12-25,中国大陆,2018,剧情/爱情/古装,有评分,8.0,695224,695224,2358,53856501,55229599,2303,不为,m53856501,演员,"赵丽颖, 冯绍峰, 朱一龙, 施诗, 张佳宁"
27577591,叶轩彤,男,26928226,演员,是,37,26928226,知否知否应是绿肥红瘦,电视剧,2018-12-25,中国大陆,2018,剧情/爱情/古装,有评分,8.0,695224,695224,2358,53856501,55155231,2304,大蓉姐儿,m53856501,演员,"赵丽颖, 冯绍峰, 朱一龙, 施诗, 张佳宁"
27570452,张雅玫,女,30421903,演员,否,999,30421903,淬火年代,电视剧,2025-06-18,中国大陆,2025,剧情,有评分,7.0,21373,21373,387,60843855,55140953,2305,阿娅,m60843855,演员,"张新成, 宋祖儿, 王彦霖, 任程伟, 张月"
30157439,薛昊婧,女,35613241,演员,是,40,35613241,县委大院,电视剧,2022-12-07,中国大陆,2022,剧情,有评分,6.8,109693,109693,864,71226531,60314927,2306,江霞,m71226531,演员,"胡歌, 吴越, 张新成, 黄磊, 李光洁"
30157439,薛昊婧,女,34792296,演员,是,8,34792296,欢迎光临,电视剧,2022-05-18,中国大陆,2022,剧情/喜剧/爱情,有评分,6.4,56516,56516,601,69584641,60314927,2307,冯远叶/豆子,m69584641,演员,"黄轩, 白百何, 朱雨辰, 白宇帆, 丁嘉丽"
30157439,薛昊婧,女,30421903,演员,是,21,30421903,淬火年代,电视剧,2025-06-18,中国大陆,2025,剧情,有评分,7.0,21373,21373,387,60843855,60314927,2308,陈其凡,m60843855,演员,"张新成, 宋祖儿, 王彦霖, 任程伟, 张月"
27583130,吕承珏,男,26779426,演员,否,999,26779426,欢乐颂3,电视剧,2022-08-11,中国大陆,2022,剧情/爱情,有评分,4.9,41716,41716,452,53558901,55166309,2309,,m53558901,演员,"江疏影, 杨采钰, 张佳宁, 张慧雯, 李浩菲"
35340163,崔颖儿,女,36571896,演员,否,999,36571896,命悬一生,电视剧,2025-10-11,中国大陆,2025,剧情/悬疑,有评分,7.7,85010,85010,809,73143841,70680375,2310,颖儿,m73143841,演员,"黄轩, 李庚希, 张哲华, 白宇帆, 尹昉"
27562495,石俊辉,男,36571896,演员,否,999,36571896,命悬一生,电视剧,2025-10-11,中国大陆,2025,剧情/悬疑,有评分,7.7,85010,85010,809,73143841,55125039,2311,保安王哥,m73143841,演员,"黄轩, 李庚希, 张哲华, 白宇帆, 尹昉"
34971581,高寿,男,26759908,演员,否,999,26759908,清平乐,电视剧,2020-04-07,中国大陆,2020,剧情/古装,有评分,6.4,173456,173456,1054,53519865,69943211,2320,李若谷,m53519865,演员,"王凯, 江疏影, 任敏, 杨玏, 边程"
27581943,汪坚辛,男,26759908,演员,否,999,26759908,清平乐,电视剧,2020-04-07,中国大陆,2020,剧情/古装,有评分,6.4,173456,173456,1054,53519865,55163935,2321,江德明,m53519865,演员,"王凯, 江疏影, 任敏, 杨玏, 边程"
30296067,魏宸靓,女,26759908,演员,否,999,26759908,清平乐,电视剧,2020-04-07,中国大陆,2020,剧情/古装,有评分,6.4,173456,173456,1054,53519865,60592183,2322,杜有衡,m53519865,演员,"王凯, 江疏影, 任敏, 杨玏, 边程"
27563406,周帅,男,26759908,演员,是,31,26759908,清平乐,电视剧,2020-04-07,中国大陆,2020,剧情/古装,有评分,6.4,173456,173456,1054,53519865,55126861,2323,蔡襄,m53519865,演员,"王凯, 江疏影, 任敏, 杨玏, 边程"
34853795,曾柯琅,男,35332289,演员,是,8,35332289,开端,电视剧,2022-01-11,中国大陆,2022,剧情,有评分,7.9,968506,968506,2766,70664627,69707639,2324,卢笛,m70664627,演员,"白敬亭, 赵今麦, 刘奕君, 刘涛, 黄觉"
36205082,王光,男,25754848,演员,是,80,25754848,琅琊榜,电视剧,2015-09-19,中国大陆,2015,剧情/古装,有评分,9.4,919060,919060,2939,51509745,72410213,2335,淮王,m51509745,演员,"胡歌, 刘涛, 王凯, 陈龙, 黄维德"
30302221,崔立明,男,26759908,演员,否,999,26759908,清平乐,电视剧,2020-04-07,中国大陆,2020,剧情/古装,有评分,6.4,173456,173456,1054,53519865,60604491,2336,张知白,m53519865,演员,"王凯, 江疏影, 任敏, 杨玏, 边程"
30302221,崔立明,男,25754848,演员,是,112,25754848,琅琊榜,电视剧,2015-09-19,中国大陆,2015,剧情/古装,有评分,9.4,919060,919060,2939,51509745,60604491,2337,季师爷,m51509745,演员,"胡歌, 刘涛, 王凯, 陈龙, 黄维德"
37396222,章杰峰,男,35321446,演员,否,999,35321446,大江大河之岁月如歌,电视剧,2024-01-08,中国大陆,2024,剧情,有评分,8.0,72953,72953,764,70642941,74792493,2340,井长亭,m70642941,演员,"王凯, 杨烁, 董子健, 杨采钰, 张佳宁"
37898950,郭坭尔,男,26671336,演员,否,999,26671336,得闲谨制,电影,2025-12-06,中国大陆,2025,剧情/战争,有评分,6.9,268554,268554,1361,53342721,75797949,2341,渣兵团,m53342721,演员,"肖战, 彭昱畅, 周依然, 杨新鸣, 阿如那"
30288414,李严,男,27088993,演员,否,999,27088993,都挺好,电视剧,2019-03-01,中国大陆,2019,剧情/家庭,有评分,7.7,394106,394106,1742,54178035,60576877,2342,瘦子,m54178035,演员,"姚晨, 倪大红, 郭京飞, 杨祐宁, 李念"
35707146,臧晋,男,25994712,演员,是,35,25994712,伪装者,电视剧,2015-08-31,中国大陆,2015,剧情/悬疑,有评分,8.6,382758,382758,1814,51989473,71414341,2344,日军中尉,m51989473,演员,"胡歌, 靳东, 刘敏涛, 王凯, 宋轶"
35748132,杨程茗,男,26665065,演员,是,43,26665065,琅琊榜之风起长林,电视剧,2017-12-18,中国大陆,2017,剧情/古装,有评分,8.4,210088,210088,1328,53330179,71496313,2345,魏大人,m53330179,演员,"黄晓明, 刘昊然, 佟丽娅, 张慧雯, 梅婷"
30377966,董祚杭,男,34792298,演员,是,54,34792298,相逢时节,电视剧,2022-02-23,中国大陆,2022,剧情,有评分,4.9,33169,33169,403,69584645,60755981,2346,少年宁恕,m69584645,演员,"雷佳音, 袁泉, 张艺兴, 贾乃亮, 罗海琼"
35404030,柴隽哲,男,35588265,演员,否,999,35588265,樱桃琥珀,电视剧,2025-07-14,中国大陆,2025,剧情/爱情,有评分,5.7,38891,38891,471,71176579,70808109,2350,体育老师,m71176579,演员,"赵今麦, 张凌赫, 董洁, 保剑锋, 董璇"
27572939,马启越,男,35588265,演员,是,9,35588265,樱桃琥珀,电视剧,2025-07-14,中国大陆,2025,剧情/爱情,有评分,5.7,38891,38891,471,71176579,55145927,2351,杜尚,m71176579,演员,"赵今麦, 张凌赫, 董洁, 保剑锋, 董璇"
35287817,王箫淇,女,26779426,演员,否,999,26779426,欢乐颂3,电视剧,2022-08-11,中国大陆,2022,剧情/爱情,有评分,4.9,41716,41716,452,53558901,70575683,2355,,m53558901,演员,"江疏影, 杨采钰, 张佳宁, 张慧雯, 李浩菲"
33478490,郁晓东,男,36534750,演员,否,999,36534750,小巷人家,电视剧,2024-10-28,中国大陆,2024,剧情/家庭,有评分,8.4,287902,287902,1555,73069549,66957029,2356,木工头,m73069549,演员,"闫妮, 李光洁, 郭晓东, 蒋欣, 范丞丞"
33478490,郁晓东,男,30423905,演员,否,999,30423905,大江大河2,电视剧,2020-12-20,中国大陆,2020,剧情/历史,有评分,8.7,208072,208072,1345,60847859,66957029,2357,老周,m60847859,演员,"王凯, 杨烁, 董子健, 杨采钰, 周放"
33478490,郁晓东,男,26759908,演员,否,999,26759908,清平乐,电视剧,2020-04-07,中国大陆,2020,剧情/古装,有评分,6.4,173456,173456,1054,53519865,66957029,2358,王举正,m53519865,演员,"王凯, 江疏影, 任敏, 杨玏, 边程"
27564470,胡浩博,男,26759908,演员,是,33,26759908,清平乐,电视剧,2020-04-07,中国大陆,2020,剧情/古装,有评分,6.4,173456,173456,1054,53519865,55128989,2359,梁元生,m53519865,演员,"王凯, 江疏影, 任敏, 杨玏, 边程"
35028460,刘子鹤,女,36534750,演员,是,20,36534750,小巷人家,电视剧,2024-10-28,中国大陆,2024,剧情/家庭,有评分,8.4,287902,287902,1555,73069549,70056969,2360,庄桦林,m73069549,演员,"闫妮, 李光洁, 郭晓东, 蒋欣, 范丞丞"
35028460,刘子鹤,女,35613241,演员,否,999,35613241,县委大院,电视剧,2022-12-07,中国大陆,2022,剧情,有评分,6.8,109693,109693,864,71226531,70056969,2361,穆宏妻子,m71226531,演员,"胡歌, 吴越, 张新成, 黄磊, 李光洁"
35028460,刘子鹤,女,26759908,演员,是,30,26759908,清平乐,电视剧,2020-04-07,中国大陆,2020,剧情/古装,有评分,6.4,173456,173456,1054,53519865,70056969,2362,俞婕妤,m53519865,演员,"王凯, 江疏影, 任敏, 杨玏, 边程"
34783426,马兰,女,36571896,演员,否,999,36571896,命悬一生,电视剧,2025-10-11,中国大陆,2025,剧情/悬疑,有评分,7.7,85010,85010,809,73143841,69566901,2363,曲大姨,m73143841,演员,"黄轩, 李庚希, 张哲华, 白宇帆, 尹昉"
34783426,马兰,女,35332289,演员,是,10,35332289,开端,电视剧,2022-01-11,中国大陆,2022,剧情,有评分,7.9,968506,968506,2766,70664627,69566901,2364,药婆,m70664627,演员,"白敬亭, 赵今麦, 刘奕君, 刘涛, 黄觉"
27663666,郭紫铭,男,34792295,演员,是,22,34792295,乔家的儿女,电视剧,2021-08-17,中国大陆,2021,剧情/家庭,有评分,7.7,235622,235622,1347,69584639,55327381,2372,少年一成,m69584639,演员,"白宇, 宋祖儿, 毛晓彤, 张晚意, 周翊然"
34853821,侯雯元,男,34792295,演员,是,9,34792295,乔家的儿女,电视剧,2021-08-17,中国大陆,2021,剧情/家庭,有评分,7.7,235622,235622,1347,69584639,69707691,2373,戚成钢,m69584639,演员,"白宇, 宋祖儿, 毛晓彤, 张晚意, 周翊然"
34879865,孙千岚,女,27088993,演员,是,23,27088993,都挺好,电视剧,2019-03-01,中国大陆,2019,剧情/家庭,有评分,7.7,394106,394106,1742,54178035,69759779,2374,阿奇,m54178035,演员,"姚晨, 倪大红, 郭京飞, 杨祐宁, 李念"
34873069,卢昱晓,女,36534750,演员,是,8,36534750,小巷人家,电视剧,2024-10-28,中国大陆,2024,剧情/家庭,有评分,8.4,287902,287902,1555,73069549,69746187,2375,李佳,m73069549,演员,"闫妮, 李光洁, 郭晓东, 蒋欣, 范丞丞"
35800286,任留昕,男,34792298,编剧,是,6,34792298,相逢时节,电视剧,2022-02-23,中国大陆,2022,剧情,有评分,4.9,33169,33169,403,69584645,71600621,2376,,m69584645,编剧,"雷佳音, 袁泉, 张艺兴, 贾乃亮, 罗海琼"
27573348,刘昊岩,男,35588265,演员,否,999,35588265,樱桃琥珀,电视剧,2025-07-14,中国大陆,2025,剧情/爱情,有评分,5.7,38891,38891,471,71176579,55146745,2381,汪宇,m71176579,演员,"赵今麦, 张凌赫, 董洁, 保剑锋, 董璇"
35702185,王博霄,男,36571896,演员,否,999,36571896,命悬一生,电视剧,2025-10-11,中国大陆,2025,剧情/悬疑,有评分,7.7,85010,85010,809,73143841,71404419,2382,,m73143841,演员,"黄轩, 李庚希, 张哲华, 白宇帆, 尹昉"
35702185,王博霄,男,35613241,演员,否,999,35613241,县委大院,电视剧,2022-12-07,中国大陆,2022,剧情,有评分,6.8,109693,109693,864,71226531,71404419,2383,小卢,m71226531,演员,"胡歌, 吴越, 张新成, 黄磊, 李光洁"
30300180,芦展翔,男,26759908,演员,否,999,26759908,清平乐,电视剧,2020-04-07,中国大陆,2020,剧情/古装,有评分,6.4,173456,173456,1054,53519865,60600409,2384,中宗实,m53519865,演员,"王凯, 江疏影, 任敏, 杨玏, 边程"
27576231,初俊辰,男,26759908,演员,是,18,26759908,清平乐,电视剧,2020-04-07,中国大陆,2020,剧情/古装,有评分,6.4,173456,173456,1054,53519865,55152511,2385,司马光,m53519865,演员,"王凯, 江疏影, 任敏, 杨玏, 边程"
27565881,吴其江,男,35613241,演员,是,14,35613241,县委大院,电视剧,2022-12-07,中国大陆,2022,剧情,有评分,6.8,109693,109693,864,71226531,55131811,2386,叶昌禾,m71226531,演员,"胡歌, 吴越, 张新成, 黄磊, 李光洁"
27565881,吴其江,男,35332289,演员,是,22,35332289,开端,电视剧,2022-01-11,中国大陆,2022,剧情,有评分,7.9,968506,968506,2766,70664627,55131811,2387,朱师傅,m70664627,演员,"白敬亭, 赵今麦, 刘奕君, 刘涛, 黄觉"
27565881,吴其江,男,35321446,演员,否,999,35321446,大江大河之岁月如歌,电视剧,2024-01-08,中国大陆,2024,剧情,有评分,8.0,72953,72953,764,70642941,55131811,2388,陈平原,m70642941,演员,"王凯, 杨烁, 董子健, 杨采钰, 张佳宁"
27565881,吴其江,男,35033654,演员,否,999,35033654,山海情,电视剧,2021-01-12,中国大陆,2021,剧情,有评分,9.2,481571,481571,2105,70067357,55131811,2389,陈所长,m70067357,演员,"黄轩, 张嘉益, 闫妮, 黄觉, 姚晨"
27565881,吴其江,男,34792295,演员,是,59,34792295,乔家的儿女,电视剧,2021-08-17,中国大陆,2021,剧情/家庭,有评分,7.7,235622,235622,1347,69584639,55131811,2390,沈叔叔,m69584639,演员,"白宇, 宋祖儿, 毛晓彤, 张晚意, 周翊然"
27565881,吴其江,男,30423905,演员,是,23,30423905,大江大河2,电视剧,2020-12-20,中国大陆,2020,剧情/历史,有评分,8.7,208072,208072,1345,60847859,55131811,2391,陈平原,m60847859,演员,"王凯, 杨烁, 董子健, 杨采钰, 周放"
27565881,吴其江,男,26797690,演员,是,14,26797690,大江大河,电视剧,2018-12-10,中国大陆,2018,剧情,有评分,8.8,260126,260126,1513,53595429,55131811,2392,陈平原,m53595429,演员,"王凯, 杨烁, 杨烁, 董子健, 童瑶"
27565881,吴其江,男,26779426,演员,否,999,26779426,欢乐颂3,电视剧,2022-08-11,中国大陆,2022,剧情/爱情,有评分,4.9,41716,41716,452,53558901,55131811,2393,,m53558901,演员,"江疏影, 杨采钰, 张佳宁, 张慧雯, 李浩菲"
27568636,尤靖茹,女,35332289,演员,是,19,35332289,开端,电视剧,2022-01-11,中国大陆,2022,剧情,有评分,7.9,968506,968506,2766,70664627,55137321,2394,刘瑶,m70664627,演员,"白敬亭, 赵今麦, 刘奕君, 刘涛, 黄觉"
30302200,柳洋,男,34792298,演员,是,37,34792298,相逢时节,电视剧,2022-02-23,中国大陆,2022,剧情,有评分,4.9,33169,33169,403,69584645,60604449,2395,李博,m69584645,演员,"雷佳音, 袁泉, 张艺兴, 贾乃亮, 罗海琼"
30302200,柳洋,男,25994712,演员,是,31,25994712,伪装者,电视剧,2015-08-31,中国大陆,2015,剧情/悬疑,有评分,8.6,382758,382758,1814,51989473,60604449,2396,陈亮,m51989473,演员,"胡歌, 靳东, 刘敏涛, 王凯, 宋轶"
30302200,柳洋,男,25754848,演员,是,47,25754848,琅琊榜,电视剧,2015-09-19,中国大陆,2015,剧情/古装,有评分,9.4,919060,919060,2939,51509745,60604449,2397,戚猛,m51509745,演员,"胡歌, 刘涛, 王凯, 陈龙, 黄维德"
37119451,郭小源,女,36534750,演员,否,999,36534750,小巷人家,电视剧,2024-10-28,中国大陆,2024,剧情/家庭,有评分,8.4,287902,287902,1555,73069549,74238951,2401,王琳,m73069549,演员,"闫妮, 李光洁, 郭晓东, 蒋欣, 范丞丞"
37110374,高晓雅,女,36534750,演员,否,999,36534750,小巷人家,电视剧,2024-10-28,中国大陆,2024,剧情/家庭,有评分,8.4,287902,287902,1555,73069549,74220797,2402,张敏(童年,m73069549,演员,"闫妮, 李光洁, 郭晓东, 蒋欣, 范丞丞"
37301468,孙亦鸿,男,26671336,演员,否,999,26671336,得闲谨制,电影,2025-12-06,中国大陆,2025,剧情/战争,有评分,6.9,268554,268554,1361,53342721,74602985,2403,水手,m53342721,演员,"肖战, 彭昱畅, 周依然, 杨新鸣, 阿如那"
37508916,马烁棋,男,30421903,演员,否,999,30421903,淬火年代,电视剧,2025-06-18,中国大陆,2025,剧情,有评分,7.0,21373,21373,387,60843855,75017881,2405,陆华东司机,m60843855,演员,"张新成, 宋祖儿, 王彦霖, 任程伟, 张月"
36481599,陈沐民,男,36534750,演员,否,999,36534750,小巷人家,电视剧,2024-10-28,中国大陆,2024,剧情/家庭,有评分,8.4,287902,287902,1555,73069549,72963247,2406,庄振北,m73069549,演员,"闫妮, 李光洁, 郭晓东, 蒋欣, 范丞丞"
27561046,单瑛哲,男,25754848,演员,是,38,25754848,琅琊榜,电视剧,2015-09-19,中国大陆,2015,剧情/古装,有评分,9.4,919060,919060,2939,51509745,55122141,2407,聂锋,m51509745,演员,"胡歌, 刘涛, 王凯, 陈龙, 黄维德"
27560680,陈玺旭,男,35321446,演员,否,999,35321446,大江大河之岁月如歌,电视剧,2024-01-08,中国大陆,2024,剧情,有评分,8.0,72953,72953,764,70642941,55121409,2408,黄炳聪,m70642941,演员,"王凯, 杨烁, 董子健, 杨采钰, 张佳宁"
27561483,徐钰涵,女,35033654,演员,是,67,35033654,山海情,电视剧,2021-01-12,中国大陆,2021,剧情,有评分,9.2,481571,481571,2105,70067357,55123015,2409,小水花,m70067357,演员,"黄轩, 张嘉益, 闫妮, 黄觉, 姚晨"
34853733,张熙唯,女,34792295,演员,是,29,34792295,乔家的儿女,电视剧,2021-08-17,中国大陆,2021,剧情/家庭,有评分,7.7,235622,235622,1347,69584639,69707515,2410,少年四美,m69584639,演员,"白宇, 宋祖儿, 毛晓彤, 张晚意, 周翊然"
35125950,王艺荻,女,35321446,演员,否,999,35321446,大江大河之岁月如歌,电视剧,2024-01-08,中国大陆,2024,剧情,有评分,8.0,72953,72953,764,70642941,70251949,2411,冯欣欣,m70642941,演员,"王凯, 杨烁, 董子健, 杨采钰, 张佳宁"
35812535,宋美儿,女,34792298,演员,是,38,34792298,相逢时节,电视剧,2022-02-23,中国大陆,2022,剧情,有评分,4.9,33169,33169,403,69584645,71625119,2412,小江,m69584645,演员,"雷佳音, 袁泉, 张艺兴, 贾乃亮, 罗海琼"
35812470,张丽平,女,34792298,演员,是,29,34792298,相逢时节,电视剧,2022-02-23,中国大陆,2022,剧情,有评分,4.9,33169,33169,403,69584645,71624989,2413,田母,m69584645,演员,"雷佳音, 袁泉, 张艺兴, 贾乃亮, 罗海琼"
35812470,张丽平,女,34792295,演员,是,119,34792295,乔家的儿女,电视剧,2021-08-17,中国大陆,2021,剧情/家庭,有评分,7.7,235622,235622,1347,69584639,71624989,2414,戚成钢妈,m69584639,演员,"白宇, 宋祖儿, 毛晓彤, 张晚意, 周翊然"
27613105,周依然,女,26671336,演员,是,3,26671336,得闲谨制,电影,2025-12-06,中国大陆,2025,剧情/战争,有评分,6.9,268554,268554,1361,53342721,55226259,2415,夏橙,m53342721,演员,"肖战, 彭昱畅, 周依然, 杨新鸣, 阿如那"
27562370,徐风,男,35613241,演员,否,999,35613241,县委大院,电视剧,2022-12-07,中国大陆,2022,剧情,有评分,6.8,109693,109693,864,71226531,55124789,2416, 徐军大伯,m71226531,演员,"胡歌, 吴越, 张新成, 黄磊, 李光洁"
27562370,徐风,男,30423905,演员,否,999,30423905,大江大河2,电视剧,2020-12-20,中国大陆,2020,剧情/历史,有评分,8.7,208072,208072,1345,60847859,55124789,2417,土地局副局长,m60847859,演员,"王凯, 杨烁, 董子健, 杨采钰, 周放"
35553583,孙思程,男,36534750,演员,是,14,36534750,小巷人家,电视剧,2024-10-28,中国大陆,2024,剧情/家庭,有评分,8.4,287902,287902,1555,73069549,71107215,2418,林栋哲(童年,m73069549,演员,"闫妮, 李光洁, 郭晓东, 蒋欣, 范丞丞"
35553583,孙思程,男,35588265,演员,否,999,35588265,樱桃琥珀,电视剧,2025-07-14,中国大陆,2025,剧情/爱情,有评分,5.7,38891,38891,471,71176579,71107215,2419,中余锦,m71176579,演员,"赵今麦, 张凌赫, 董洁, 保剑锋, 董璇"
34812390,王之民,男,36534750,演员,否,999,36534750,小巷人家,电视剧,2024-10-28,中国大陆,2024,剧情/家庭,有评分,8.4,287902,287902,1555,73069549,69624829,2420,李佳爸,m73069549,演员,"闫妮, 李光洁, 郭晓东, 蒋欣, 范丞丞"
34812390,王之民,男,35588265,演员,否,999,35588265,樱桃琥珀,电视剧,2025-07-14,中国大陆,2025,剧情/爱情,有评分,5.7,38891,38891,471,71176579,69624829,2421,校长,m71176579,演员,"赵今麦, 张凌赫, 董洁, 保剑锋, 董璇"
27610155,罗蓬,男,26088457,演员,否,999,26088457,他来了，请闭眼,电视剧,2015-10-15,中国大陆,2015,剧情/悬疑,有评分,6.7,74395,74395,706,52176963,55220359,2422,蔡叔,m52176963,演员,"霍建华, 马思纯, 张鲁一, 王凯, 尹正"
27562955,迈克尔·J·吉拉普,男,26088457,演员,否,999,26088457,他来了，请闭眼,电视剧,2015-10-15,中国大陆,2015,剧情/悬疑,有评分,6.7,74395,74395,706,52176963,55125959,2423,,m52176963,演员,"霍建华, 马思纯, 张鲁一, 王凯, 尹正"
30240242,焦祺越,女,26928226,演员,否,999,26928226,知否知否应是绿肥红瘦,电视剧,2018-12-25,中国大陆,2018,剧情/爱情/古装,有评分,8.0,695224,695224,2358,53856501,60480533,2424,大邹氏,m53856501,演员,"赵丽颖, 冯绍峰, 朱一龙, 施诗, 张佳宁"
30240242,焦祺越,女,26430092,演员,否,999,26430092,欢乐颂,电视剧,2016-04-18,中国大陆,2016,剧情/爱情,有评分,7.5,353514,353514,1628,52860233,60480533,2425,林秘书,m52860233,演员,"刘涛, 蒋欣, 王子文, 杨紫, 乔欣"
27573652,佘南南,女,26928226,演员,否,999,26928226,知否知否应是绿肥红瘦,电视剧,2018-12-25,中国大陆,2018,剧情/爱情/古装,有评分,8.0,695224,695224,2358,53856501,55147353,2426,孔嬷嬷,m53856501,演员,"赵丽颖, 冯绍峰, 朱一龙, 施诗, 张佳宁"
27565133,高远,男,30421903,演员,否,999,30421903,淬火年代,电视剧,2025-06-18,中国大陆,2025,剧情,有评分,7.0,21373,21373,387,60843855,55130315,2427,刘副总,m60843855,演员,"张新成, 宋祖儿, 王彦霖, 任程伟, 张月"
35096688,蔡家明,男,35613241,演员,否,999,35613241,县委大院,电视剧,2022-12-07,中国大陆,2022,剧情,有评分,6.8,109693,109693,864,71226531,70193425,2428,小董,m71226531,演员,"胡歌, 吴越, 张新成, 黄磊, 李光洁"
35096688,蔡家明,男,30421903,演员,否,999,30421903,淬火年代,电视剧,2025-06-18,中国大陆,2025,剧情,有评分,7.0,21373,21373,387,60843855,70193425,2429,孙海洋,m60843855,演员,"张新成, 宋祖儿, 王彦霖, 任程伟, 张月"
35096688,蔡家明,男,26671336,演员,否,999,26671336,得闲谨制,电影,2025-12-06,中国大陆,2025,剧情/战争,有评分,6.9,268554,268554,1361,53342721,70193425,2430,渣兵团,m53342721,演员,"肖战, 彭昱畅, 周依然, 杨新鸣, 阿如那"
33433135,赵思玫,女,26779426,演员,是,12,26779426,欢乐颂3,电视剧,2022-08-11,中国大陆,2022,剧情/爱情,有评分,4.9,41716,41716,452,53558901,66866319,2431,,m53558901,演员,"江疏影, 杨采钰, 张佳宁, 张慧雯, 李浩菲"
27565919,杨采钰,女,35321446,演员,是,4,35321446,大江大河之岁月如歌,电视剧,2024-01-08,中国大陆,2024,剧情,有评分,8.0,72953,72953,764,70642941,55131887,2432,梁思申,m70642941,演员,"王凯, 杨烁, 董子健, 杨采钰, 张佳宁"
27565919,杨采钰,女,30423905,演员,是,4,30423905,大江大河2,电视剧,2020-12-20,中国大陆,2020,剧情/历史,有评分,8.7,208072,208072,1345,60847859,55131887,2433,梁思申,m60847859,演员,"王凯, 杨烁, 董子健, 杨采钰, 周放"
27565919,杨采钰,女,30421903,演员,是,16,30421903,淬火年代,电视剧,2025-06-18,中国大陆,2025,剧情,有评分,7.0,21373,21373,387,60843855,55131887,2434,梁思申,m60843855,演员,"张新成, 宋祖儿, 王彦霖, 任程伟, 张月"
27565919,杨采钰,女,26779426,演员,是,2,26779426,欢乐颂3,电视剧,2022-08-11,中国大陆,2022,剧情/爱情,有评分,4.9,41716,41716,452,53558901,55131887,2435,方芷衡,m53558901,演员,"江疏影, 杨采钰, 张佳宁, 张慧雯, 李浩菲"
27563243,李庚希,女,36571896,演员,是,2,36571896,命悬一生,电视剧,2025-10-11,中国大陆,2025,剧情/悬疑,有评分,7.7,85010,85010,809,73143841,55126535,2436,吴细妹,m73143841,演员,"黄轩, 李庚希, 张哲华, 白宇帆, 尹昉"
35492726,黄云云,女,26759908,演员,否,999,26759908,清平乐,电视剧,2020-04-07,中国大陆,2020,剧情/古装,有评分,6.4,173456,173456,1054,53519865,70985501,2437,袁彩绫,m53519865,演员,"王凯, 江疏影, 任敏, 杨玏, 边程"
34958599,郑颖娴,女,26759908,演员,否,999,26759908,清平乐,电视剧,2020-04-07,中国大陆,2020,剧情/古装,有评分,6.4,173456,173456,1054,53519865,69917247,2438,灯坊小女儿,m53519865,演员,"王凯, 江疏影, 任敏, 杨玏, 边程"
35024932,陈冠峄,男,26759908,演员,否,999,26759908,清平乐,电视剧,2020-04-07,中国大陆,2020,剧情/古装,有评分,6.4,173456,173456,1054,53519865,70049913,2439,镣子,m53519865,演员,"王凯, 江疏影, 任敏, 杨玏, 边程"
27562464,白玉,男,36571896,演员,是,23,36571896,命悬一生,电视剧,2025-10-11,中国大陆,2025,剧情/悬疑,有评分,7.7,85010,85010,809,73143841,55124977,2442,包五爷,m73143841,演员,"黄轩, 李庚希, 张哲华, 白宇帆, 尹昉"
27562464,白玉,男,26797690,演员,否,999,26797690,大江大河,电视剧,2018-12-10,中国大陆,2018,剧情,有评分,8.8,260126,260126,1513,53595429,55124977,2443,大叔,m53595429,演员,"王凯, 杨烁, 杨烁, 董子健, 童瑶"
27562464,白玉,男,26683725,演员,是,57,26683725,外科风云,电视剧,2017-04-17,中国大陆,2017,剧情/爱情,有评分,7.3,94754,94754,832,53367499,55124977,2444,梁主任,m53367499,演员,"靳东, 白百何, 李佳航, 马少骅, 蓝盈莹"
27564862,张子墨,女,34792295,演员,是,100,34792295,乔家的儿女,电视剧,2021-08-17,中国大陆,2021,剧情/家庭,有评分,7.7,235622,235622,1347,69584639,55129773,2450,少年戚巧巧,m69584639,演员,"白宇, 宋祖儿, 毛晓彤, 张晚意, 周翊然"
27572937,赵蕴卓,女,26797690,演员,是,22,26797690,大江大河,电视剧,2018-12-10,中国大陆,2018,剧情,有评分,8.8,260126,260126,1513,53595429,55145923,2451,梁思申,m53595429,演员,"王凯, 杨烁, 杨烁, 董子健, 童瑶"
35812563,郑凯榕,女,34792298,演员,是,50,34792298,相逢时节,电视剧,2022-02-23,中国大陆,2022,剧情,有评分,4.9,33169,33169,403,69584645,71625175,2452,青年邹婷婷,m69584645,演员,"雷佳音, 袁泉, 张艺兴, 贾乃亮, 罗海琼"
27614809,袁源,男,26298935,编剧,否,999,26298935,鬼吹灯之精绝古城,电视剧,2016-12-19,中国大陆,2016,剧情/悬疑/惊悚,有评分,7.9,274802,274802,1473,52597919,55229667,2453,,m52597919,编剧,"靳东, 陈乔恩, 赵达, 岳旸, 王永泉"
30157491,王屿,男,34792296,演员,是,71,34792296,欢迎光临,电视剧,2022-05-18,中国大陆,2022,剧情/喜剧/爱情,有评分,6.4,56516,56516,601,69584641,60315031,2454,电影院情侣男,m69584641,演员,"黄轩, 白百何, 朱雨辰, 白宇帆, 丁嘉丽"
27578882,吕昀峰,男,30423905,演员,否,999,30423905,大江大河2,电视剧,2020-12-20,中国大陆,2020,剧情/历史,有评分,8.7,208072,208072,1345,60847859,55157813,2456,杨速,m60847859,演员,"王凯, 杨烁, 董子健, 杨采钰, 周放"
27578882,吕昀峰,男,26797690,演员,是,40,26797690,大江大河,电视剧,2018-12-10,中国大陆,2018,剧情,有评分,8.8,260126,260126,1513,53595429,55157813,2457,杨速,m53595429,演员,"王凯, 杨烁, 杨烁, 董子健, 童瑶"
30243331,林君怡,女,35588265,演员,否,999,35588265,樱桃琥珀,电视剧,2025-07-14,中国大陆,2025,剧情/爱情,有评分,5.7,38891,38891,471,71176579,60486711,2458,耿晓青,m71176579,演员,"赵今麦, 张凌赫, 董洁, 保剑锋, 董璇"
27581541,黄星羱,男,35588265,演员,否,999,35588265,樱桃琥珀,电视剧,2025-07-14,中国大陆,2025,剧情/爱情,有评分,5.7,38891,38891,471,71176579,55163131,2459,齐乐,m71176579,演员,"赵今麦, 张凌赫, 董洁, 保剑锋, 董璇"
27563278,徐晟,男,27088993,演员,否,999,27088993,都挺好,电视剧,2019-03-01,中国大陆,2019,剧情/家庭,有评分,7.7,394106,394106,1742,54178035,55126605,2460,赵鹏,m54178035,演员,"姚晨, 倪大红, 郭京飞, 杨祐宁, 李念"
27563278,徐晟,男,26743573,演员,否,999,26743573,欢乐颂2,电视剧,2017-05-11,中国大陆,2017,剧情/爱情,有评分,5.4,154450,154450,913,53487195,55126605,2461,老刘,m53487195,演员,"刘涛, 蒋欣, 王子文, 杨紫, 乔欣"
27564847,杜和倩,女,30421903,演员,否,999,30421903,淬火年代,电视剧,2025-06-18,中国大陆,2025,剧情,有评分,7.0,21373,21373,387,60843855,55129743,2462,魏姐,m60843855,演员,"张新成, 宋祖儿, 王彦霖, 任程伟, 张月"
27564847,杜和倩,女,27088993,演员,否,999,27088993,都挺好,电视剧,2019-03-01,中国大陆,2019,剧情/家庭,有评分,7.7,394106,394106,1742,54178035,55129743,2463,周经理,m54178035,演员,"姚晨, 倪大红, 郭京飞, 杨祐宁, 李念"
27564847,杜和倩,女,26743573,演员,否,999,26743573,欢乐颂2,电视剧,2017-05-11,中国大陆,2017,剧情/爱情,有评分,5.4,154450,154450,913,53487195,55129743,2464,关雎尔上司,m53487195,演员,"刘涛, 蒋欣, 王子文, 杨紫, 乔欣"
27564847,杜和倩,女,26665065,演员,否,999,26665065,琅琊榜之风起长林,电视剧,2017-12-18,中国大陆,2017,剧情/古装,有评分,8.4,210088,210088,1328,53330179,55129743,2465,荀府嬷嬷,m53330179,演员,"黄晓明, 刘昊然, 佟丽娅, 张慧雯, 梅婷"
34806938,蔡卓音,女,36571896,演员,否,999,36571896,命悬一生,电视剧,2025-10-11,中国大陆,2025,剧情/悬疑,有评分,7.7,85010,85010,809,73143841,69613925,2466,法老王敏姐,m73143841,演员,"黄轩, 李庚希, 张哲华, 白宇帆, 尹昉"
35306105,许家乐,男,26759908,演员,否,999,26759908,清平乐,电视剧,2020-04-07,中国大陆,2020,剧情/古装,有评分,6.4,173456,173456,1054,53519865,70612259,2467,小书童,m53519865,演员,"王凯, 江疏影, 任敏, 杨玏, 边程"
35156331,达来哈里呼,男,26928226,演员,否,999,26928226,知否知否应是绿肥红瘦,电视剧,2018-12-25,中国大陆,2018,剧情/爱情/古装,有评分,8.0,695224,695224,2358,53856501,70312711,2468,,m53856501,演员,"赵丽颖, 冯绍峰, 朱一龙, 施诗, 张佳宁"
35156331,达来哈里呼,男,26759908,演员,否,999,26759908,清平乐,电视剧,2020-04-07,中国大陆,2020,剧情/古装,有评分,6.4,173456,173456,1054,53519865,70312711,2469,,m53519865,演员,"王凯, 江疏影, 任敏, 杨玏, 边程"
35013433,王伟安,男,26759908,演员,否,999,26759908,清平乐,电视剧,2020-04-07,中国大陆,2020,剧情/古装,有评分,6.4,173456,173456,1054,53519865,70026915,2470,杜衍,m53519865,演员,"王凯, 江疏影, 任敏, 杨玏, 边程"
34912094,孙雅丽,女,26759908,演员,否,999,26759908,清平乐,电视剧,2020-04-07,中国大陆,2020,剧情/古装,有评分,6.4,173456,173456,1054,53519865,69824237,2471,顾采儿,m53519865,演员,"王凯, 江疏影, 任敏, 杨玏, 边程"
27587110,王楚然,女,34792298,演员,是,15,34792298,相逢时节,电视剧,2022-02-23,中国大陆,2022,剧情,有评分,4.9,33169,33169,403,69584645,55174269,2472,程可欣,m69584645,演员,"雷佳音, 袁泉, 张艺兴, 贾乃亮, 罗海琼"
27587110,王楚然,女,26759908,演员,是,8,26759908,清平乐,电视剧,2020-04-07,中国大陆,2020,剧情/古装,有评分,6.4,173456,173456,1054,53519865,55174269,2473,张贵妃,m53519865,演员,"王凯, 江疏影, 任敏, 杨玏, 边程"
35122780,范帅琦,女,35332289,演员,是,14,35332289,开端,电视剧,2022-01-11,中国大陆,2022,剧情,有评分,7.9,968506,968506,2766,70664627,70245609,2474,叶倩,m70664627,演员,"白敬亭, 赵今麦, 刘奕君, 刘涛, 黄觉"
35122780,范帅琦,女,35033654,演员,是,48,35033654,山海情,电视剧,2021-01-12,中国大陆,2021,剧情,有评分,9.2,481571,481571,2105,70067357,70245609,2475,许小妍,m70067357,演员,"黄轩, 张嘉益, 闫妮, 黄觉, 姚晨"
30302202,李帅,男,26430092,演员,否,999,26430092,欢乐颂,电视剧,2016-04-18,中国大陆,2016,剧情/爱情,有评分,7.5,353514,353514,1628,52860233,60604453,2476,关大禹,m52860233,演员,"刘涛, 蒋欣, 王子文, 杨紫, 乔欣"
30302202,李帅,男,25754848,演员,是,37,25754848,琅琊榜,电视剧,2015-09-19,中国大陆,2015,剧情/古装,有评分,9.4,919060,919060,2939,51509745,60604453,2477,卫峥,m51509745,演员,"胡歌, 刘涛, 王凯, 陈龙, 黄维德"
37129318,郭博弈,男,36534750,演员,否,999,36534750,小巷人家,电视剧,2024-10-28,中国大陆,2024,剧情/家庭,有评分,8.4,287902,287902,1555,73069549,74258685,2483,少年吴军,m73069549,演员,"闫妮, 李光洁, 郭晓东, 蒋欣, 范丞丞"
36464441,王冰,男,34792296,演员,否,999,34792296,欢迎光临,电视剧,2022-05-18,中国大陆,2022,剧情/喜剧/爱情,有评分,6.4,56516,56516,601,69584641,72928931,2486,门童甲,m69584641,演员,"黄轩, 白百何, 朱雨辰, 白宇帆, 丁嘉丽"
36926962,马晨,女,35321446,演员,否,999,35321446,大江大河之岁月如歌,电视剧,2024-01-08,中国大陆,2024,剧情,有评分,8.0,72953,72953,764,70642941,73853973,2488,,m70642941,演员,"王凯, 杨烁, 董子健, 杨采钰, 张佳宁"
27560424,于白水,男,26671336,演员,否,999,26671336,得闲谨制,电影,2025-12-06,中国大陆,2025,剧情/战争,有评分,6.9,268554,268554,1361,53342721,55120897,2489,渣兵团,m53342721,演员,"肖战, 彭昱畅, 周依然, 杨新鸣, 阿如那"
36151941,李昊洋,男,34792295,演员,是,91,34792295,乔家的儿女,电视剧,2021-08-17,中国大陆,2021,剧情/家庭,有评分,7.7,235622,235622,1347,69584639,72303931,2490,青年智勇,m69584639,演员,"白宇, 宋祖儿, 毛晓彤, 张晚意, 周翊然"
27567488,李文玲,女,36534750,演员,否,999,36534750,小巷人家,电视剧,2024-10-28,中国大陆,2024,剧情/家庭,有评分,8.4,287902,287902,1555,73069549,55135025,2491,张书记妈,m73069549,演员,"闫妮, 李光洁, 郭晓东, 蒋欣, 范丞丞"
36105029,刘同,男,35321446,演员,是,15,35321446,大江大河之岁月如歌,电视剧,2024-01-08,中国大陆,2024,剧情,有评分,8.0,72953,72953,764,70642941,72210107,2492,杜斌,m70642941,演员,"王凯, 杨烁, 董子健, 杨采钰, 张佳宁"
27578866,王小枪,男,35613241,编剧,是,1,35613241,县委大院,电视剧,2022-12-07,中国大陆,2022,剧情,有评分,6.8,109693,109693,864,71226531,55157781,2494,,m71226531,编剧,"胡歌, 吴越, 张新成, 黄磊, 李光洁"
27619711,彭高唱,女,34792296,演员,是,36,34792296,欢迎光临,电视剧,2022-05-18,中国大陆,2022,剧情/喜剧/爱情,有评分,6.4,56516,56516,601,69584641,55239471,2495,小唱,m69584641,演员,"黄轩, 白百何, 朱雨辰, 白宇帆, 丁嘉丽"
35185451,郭沐橙,女,35321446,演员,否,999,35321446,大江大河之岁月如歌,电视剧,2024-01-08,中国大陆,2024,剧情,有评分,8.0,72953,72953,764,70642941,70370951,2500,宋引,m70642941,演员,"王凯, 杨烁, 董子健, 杨采钰, 张佳宁"
35185451,郭沐橙,女,30423905,演员,否,999,30423905,大江大河2,电视剧,2020-12-20,中国大陆,2020,剧情/历史,有评分,8.7,208072,208072,1345,60847859,70370951,2501,宋引（5岁）,m60847859,演员,"王凯, 杨烁, 董子健, 杨采钰, 周放"
35185451,郭沐橙,女,26797690,演员,否,999,26797690,大江大河,电视剧,2018-12-10,中国大陆,2018,剧情,有评分,8.8,260126,260126,1513,53595429,70370951,2502,宋引,m53595429,演员,"王凯, 杨烁, 杨烁, 董子健, 童瑶"
27562579,蔡昌健,男,26430092,演员,否,999,26430092,欢乐颂,电视剧,2016-04-18,中国大陆,2016,剧情/爱情,有评分,7.5,353514,353514,1628,52860233,55125207,2503,资深顾问,m52860233,演员,"刘涛, 蒋欣, 王子文, 杨紫, 乔欣"
35899989,王思尧,男,36534750,演员,否,999,36534750,小巷人家,电视剧,2024-10-28,中国大陆,2024,剧情/家庭,有评分,8.4,287902,287902,1555,73069549,71800027,2504,庄图南(少年,m73069549,演员,"闫妮, 李光洁, 郭晓东, 蒋欣, 范丞丞"
35899989,王思尧,男,35588265,演员,否,999,35588265,樱桃琥珀,电视剧,2025-07-14,中国大陆,2025,剧情/爱情,有评分,5.7,38891,38891,471,71176579,71800027,2505,小方元,m71176579,演员,"赵今麦, 张凌赫, 董洁, 保剑锋, 董璇"
30166609,张恒羽,女,26928226,演员,否,999,26928226,知否知否应是绿肥红瘦,电视剧,2018-12-25,中国大陆,2018,剧情/爱情/古装,有评分,8.0,695224,695224,2358,53856501,60333267,2510,嘉成县主,m53856501,演员,"赵丽颖, 冯绍峰, 朱一龙, 施诗, 张佳宁"
30182873,周铁男,男,35613241,演员,是,15,35613241,县委大院,电视剧,2022-12-07,中国大陆,2022,剧情,有评分,6.8,109693,109693,864,71226531,60365795,2511,肖俊学,m71226531,演员,"胡歌, 吴越, 张新成, 黄磊, 李光洁"
30182873,周铁男,男,30421903,演员,是,20,30421903,淬火年代,电视剧,2025-06-18,中国大陆,2025,剧情,有评分,7.0,21373,21373,387,60843855,60365795,2512,罗庆,m60843855,演员,"张新成, 宋祖儿, 王彦霖, 任程伟, 张月"
35013983,刘奕铁,男,30421903,演员,是,7,30421903,淬火年代,电视剧,2025-06-18,中国大陆,2025,剧情,有评分,7.0,21373,21373,387,60843855,70028015,2513,陆华东,m60843855,演员,"张新成, 宋祖儿, 王彦霖, 任程伟, 张月"
35566910,罗意淳,女,34792298,演员,是,56,34792298,相逢时节,电视剧,2022-02-23,中国大陆,2022,剧情,有评分,4.9,33169,33169,403,69584645,71133869,2514,宝宝,m69584645,演员,"雷佳音, 袁泉, 张艺兴, 贾乃亮, 罗海琼"
35566910,罗意淳,女,26759908,演员,否,999,26759908,清平乐,电视剧,2020-04-07,中国大陆,2020,剧情/古装,有评分,6.4,173456,173456,1054,53519865,71133869,2515,九公主,m53519865,演员,"王凯, 江疏影, 任敏, 杨玏, 边程"
30262317,许占伟,男,25754848,演员,是,95,25754848,琅琊榜,电视剧,2015-09-19,中国大陆,2015,剧情/古装,有评分,9.4,919060,919060,2939,51509745,60524683,2518,老习,m51509745,演员,"胡歌, 刘涛, 王凯, 陈龙, 黄维德"
27567238,刘奕君,男,35332289,演员,是,3,35332289,开端,电视剧,2022-01-11,中国大陆,2022,剧情,有评分,7.9,968506,968506,2766,70664627,55134525,2519,张成,m70664627,演员,"白敬亭, 赵今麦, 刘奕君, 刘涛, 黄觉"
27567238,刘奕君,男,30421903,演员,是,13,30421903,淬火年代,电视剧,2025-06-18,中国大陆,2025,剧情,有评分,7.0,21373,21373,387,60843855,55134525,2520,陆广发,m60843855,演员,"张新成, 宋祖儿, 王彦霖, 任程伟, 张月"
27567238,刘奕君,男,26683725,演员,是,10,26683725,外科风云,电视剧,2017-04-17,中国大陆,2017,剧情/爱情,有评分,7.3,94754,94754,832,53367499,55134525,2521,扬帆,m53367499,演员,"靳东, 白百何, 李佳航, 马少骅, 蓝盈莹"
27567238,刘奕君,男,26088457,演员,是,7,26088457,他来了，请闭眼,电视剧,2015-10-15,中国大陆,2015,剧情/悬疑,有评分,6.7,74395,74395,706,52176963,55134525,2522,裴泽,m52176963,演员,"霍建华, 马思纯, 张鲁一, 王凯, 尹正"
27567238,刘奕君,男,25994712,演员,是,8,25994712,伪装者,电视剧,2015-08-31,中国大陆,2015,剧情/悬疑,有评分,8.6,382758,382758,1814,51989473,55134525,2523,王天风,m51989473,演员,"胡歌, 靳东, 刘敏涛, 王凯, 宋轶"
27567238,刘奕君,男,25870290,演员,是,5,25870290,温州两家人,电视剧,2015-11-26,中国大陆,2015,剧情,有评分,7.8,7118,7118,236,51740629,55134525,2524,石胜人/石胜天,m51740629,演员,"郭涛, 任程伟, 袁咏仪, 陈丽娜, 刘奕君"
27567238,刘奕君,男,25754848,演员,是,17,25754848,琅琊榜,电视剧,2015-09-19,中国大陆,2015,剧情/古装,有评分,9.4,919060,919060,2939,51509745,55134525,2525,谢玉,m51509745,演员,"胡歌, 刘涛, 王凯, 陈龙, 黄维德"
27588225,王瑞子,女,26797690,演员,是,34,26797690,大江大河,电视剧,2018-12-10,中国大陆,2018,剧情,有评分,8.8,260126,260126,1513,53595429,55176499,2531,刘启明,m53595429,演员,"王凯, 杨烁, 杨烁, 董子健, 童瑶"
30161475,范丞丞,男,36534750,演员,是,5,36534750,小巷人家,电视剧,2024-10-28,中国大陆,2024,剧情/家庭,有评分,8.4,287902,287902,1555,73069549,60322999,2532,庄图南,m73069549,演员,"闫妮, 李光洁, 郭晓东, 蒋欣, 范丞丞"
34777798,李殿尊,男,34792298,演员,是,46,34792298,相逢时节,电视剧,2022-02-23,中国大陆,2022,剧情,有评分,4.9,33169,33169,403,69584645,69555645,2533,青年简宏成,m69584645,演员,"雷佳音, 袁泉, 张艺兴, 贾乃亮, 罗海琼"
35614592,张露,女,34792298,演员,是,35,34792298,相逢时节,电视剧,2022-02-23,中国大陆,2022,剧情,有评分,4.9,33169,33169,403,69584645,71229233,2534,,m69584645,演员,"雷佳音, 袁泉, 张艺兴, 贾乃亮, 罗海琼"
34779640,赵亦骥,男,36534750,演员,是,24,36534750,小巷人家,电视剧,2024-10-28,中国大陆,2024,剧情/家庭,有评分,8.4,287902,287902,1555,73069549,69559329,2535,宋向阳,m73069549,演员,"闫妮, 李光洁, 郭晓东, 蒋欣, 范丞丞"
34779640,赵亦骥,男,35321446,演员,否,999,35321446,大江大河之岁月如歌,电视剧,2024-01-08,中国大陆,2024,剧情,有评分,8.0,72953,72953,764,70642941,69559329,2536,万广鑫,m70642941,演员,"王凯, 杨烁, 董子健, 杨采钰, 张佳宁"
34779640,赵亦骥,男,34792296,演员,是,67,34792296,欢迎光临,电视剧,2022-05-18,中国大陆,2022,剧情/喜剧/爱情,有评分,6.4,56516,56516,601,69584641,69559329,2537,后勤员工,m69584641,演员,"黄轩, 白百何, 朱雨辰, 白宇帆, 丁嘉丽"
30470493,潘若瑶,女,26088457,演员,否,999,26088457,他来了，请闭眼,电视剧,2015-10-15,中国大陆,2015,剧情/悬疑,有评分,6.7,74395,74395,706,52176963,60941035,2538,郭晓玲,m52176963,演员,"霍建华, 马思纯, 张鲁一, 王凯, 尹正"
34817044,韦奕波,男,26743573,演员,否,999,26743573,欢乐颂2,电视剧,2017-05-11,中国大陆,2017,剧情/爱情,有评分,5.4,154450,154450,913,53487195,69634137,2539,刘总,m53487195,演员,"刘涛, 蒋欣, 王子文, 杨紫, 乔欣"
27562219,张露,男,26928226,演员,否,999,26928226,知否知否应是绿肥红瘦,电视剧,2018-12-25,中国大陆,2018,剧情/爱情/古装,有评分,8.0,695224,695224,2358,53856501,55124487,2540,文炎敬,m53856501,演员,"赵丽颖, 冯绍峰, 朱一龙, 施诗, 张佳宁"
30364746,毛凡,男,26928226,演员,否,999,26928226,知否知否应是绿肥红瘦,电视剧,2018-12-25,中国大陆,2018,剧情/爱情/古装,有评分,8.0,695224,695224,2358,53856501,60729541,2541,卫姨夫,m53856501,演员,"赵丽颖, 冯绍峰, 朱一龙, 施诗, 张佳宁"
30180413,王艳梅,女,26928226,演员,是,41,26928226,知否知否应是绿肥红瘦,电视剧,2018-12-25,中国大陆,2018,剧情/爱情/古装,有评分,8.0,695224,695224,2358,53856501,60360875,2542,吴氏,m53856501,演员,"赵丽颖, 冯绍峰, 朱一龙, 施诗, 张佳宁"
27568200,刘楚恬,女,26928226,演员,是,34,26928226,知否知否应是绿肥红瘦,电视剧,2018-12-25,中国大陆,2018,剧情/爱情/古装,有评分,8.0,695224,695224,2358,53856501,55136449,2543,小明兰,m53856501,演员,"赵丽颖, 冯绍峰, 朱一龙, 施诗, 张佳宁"
30267775,艾米,女,35033654,演员,是,62,35033654,山海情,电视剧,2021-01-12,中国大陆,2021,剧情,有评分,9.2,481571,481571,2105,70067357,60535599,2544,得福女儿贝贝,m70067357,演员,"黄轩, 张嘉益, 闫妮, 黄觉, 姚晨"
30267775,艾米,女,34792298,演员,是,52,34792298,相逢时节,电视剧,2022-02-23,中国大陆,2022,剧情,有评分,4.9,33169,33169,403,69584645,60535599,2545,少年崔启真,m69584645,演员,"雷佳音, 袁泉, 张艺兴, 贾乃亮, 罗海琼"
30267775,艾米,女,26759908,演员,否,999,26759908,清平乐,电视剧,2020-04-07,中国大陆,2020,剧情/古装,有评分,6.4,173456,173456,1054,53519865,60535599,2546,少年高滔滔,m53519865,演员,"王凯, 江疏影, 任敏, 杨玏, 边程"
34901560,王宏博,男,26759908,演员,否,999,26759908,清平乐,电视剧,2020-04-07,中国大陆,2020,剧情/古装,有评分,6.4,173456,173456,1054,53519865,69803169,2547,李璋,m53519865,演员,"王凯, 江疏影, 任敏, 杨玏, 边程"
30374310,战宇,男,26759908,演员,否,999,26759908,清平乐,电视剧,2020-04-07,中国大陆,2020,剧情/古装,有评分,6.4,173456,173456,1054,53519865,60748669,2548,少年韩琦,m53519865,演员,"王凯, 江疏影, 任敏, 杨玏, 边程"
27562235,刘若谷,男,26759908,演员,否,999,26759908,清平乐,电视剧,2020-04-07,中国大陆,2020,剧情/古装,有评分,6.4,173456,173456,1054,53519865,55124519,2549,童年赵祯,m53519865,演员,"王凯, 江疏影, 任敏, 杨玏, 边程"
27562235,刘若谷,男,26088457,演员,否,999,26088457,他来了，请闭眼,电视剧,2015-10-15,中国大陆,2015,剧情/悬疑,有评分,6.7,74395,74395,706,52176963,55124519,2550,童年薄靳言,m52176963,演员,"霍建华, 马思纯, 张鲁一, 王凯, 尹正"
35186337,张博文,男,34792295,演员,是,63,34792295,乔家的儿女,电视剧,2021-08-17,中国大陆,2021,剧情/家庭,有评分,7.7,235622,235622,1347,69584639,70372723,2555,少年七七,m69584639,演员,"白宇, 宋祖儿, 毛晓彤, 张晚意, 周翊然"
35186337,张博文,男,26683725,演员,否,999,26683725,外科风云,电视剧,2017-04-17,中国大陆,2017,剧情/爱情,有评分,7.3,94754,94754,832,53367499,70372723,2556,,m53367499,演员,"靳东, 白百何, 李佳航, 马少骅, 蓝盈莹"
37899053,林一辉,男,26671336,演员,否,999,26671336,得闲谨制,电影,2025-12-06,中国大陆,2025,剧情/战争,有评分,6.9,268554,268554,1361,53342721,75798155,2557,小福田,m53342721,演员,"肖战, 彭昱畅, 周依然, 杨新鸣, 阿如那"
37225047,张思潼,女,30421903,演员,否,999,30421903,淬火年代,电视剧,2025-06-18,中国大陆,2025,剧情,有评分,7.0,21373,21373,387,60843855,74450143,2558,小桃子,m60843855,演员,"张新成, 宋祖儿, 王彦霖, 任程伟, 张月"
36660930,张卓锴,男,26671336,演员,否,999,26671336,得闲谨制,电影,2025-12-06,中国大陆,2025,剧情/战争,有评分,6.9,268554,268554,1361,53342721,73321909,2559,船上民众,m53342721,演员,"肖战, 彭昱畅, 周依然, 杨新鸣, 阿如那"
37806401,吕翊宁,男,26671336,演员,否,999,26671336,得闲谨制,电影,2025-12-06,中国大陆,2025,剧情/战争,有评分,6.9,268554,268554,1361,53342721,75612851,2560,渣兵团,m53342721,演员,"肖战, 彭昱畅, 周依然, 杨新鸣, 阿如那"
37015021,付博文,男,30423905,演员,否,999,30423905,大江大河2,电视剧,2020-12-20,中国大陆,2020,剧情/历史,有评分,8.7,208072,208072,1345,60847859,74030091,2561,小王,m60847859,演员,"王凯, 杨烁, 董子健, 杨采钰, 周放"
37479811,张天卉,女,36571896,演员,否,999,36571896,命悬一生,电视剧,2025-10-11,中国大陆,2025,剧情/悬疑,有评分,7.7,85010,85010,809,73143841,74959671,2562,芳姐,m73143841,演员,"黄轩, 李庚希, 张哲华, 白宇帆, 尹昉"
30166610,沐岚,女,33442331,演员,是,25,33442331,我是余欢水,电视剧,2020-04-06,中国大陆,2020,剧情,有评分,7.3,324953,324953,1540,66884711,60333269,2573,业主女朋友,m66884711,演员,"郭京飞, 苗苗, 高露, 岳旸, 高叶"
35096835,邵逸凡,女,36534750,演员,否,999,36534750,小巷人家,电视剧,2024-10-28,中国大陆,2024,剧情/家庭,有评分,8.4,287902,287902,1555,73069549,70193719,2574,周老师,m73069549,演员,"闫妮, 李光洁, 郭晓东, 蒋欣, 范丞丞"
35677121,康界江,男,34792298,演员,是,51,34792298,相逢时节,电视剧,2022-02-23,中国大陆,2022,剧情,有评分,4.9,33169,33169,403,69584645,71354291,2575,班主任,m69584645,演员,"雷佳音, 袁泉, 张艺兴, 贾乃亮, 罗海琼"
27574198,郭秋成,男,34792298,演员,是,33,34792298,相逢时节,电视剧,2022-02-23,中国大陆,2022,剧情,有评分,4.9,33169,33169,403,69584645,55148445,2576,牛总,m69584645,演员,"雷佳音, 袁泉, 张艺兴, 贾乃亮, 罗海琼"
27562499,任洛敏,男,35613241,演员,是,44,35613241,县委大院,电视剧,2022-12-07,中国大陆,2022,剧情,有评分,6.8,109693,109693,864,71226531,55125047,2577,艾鲜枝父亲,m71226531,演员,"胡歌, 吴越, 张新成, 黄磊, 李光洁"
27562499,任洛敏,男,30423905,演员,是,49,30423905,大江大河2,电视剧,2020-12-20,中国大陆,2020,剧情/历史,有评分,8.7,208072,208072,1345,60847859,55125047,2578,老专家,m60847859,演员,"王凯, 杨烁, 董子健, 杨采钰, 周放"
27562499,任洛敏,男,27088993,演员,否,999,27088993,都挺好,电视剧,2019-03-01,中国大陆,2019,剧情/家庭,有评分,7.7,394106,394106,1742,54178035,55125047,2579,老毛,m54178035,演员,"姚晨, 倪大红, 郭京飞, 杨祐宁, 李念"
34887896,胡嘉欣,女,35588265,演员,是,11,35588265,樱桃琥珀,电视剧,2025-07-14,中国大陆,2025,剧情/爱情,有评分,5.7,38891,38891,471,71176579,69775841,2580,岑小蔓,m71176579,演员,"赵今麦, 张凌赫, 董洁, 保剑锋, 董璇"
35028518,梁家桐,男,35033654,演员,是,65,35033654,山海情,电视剧,2021-01-12,中国大陆,2021,剧情,有评分,9.2,481571,481571,2105,70067357,70057085,2585,得宝儿子强强,m70067357,演员,"黄轩, 张嘉益, 闫妮, 黄觉, 姚晨"
35028518,梁家桐,男,34792295,演员,是,23,34792295,乔家的儿女,电视剧,2021-08-17,中国大陆,2021,剧情/家庭,有评分,7.7,235622,235622,1347,69584639,70057085,2586,青年二强,m69584639,演员,"白宇, 宋祖儿, 毛晓彤, 张晚意, 周翊然"
35028518,梁家桐,男,26759908,演员,否,999,26759908,清平乐,电视剧,2020-04-07,中国大陆,2020,剧情/古装,有评分,6.4,173456,173456,1054,53519865,70057085,2587,小元生,m53519865,演员,"王凯, 江疏影, 任敏, 杨玏, 边程"
27573279,陈芊桦,女,34792295,演员,是,27,34792295,乔家的儿女,电视剧,2021-08-17,中国大陆,2021,剧情/家庭,有评分,7.7,235622,235622,1347,69584639,55146607,2588,青年三丽,m69584639,演员,"白宇, 宋祖儿, 毛晓彤, 张晚意, 周翊然"
27573279,陈芊桦,女,26759908,演员,否,999,26759908,清平乐,电视剧,2020-04-07,中国大陆,2020,剧情/古装,有评分,6.4,173456,173456,1054,53519865,55146607,2589,小五,m53519865,演员,"王凯, 江疏影, 任敏, 杨玏, 边程"
30155923,丁禹兮,男,26759908,演员,是,44,26759908,清平乐,电视剧,2020-04-07,中国大陆,2020,剧情/古装,有评分,6.4,173456,173456,1054,53519865,60311895,2590,苏轼,m53519865,演员,"王凯, 江疏影, 任敏, 杨玏, 边程"
35732767,刘洪源,男,35332289,导演,是,2,35332289,开端,电视剧,2022-01-11,中国大陆,2022,剧情,有评分,7.9,968506,968506,2766,70664627,71465583,2591,,m70664627,导演/演员,"白敬亭, 赵今麦, 刘奕君, 刘涛, 黄觉"
35732767,刘洪源,男,35321446,导演,是,3,35321446,大江大河之岁月如歌,电视剧,2024-01-08,中国大陆,2024,剧情,有评分,8.0,72953,72953,764,70642941,71465583,2592,,m70642941,导演/演员,"王凯, 杨烁, 董子健, 杨采钰, 张佳宁"
35732767,刘洪源,男,34792296,演员,是,75,34792296,欢迎光临,电视剧,2022-05-18,中国大陆,2022,剧情/喜剧/爱情,有评分,6.4,56516,56516,601,69584641,71465583,2594,香客甲,m69584641,导演/演员,"黄轩, 白百何, 朱雨辰, 白宇帆, 丁嘉丽"
35732767,刘洪源,男,33442331,演员,否,999,33442331,我是余欢水,电视剧,2020-04-06,中国大陆,2020,剧情,有评分,7.3,324953,324953,1540,66884711,71465583,2595,路人,m66884711,导演/演员,"郭京飞, 苗苗, 高露, 岳旸, 高叶"
35732767,刘洪源,男,26665065,演员,否,999,26665065,琅琊榜之风起长林,电视剧,2017-12-18,中国大陆,2017,剧情/古装,有评分,8.4,210088,210088,1328,53330179,71465583,2599,钱参领,m53330179,导演/演员,"黄晓明, 刘昊然, 佟丽娅, 张慧雯, 梅婷"
35732767,刘洪源,男,25754848,演员,是,83,25754848,琅琊榜,电视剧,2015-09-19,中国大陆,2015,剧情/古装,有评分,9.4,919060,919060,2939,51509745,71465583,2602,韩礼,m51509745,导演/演员,"胡歌, 刘涛, 王凯, 陈龙, 黄维德"
36449814,罗栋,男,26665065,演员,否,999,26665065,琅琊榜之风起长林,电视剧,2017-12-18,中国大陆,2017,剧情/古装,有评分,8.4,210088,210088,1328,53330179,72899677,2606,吴副统领,m53330179,演员,"黄晓明, 刘昊然, 佟丽娅, 张慧雯, 梅婷"
30474720,林若惜,女,34792295,演员,是,26,34792295,乔家的儿女,电视剧,2021-08-17,中国大陆,2021,剧情/家庭,有评分,7.7,235622,235622,1347,69584639,60949489,2607,少年三丽,m69584639,演员,"白宇, 宋祖儿, 毛晓彤, 张晚意, 周翊然"
27581547,兰卡初,女,35613241,演员,否,999,35613241,县委大院,电视剧,2022-12-07,中国大陆,2022,剧情,有评分,6.8,109693,109693,864,71226531,55163143,2608,阿支卓玛,m71226531,演员,"胡歌, 吴越, 张新成, 黄磊, 李光洁"
27581547,兰卡初,女,34792295,演员,是,123,34792295,乔家的儿女,电视剧,2021-08-17,中国大陆,2021,剧情/家庭,有评分,7.7,235622,235622,1347,69584639,55163143,2609,招待所女员工,m69584639,演员,"白宇, 宋祖儿, 毛晓彤, 张晚意, 周翊然"
27563491,李靖,男,35613241,演员,否,999,35613241,县委大院,电视剧,2022-12-07,中国大陆,2022,剧情,有评分,6.8,109693,109693,864,71226531,55127031,2610,赵三,m71226531,演员,"胡歌, 吴越, 张新成, 黄磊, 李光洁"
35775828,左晓龙,男,36571896,演员,否,999,36571896,命悬一生,电视剧,2025-10-11,中国大陆,2025,剧情/悬疑,有评分,7.7,85010,85010,809,73143841,71551705,2612,阿成,m73143841,演员,"黄轩, 李庚希, 张哲华, 白宇帆, 尹昉"
27566386,张隽溢,男,36571896,演员,否,999,36571896,命悬一生,电视剧,2025-10-11,中国大陆,2025,剧情/悬疑,有评分,7.7,85010,85010,809,73143841,55132821,2613,张哥,m73143841,演员,"黄轩, 李庚希, 张哲华, 白宇帆, 尹昉"
27566386,张隽溢,男,35613241,演员,否,999,35613241,县委大院,电视剧,2022-12-07,中国大陆,2022,剧情,有评分,6.8,109693,109693,864,71226531,55132821,2614,郝东风,m71226531,演员,"胡歌, 吴越, 张新成, 黄磊, 李光洁"
27566386,张隽溢,男,35321446,演员,是,18,35321446,大江大河之岁月如歌,电视剧,2024-01-08,中国大陆,2024,剧情,有评分,8.0,72953,72953,764,70642941,55132821,2615,李建海,m70642941,演员,"王凯, 杨烁, 董子健, 杨采钰, 张佳宁"
27566386,张隽溢,男,33442331,演员,是,8,33442331,我是余欢水,电视剧,2020-04-06,中国大陆,2020,剧情,有评分,7.3,324953,324953,1540,66884711,55132821,2616,徐二炮,m66884711,演员,"郭京飞, 苗苗, 高露, 岳旸, 高叶"
27566386,张隽溢,男,26665065,演员,否,999,26665065,琅琊榜之风起长林,电视剧,2017-12-18,中国大陆,2017,剧情/古装,有评分,8.4,210088,210088,1328,53330179,55132821,2617,谭恒,m53330179,演员,"黄晓明, 刘昊然, 佟丽娅, 张慧雯, 梅婷"
34851526,洪士雅,女,26759908,演员,否,999,26759908,清平乐,电视剧,2020-04-07,中国大陆,2020,剧情/古装,有评分,6.4,173456,173456,1054,53519865,69703101,2618,董娘子,m53519865,演员,"王凯, 江疏影, 任敏, 杨玏, 边程"
35154362,李华,男,25754848,演员,是,110,25754848,琅琊榜,电视剧,2015-09-19,中国大陆,2015,剧情/古装,有评分,9.4,919060,919060,2939,51509745,70308773,2623,文远伯,m51509745,演员,"胡歌, 刘涛, 王凯, 陈龙, 黄维德"
27565231,钟卫华,男,25754848,演员,是,27,25754848,琅琊榜,电视剧,2015-09-19,中国大陆,2015,剧情/古装,有评分,9.4,919060,919060,2939,51509745,55130511,2624,晏大夫,m51509745,演员,"胡歌, 刘涛, 王凯, 陈龙, 黄维德"
37113281,宋如茵,女,36534750,演员,否,999,36534750,小巷人家,电视剧,2024-10-28,中国大陆,2024,剧情/家庭,有评分,8.4,287902,287902,1555,73069549,74226611,2626,张敏,m73069549,演员,"闫妮, 李光洁, 郭晓东, 蒋欣, 范丞丞"
37113281,宋如茵,女,35588265,演员,否,999,35588265,樱桃琥珀,电视剧,2025-07-14,中国大陆,2025,剧情/爱情,有评分,5.7,38891,38891,471,71176579,74226611,2627,张老师,m71176579,演员,"赵今麦, 张凌赫, 董洁, 保剑锋, 董璇"
37006881,孟可,女,26759908,演员,否,999,26759908,清平乐,电视剧,2020-04-07,中国大陆,2020,剧情/古装,有评分,6.4,173456,173456,1054,53519865,74013811,2629,,m53519865,演员,"王凯, 江疏影, 任敏, 杨玏, 边程"
27564243,李俊霆,男,27088993,演员,是,21,27088993,都挺好,电视剧,2019-03-01,中国大陆,2019,剧情/家庭,有评分,7.7,394106,394106,1742,54178035,55128535,2630,少年苏明成,m54178035,演员,"姚晨, 倪大红, 郭京飞, 杨祐宁, 李念"
36153916,骆磊,男,36534750,演员,否,999,36534750,小巷人家,电视剧,2024-10-28,中国大陆,2024,剧情/家庭,有评分,8.4,287902,287902,1555,73069549,72307881,2631,乘客甲,m73069549,演员,"闫妮, 李光洁, 郭晓东, 蒋欣, 范丞丞"
27569889,曲高位,男,26665065,演员,否,999,26665065,琅琊榜之风起长林,电视剧,2017-12-18,中国大陆,2017,剧情/古装,有评分,8.4,210088,210088,1328,53330179,55139827,2632,渭无忌,m53330179,演员,"黄晓明, 刘昊然, 佟丽娅, 张慧雯, 梅婷"
30480044,冯筱童,男,35613241,演员,是,46,35613241,县委大院,电视剧,2022-12-07,中国大陆,2022,剧情,有评分,6.8,109693,109693,864,71226531,60960137,2635,青年曹立新,m71226531,演员,"胡歌, 吴越, 张新成, 黄磊, 李光洁"
27573783,天下霸唱,男,26298935,编剧,是,2,26298935,鬼吹灯之精绝古城,电视剧,2016-12-19,中国大陆,2016,剧情/悬疑/惊悚,有评分,7.9,274802,274802,1473,52597919,55147615,2636,,m52597919,编剧,"靳东, 陈乔恩, 赵达, 岳旸, 王永泉"
27588712,石蕊,女,36189205,演员,否,999,36189205,凡人歌,电视剧,2024-08-31,中国大陆,2024,剧情/喜剧,有评分,7.7,77700,77700,773,72378459,55177473,2640,霞姐,m72378459,演员,"殷桃, 王骁, 章若楠, 秦俊杰, 张哲华"
27588712,石蕊,女,35613241,演员,否,999,35613241,县委大院,电视剧,2022-12-07,中国大陆,2022,剧情,有评分,6.8,109693,109693,864,71226531,55177473,2641,食堂小杨,m71226531,演员,"胡歌, 吴越, 张新成, 黄磊, 李光洁"
27579364,黄伟,男,30423905,导演,是,2,30423905,大江大河2,电视剧,2020-12-20,中国大陆,2020,剧情/历史,有评分,8.7,208072,208072,1345,60847859,55158777,2642,,m60847859,导演,"王凯, 杨烁, 董子健, 杨采钰, 周放"
27579364,黄伟,男,26797690,导演,是,2,26797690,大江大河,电视剧,2018-12-10,中国大陆,2018,剧情,有评分,8.8,260126,260126,1513,53595429,55158777,2643,,m53595429,导演,"王凯, 杨烁, 杨烁, 董子健, 童瑶"
34954330,生港帅,男,35588265,演员,否,999,35588265,樱桃琥珀,电视剧,2025-07-14,中国大陆,2025,剧情/爱情,有评分,5.7,38891,38891,471,71176579,69908709,2644,施展,m71176579,演员,"赵今麦, 张凌赫, 董洁, 保剑锋, 董璇"
35507452,黄麒麟儿,女,35588265,演员,否,999,35588265,樱桃琥珀,电视剧,2025-07-14,中国大陆,2025,剧情/爱情,有评分,5.7,38891,38891,471,71176579,71014953,2645,中野云,m71176579,演员,"赵今麦, 张凌赫, 董洁, 保剑锋, 董璇"
35900696,易辉,女,26928226,演员,否,999,26928226,知否知否应是绿肥红瘦,电视剧,2018-12-25,中国大陆,2018,剧情/爱情/古装,有评分,8.0,695224,695224,2358,53856501,71801441,2646,,m53856501,演员,"赵丽颖, 冯绍峰, 朱一龙, 施诗, 张佳宁"
27579132,刘衍辰,男,26928226,演员,否,999,26928226,知否知否应是绿肥红瘦,电视剧,2018-12-25,中国大陆,2018,剧情/爱情/古装,有评分,8.0,695224,695224,2358,53856501,55158313,2647,余二郎,m53856501,演员,"赵丽颖, 冯绍峰, 朱一龙, 施诗, 张佳宁"
30441921,刘哲珲,男,26928226,演员,否,999,26928226,知否知否应是绿肥红瘦,电视剧,2018-12-25,中国大陆,2018,剧情/爱情/古装,有评分,8.0,695224,695224,2358,53856501,60883891,2648,顾廷炜,m53856501,演员,"赵丽颖, 冯绍峰, 朱一龙, 施诗, 张佳宁"
27578347,刘启恒,男,26779426,演员,否,999,26779426,欢乐颂3,电视剧,2022-08-11,中国大陆,2022,剧情/爱情,有评分,4.9,41716,41716,452,53558901,55156743,2649,,m53558901,演员,"江疏影, 杨采钰, 张佳宁, 张慧雯, 李浩菲"
35812553,李汶璟,男,34792298,演员,是,42,34792298,相逢时节,电视剧,2022-02-23,中国大陆,2022,剧情,有评分,4.9,33169,33169,403,69584645,71625155,2650,高主任,m69584645,演员,"雷佳音, 袁泉, 张艺兴, 贾乃亮, 罗海琼"
35812553,李汶璟,男,27088993,演员,否,999,27088993,都挺好,电视剧,2019-03-01,中国大陆,2019,剧情/家庭,有评分,7.7,394106,394106,1742,54178035,71625155,2651,链家经纪人A,m54178035,演员,"姚晨, 倪大红, 郭京飞, 杨祐宁, 李念"
35812553,李汶璟,男,26779426,演员,否,999,26779426,欢乐颂3,电视剧,2022-08-11,中国大陆,2022,剧情/爱情,有评分,4.9,41716,41716,452,53558901,71625155,2652,,m53558901,演员,"江疏影, 杨采钰, 张佳宁, 张慧雯, 李浩菲"
34908159,林子琳,女,36571896,演员,否,999,36571896,命悬一生,电视剧,2025-10-11,中国大陆,2025,剧情/悬疑,有评分,7.7,85010,85010,809,73143841,69816367,2653,鹃姐,m73143841,演员,"黄轩, 李庚希, 张哲华, 白宇帆, 尹昉"
35353258,白晶晶,女,35613241,演员,否,999,35613241,县委大院,电视剧,2022-12-07,中国大陆,2022,剧情,有评分,6.8,109693,109693,864,71226531,70706565,2654,真味居经理,m71226531,演员,"胡歌, 吴越, 张新成, 黄磊, 李光洁"
35353258,白晶晶,女,30423905,演员,否,999,30423905,大江大河2,电视剧,2020-12-20,中国大陆,2020,剧情/历史,有评分,8.7,208072,208072,1345,60847859,70706565,2655,陈姐,m60847859,演员,"王凯, 杨烁, 董子健, 杨采钰, 周放"
35353258,白晶晶,女,26759908,演员,否,999,26759908,清平乐,电视剧,2020-04-07,中国大陆,2020,剧情/古装,有评分,6.4,173456,173456,1054,53519865,70706565,2656,贾昌朝妻,m53519865,演员,"王凯, 江疏影, 任敏, 杨玏, 边程"
30312710,冯武生,男,26759908,演员,否,999,26759908,清平乐,电视剧,2020-04-07,中国大陆,2020,剧情/古装,有评分,6.4,173456,173456,1054,53519865,60625469,2657,鲁师道,m53519865,演员,"王凯, 江疏影, 任敏, 杨玏, 边程"
33371769,娃尔,男,26759908,演员,否,999,26759908,清平乐,电视剧,2020-04-07,中国大陆,2020,剧情/古装,有评分,6.4,173456,173456,1054,53519865,66743587,2658,契丹太子,m53519865,演员,"王凯, 江疏影, 任敏, 杨玏, 边程"
27661763,杨烁,男,26797690,演员,是,2,26797690,大江大河,电视剧,2018-12-10,中国大陆,2018,剧情,有评分,8.8,260126,260126,1513,53595429,55323575,2659,邵局长,m53595429,演员,"王凯, 杨烁, 杨烁, 董子健, 童瑶"
27661763,杨烁,男,26759908,演员,是,36,26759908,清平乐,电视剧,2020-04-07,中国大陆,2020,剧情/古装,有评分,6.4,173456,173456,1054,53519865,55323575,2660,石介,m53519865,演员,"王凯, 江疏影, 任敏, 杨玏, 边程"
30302206,张震,男,26797690,演员,否,999,26797690,大江大河,电视剧,2018-12-10,中国大陆,2018,剧情,有评分,8.8,260126,260126,1513,53595429,60604461,2662,高工,m53595429,演员,"王凯, 杨烁, 杨烁, 董子健, 童瑶"
30302206,张震,男,26759908,演员,否,999,26759908,清平乐,电视剧,2020-04-07,中国大陆,2020,剧情/古装,有评分,6.4,173456,173456,1054,53519865,60604461,2663,庞籍,m53519865,演员,"王凯, 江疏影, 任敏, 杨玏, 边程"
30302206,张震,男,25754848,演员,是,49,25754848,琅琊榜,电视剧,2015-09-19,中国大陆,2015,剧情/古装,有评分,9.4,919060,919060,2939,51509745,60604461,2664,灰鹞,m51509745,演员,"胡歌, 刘涛, 王凯, 陈龙, 黄维德"
30480207,许愿,女,26683725,演员,是,68,26683725,外科风云,电视剧,2017-04-17,中国大陆,2017,剧情/爱情,有评分,7.3,94754,94754,832,53367499,60960463,2665,白雪,m53367499,演员,"靳东, 白百何, 李佳航, 马少骅, 蓝盈莹"
27583494,昌隆,男,34792295,演员,是,18,34792295,乔家的儿女,电视剧,2021-08-17,中国大陆,2021,剧情/家庭,有评分,7.7,235622,235622,1347,69584639,55167037,2669,宋清远,m69584639,演员,"白宇, 宋祖儿, 毛晓彤, 张晚意, 周翊然"
36111675,邓莞千,女,36534750,演员,否,999,36534750,小巷人家,电视剧,2024-10-28,中国大陆,2024,剧情/家庭,有评分,8.4,287902,287902,1555,73069549,72223399,2670,王芳,m73069549,演员,"闫妮, 李光洁, 郭晓东, 蒋欣, 范丞丞"
36111675,邓莞千,女,34792295,演员,是,116,34792295,乔家的儿女,电视剧,2021-08-17,中国大陆,2021,剧情/家庭,有评分,7.7,235622,235622,1347,69584639,72223399,2671,数学老师,m69584639,演员,"白宇, 宋祖儿, 毛晓彤, 张晚意, 周翊然"
34865873,朱元浩,男,35321446,演员,否,999,35321446,大江大河之岁月如歌,电视剧,2024-01-08,中国大陆,2024,剧情,有评分,8.0,72953,72953,764,70642941,69731795,2672,刘景和,m70642941,演员,"王凯, 杨烁, 董子健, 杨采钰, 张佳宁"
29636779,张晶晶,男,35613241,演员,否,999,35613241,县委大院,电视剧,2022-12-07,中国大陆,2022,剧情,有评分,6.8,109693,109693,864,71226531,59273607,2673, 中年男村民,m71226531,演员,"胡歌, 吴越, 张新成, 黄磊, 李光洁"
27573705,张艺上,女,26298935,演员,是,12,26298935,鬼吹灯之精绝古城,电视剧,2016-12-19,中国大陆,2016,剧情/悬疑/惊悚,有评分,7.9,274802,274802,1473,52597919,55147459,2674,英子,m52597919,演员,"靳东, 陈乔恩, 赵达, 岳旸, 王永泉"
30406437,王三毛,男,35033654,编剧,是,2,35033654,山海情,电视剧,2021-01-12,中国大陆,2021,剧情,有评分,9.2,481571,481571,2105,70067357,60812923,2675,,m70067357,编剧,"黄轩, 张嘉益, 闫妮, 黄觉, 姚晨"
30406437,王三毛,男,33442331,编剧,是,1,33442331,我是余欢水,电视剧,2020-04-06,中国大陆,2020,剧情,有评分,7.3,324953,324953,1540,66884711,60812923,2676,,m66884711,编剧,"郭京飞, 苗苗, 高露, 岳旸, 高叶"
30406437,王三毛,男,27088993,编剧,是,1,27088993,都挺好,电视剧,2019-03-01,中国大陆,2019,剧情/家庭,有评分,7.7,394106,394106,1742,54178035,60812923,2677,,m54178035,编剧,"姚晨, 倪大红, 郭京飞, 杨祐宁, 李念"
33476213,郑新胜,男,35033654,演员,否,999,35033654,山海情,电视剧,2021-01-12,中国大陆,2021,剧情,有评分,9.2,481571,481571,2105,70067357,66952475,2678,村干部甲,m70067357,演员,"黄轩, 张嘉益, 闫妮, 黄觉, 姚晨"
34967183,韩菲儿,女,30423905,演员,是,50,30423905,大江大河2,电视剧,2020-12-20,中国大陆,2020,剧情/历史,有评分,8.7,208072,208072,1345,60847859,69934415,2679,朱莉香,m60847859,演员,"王凯, 杨烁, 董子健, 杨采钰, 周放"
27562278,万潼,女,26743573,演员,否,999,26743573,欢乐颂2,电视剧,2017-05-11,中国大陆,2017,剧情/爱情,有评分,5.4,154450,154450,913,53487195,55124605,2682,新娘,m53487195,演员,"刘涛, 蒋欣, 王子文, 杨紫, 乔欣"
30421682,何苗,女,35588265,演员,否,999,35588265,樱桃琥珀,电视剧,2025-07-14,中国大陆,2025,剧情/爱情,有评分,5.7,38891,38891,471,71176579,60843413,2683,张萍,m71176579,演员,"赵今麦, 张凌赫, 董洁, 保剑锋, 董璇"
30421682,何苗,女,26928226,演员,否,999,26928226,知否知否应是绿肥红瘦,电视剧,2018-12-25,中国大陆,2018,剧情/爱情/古装,有评分,8.0,695224,695224,2358,53856501,60843413,2684,刘娘子,m53856501,演员,"赵丽颖, 冯绍峰, 朱一龙, 施诗, 张佳宁"
27581065,王艺诺,女,26928226,演员,否,999,26928226,知否知否应是绿肥红瘦,电视剧,2018-12-25,中国大陆,2018,剧情/爱情/古装,有评分,8.0,695224,695224,2358,53856501,55162179,2685,彩环,m53856501,演员,"赵丽颖, 冯绍峰, 朱一龙, 施诗, 张佳宁"
27577524,周逵,男,30421903,演员,否,999,30421903,淬火年代,电视剧,2025-06-18,中国大陆,2025,剧情,有评分,7.0,21373,21373,387,60843855,55155097,2686,老徐,m60843855,演员,"张新成, 宋祖儿, 王彦霖, 任程伟, 张月"
35142609,王籽苏,女,26779426,演员,否,999,26779426,欢乐颂3,电视剧,2022-08-11,中国大陆,2022,剧情/爱情,有评分,4.9,41716,41716,452,53558901,70285267,2687,小洁,m53558901,演员,"江疏影, 杨采钰, 张佳宁, 张慧雯, 李浩菲"
27581381,赵浩闳,男,36571896,演员,是,20,36571896,命悬一生,电视剧,2025-10-11,中国大陆,2025,剧情/悬疑,有评分,7.7,85010,85010,809,73143841,55162811,2688,刘呈安,m73143841,演员,"黄轩, 李庚希, 张哲华, 白宇帆, 尹昉"
27581381,赵浩闳,男,34792295,演员,是,37,34792295,乔家的儿女,电视剧,2021-08-17,中国大陆,2021,剧情/家庭,有评分,7.7,235622,235622,1347,69584639,55162811,2689,麻雀眼,m69584639,演员,"白宇, 宋祖儿, 毛晓彤, 张晚意, 周翊然"
30426384,李至强,男,35613241,演员,否,999,35613241,县委大院,电视剧,2022-12-07,中国大陆,2022,剧情,有评分,6.8,109693,109693,864,71226531,60852817,2690,廖总,m71226531,演员,"胡歌, 吴越, 张新成, 黄磊, 李光洁"
30426384,李至强,男,34792295,演员,是,64,34792295,乔家的儿女,电视剧,2021-08-17,中国大陆,2021,剧情/家庭,有评分,7.7,235622,235622,1347,69584639,60852817,2691,老高,m69584639,演员,"白宇, 宋祖儿, 毛晓彤, 张晚意, 周翊然"
30426384,李至强,男,33442331,演员,是,16,33442331,我是余欢水,电视剧,2020-04-06,中国大陆,2020,剧情,有评分,7.3,324953,324953,1540,66884711,60852817,2692,岳先生,m66884711,演员,"郭京飞, 苗苗, 高露, 岳旸, 高叶"
30426384,李至强,男,27088993,演员,否,999,27088993,都挺好,电视剧,2019-03-01,中国大陆,2019,剧情/家庭,有评分,7.7,394106,394106,1742,54178035,60852817,2693,正诚审计主任,m54178035,演员,"姚晨, 倪大红, 郭京飞, 杨祐宁, 李念"
30426384,李至强,男,26797690,演员,否,999,26797690,大江大河,电视剧,2018-12-10,中国大陆,2018,剧情,有评分,8.8,260126,260126,1513,53595429,60852817,2694,李厂长,m53595429,演员,"王凯, 杨烁, 杨烁, 董子健, 童瑶"
30426384,李至强,男,26759908,演员,否,999,26759908,清平乐,电视剧,2020-04-07,中国大陆,2020,剧情/古装,有评分,6.4,173456,173456,1054,53519865,60852817,2695,程琳,m53519865,演员,"王凯, 江疏影, 任敏, 杨玏, 边程"
35024791,许潇晗,女,34792295,演员,是,44,34792295,乔家的儿女,电视剧,2021-08-17,中国大陆,2021,剧情/家庭,有评分,7.7,235622,235622,1347,69584639,70049631,2696,柳小萌,m69584639,演员,"白宇, 宋祖儿, 毛晓彤, 张晚意, 周翊然"
35024791,许潇晗,女,26759908,演员,是,28,26759908,清平乐,电视剧,2020-04-07,中国大陆,2020,剧情/古装,有评分,6.4,173456,173456,1054,53519865,70049631,2697,许兰苕,m53519865,演员,"王凯, 江疏影, 任敏, 杨玏, 边程"
