,song_id,词,词性,频数,album_order,album_id,album_name,album_type,release_date,song_order,song_name,album_fixed,has_lyric,is_duplicate
0,386925,我,r,18,1,38315,第一张创作专辑,录音室专辑,1999-07-07,1,疯狂世界,第一张创作专辑,1.0,0.0
1,386925,好想,v,18,1,38315,第一张创作专辑,录音室专辑,1999-07-07,1,疯狂世界,第一张创作专辑,1.0,0.0
2,386925,那么,r,12,1,38315,第一张创作专辑,录音室专辑,1999-07-07,1,疯狂世界,第一张创作专辑,1.0,0.0
3,386925,多,m,12,1,38315,第一张创作专辑,录音室专辑,1999-07-07,1,疯狂世界,第一张创作专辑,1.0,0.0
4,386925,的,uj,12,1,38315,第一张创作专辑,录音室专辑,1999-07-07,1,疯狂世界,第一张创作专辑,1.0,0.0
5,386925,这个,r,9,1,38315,第一张创作专辑,录音室专辑,1999-07-07,1,疯狂世界,第一张创作专辑,1.0,0.0
6,386925,飞,v,9,1,38315,第一张创作专辑,录音室专辑,1999-07-07,1,疯狂世界,第一张创作专辑,1.0,0.0
7,386925,逃离,v,8,1,38315,第一张创作专辑,录音室专辑,1999-07-07,1,疯狂世界,第一张创作专辑,1.0,0.0
8,386925,你,r,7,1,38315,第一张创作专辑,录音室专辑,1999-07-07,1,疯狂世界,第一张创作专辑,1.0,0.0
9,386925,了,ul,6,1,38315,第一张创作专辑,录音室专辑,1999-07-07,1,疯狂世界,第一张创作专辑,1.0,0.0
10,386925,是,v,6,1,38315,第一张创作专辑,录音室专辑,1999-07-07,1,疯狂世界,第一张创作专辑,1.0,0.0
11,386925,世界,n,5,1,38315,第一张创作专辑,录音室专辑,1999-07-07,1,疯狂世界,第一张创作专辑,1.0,0.0
12,386925,疯狂世界,nw,4,1,38315,第一张创作专辑,录音室专辑,1999-07-07,1,疯狂世界,第一张创作专辑,1.0,0.0
13,386925,苦,a,4,1,38315,第一张创作专辑,录音室专辑,1999-07-07,1,疯狂世界,第一张创作专辑,1.0,0.0
14,386925,累,v,4,1,38315,第一张创作专辑,录音室专辑,1999-07-07,1,疯狂世界,第一张创作专辑,1.0,0.0
15,386925,莫名,v,4,1,38315,第一张创作专辑,录音室专辑,1999-07-07,1,疯狂世界,第一张创作专辑,1.0,0.0
16,386925,疯狂,a,4,1,38315,第一张创作专辑,录音室专辑,1999-07-07,1,疯狂世界,第一张创作专辑,1.0,0.0
17,386925,如果,c,4,1,38315,第一张创作专辑,录音室专辑,1999-07-07,1,疯狂世界,第一张创作专辑,1.0,0.0
18,386925,发现,v,4,1,38315,第一张创作专辑,录音室专辑,1999-07-07,1,疯狂世界,第一张创作专辑,1.0,0.0
19,386925,也别,d,4,1,38315,第一张创作专辑,录音室专辑,1999-07-07,1,疯狂世界,第一张创作专辑,1.0,0.0
20,386925,将,d,4,1,38315,第一张创作专辑,录音室专辑,1999-07-07,1,疯狂世界,第一张创作专辑,1.0,0.0
21,386925,挽回,v,4,1,38315,第一张创作专辑,录音室专辑,1999-07-07,1,疯狂世界,第一张创作专辑,1.0,0.0
22,386925,泪水,n,3,1,38315,第一张创作专辑,录音室专辑,1999-07-07,1,疯狂世界,第一张创作专辑,1.0,0.0
23,386925,后悔,v,2,1,38315,第一张创作专辑,录音室专辑,1999-07-07,1,疯狂世界,第一张创作专辑,1.0,0.0
24,386925,多么,r,2,1,38315,第一张创作专辑,录音室专辑,1999-07-07,1,疯狂世界,第一张创作专辑,1.0,0.0
25,386925,伤悲,a,2,1,38315,第一张创作专辑,录音室专辑,1999-07-07,1,疯狂世界,第一张创作专辑,1.0,0.0
26,386925,了解,v,2,1,38315,第一张创作专辑,录音室专辑,1999-07-07,1,疯狂世界,第一张创作专辑,1.0,0.0
27,386925,在,p,2,1,38315,第一张创作专辑,录音室专辑,1999-07-07,1,疯狂世界,第一张创作专辑,1.0,0.0
28,386925,用力,n,2,1,38315,第一张创作专辑,录音室专辑,1999-07-07,1,疯狂世界,第一张创作专辑,1.0,0.0
29,386925,如果说,c,1,1,38315,第一张创作专辑,录音室专辑,1999-07-07,1,疯狂世界,第一张创作专辑,1.0,0.0
30,386925,是不是,l,1,1,38315,第一张创作专辑,录音室专辑,1999-07-07,1,疯狂世界,第一张创作专辑,1.0,0.0
31,386925,一切,r,1,1,38315,第一张创作专辑,录音室专辑,1999-07-07,1,疯狂世界,第一张创作专辑,1.0,0.0
32,386925,就,d,1,1,38315,第一张创作专辑,录音室专辑,1999-07-07,1,疯狂世界,第一张创作专辑,1.0,0.0
33,386925,能,v,1,1,38315,第一张创作专辑,录音室专辑,1999-07-07,1,疯狂世界,第一张创作专辑,1.0,0.0
34,386925,倒退,v,1,1,38315,第一张创作专辑,录音室专辑,1999-07-07,1,疯狂世界,第一张创作专辑,1.0,0.0
35,386925,回忆,v,1,1,38315,第一张创作专辑,录音室专辑,1999-07-07,1,疯狂世界,第一张创作专辑,1.0,0.0
36,386925,美,ns,1,1,38315,第一张创作专辑,录音室专辑,1999-07-07,1,疯狂世界,第一张创作专辑,1.0,0.0
37,386925,活着,v,1,1,38315,第一张创作专辑,录音室专辑,1999-07-07,1,疯狂世界,第一张创作专辑,1.0,0.0
38,386925,狼狈,an,1,1,38315,第一张创作专辑,录音室专辑,1999-07-07,1,疯狂世界,第一张创作专辑,1.0,0.0
39,386925,为什么,r,1,1,38315,第一张创作专辑,录音室专辑,1999-07-07,1,疯狂世界,第一张创作专辑,1.0,0.0
40,386925,总要,c,1,1,38315,第一张创作专辑,录音室专辑,1999-07-07,1,疯狂世界,第一张创作专辑,1.0,0.0
41,386925,叫,v,1,1,38315,第一张创作专辑,录音室专辑,1999-07-07,1,疯狂世界,第一张创作专辑,1.0,0.0
42,386925,人,n,1,1,38315,第一张创作专辑,录音室专辑,1999-07-07,1,疯狂世界,第一张创作专辑,1.0,0.0
43,386925,尝,v,1,1,38315,第一张创作专辑,录音室专辑,1999-07-07,1,疯狂世界,第一张创作专辑,1.0,0.0
44,386925,不能,v,1,1,38315,第一张创作专辑,录音室专辑,1999-07-07,1,疯狂世界,第一张创作专辑,1.0,0.0
45,386925,也,d,1,1,38315,第一张创作专辑,录音室专辑,1999-07-07,1,疯狂世界,第一张创作专辑,1.0,0.0
46,386925,不想,v,1,1,38315,第一张创作专辑,录音室专辑,1999-07-07,1,疯狂世界,第一张创作专辑,1.0,0.0
47,386925,想,v,1,1,38315,第一张创作专辑,录音室专辑,1999-07-07,1,疯狂世界,第一张创作专辑,1.0,0.0
48,386925,一整夜,m,1,1,38315,第一张创作专辑,录音室专辑,1999-07-07,1,疯狂世界,第一张创作专辑,1.0,0.0
49,386925,再也,d,1,1,38315,第一张创作专辑,录音室专辑,1999-07-07,1,疯狂世界,第一张创作专辑,1.0,0.0
50,386925,想不起,v,1,1,38315,第一张创作专辑,录音室专辑,1999-07-07,1,疯狂世界,第一张创作专辑,1.0,0.0
51,386925,脸,n,1,1,38315,第一张创作专辑,录音室专辑,1999-07-07,1,疯狂世界,第一张创作专辑,1.0,0.0
52,386925,一种,m,1,1,38315,第一张创作专辑,录音室专辑,1999-07-07,1,疯狂世界,第一张创作专辑,1.0,0.0
53,386925,感觉,n,1,1,38315,第一张创作专辑,录音室专辑,1999-07-07,1,疯狂世界,第一张创作专辑,1.0,0.0
54,386925,写,v,1,1,38315,第一张创作专辑,录音室专辑,1999-07-07,1,疯狂世界,第一张创作专辑,1.0,0.0
55,386925,夏,t,1,1,38315,第一张创作专辑,录音室专辑,1999-07-07,1,疯狂世界,第一张创作专辑,1.0,0.0
56,386925,夜晚,t,1,1,38315,第一张创作专辑,录音室专辑,1999-07-07,1,疯狂世界,第一张创作专辑,1.0,0.0
57,386925,风,n,1,1,38315,第一张创作专辑,录音室专辑,1999-07-07,1,疯狂世界,第一张创作专辑,1.0,0.0
58,386925,里面,f,1,1,38315,第一张创作专辑,录音室专辑,1999-07-07,1,疯狂世界,第一张创作专辑,1.0,0.0
59,386925,青春,n,1,1,38315,第一张创作专辑,录音室专辑,1999-07-07,1,疯狂世界,第一张创作专辑,1.0,0.0
60,386925,挽,v,1,1,38315,第一张创作专辑,录音室专辑,1999-07-07,1,疯狂世界,第一张创作专辑,1.0,0.0
61,386925,不回,v,1,1,38315,第一张创作专辑,录音室专辑,1999-07-07,1,疯狂世界,第一张创作专辑,1.0,0.0
62,386925,水,n,1,1,38315,第一张创作专辑,录音室专辑,1999-07-07,1,疯狂世界,第一张创作专辑,1.0,0.0
63,386925,转眼,v,1,1,38315,第一张创作专辑,录音室专辑,1999-07-07,1,疯狂世界,第一张创作专辑,1.0,0.0
64,386925,消失,v,1,1,38315,第一张创作专辑,录音室专辑,1999-07-07,1,疯狂世界,第一张创作专辑,1.0,0.0
65,386925,指间,n,1,1,38315,第一张创作专辑,录音室专辑,1999-07-07,1,疯狂世界,第一张创作专辑,1.0,0.0
66,386925,浪费,v,1,1,38315,第一张创作专辑,录音室专辑,1999-07-07,1,疯狂世界,第一张创作专辑,1.0,0.0
67,386925,再,d,1,1,38315,第一张创作专辑,录音室专辑,1999-07-07,1,疯狂世界,第一张创作专辑,1.0,0.0
68,386927,我,r,24,1,38315,第一张创作专辑,录音室专辑,1999-07-07,2,拥抱,第一张创作专辑,1.0,0.0
69,386927,的,uj,18,1,38315,第一张创作专辑,录音室专辑,1999-07-07,2,拥抱,第一张创作专辑,1.0,0.0
70,386927,爱,v,10,1,38315,第一张创作专辑,录音室专辑,1999-07-07,2,拥抱,第一张创作专辑,1.0,0.0
71,386927,吻,v,7,1,38315,第一张创作专辑,录音室专辑,1999-07-07,2,拥抱,第一张创作专辑,1.0,0.0
72,386927,那,r,6,1,38315,第一张创作专辑,录音室专辑,1999-07-07,2,拥抱,第一张创作专辑,1.0,0.0
73,386927,抱紧,v,5,1,38315,第一张创作专辑,录音室专辑,1999-07-07,2,拥抱,第一张创作专辑,1.0,0.0
74,386927,太,d,4,1,38315,第一张创作专辑,录音室专辑,1999-07-07,2,拥抱,第一张创作专辑,1.0,0.0
75,386927,你,r,4,1,38315,第一张创作专辑,录音室专辑,1999-07-07,2,拥抱,第一张创作专辑,1.0,0.0
76,386927,别,d,4,1,38315,第一张创作专辑,录音室专辑,1999-07-07,2,拥抱,第一张创作专辑,1.0,0.0
77,386927,走,v,4,1,38315,第一张创作专辑,录音室专辑,1999-07-07,2,拥抱,第一张创作专辑,1.0,0.0
78,386927,自己,r,4,1,38315,第一张创作专辑,录音室专辑,1999-07-07,2,拥抱,第一张创作专辑,1.0,0.0
79,386927,明天,t,3,1,38315,第一张创作专辑,录音室专辑,1999-07-07,2,拥抱,第一张创作专辑,1.0,0.0
80,386927,一个,m,3,1,38315,第一张创作专辑,录音室专辑,1999-07-07,2,拥抱,第一张创作专辑,1.0,0.0
81,386927,人,n,3,1,38315,第一张创作专辑,录音室专辑,1999-07-07,2,拥抱,第一张创作专辑,1.0,0.0
82,386927,将,d,3,1,38315,第一张创作专辑,录音室专辑,1999-07-07,2,拥抱,第一张创作专辑,1.0,0.0
83,386927,手,n,3,1,38315,第一张创作专辑,录音室专辑,1999-07-07,2,拥抱,第一张创作专辑,1.0,0.0
84,386927,紧握,v,3,1,38315,第一张创作专辑,录音室专辑,1999-07-07,2,拥抱,第一张创作专辑,1.0,0.0
85,386927,向,p,2,1,38315,第一张创作专辑,录音室专辑,1999-07-07,2,拥抱,第一张创作专辑,1.0,0.0
86,386927,让,v,2,1,38315,第一张创作专辑,录音室专辑,1999-07-07,2,拥抱,第一张创作专辑,1.0,0.0
87,386927,这,r,2,1,38315,第一张创作专辑,录音室专辑,1999-07-07,2,拥抱,第一张创作专辑,1.0,0.0
88,386927,是,v,2,1,38315,第一张创作专辑,录音室专辑,1999-07-07,2,拥抱,第一张创作专辑,1.0,0.0
89,386927,昨天,t,2,1,38315,第一张创作专辑,录音室专辑,1999-07-07,2,拥抱,第一张创作专辑,1.0,0.0
90,386927,近,a,2,1,38315,第一张创作专辑,录音室专辑,1999-07-07,2,拥抱,第一张创作专辑,1.0,0.0
91,386927,远,a,2,1,38315,第一张创作专辑,录音室专辑,1999-07-07,2,拥抱,第一张创作专辑,1.0,0.0
92,386927,默默,d,2,1,38315,第一张创作专辑,录音室专辑,1999-07-07,2,拥抱,第一张创作专辑,1.0,0.0
93,386927,聆听,v,2,1,38315,第一张创作专辑,录音室专辑,1999-07-07,2,拥抱,第一张创作专辑,1.0,0.0
94,386927,黑夜,n,2,1,38315,第一张创作专辑,录音室专辑,1999-07-07,2,拥抱,第一张创作专辑,1.0,0.0
95,386927,晚风,n,2,1,38315,第一张创作专辑,录音室专辑,1999-07-07,2,拥抱,第一张创作专辑,1.0,0.0
96,386927,尽,v,2,1,38315,第一张创作专辑,录音室专辑,1999-07-07,2,拥抱,第一张创作专辑,1.0,0.0
97,386927,荷花,n,2,1,38315,第一张创作专辑,录音室专辑,1999-07-07,2,拥抱,第一张创作专辑,1.0,0.0
98,386927,叶,nr,2,1,38315,第一张创作专辑,录音室专辑,1999-07-07,2,拥抱,第一张创作专辑,1.0,0.0
99,386927,任,v,2,1,38315,第一张创作专辑,录音室专辑,1999-07-07,2,拥抱,第一张创作专辑,1.0,0.0
100,386927,醉倒在,i,2,1,38315,第一张创作专辑,录音室专辑,1999-07-07,2,拥抱,第一张创作专辑,1.0,0.0
101,386927,池边,s,2,1,38315,第一张创作专辑,录音室专辑,1999-07-07,2,拥抱,第一张创作专辑,1.0,0.0
102,386927,等,u,2,1,38315,第一张创作专辑,录音室专辑,1999-07-07,2,拥抱,第一张创作专辑,1.0,0.0
103,386927,清楚,a,2,1,38315,第一张创作专辑,录音室专辑,1999-07-07,2,拥抱,第一张创作专辑,1.0,0.0
104,386927,看见,v,2,1,38315,第一张创作专辑,录音室专辑,1999-07-07,2,拥抱,第一张创作专辑,1.0,0.0
105,386927,美,ns,2,1,38315,第一张创作专辑,录音室专辑,1999-07-07,2,拥抱,第一张创作专辑,1.0,0.0
106,386927,月光,n,2,1,38315,第一张创作专辑,录音室专辑,1999-07-07,2,拥抱,第一张创作专辑,1.0,0.0
107,386927,晒干,n,2,1,38315,第一张创作专辑,录音室专辑,1999-07-07,2,拥抱,第一张创作专辑,1.0,0.0
108,386927,眼泪,n,2,1,38315,第一张创作专辑,录音室专辑,1999-07-07,2,拥抱,第一张创作专辑,1.0,0.0
109,386927,就算,v,2,1,38315,第一张创作专辑,录音室专辑,1999-07-07,2,拥抱,第一张创作专辑,1.0,0.0
110,386927,脱,v,1,1,38315,第一张创作专辑,录音室专辑,1999-07-07,2,拥抱,第一张创作专辑,1.0,0.0
111,386927,下长,v,1,1,38315,第一张创作专辑,录音室专辑,1999-07-07,2,拥抱,第一张创作专辑,1.0,0.0
112,386927,日,m,1,1,38315,第一张创作专辑,录音室专辑,1999-07-07,2,拥抱,第一张创作专辑,1.0,0.0
113,386927,假面,c,1,1,38315,第一张创作专辑,录音室专辑,1999-07-07,2,拥抱,第一张创作专辑,1.0,0.0
114,386927,奔,zg,1,1,38315,第一张创作专辑,录音室专辑,1999-07-07,2,拥抱,第一张创作专辑,1.0,0.0
115,386927,梦幻,n,1,1,38315,第一张创作专辑,录音室专辑,1999-07-07,2,拥抱,第一张创作专辑,1.0,0.0
116,386927,疆界,n,1,1,38315,第一张创作专辑,录音室专辑,1999-07-07,2,拥抱,第一张创作专辑,1.0,0.0
117,386927,南瓜,ns,1,1,38315,第一张创作专辑,录音室专辑,1999-07-07,2,拥抱,第一张创作专辑,1.0,0.0
118,386927,马车,n,1,1,38315,第一张创作专辑,录音室专辑,1999-07-07,2,拥抱,第一张创作专辑,1.0,0.0
119,386927,午夜,t,1,1,38315,第一张创作专辑,录音室专辑,1999-07-07,2,拥抱,第一张创作专辑,1.0,0.0
120,386927,换上,v,1,1,38315,第一张创作专辑,录音室专辑,1999-07-07,2,拥抱,第一张创作专辑,1.0,0.0
121,386927,童话,n,1,1,38315,第一张创作专辑,录音室专辑,1999-07-07,2,拥抱,第一张创作专辑,1.0,0.0
122,386927,玻璃,n,1,1,38315,第一张创作专辑,录音室专辑,1999-07-07,2,拥抱,第一张创作专辑,1.0,0.0
123,386927,鞋,n,1,1,38315,第一张创作专辑,录音室专辑,1999-07-07,2,拥抱,第一张创作专辑,1.0,0.0
124,386927,享受,v,1,1,38315,第一张创作专辑,录音室专辑,1999-07-07,2,拥抱,第一张创作专辑,1.0,0.0
125,386927,感觉,n,1,1,38315,第一张创作专辑,录音室专辑,1999-07-07,2,拥抱,第一张创作专辑,1.0,0.0
126,386927,孤傲,a,1,1,38315,第一张创作专辑,录音室专辑,1999-07-07,2,拥抱,第一张创作专辑,1.0,0.0
127,386927,蔷薇,n,1,1,38315,第一张创作专辑,录音室专辑,1999-07-07,2,拥抱,第一张创作专辑,1.0,0.0
128,386927,品尝,v,1,1,38315,第一张创作专辑,录音室专辑,1999-07-07,2,拥抱,第一张创作专辑,1.0,0.0
129,386927,滋味,n,1,1,38315,第一张创作专辑,录音室专辑,1999-07-07,2,拥抱,第一张创作专辑,1.0,0.0
130,386927,纷乱,d,1,1,38315,第一张创作专辑,录音室专辑,1999-07-07,2,拥抱,第一张创作专辑,1.0,0.0
131,386927,世界,n,1,1,38315,第一张创作专辑,录音室专辑,1999-07-07,2,拥抱,第一张创作专辑,1.0,0.0
132,386927,不,a,1,1,38315,第一张创作专辑,录音室专辑,1999-07-07,2,拥抱,第一张创作专辑,1.0,0.0
133,386927,了解,v,1,1,38315,第一张创作专辑,录音室专辑,1999-07-07,2,拥抱,第一张创作专辑,1.0,0.0
134,386927,隐藏,v,1,1,38315,第一张创作专辑,录音室专辑,1999-07-07,2,拥抱,第一张创作专辑,1.0,0.0
135,386927,疲倦,a,1,1,38315,第一张创作专辑,录音室专辑,1999-07-07,2,拥抱,第一张创作专辑,1.0,0.0
136,386927,表达,v,1,1,38315,第一张创作专辑,录音室专辑,1999-07-07,2,拥抱,第一张创作专辑,1.0,0.0
137,386927,狼狈,an,1,1,38315,第一张创作专辑,录音室专辑,1999-07-07,2,拥抱,第一张创作专辑,1.0,0.0
138,386927,放纵,v,1,1,38315,第一张创作专辑,录音室专辑,1999-07-07,2,拥抱,第一张创作专辑,1.0,0.0
139,386927,狂野,n,1,1,38315,第一张创作专辑,录音室专辑,1999-07-07,2,拥抱,第一张创作专辑,1.0,0.0
140,386927,找寻,v,1,1,38315,第一张创作专辑,录音室专辑,1999-07-07,2,拥抱,第一张创作专辑,1.0,0.0
141,386927,要求,v,1,1,38315,第一张创作专辑,录音室专辑,1999-07-07,2,拥抱,第一张创作专辑,1.0,0.0
142,386927,誓言,n,1,1,38315,第一张创作专辑,录音室专辑,1999-07-07,2,拥抱,第一张创作专辑,1.0,0.0
143,386927,谎言,n,1,1,38315,第一张创作专辑,录音室专辑,1999-07-07,2,拥抱,第一张创作专辑,1.0,0.0
144,386927,需要,v,1,1,38315,第一张创作专辑,录音室专辑,1999-07-07,2,拥抱,第一张创作专辑,1.0,0.0
145,386927,慰藉,v,1,1,38315,第一张创作专辑,录音室专辑,1999-07-07,2,拥抱,第一张创作专辑,1.0,0.0
146,386927,已,d,1,1,38315,第一张创作专辑,录音室专辑,1999-07-07,2,拥抱,第一张创作专辑,1.0,0.0
147,386927,如,v,1,1,38315,第一张创作专辑,录音室专辑,1999-07-07,2,拥抱,第一张创作专辑,1.0,0.0
148,386927,潮水,n,1,1,38315,第一张创作专辑,录音室专辑,1999-07-07,2,拥抱,第一张创作专辑,1.0,0.0
149,386929,你,r,19,1,38315,第一张创作专辑,录音室专辑,1999-07-07,3,透露,第一张创作专辑,1.0,0.0
150,386929,的,uj,17,1,38315,第一张创作专辑,录音室专辑,1999-07-07,3,透露,第一张创作专辑,1.0,0.0
151,386929,我,r,10,1,38315,第一张创作专辑,录音室专辑,1999-07-07,3,透露,第一张创作专辑,1.0,0.0
152,386929,在,p,7,1,38315,第一张创作专辑,录音室专辑,1999-07-07,3,透露,第一张创作专辑,1.0,0.0
153,386929,和,c,7,1,38315,第一张创作专辑,录音室专辑,1999-07-07,3,透露,第一张创作专辑,1.0,0.0
154,386929,透露,v,5,1,38315,第一张创作专辑,录音室专辑,1999-07-07,3,透露,第一张创作专辑,1.0,0.0
155,386929,是,v,4,1,38315,第一张创作专辑,录音室专辑,1999-07-07,3,透露,第一张创作专辑,1.0,0.0
156,386929,深处,s,4,1,38315,第一张创作专辑,录音室专辑,1999-07-07,3,透露,第一张创作专辑,1.0,0.0
157,386929,向,p,4,1,38315,第一张创作专辑,录音室专辑,1999-07-07,3,透露,第一张创作专辑,1.0,0.0
158,386929,最,d,4,1,38315,第一张创作专辑,录音室专辑,1999-07-07,3,透露,第一张创作专辑,1.0,0.0
159,386929,我心,n,3,1,38315,第一张创作专辑,录音室专辑,1999-07-07,3,透露,第一张创作专辑,1.0,0.0
160,386929,不再,d,3,1,38315,第一张创作专辑,录音室专辑,1999-07-07,3,透露,第一张创作专辑,1.0,0.0
161,386929,这,r,3,1,38315,第一张创作专辑,录音室专辑,1999-07-07,3,透露,第一张创作专辑,1.0,0.0
162,386929,全,n,3,1,38315,第一张创作专辑,录音室专辑,1999-07-07,3,透露,第一张创作专辑,1.0,0.0
163,386929,天下,s,3,1,38315,第一张创作专辑,录音室专辑,1999-07-07,3,透露,第一张创作专辑,1.0,0.0
164,386929,完美,a,3,1,38315,第一张创作专辑,录音室专辑,1999-07-07,3,透露,第一张创作专辑,1.0,0.0
165,386929,阵容,n,3,1,38315,第一张创作专辑,录音室专辑,1999-07-07,3,透露,第一张创作专辑,1.0,0.0
166,386929,狂飙,n,3,1,38315,第一张创作专辑,录音室专辑,1999-07-07,3,透露,第一张创作专辑,1.0,0.0
167,386929,爱意,n,3,1,38315,第一张创作专辑,录音室专辑,1999-07-07,3,透露,第一张创作专辑,1.0,0.0
168,386929,突然,ad,3,1,38315,第一张创作专辑,录音室专辑,1999-07-07,3,透露,第一张创作专辑,1.0,0.0
169,386929,变得,v,3,1,38315,第一张创作专辑,录音室专辑,1999-07-07,3,透露,第一张创作专辑,1.0,0.0
170,386929,好,a,3,1,38315,第一张创作专辑,录音室专辑,1999-07-07,3,透露,第一张创作专辑,1.0,0.0
171,386929,猛,d,3,1,38315,第一张创作专辑,录音室专辑,1999-07-07,3,透露,第一张创作专辑,1.0,0.0
172,386929,此刻,r,3,1,38315,第一张创作专辑,录音室专辑,1999-07-07,3,透露,第一张创作专辑,1.0,0.0
173,386929,完全,ad,3,1,38315,第一张创作专辑,录音室专辑,1999-07-07,3,透露,第一张创作专辑,1.0,0.0
174,386929,被,p,2,1,38315,第一张创作专辑,录音室专辑,1999-07-07,3,透露,第一张创作专辑,1.0,0.0
175,386929,沉默,a,2,1,38315,第一张创作专辑,录音室专辑,1999-07-07,3,透露,第一张创作专辑,1.0,0.0
176,386929,不知不觉,i,1,1,38315,第一张创作专辑,录音室专辑,1999-07-07,3,透露,第一张创作专辑,1.0,0.0
177,386929,不经意,l,1,1,38315,第一张创作专辑,录音室专辑,1999-07-07,3,透露,第一张创作专辑,1.0,0.0
178,386929,占有,v,1,1,38315,第一张创作专辑,录音室专辑,1999-07-07,3,透露,第一张创作专辑,1.0,0.0
179,386929,那,r,1,1,38315,第一张创作专辑,录音室专辑,1999-07-07,3,透露,第一张创作专辑,1.0,0.0
180,386929,心里,s,1,1,38315,第一张创作专辑,录音室专辑,1999-07-07,3,透露,第一张创作专辑,1.0,0.0
181,386929,爱,v,1,1,38315,第一张创作专辑,录音室专辑,1999-07-07,3,透露,第一张创作专辑,1.0,0.0
182,386929,初衷,d,1,1,38315,第一张创作专辑,录音室专辑,1999-07-07,3,透露,第一张创作专辑,1.0,0.0
183,386929,无处,d,1,1,38315,第一张创作专辑,录音室专辑,1999-07-07,3,透露,第一张创作专辑,1.0,0.0
184,386929,可,v,1,1,38315,第一张创作专辑,录音室专辑,1999-07-07,3,透露,第一张创作专辑,1.0,0.0
185,386929,躲,v,1,1,38315,第一张创作专辑,录音室专辑,1999-07-07,3,透露,第一张创作专辑,1.0,0.0
186,386929,而,c,1,1,38315,第一张创作专辑,录音室专辑,1999-07-07,3,透露,第一张创作专辑,1.0,0.0
187,386929,全世界,n,1,1,38315,第一张创作专辑,录音室专辑,1999-07-07,3,透露,第一张创作专辑,1.0,0.0
188,386929,寂寞,a,1,1,38315,第一张创作专辑,录音室专辑,1999-07-07,3,透露,第一张创作专辑,1.0,0.0
189,386929,即将,d,1,1,38315,第一张创作专辑,录音室专辑,1999-07-07,3,透露,第一张创作专辑,1.0,0.0
190,386929,摆脱,v,1,1,38315,第一张创作专辑,录音室专辑,1999-07-07,3,透露,第一张创作专辑,1.0,0.0
191,386929,梦,n,1,1,38315,第一张创作专辑,录音室专辑,1999-07-07,3,透露,第一张创作专辑,1.0,0.0
192,386929,不到,v,1,1,38315,第一张创作专辑,录音室专辑,1999-07-07,3,透露,第一张创作专辑,1.0,0.0
193,386929,昨日,t,1,1,38315,第一张创作专辑,录音室专辑,1999-07-07,3,透露,第一张创作专辑,1.0,0.0
194,386929,恶梦,n,1,1,38315,第一张创作专辑,录音室专辑,1999-07-07,3,透露,第一张创作专辑,1.0,0.0
195,386929,扰攘,v,1,1,38315,第一张创作专辑,录音室专辑,1999-07-07,3,透露,第一张创作专辑,1.0,0.0
196,386929,眼睛,n,1,1,38315,第一张创作专辑,录音室专辑,1999-07-07,3,透露,第一张创作专辑,1.0,0.0
197,386929,双颊,n,1,1,38315,第一张创作专辑,录音室专辑,1999-07-07,3,透露,第一张创作专辑,1.0,0.0
198,386929,笑容,n,1,1,38315,第一张创作专辑,录音室专辑,1999-07-07,3,透露,第一张创作专辑,1.0,0.0
199,386929,秘密,n,1,1,38315,第一张创作专辑,录音室专辑,1999-07-07,3,透露,第一张创作专辑,1.0,0.0
200,386929,星座,n,1,1,38315,第一张创作专辑,录音室专辑,1999-07-07,3,透露,第一张创作专辑,1.0,0.0
201,386929,建造,v,1,1,38315,第一张创作专辑,录音室专辑,1999-07-07,3,透露,第一张创作专辑,1.0,0.0
202,386929,一个,m,1,1,38315,第一张创作专辑,录音室专辑,1999-07-07,3,透露,第一张创作专辑,1.0,0.0
203,386929,王国,ns,1,1,38315,第一张创作专辑,录音室专辑,1999-07-07,3,透露,第一张创作专辑,1.0,0.0
204,386929,到底,d,1,1,38315,第一张创作专辑,录音室专辑,1999-07-07,3,透露,第一张创作专辑,1.0,0.0
205,386929,有,v,1,1,38315,第一张创作专辑,录音室专辑,1999-07-07,3,透露,第一张创作专辑,1.0,0.0
206,386929,或,c,1,1,38315,第一张创作专辑,录音室专辑,1999-07-07,3,透露,第一张创作专辑,1.0,0.0
207,386929,没有,v,1,1,38315,第一张创作专辑,录音室专辑,1999-07-07,3,透露,第一张创作专辑,1.0,0.0
208,386929,发现,v,1,1,38315,第一张创作专辑,录音室专辑,1999-07-07,3,透露,第一张创作专辑,1.0,0.0
209,386929,不同,a,1,1,38315,第一张创作专辑,录音室专辑,1999-07-07,3,透露,第一张创作专辑,1.0,0.0
210,386929,看着,v,1,1,38315,第一张创作专辑,录音室专辑,1999-07-07,3,透露,第一张创作专辑,1.0,0.0
211,386929,真实,d,1,1,38315,第一张创作专辑,录音室专辑,1999-07-07,3,透露,第一张创作专辑,1.0,0.0
212,386929,赤裸,z,1,1,38315,第一张创作专辑,录音室专辑,1999-07-07,3,透露,第一张创作专辑,1.0,0.0
213,386929,心,s,1,1,38315,第一张创作专辑,录音室专辑,1999-07-07,3,透露,第一张创作专辑,1.0,0.0
214,386929,可否,v,1,1,38315,第一张创作专辑,录音室专辑,1999-07-07,3,透露,第一张创作专辑,1.0,0.0
215,386929,接受,v,1,1,38315,第一张创作专辑,录音室专辑,1999-07-07,3,透露,第一张创作专辑,1.0,0.0
216,386929,退缩,v,1,1,38315,第一张创作专辑,录音室专辑,1999-07-07,3,透露,第一张创作专辑,1.0,0.0
217,386929,保留,v,1,1,38315,第一张创作专辑,录音室专辑,1999-07-07,3,透露,第一张创作专辑,1.0,0.0
218,386929,DaDaDaDaDaDaDa,eng,1,1,38315,第一张创作专辑,录音室专辑,1999-07-07,3,透露,第一张创作专辑,1.0,0.0
219,386930,的,uj,21,1,38315,第一张创作专辑,录音室专辑,1999-07-07,4,生活,第一张创作专辑,1.0,0.0
220,386930,在,p,9,1,38315,第一张创作专辑,录音室专辑,1999-07-07,4,生活,第一张创作专辑,1.0,0.0
221,386930,活,n,6,1,38315,第一张创作专辑,录音室专辑,1999-07-07,4,生活,第一张创作专辑,1.0,0.0
222,386930,我,r,6,1,38315,第一张创作专辑,录音室专辑,1999-07-07,4,生活,第一张创作专辑,1.0,0.0
223,386930,每个,r,5,1,38315,第一张创作专辑,录音室专辑,1999-07-07,4,生活,第一张创作专辑,1.0,0.0
224,386930,眼泪,n,4,1,38315,第一张创作专辑,录音室专辑,1999-07-07,4,生活,第一张创作专辑,1.0,0.0
225,386930,美好,a,4,1,38315,第一张创作专辑,录音室专辑,1999-07-07,4,生活,第一张创作专辑,1.0,0.0
226,386930,改变,v,4,1,38315,第一张创作专辑,录音室专辑,1999-07-07,4,生活,第一张创作专辑,1.0,0.0
227,386930,生活,vn,4,1,38315,第一张创作专辑,录音室专辑,1999-07-07,4,生活,第一张创作专辑,1.0,0.0
228,386930,是,v,3,1,38315,第一张创作专辑,录音室专辑,1999-07-07,4,生活,第一张创作专辑,1.0,0.0
229,386930,Everyday,eng,3,1,38315,第一张创作专辑,录音室专辑,1999-07-07,4,生活,第一张创作专辑,1.0,0.0
230,386930,疯狂世界,nw,3,1,38315,第一张创作专辑,录音室专辑,1999-07-07,4,生活,第一张创作专辑,1.0,0.0
231,386930,明天,t,3,1,38315,第一张创作专辑,录音室专辑,1999-07-07,4,生活,第一张创作专辑,1.0,0.0
232,386930,重重,a,3,1,38315,第一张创作专辑,录音室专辑,1999-07-07,4,生活,第一张创作专辑,1.0,0.0
233,386930,考验,vn,3,1,38315,第一张创作专辑,录音室专辑,1999-07-07,4,生活,第一张创作专辑,1.0,0.0
234,386930,来到,v,3,1,38315,第一张创作专辑,录音室专辑,1999-07-07,4,生活,第一张创作专辑,1.0,0.0
235,386930,今天,t,3,1,38315,第一张创作专辑,录音室专辑,1999-07-07,4,生活,第一张创作专辑,1.0,0.0
236,386930,不知不觉,i,3,1,38315,第一张创作专辑,录音室专辑,1999-07-07,4,生活,第一张创作专辑,1.0,0.0
237,386930,远离,v,3,1,38315,第一张创作专辑,录音室专辑,1999-07-07,4,生活,第一张创作专辑,1.0,0.0
238,386930,昨天,t,3,1,38315,第一张创作专辑,录音室专辑,1999-07-07,4,生活,第一张创作专辑,1.0,0.0
239,386930,那些,r,3,1,38315,第一张创作专辑,录音室专辑,1999-07-07,4,生活,第一张创作专辑,1.0,0.0
240,386930,笑,v,3,1,38315,第一张创作专辑,录音室专辑,1999-07-07,4,生活,第一张创作专辑,1.0,0.0
241,386930,和,c,3,1,38315,第一张创作专辑,录音室专辑,1999-07-07,4,生活,第一张创作专辑,1.0,0.0
242,386930,没有,v,3,1,38315,第一张创作专辑,录音室专辑,1999-07-07,4,生活,第一张创作专辑,1.0,0.0
243,386930,时间,n,3,1,38315,第一张创作专辑,录音室专辑,1999-07-07,4,生活,第一张创作专辑,1.0,0.0
244,386930,说,v,3,1,38315,第一张创作专辑,录音室专辑,1999-07-07,4,生活,第一张创作专辑,1.0,0.0
245,386930,再见,v,3,1,38315,第一张创作专辑,录音室专辑,1999-07-07,4,生活,第一张创作专辑,1.0,0.0
246,386930,终于,d,3,1,38315,第一张创作专辑,录音室专辑,1999-07-07,4,生活,第一张创作专辑,1.0,0.0
247,386930,了解,v,3,1,38315,第一张创作专辑,录音室专辑,1999-07-07,4,生活,第一张创作专辑,1.0,0.0
248,386930,这,r,3,1,38315,第一张创作专辑,录音室专辑,1999-07-07,4,生活,第一张创作专辑,1.0,0.0
249,386930,就是,d,3,1,38315,第一张创作专辑,录音室专辑,1999-07-07,4,生活,第一张创作专辑,1.0,0.0
250,386930,滋味,n,3,1,38315,第一张创作专辑,录音室专辑,1999-07-07,4,生活,第一张创作专辑,1.0,0.0
251,386930,眼前,t,2,1,38315,第一张创作专辑,录音室专辑,1999-07-07,4,生活,第一张创作专辑,1.0,0.0
252,386930,又,d,2,1,38315,第一张创作专辑,录音室专辑,1999-07-07,4,生活,第一张创作专辑,1.0,0.0
253,386930,有,v,2,1,38315,第一张创作专辑,录音室专辑,1999-07-07,4,生活,第一张创作专辑,1.0,0.0
254,386930,game,eng,2,1,38315,第一张创作专辑,录音室专辑,1999-07-07,4,生活,第一张创作专辑,1.0,0.0
255,386930,喜怒哀乐,i,2,1,38315,第一张创作专辑,录音室专辑,1999-07-07,4,生活,第一张创作专辑,1.0,0.0
256,386930,苦辣酸甜,l,2,1,38315,第一张创作专辑,录音室专辑,1999-07-07,4,生活,第一张创作专辑,1.0,0.0
257,386930,太,d,2,1,38315,第一张创作专辑,录音室专辑,1999-07-07,4,生活,第一张创作专辑,1.0,0.0
258,386930,分不清,l,2,1,38315,第一张创作专辑,录音室专辑,1999-07-07,4,生活,第一张创作专辑,1.0,0.0
259,386930,有场,n,1,1,38315,第一张创作专辑,录音室专辑,1999-07-07,4,生活,第一张创作专辑,1.0,0.0
260,386930,战争,n,1,1,38315,第一张创作专辑,录音室专辑,1999-07-07,4,生活,第一张创作专辑,1.0,0.0
261,386930,就,d,1,1,38315,第一张创作专辑,录音室专辑,1999-07-07,4,生活,第一张创作专辑,1.0,0.0
262,386930,斗志,n,1,1,38315,第一张创作专辑,录音室专辑,1999-07-07,4,生活,第一张创作专辑,1.0,0.0
263,386930,斗不过,v,1,1,38315,第一张创作专辑,录音室专辑,1999-07-07,4,生活,第一张创作专辑,1.0,0.0
264,386930,温暖,an,1,1,38315,第一张创作专辑,录音室专辑,1999-07-07,4,生活,第一张创作专辑,1.0,0.0
265,386930,棉被,n,1,1,38315,第一张创作专辑,录音室专辑,1999-07-07,4,生活,第一张创作专辑,1.0,0.0
266,386930,水龙头,n,1,1,38315,第一张创作专辑,录音室专辑,1999-07-07,4,生活,第一张创作专辑,1.0,0.0
267,386930,里,f,1,1,38315,第一张创作专辑,录音室专辑,1999-07-07,4,生活,第一张创作专辑,1.0,0.0
268,386930,流出,v,1,1,38315,第一张创作专辑,录音室专辑,1999-07-07,4,生活,第一张创作专辑,1.0,0.0
269,386930,残酷,a,1,1,38315,第一张创作专辑,录音室专辑,1999-07-07,4,生活,第一张创作专辑,1.0,0.0
270,386930,一天,m,1,1,38315,第一张创作专辑,录音室专辑,1999-07-07,4,生活,第一张创作专辑,1.0,0.0
271,386930,一千件,m,1,1,38315,第一张创作专辑,录音室专辑,1999-07-07,4,生活,第一张创作专辑,1.0,0.0
272,386930,事,n,1,1,38315,第一张创作专辑,录音室专辑,1999-07-07,4,生活,第一张创作专辑,1.0,0.0
273,386930,正,d,1,1,38315,第一张创作专辑,录音室专辑,1999-07-07,4,生活,第一张创作专辑,1.0,0.0
274,386930,等,u,1,1,38315,第一张创作专辑,录音室专辑,1999-07-07,4,生活,第一张创作专辑,1.0,0.0
275,386930,着,uz,1,1,38315,第一张创作专辑,录音室专辑,1999-07-07,4,生活,第一张创作专辑,1.0,0.0
276,386930,解决,v,1,1,38315,第一张创作专辑,录音室专辑,1999-07-07,4,生活,第一张创作专辑,1.0,0.0
277,386930,Everybody,eng,1,1,38315,第一张创作专辑,录音室专辑,1999-07-07,4,生活,第一张创作专辑,1.0,0.0
278,386930,想要,v,1,1,38315,第一张创作专辑,录音室专辑,1999-07-07,4,生活,第一张创作专辑,1.0,0.0
279,386930,Everything,eng,1,1,38315,第一张创作专辑,录音室专辑,1999-07-07,4,生活,第一张创作专辑,1.0,0.0
280,386930,won,eng,1,1,38315,第一张创作专辑,录音室专辑,1999-07-07,4,生活,第一张创作专辑,1.0,0.0
281,386930,be,eng,1,1,38315,第一张创作专辑,录音室专辑,1999-07-07,4,生活,第一张创作专辑,1.0,0.0
282,386930,OK,eng,1,1,38315,第一张创作专辑,录音室专辑,1999-07-07,4,生活,第一张创作专辑,1.0,0.0
283,386930,七点,m,1,1,38315,第一张创作专辑,录音室专辑,1999-07-07,4,生活,第一张创作专辑,1.0,0.0
284,386930,一杯,m,1,1,38315,第一张创作专辑,录音室专辑,1999-07-07,4,生活,第一张创作专辑,1.0,0.0
285,386930,咖啡,n,1,1,38315,第一张创作专辑,录音室专辑,1999-07-07,4,生活,第一张创作专辑,1.0,0.0
286,386930,八点,m,1,1,38315,第一张创作专辑,录音室专辑,1999-07-07,4,生活,第一张创作专辑,1.0,0.0
287,386930,红绿灯,nr,1,1,38315,第一张创作专辑,录音室专辑,1999-07-07,4,生活,第一张创作专辑,1.0,0.0
288,386930,斑马线,n,1,1,38315,第一张创作专辑,录音室专辑,1999-07-07,4,生活,第一张创作专辑,1.0,0.0
289,386930,busy,eng,1,1,38315,第一张创作专辑,录音室专辑,1999-07-07,4,生活,第一张创作专辑,1.0,0.0
290,386930,近,a,1,1,38315,第一张创作专辑,录音室专辑,1999-07-07,4,生活,第一张创作专辑,1.0,0.0
291,386930,梦想,n,1,1,38315,第一张创作专辑,录音室专辑,1999-07-07,4,生活,第一张创作专辑,1.0,0.0
292,386930,远,a,1,1,38315,第一张创作专辑,录音室专辑,1999-07-07,4,生活,第一张创作专辑,1.0,0.0
293,386930,午餐,n,1,1,38315,第一张创作专辑,录音室专辑,1999-07-07,4,生活,第一张创作专辑,1.0,0.0
294,386930,吃饭,v,1,1,38315,第一张创作专辑,录音室专辑,1999-07-07,4,生活,第一张创作专辑,1.0,0.0
295,386930,还是,c,1,1,38315,第一张创作专辑,录音室专辑,1999-07-07,4,生活,第一张创作专辑,1.0,0.0
296,386930,吃,v,1,1,38315,第一张创作专辑,录音室专辑,1999-07-07,4,生活,第一张创作专辑,1.0,0.0
297,386930,面,n,1,1,38315,第一张创作专辑,录音室专辑,1999-07-07,4,生活,第一张创作专辑,1.0,0.0
298,386930,喜欢,v,1,1,38315,第一张创作专辑,录音室专辑,1999-07-07,4,生活,第一张创作专辑,1.0,0.0
299,386930,忙碌,a,1,1,38315,第一张创作专辑,录音室专辑,1999-07-07,4,生活,第一张创作专辑,1.0,0.0
300,386930,搞,v,1,1,38315,第一张创作专辑,录音室专辑,1999-07-07,4,生活,第一张创作专辑,1.0,0.0
301,386930,得,ud,1,1,38315,第一张创作专辑,录音室专辑,1999-07-07,4,生活,第一张创作专辑,1.0,0.0
302,386930,很,d,1,1,38315,第一张创作专辑,录音室专辑,1999-07-07,4,生活,第一张创作专辑,1.0,0.0
303,386930,累,v,1,1,38315,第一张创作专辑,录音室专辑,1999-07-07,4,生活,第一张创作专辑,1.0,0.0
304,386930,电话,n,1,1,38315,第一张创作专辑,录音室专辑,1999-07-07,4,生活,第一张创作专辑,1.0,0.0
305,386930,吵醒,v,1,1,38315,第一张创作专辑,录音室专辑,1999-07-07,4,生活,第一张创作专辑,1.0,0.0
306,386930,星期天,t,1,1,38315,第一张创作专辑,录音室专辑,1999-07-07,4,生活,第一张创作专辑,1.0,0.0
307,386930,珍惜,a,1,1,38315,第一张创作专辑,录音室专辑,1999-07-07,4,生活,第一张创作专辑,1.0,0.0
308,386930,浪费时间,n,1,1,38315,第一张创作专辑,录音室专辑,1999-07-07,4,生活,第一张创作专辑,1.0,0.0
309,386930,换来,v,1,1,38315,第一张创作专辑,录音室专辑,1999-07-07,4,生活,第一张创作专辑,1.0,0.0
310,386930,了,ul,1,1,38315,第一张创作专辑,录音室专辑,1999-07-07,4,生活,第一张创作专辑,1.0,0.0
311,386930,生命,vn,1,1,38315,第一张创作专辑,录音室专辑,1999-07-07,4,生活,第一张创作专辑,1.0,0.0
312,386930,缺,n,1,1,38315,第一张创作专辑,录音室专辑,1999-07-07,4,生活,第一张创作专辑,1.0,0.0
313,386930,理想,n,1,1,38315,第一张创作专辑,录音室专辑,1999-07-07,4,生活,第一张创作专辑,1.0,0.0
314,386930,划过,v,1,1,38315,第一张创作专辑,录音室专辑,1999-07-07,4,生活,第一张创作专辑,1.0,0.0
315,386930,天边,s,1,1,38315,第一张创作专辑,录音室专辑,1999-07-07,4,生活,第一张创作专辑,1.0,0.0
316,386930,爱情,n,1,1,38315,第一张创作专辑,录音室专辑,1999-07-07,4,生活,第一张创作专辑,1.0,0.0
317,386930,呀,y,1,1,38315,第一张创作专辑,录音室专辑,1999-07-07,4,生活,第一张创作专辑,1.0,0.0
318,386930,与,p,1,1,38315,第一张创作专辑,录音室专辑,1999-07-07,4,生活,第一张创作专辑,1.0,0.0
319,386930,擦肩,v,1,1,38315,第一张创作专辑,录音室专辑,1999-07-07,4,生活,第一张创作专辑,1.0,0.0
320,386930,东南西北,ns,1,1,38315,第一张创作专辑,录音室专辑,1999-07-07,4,生活,第一张创作专辑,1.0,0.0
321,386930,地,n,1,1,38315,第一张创作专辑,录音室专辑,1999-07-07,4,生活,第一张创作专辑,1.0,0.0
322,386930,天,n,1,1,38315,第一张创作专辑,录音室专辑,1999-07-07,4,生活,第一张创作专辑,1.0,0.0
323,386930,crying,eng,1,1,38315,第一张创作专辑,录音室专辑,1999-07-07,4,生活,第一张创作专辑,1.0,0.0
324,386930,是不是,l,1,1,38315,第一张创作专辑,录音室专辑,1999-07-07,4,生活,第一张创作专辑,1.0,0.0
325,386930,会,v,1,1,38315,第一张创作专辑,录音室专辑,1999-07-07,4,生活,第一张创作专辑,1.0,0.0
326,386930,答案,n,1,1,38315,第一张创作专辑,录音室专辑,1999-07-07,4,生活,第一张创作专辑,1.0,0.0
327,386930,终点,n,1,1,38315,第一张创作专辑,录音室专辑,1999-07-07,4,生活,第一张创作专辑,1.0,0.0
328,386930,后面,f,1,1,38315,第一张创作专辑,录音室专辑,1999-07-07,4,生活,第一张创作专辑,1.0,0.0
329,386930,当初,t,1,1,38315,第一张创作专辑,录音室专辑,1999-07-07,4,生活,第一张创作专辑,1.0,0.0
330,386930,信念,n,1,1,38315,第一张创作专辑,录音室专辑,1999-07-07,4,生活,第一张创作专辑,1.0,0.0
331,386930,现在,t,1,1,38315,第一张创作专辑,录音室专辑,1999-07-07,4,生活,第一张创作专辑,1.0,0.0
332,386930,谁,r,1,1,38315,第一张创作专辑,录音室专辑,1999-07-07,4,生活,第一张创作专辑,1.0,0.0
333,386930,狂奔,v,1,1,38315,第一张创作专辑,录音室专辑,1999-07-07,4,生活,第一张创作专辑,1.0,0.0
334,386930,白天,t,1,1,38315,第一张创作专辑,录音室专辑,1999-07-07,4,生活,第一张创作专辑,1.0,0.0
335,386930,寂寞,a,1,1,38315,第一张创作专辑,录音室专辑,1999-07-07,4,生活,第一张创作专辑,1.0,0.0
336,386930,夜,t,1,1,38315,第一张创作专辑,录音室专辑,1999-07-07,4,生活,第一张创作专辑,1.0,0.0
337,386930,慢慢,d,1,1,38315,第一张创作专辑,录音室专辑,1999-07-07,4,生活,第一张创作专辑,1.0,0.0
338,386930,发现,v,1,1,38315,第一张创作专辑,录音室专辑,1999-07-07,4,生活,第一张创作专辑,1.0,0.0
339,386930,superman,eng,1,1,38315,第一张创作专辑,录音室专辑,1999-07-07,4,生活,第一张创作专辑,1.0,0.0
340,386930,梦,n,1,1,38315,第一张创作专辑,录音室专辑,1999-07-07,4,生活,第一张创作专辑,1.0,0.0
341,386930,边缘,n,1,1,38315,第一张创作专辑,录音室专辑,1999-07-07,4,生活,第一张创作专辑,1.0,0.0
342,386930,徘徊,v,1,1,38315,第一张创作专辑,录音室专辑,1999-07-07,4,生活,第一张创作专辑,1.0,0.0
343,386931,的,uj,19,1,38315,第一张创作专辑,录音室专辑,1999-07-07,5,爱情的模样,第一张创作专辑,1.0,0.0
344,386931,我,r,15,1,38315,第一张创作专辑,录音室专辑,1999-07-07,5,爱情的模样,第一张创作专辑,1.0,0.0
345,386931,你,r,10,1,38315,第一张创作专辑,录音室专辑,1999-07-07,5,爱情的模样,第一张创作专辑,1.0,0.0
346,386931,在,p,7,1,38315,第一张创作专辑,录音室专辑,1999-07-07,5,爱情的模样,第一张创作专辑,1.0,0.0
347,386931,是,v,6,1,38315,第一张创作专辑,录音室专辑,1999-07-07,5,爱情的模样,第一张创作专辑,1.0,0.0
348,386931,了,ul,6,1,38315,第一张创作专辑,录音室专辑,1999-07-07,5,爱情的模样,第一张创作专辑,1.0,0.0
349,386931,谁,r,6,1,38315,第一张创作专辑,录音室专辑,1999-07-07,5,爱情的模样,第一张创作专辑,1.0,0.0
350,386931,一样,r,6,1,38315,第一张创作专辑,录音室专辑,1999-07-07,5,爱情的模样,第一张创作专辑,1.0,0.0
351,386931,爱,v,5,1,38315,第一张创作专辑,录音室专辑,1999-07-07,5,爱情的模样,第一张创作专辑,1.0,0.0
352,386931,爱情,n,4,1,38315,第一张创作专辑,录音室专辑,1999-07-07,5,爱情的模样,第一张创作专辑,1.0,0.0
353,386931,教,v,4,1,38315,第一张创作专辑,录音室专辑,1999-07-07,5,爱情的模样,第一张创作专辑,1.0,0.0
354,386931,身体,n,4,1,38315,第一张创作专辑,录音室专辑,1999-07-07,5,爱情的模样,第一张创作专辑,1.0,0.0
355,386931,里面,f,4,1,38315,第一张创作专辑,录音室专辑,1999-07-07,5,爱情的模样,第一张创作专辑,1.0,0.0
356,386931,下,f,3,1,38315,第一张创作专辑,录音室专辑,1999-07-07,5,爱情的模样,第一张创作专辑,1.0,0.0
357,386931,模样,n,3,1,38315,第一张创作专辑,录音室专辑,1999-07-07,5,爱情的模样,第一张创作专辑,1.0,0.0
358,386931,曾经,d,3,1,38315,第一张创作专辑,录音室专辑,1999-07-07,5,爱情的模样,第一张创作专辑,1.0,0.0
359,386931,巨大,a,2,1,38315,第一张创作专辑,录音室专辑,1999-07-07,5,爱情的模样,第一张创作专辑,1.0,0.0
360,386931,海洋,ns,2,1,38315,第一张创作专辑,录音室专辑,1999-07-07,5,爱情的模样,第一张创作专辑,1.0,0.0
361,386931,雨,n,2,1,38315,第一张创作专辑,录音室专辑,1999-07-07,5,爱情的模样,第一张创作专辑,1.0,0.0
362,386931,身上,s,2,1,38315,第一张创作专辑,录音室专辑,1999-07-07,5,爱情的模样,第一张创作专辑,1.0,0.0
363,386931,失去,v,2,1,38315,第一张创作专辑,录音室专辑,1999-07-07,5,爱情的模样,第一张创作专辑,1.0,0.0
364,386931,自己,r,2,1,38315,第一张创作专辑,录音室专辑,1999-07-07,5,爱情的模样,第一张创作专辑,1.0,0.0
365,386931,形状,n,2,1,38315,第一张创作专辑,录音室专辑,1999-07-07,5,爱情的模样,第一张创作专辑,1.0,0.0
366,386931,看到,v,2,1,38315,第一张创作专辑,录音室专辑,1999-07-07,5,爱情的模样,第一张创作专辑,1.0,0.0
367,386931,远方,s,2,1,38315,第一张创作专辑,录音室专辑,1999-07-07,5,爱情的模样,第一张创作专辑,1.0,0.0
368,386931,狂恋,v,2,1,38315,第一张创作专辑,录音室专辑,1999-07-07,5,爱情的模样,第一张创作专辑,1.0,0.0
369,386931,勇敢,a,2,1,38315,第一张创作专辑,录音室专辑,1999-07-07,5,爱情的模样,第一张创作专辑,1.0,0.0
370,386931,地,uv,2,1,38315,第一张创作专辑,录音室专辑,1999-07-07,5,爱情的模样,第一张创作专辑,1.0,0.0
371,386931,挑战,vn,2,1,38315,第一张创作专辑,录音室专辑,1999-07-07,5,爱情的模样,第一张创作专辑,1.0,0.0
372,386931,全世界,n,2,1,38315,第一张创作专辑,录音室专辑,1999-07-07,5,爱情的模样,第一张创作专辑,1.0,0.0
373,386931,有,v,2,1,38315,第一张创作专辑,录音室专辑,1999-07-07,5,爱情的模样,第一张创作专辑,1.0,0.0
374,386931,与,p,2,1,38315,第一张创作专辑,录音室专辑,1999-07-07,5,爱情的模样,第一张创作专辑,1.0,0.0
375,386931,被爱,a,2,1,38315,第一张创作专辑,录音室专辑,1999-07-07,5,爱情的模样,第一张创作专辑,1.0,0.0
376,386931,感觉,n,2,1,38315,第一张创作专辑,录音室专辑,1999-07-07,5,爱情的模样,第一张创作专辑,1.0,0.0
377,386931,已,d,2,1,38315,第一张创作专辑,录音室专辑,1999-07-07,5,爱情的模样,第一张创作专辑,1.0,0.0
378,386931,无所谓,l,2,1,38315,第一张创作专辑,录音室专辑,1999-07-07,5,爱情的模样,第一张创作专辑,1.0,0.0
379,386931,没有,v,2,1,38315,第一张创作专辑,录音室专辑,1999-07-07,5,爱情的模样,第一张创作专辑,1.0,0.0
380,386931,能,v,2,1,38315,第一张创作专辑,录音室专辑,1999-07-07,5,爱情的模样,第一张创作专辑,1.0,0.0
381,386931,将,d,2,1,38315,第一张创作专辑,录音室专辑,1999-07-07,5,爱情的模样,第一张创作专辑,1.0,0.0
382,386931,划,v,2,1,38315,第一张创作专辑,录音室专辑,1999-07-07,5,爱情的模样,第一张创作专辑,1.0,0.0
383,386931,界限,n,2,1,38315,第一张创作专辑,录音室专辑,1999-07-07,5,爱情的模样,第一张创作专辑,1.0,0.0
384,386931,迷样,a,2,1,38315,第一张创作专辑,录音室专辑,1999-07-07,5,爱情的模样,第一张创作专辑,1.0,0.0
385,386931,魔力,n,2,1,38315,第一张创作专辑,录音室专辑,1999-07-07,5,爱情的模样,第一张创作专辑,1.0,0.0
386,386931,却是,d,2,1,38315,第一张创作专辑,录音室专辑,1999-07-07,5,爱情的模样,第一张创作专辑,1.0,0.0
387,386931,更,d,2,1,38315,第一张创作专辑,录音室专辑,1999-07-07,5,爱情的模样,第一张创作专辑,1.0,0.0
388,386931,强烈,a,2,1,38315,第一张创作专辑,录音室专辑,1999-07-07,5,爱情的模样,第一张创作专辑,1.0,0.0
389,386931,孤单,a,1,1,38315,第一张创作专辑,录音室专辑,1999-07-07,5,爱情的模样,第一张创作专辑,1.0,0.0
390,386931,彷徨,v,1,1,38315,第一张创作专辑,录音室专辑,1999-07-07,5,爱情的模样,第一张创作专辑,1.0,0.0
391,386931,相信,v,1,1,38315,第一张创作专辑,录音室专辑,1999-07-07,5,爱情的模样,第一张创作专辑,1.0,0.0
392,386931,失望,v,1,1,38315,第一张创作专辑,录音室专辑,1999-07-07,5,爱情的模样,第一张创作专辑,1.0,0.0
393,386931,穿过,v,1,1,38315,第一张创作专辑,录音室专辑,1999-07-07,5,爱情的模样,第一张创作专辑,1.0,0.0
394,386931,重重的,z,1,1,38315,第一张创作专辑,录音室专辑,1999-07-07,5,爱情的模样,第一张创作专辑,1.0,0.0
395,386931,迷惘,a,1,1,38315,第一张创作专辑,录音室专辑,1999-07-07,5,爱情的模样,第一张创作专辑,1.0,0.0
396,386931,那,r,1,1,38315,第一张创作专辑,录音室专辑,1999-07-07,5,爱情的模样,第一张创作专辑,1.0,0.0
397,386931,慌张,a,1,1,38315,第一张创作专辑,录音室专辑,1999-07-07,5,爱情的模样,第一张创作专辑,1.0,0.0
398,386931,终于,d,1,1,38315,第一张创作专辑,录音室专辑,1999-07-07,5,爱情的模样,第一张创作专辑,1.0,0.0
399,386931,要,v,1,1,38315,第一张创作专辑,录音室专辑,1999-07-07,5,爱情的模样,第一张创作专辑,1.0,0.0
400,386931,解放,v,1,1,38315,第一张创作专辑,录音室专辑,1999-07-07,5,爱情的模样,第一张创作专辑,1.0,0.0
401,386931,星星,nz,1,1,38315,第一张创作专辑,录音室专辑,1999-07-07,5,爱情的模样,第一张创作专辑,1.0,0.0
402,386931,夜空,n,1,1,38315,第一张创作专辑,录音室专辑,1999-07-07,5,爱情的模样,第一张创作专辑,1.0,0.0
403,386931,中,f,1,1,38315,第一张创作专辑,录音室专辑,1999-07-07,5,爱情的模样,第一张创作专辑,1.0,0.0
404,386931,闪亮,z,1,1,38315,第一张创作专辑,录音室专辑,1999-07-07,5,爱情的模样,第一张创作专辑,1.0,0.0
405,386931,星空,n,1,1,38315,第一张创作专辑,录音室专辑,1999-07-07,5,爱情的模样,第一张创作专辑,1.0,0.0
406,386931,不停,d,1,1,38315,第一张创作专辑,录音室专辑,1999-07-07,5,爱情的模样,第一张创作专辑,1.0,0.0
407,386931,流浪,v,1,1,38315,第一张创作专辑,录音室专辑,1999-07-07,5,爱情的模样,第一张创作专辑,1.0,0.0
408,386931,此生,t,1,1,38315,第一张创作专辑,录音室专辑,1999-07-07,5,爱情的模样,第一张创作专辑,1.0,0.0
409,386931,无知,v,1,1,38315,第一张创作专辑,录音室专辑,1999-07-07,5,爱情的模样,第一张创作专辑,1.0,0.0
410,386931,奔忙,v,1,1,38315,第一张创作专辑,录音室专辑,1999-07-07,5,爱情的模样,第一张创作专辑,1.0,0.0
411,386931,因为,c,1,1,38315,第一张创作专辑,录音室专辑,1999-07-07,5,爱情的模样,第一张创作专辑,1.0,0.0
412,386931,眼光,n,1,1,38315,第一张创作专辑,录音室专辑,1999-07-07,5,爱情的模样,第一张创作专辑,1.0,0.0
413,386931,都,d,1,1,38315,第一张创作专辑,录音室专辑,1999-07-07,5,爱情的模样,第一张创作专辑,1.0,0.0
414,386931,化成,v,1,1,38315,第一张创作专辑,录音室专辑,1999-07-07,5,爱情的模样,第一张创作专辑,1.0,0.0
415,386931,光亮,a,1,1,38315,第一张创作专辑,录音室专辑,1999-07-07,5,爱情的模样,第一张创作专辑,1.0,0.0
416,386931,这,r,1,1,38315,第一张创作专辑,录音室专辑,1999-07-07,5,爱情的模样,第一张创作专辑,1.0,0.0
417,386931,世界,n,1,1,38315,第一张创作专辑,录音室专辑,1999-07-07,5,爱情的模样,第一张创作专辑,1.0,0.0
418,386931,全部,n,1,1,38315,第一张创作专辑,录音室专辑,1999-07-07,5,爱情的模样,第一张创作专辑,1.0,0.0
419,386931,漂亮,a,1,1,38315,第一张创作专辑,录音室专辑,1999-07-07,5,爱情的模样,第一张创作专辑,1.0,0.0
420,386931,不过,c,1,1,38315,第一张创作专辑,录音室专辑,1999-07-07,5,爱情的模样,第一张创作专辑,1.0,0.0
421,386931,可爱,v,1,1,38315,第一张创作专辑,录音室专辑,1999-07-07,5,爱情的模样,第一张创作专辑,1.0,0.0
422,386931,让,v,1,1,38315,第一张创作专辑,录音室专辑,1999-07-07,5,爱情的模样,第一张创作专辑,1.0,0.0
423,386931,举,v,1,1,38315,第一张创作专辑,录音室专辑,1999-07-07,5,爱情的模样,第一张创作专辑,1.0,0.0
424,386931,双手,n,1,1,38315,第一张创作专辑,录音室专辑,1999-07-07,5,爱情的模样,第一张创作专辑,1.0,0.0
425,386931,投降,v,1,1,38315,第一张创作专辑,录音室专辑,1999-07-07,5,爱情的模样,第一张创作专辑,1.0,0.0
426,386931,跨出,v,1,1,38315,第一张创作专辑,录音室专辑,1999-07-07,5,爱情的模样,第一张创作专辑,1.0,0.0
427,386931,城墙,n,1,1,38315,第一张创作专辑,录音室专辑,1999-07-07,5,爱情的模样,第一张创作专辑,1.0,0.0
428,386931,长,a,1,1,38315,第一张创作专辑,录音室专辑,1999-07-07,5,爱情的模样,第一张创作专辑,1.0,0.0
429,386931,出,v,1,1,38315,第一张创作专辑,录音室专辑,1999-07-07,5,爱情的模样,第一张创作专辑,1.0,0.0
430,386931,翅膀,n,1,1,38315,第一张创作专辑,录音室专辑,1999-07-07,5,爱情的模样,第一张创作专辑,1.0,0.0
431,386932,我,r,12,1,38315,第一张创作专辑,录音室专辑,1999-07-07,6,嘿！我要走了,第一张创作专辑,1.0,0.0
432,386932,要,v,11,1,38315,第一张创作专辑,录音室专辑,1999-07-07,6,嘿！我要走了,第一张创作专辑,1.0,0.0
433,386932,的,uj,9,1,38315,第一张创作专辑,录音室专辑,1999-07-07,6,嘿！我要走了,第一张创作专辑,1.0,0.0
434,386932,已,d,8,1,38315,第一张创作专辑,录音室专辑,1999-07-07,6,嘿！我要走了,第一张创作专辑,1.0,0.0
435,386932,都,d,8,1,38315,第一张创作专辑,录音室专辑,1999-07-07,6,嘿！我要走了,第一张创作专辑,1.0,0.0
436,386932,结束,v,8,1,38315,第一张创作专辑,录音室专辑,1999-07-07,6,嘿！我要走了,第一张创作专辑,1.0,0.0
437,386932,此刻,r,5,1,38315,第一张创作专辑,录音室专辑,1999-07-07,6,嘿！我要走了,第一张创作专辑,1.0,0.0
438,386932,不,d,4,1,38315,第一张创作专辑,录音室专辑,1999-07-07,6,嘿！我要走了,第一张创作专辑,1.0,0.0
439,386932,不断,d,4,1,38315,第一张创作专辑,录音室专辑,1999-07-07,6,嘿！我要走了,第一张创作专辑,1.0,0.0
440,386932,你,r,3,1,38315,第一张创作专辑,录音室专辑,1999-07-07,6,嘿！我要走了,第一张创作专辑,1.0,0.0
441,386932,嘿,e,3,1,38315,第一张创作专辑,录音室专辑,1999-07-07,6,嘿！我要走了,第一张创作专辑,1.0,0.0
442,386932,走,v,3,1,38315,第一张创作专辑,录音室专辑,1999-07-07,6,嘿！我要走了,第一张创作专辑,1.0,0.0
443,386932,了,ul,3,1,38315,第一张创作专辑,录音室专辑,1999-07-07,6,嘿！我要走了,第一张创作专辑,1.0,0.0
444,386932,昨天,t,3,1,38315,第一张创作专辑,录音室专辑,1999-07-07,6,嘿！我要走了,第一张创作专辑,1.0,0.0
445,386932,对白,v,3,1,38315,第一张创作专辑,录音室专辑,1999-07-07,6,嘿！我要走了,第一张创作专辑,1.0,0.0
446,386932,不再,d,3,1,38315,第一张创作专辑,录音室专辑,1999-07-07,6,嘿！我要走了,第一张创作专辑,1.0,0.0
447,386932,重要,a,3,1,38315,第一张创作专辑,录音室专辑,1999-07-07,6,嘿！我要走了,第一张创作专辑,1.0,0.0
448,386932,见,v,3,1,38315,第一张创作专辑,录音室专辑,1999-07-07,6,嘿！我要走了,第一张创作专辑,1.0,0.0
449,386932,过,ug,3,1,38315,第一张创作专辑,录音室专辑,1999-07-07,6,嘿！我要走了,第一张创作专辑,1.0,0.0
450,386932,最美,a,3,1,38315,第一张创作专辑,录音室专辑,1999-07-07,6,嘿！我要走了,第一张创作专辑,1.0,0.0
451,386932,一幕,m,3,1,38315,第一张创作专辑,录音室专辑,1999-07-07,6,嘿！我要走了,第一张创作专辑,1.0,0.0
452,386932,只是,c,3,1,38315,第一张创作专辑,录音室专辑,1999-07-07,6,嘿！我要走了,第一张创作专辑,1.0,0.0
453,386932,在,p,3,1,38315,第一张创作专辑,录音室专辑,1999-07-07,6,嘿！我要走了,第一张创作专辑,1.0,0.0
454,386932,轻轻,d,2,1,38315,第一张创作专辑,录音室专辑,1999-07-07,6,嘿！我要走了,第一张创作专辑,1.0,0.0
455,386932,闭上眼睛,i,2,1,38315,第一张创作专辑,录音室专辑,1999-07-07,6,嘿！我要走了,第一张创作专辑,1.0,0.0
456,386932,觉得,v,2,1,38315,第一张创作专辑,录音室专辑,1999-07-07,6,嘿！我要走了,第一张创作专辑,1.0,0.0
457,386932,清醒,a,2,1,38315,第一张创作专辑,录音室专辑,1999-07-07,6,嘿！我要走了,第一张创作专辑,1.0,0.0
458,386932,已经,d,2,1,38315,第一张创作专辑,录音室专辑,1999-07-07,6,嘿！我要走了,第一张创作专辑,1.0,0.0
459,386932,需要,v,2,1,38315,第一张创作专辑,录音室专辑,1999-07-07,6,嘿！我要走了,第一张创作专辑,1.0,0.0
460,386932,一些,m,2,1,38315,第一张创作专辑,录音室专辑,1999-07-07,6,嘿！我要走了,第一张创作专辑,1.0,0.0
461,386932,挽留,v,2,1,38315,第一张创作专辑,录音室专辑,1999-07-07,6,嘿！我要走了,第一张创作专辑,1.0,0.0
462,386932,字句,n,2,1,38315,第一张创作专辑,录音室专辑,1999-07-07,6,嘿！我要走了,第一张创作专辑,1.0,0.0
463,386932,这,r,2,1,38315,第一张创作专辑,录音室专辑,1999-07-07,6,嘿！我要走了,第一张创作专辑,1.0,0.0
464,386932,绚烂,a,2,1,38315,第一张创作专辑,录音室专辑,1999-07-07,6,嘿！我要走了,第一张创作专辑,1.0,0.0
465,386932,新世纪,nz,2,1,38315,第一张创作专辑,录音室专辑,1999-07-07,6,嘿！我要走了,第一张创作专辑,1.0,0.0
466,386932,深情,n,2,1,38315,第一张创作专辑,录音室专辑,1999-07-07,6,嘿！我要走了,第一张创作专辑,1.0,0.0
467,386932,受欢迎,v,2,1,38315,第一张创作专辑,录音室专辑,1999-07-07,6,嘿！我要走了,第一张创作专辑,1.0,0.0
468,386932,找寻,v,2,1,38315,第一张创作专辑,录音室专辑,1999-07-07,6,嘿！我要走了,第一张创作专辑,1.0,0.0
469,386932,然后,c,2,1,38315,第一张创作专辑,录音室专辑,1999-07-07,6,嘿！我要走了,第一张创作专辑,1.0,0.0
470,386932,再,d,2,1,38315,第一张创作专辑,录音室专辑,1999-07-07,6,嘿！我要走了,第一张创作专辑,1.0,0.0
471,386932,爱,v,1,1,38315,第一张创作专辑,录音室专辑,1999-07-07,6,嘿！我要走了,第一张创作专辑,1.0,0.0
472,386932,那么,r,1,1,38315,第一张创作专辑,录音室专辑,1999-07-07,6,嘿！我要走了,第一张创作专辑,1.0,0.0
473,386932,用力,n,1,1,38315,第一张创作专辑,录音室专辑,1999-07-07,6,嘿！我要走了,第一张创作专辑,1.0,0.0
474,386932,却,d,1,1,38315,第一张创作专辑,录音室专辑,1999-07-07,6,嘿！我要走了,第一张创作专辑,1.0,0.0
475,386932,好像,v,1,1,38315,第一张创作专辑,录音室专辑,1999-07-07,6,嘿！我要走了,第一张创作专辑,1.0,0.0
476,386932,一场,m,1,1,38315,第一张创作专辑,录音室专辑,1999-07-07,6,嘿！我要走了,第一张创作专辑,1.0,0.0
477,386932,闹剧,n,1,1,38315,第一张创作专辑,录音室专辑,1999-07-07,6,嘿！我要走了,第一张创作专辑,1.0,0.0
478,386932,放弃,v,1,1,38315,第一张创作专辑,录音室专辑,1999-07-07,6,嘿！我要走了,第一张创作专辑,1.0,0.0
479,386932,犯错,v,1,1,38315,第一张创作专辑,录音室专辑,1999-07-07,6,嘿！我要走了,第一张创作专辑,1.0,0.0
480,386932,远离,v,1,1,38315,第一张创作专辑,录音室专辑,1999-07-07,6,嘿！我要走了,第一张创作专辑,1.0,0.0
481,386932,如果,c,1,1,38315,第一张创作专辑,录音室专辑,1999-07-07,6,嘿！我要走了,第一张创作专辑,1.0,0.0
482,386932,还,d,1,1,38315,第一张创作专辑,录音室专辑,1999-07-07,6,嘿！我要走了,第一张创作专辑,1.0,0.0
483,386932,肯听,v,1,1,38315,第一张创作专辑,录音室专辑,1999-07-07,6,嘿！我要走了,第一张创作专辑,1.0,0.0
484,386932,想,v,1,1,38315,第一张创作专辑,录音室专辑,1999-07-07,6,嘿！我要走了,第一张创作专辑,1.0,0.0
485,386932,说,v,1,1,38315,第一张创作专辑,录音室专辑,1999-07-07,6,嘿！我要走了,第一张创作专辑,1.0,0.0
486,386932,声,q,1,1,38315,第一张创作专辑,录音室专辑,1999-07-07,6,嘿！我要走了,第一张创作专辑,1.0,0.0
487,386932,我爱你,l,1,1,38315,第一张创作专辑,录音室专辑,1999-07-07,6,嘿！我要走了,第一张创作专辑,1.0,0.0
488,386932,反正,d,1,1,38315,第一张创作专辑,录音室专辑,1999-07-07,6,嘿！我要走了,第一张创作专辑,1.0,0.0
489,386932,自,p,1,1,38315,第一张创作专辑,录音室专辑,1999-07-07,6,嘿！我要走了,第一张创作专辑,1.0,0.0
490,386932,做,v,1,1,38315,第一张创作专辑,录音室专辑,1999-07-07,6,嘿！我要走了,第一张创作专辑,1.0,0.0
491,386932,多情,n,1,1,38315,第一张创作专辑,录音室专辑,1999-07-07,6,嘿！我要走了,第一张创作专辑,1.0,0.0
492,386932,是,v,1,1,38315,第一张创作专辑,录音室专辑,1999-07-07,6,嘿！我要走了,第一张创作专辑,1.0,0.0
493,386932,看家本领,n,1,1,38315,第一张创作专辑,录音室专辑,1999-07-07,6,嘿！我要走了,第一张创作专辑,1.0,0.0
494,386932,收拾,v,1,1,38315,第一张创作专辑,录音室专辑,1999-07-07,6,嘿！我要走了,第一张创作专辑,1.0,0.0
495,386932,行李,n,1,1,38315,第一张创作专辑,录音室专辑,1999-07-07,6,嘿！我要走了,第一张创作专辑,1.0,0.0
496,386932,去,v,1,1,38315,第一张创作专辑,录音室专辑,1999-07-07,6,嘿！我要走了,第一张创作专辑,1.0,0.0
497,386932,新,a,1,1,38315,第一张创作专辑,录音室专辑,1999-07-07,6,嘿！我要走了,第一张创作专辑,1.0,0.0
498,386932,自己,r,1,1,38315,第一张创作专辑,录音室专辑,1999-07-07,6,嘿！我要走了,第一张创作专辑,1.0,0.0
499,386934,我,r,17,1,38315,第一张创作专辑,录音室专辑,1999-07-07,7,轧车,第一张创作专辑,1.0,0.0
500,386934,底,f,10,1,38315,第一张创作专辑,录音室专辑,1999-07-07,7,轧车,第一张创作专辑,1.0,0.0
501,386934,La,eng,8,1,38315,第一张创作专辑,录音室专辑,1999-07-07,7,轧车,第一张创作专辑,1.0,0.0
502,386934,按,p,6,1,38315,第一张创作专辑,录音室专辑,1999-07-07,7,轧车,第一张创作专辑,1.0,0.0
503,386934,作阵,n,6,1,38315,第一张创作专辑,录音室专辑,1999-07-07,7,轧车,第一张创作专辑,1.0,0.0
504,386934,来轧,v,6,1,38315,第一张创作专辑,录音室专辑,1999-07-07,7,轧车,第一张创作专辑,1.0,0.0
505,386934,车,n,6,1,38315,第一张创作专辑,录音室专辑,1999-07-07,7,轧车,第一张创作专辑,1.0,0.0
506,386934,不管,c,6,1,38315,第一张创作专辑,录音室专辑,1999-07-07,7,轧车,第一张创作专辑,1.0,0.0
507,386934,伊,ns,6,1,38315,第一张创作专辑,录音室专辑,1999-07-07,7,轧车,第一张创作专辑,1.0,0.0
508,386934,是,v,5,1,38315,第一张创作专辑,录音室专辑,1999-07-07,7,轧车,第一张创作专辑,1.0,0.0
509,386934,怎,r,5,1,38315,第一张创作专辑,录音室专辑,1999-07-07,7,轧车,第一张创作专辑,1.0,0.0
510,386934,拢,v,4,1,38315,第一张创作专辑,录音室专辑,1999-07-07,7,轧车,第一张创作专辑,1.0,0.0
511,386934,无人,n,4,1,38315,第一张创作专辑,录音室专辑,1999-07-07,7,轧车,第一张创作专辑,1.0,0.0
512,386934,甲,n,4,1,38315,第一张创作专辑,录音室专辑,1999-07-07,7,轧车,第一张创作专辑,1.0,0.0
513,386934,轧,v,4,1,38315,第一张创作专辑,录音室专辑,1999-07-07,7,轧车,第一张创作专辑,1.0,0.0
514,386934,的,uj,4,1,38315,第一张创作专辑,录音室专辑,1999-07-07,7,轧车,第一张创作专辑,1.0,0.0
515,386934,骂,v,4,1,38315,第一张创作专辑,录音室专辑,1999-07-07,7,轧车,第一张创作专辑,1.0,0.0
516,386934,这,r,4,1,38315,第一张创作专辑,录音室专辑,1999-07-07,7,轧车,第一张创作专辑,1.0,0.0
517,386934,警察,v,3,1,38315,第一张创作专辑,录音室专辑,1999-07-07,7,轧车,第一张创作专辑,1.0,0.0
518,386934,抓,v,3,1,38315,第一张创作专辑,录音室专辑,1999-07-07,7,轧车,第一张创作专辑,1.0,0.0
519,386934,父母,n,3,1,38315,第一张创作专辑,录音室专辑,1999-07-07,7,轧车,第一张创作专辑,1.0,0.0
520,386934,只要,c,3,1,38315,第一张创作专辑,录音室专辑,1999-07-07,7,轧车,第一张创作专辑,1.0,0.0
521,386934,引擎,n,3,1,38315,第一张创作专辑,录音室专辑,1999-07-07,7,轧车,第一张创作专辑,1.0,0.0
522,386934,催落,v,3,1,38315,第一张创作专辑,录音室专辑,1999-07-07,7,轧车,第一张创作专辑,1.0,0.0
523,386934,可当,v,3,1,38315,第一张创作专辑,录音室专辑,1999-07-07,7,轧车,第一张创作专辑,1.0,0.0
524,386934,在,p,3,1,38315,第一张创作专辑,录音室专辑,1999-07-07,7,轧车,第一张创作专辑,1.0,0.0
525,386934,最快,d,3,1,38315,第一张创作专辑,录音室专辑,1999-07-07,7,轧车,第一张创作专辑,1.0,0.0
526,386934,最,d,3,1,38315,第一张创作专辑,录音室专辑,1999-07-07,7,轧车,第一张创作专辑,1.0,0.0
527,386934,趴,v,3,1,38315,第一张创作专辑,录音室专辑,1999-07-07,7,轧车,第一张创作专辑,1.0,0.0
528,386934,最大,a,3,1,38315,第一张创作专辑,录音室专辑,1999-07-07,7,轧车,第一张创作专辑,1.0,0.0
529,386934,无,v,2,1,38315,第一张创作专辑,录音室专辑,1999-07-07,7,轧车,第一张创作专辑,1.0,0.0
530,386934,看,v,2,1,38315,第一张创作专辑,录音室专辑,1999-07-07,7,轧车,第一张创作专辑,1.0,0.0
531,386934,会,v,2,1,38315,第一张创作专辑,录音室专辑,1999-07-07,7,轧车,第一张创作专辑,1.0,0.0
532,386934,这时,r,2,1,38315,第一张创作专辑,录音室专辑,1999-07-07,7,轧车,第一张创作专辑,1.0,0.0
533,386934,阵上,s,2,1,38315,第一张创作专辑,录音室专辑,1999-07-07,7,轧车,第一张创作专辑,1.0,0.0
534,386934,好作阵来,l,2,1,38315,第一张创作专辑,录音室专辑,1999-07-07,7,轧车,第一张创作专辑,1.0,0.0
535,386934,去,v,2,1,38315,第一张创作专辑,录音室专辑,1999-07-07,7,轧车,第一张创作专辑,1.0,0.0
536,386934,轧车,n,2,1,38315,第一张创作专辑,录音室专辑,1999-07-07,7,轧车,第一张创作专辑,1.0,0.0
537,386934,那,r,2,1,38315,第一张创作专辑,录音室专辑,1999-07-07,7,轧车,第一张创作专辑,1.0,0.0
538,386934,愈,d,2,1,38315,第一张创作专辑,录音室专辑,1999-07-07,7,轧车,第一张创作专辑,1.0,0.0
539,386934,爽,a,2,1,38315,第一张创作专辑,录音室专辑,1999-07-07,7,轧车,第一张创作专辑,1.0,0.0
540,386934,阿花,n,1,1,38315,第一张创作专辑,录音室专辑,1999-07-07,7,轧车,第一张创作专辑,1.0,0.0
541,386934,和,c,1,1,38315,第一张创作专辑,录音室专辑,1999-07-07,7,轧车,第一张创作专辑,1.0,0.0
542,386934,阿娇,nr,1,1,38315,第一张创作专辑,录音室专辑,1999-07-07,7,轧车,第一张创作专辑,1.0,0.0
543,386934,无佳意,i,1,1,38315,第一张创作专辑,录音室专辑,1999-07-07,7,轧车,第一张创作专辑,1.0,0.0
544,386934,撇车,v,1,1,38315,第一张创作专辑,录音室专辑,1999-07-07,7,轧车,第一张创作专辑,1.0,0.0
545,386934,技术,n,1,1,38315,第一张创作专辑,录音室专辑,1999-07-07,7,轧车,第一张创作专辑,1.0,0.0
546,386934,一流,n,1,1,38315,第一张创作专辑,录音室专辑,1999-07-07,7,轧车,第一张创作专辑,1.0,0.0
547,386934,学校,n,1,1,38315,第一张创作专辑,录音室专辑,1999-07-07,7,轧车,第一张创作专辑,1.0,0.0
548,386934,老师,n,1,1,38315,第一张创作专辑,录音室专辑,1999-07-07,7,轧车,第一张创作专辑,1.0,0.0
549,386934,疼痛,n,1,1,38315,第一张创作专辑,录音室专辑,1999-07-07,7,轧车,第一张创作专辑,1.0,0.0
550,386934,是不是,l,1,1,38315,第一张创作专辑,录音室专辑,1999-07-07,7,轧车,第一张创作专辑,1.0,0.0
551,386934,ABCD,eng,1,1,38315,第一张创作专辑,录音室专辑,1999-07-07,7,轧车,第一张创作专辑,1.0,0.0
552,386934,卡,n,1,1,38315,第一张创作专辑,录音室专辑,1999-07-07,7,轧车,第一张创作专辑,1.0,0.0
553,386934,憨,ng,1,1,38315,第一张创作专辑,录音室专辑,1999-07-07,7,轧车,第一张创作专辑,1.0,0.0
554,386934,就,d,1,1,38315,第一张创作专辑,录音室专辑,1999-07-07,7,轧车,第一张创作专辑,1.0,0.0
555,386934,免教,v,1,1,38315,第一张创作专辑,录音室专辑,1999-07-07,7,轧车,第一张创作专辑,1.0,0.0
556,386934,老爸,n,1,1,38315,第一张创作专辑,录音室专辑,1999-07-07,7,轧车,第一张创作专辑,1.0,0.0
557,386934,老母,n,1,1,38315,第一张创作专辑,录音室专辑,1999-07-07,7,轧车,第一张创作专辑,1.0,0.0
558,386934,整天,m,1,1,38315,第一张创作专辑,录音室专辑,1999-07-07,7,轧车,第一张创作专辑,1.0,0.0
559,386934,喋喋,i,1,1,38315,第一张创作专辑,录音室专辑,1999-07-07,7,轧车,第一张创作专辑,1.0,0.0
560,386934,喋念,i,1,1,38315,第一张创作专辑,录音室专辑,1999-07-07,7,轧车,第一张创作专辑,1.0,0.0
561,386934,不知,v,1,1,38315,第一张创作专辑,录音室专辑,1999-07-07,7,轧车,第一张创作专辑,1.0,0.0
562,386934,念,v,1,1,38315,第一张创作专辑,录音室专辑,1999-07-07,7,轧车,第一张创作专辑,1.0,0.0
563,386934,啥,r,1,1,38315,第一张创作专辑,录音室专辑,1999-07-07,7,轧车,第一张创作专辑,1.0,0.0
564,386934,哪,r,1,1,38315,第一张创作专辑,录音室专辑,1999-07-07,7,轧车,第一张创作专辑,1.0,0.0
565,386934,呢,y,1,1,38315,第一张创作专辑,录音室专辑,1999-07-07,7,轧车,第一张创作专辑,1.0,0.0
566,386934,身边,s,1,1,38315,第一张创作专辑,录音室专辑,1999-07-07,7,轧车,第一张创作专辑,1.0,0.0
567,386934,问题,n,1,1,38315,第一张创作专辑,录音室专辑,1999-07-07,7,轧车,第一张创作专辑,1.0,0.0
568,386934,一摊,m,1,1,38315,第一张创作专辑,录音室专辑,1999-07-07,7,轧车,第一张创作专辑,1.0,0.0
569,386934,今日,t,1,1,38315,第一张创作专辑,录音室专辑,1999-07-07,7,轧车,第一张创作专辑,1.0,0.0
570,386934,观众,n,1,1,38315,第一张创作专辑,录音室专辑,1999-07-07,7,轧车,第一张创作专辑,1.0,0.0
571,386934,打拍,v,1,1,38315,第一张创作专辑,录音室专辑,1999-07-07,7,轧车,第一张创作专辑,1.0,0.0
572,386934,仔,ad,1,1,38315,第一张创作专辑,录音室专辑,1999-07-07,7,轧车,第一张创作专辑,1.0,0.0
573,386934,大家,n,1,1,38315,第一张创作专辑,录音室专辑,1999-07-07,7,轧车,第一张创作专辑,1.0,0.0
574,386934,一个,m,1,1,38315,第一张创作专辑,录音室专辑,1999-07-07,7,轧车,第一张创作专辑,1.0,0.0
575,386934,像,v,1,1,38315,第一张创作专辑,录音室专辑,1999-07-07,7,轧车,第一张创作专辑,1.0,0.0
576,386934,Super,eng,1,1,38315,第一张创作专辑,录音室专辑,1999-07-07,7,轧车,第一张创作专辑,1.0,0.0
577,386934,Star,eng,1,1,38315,第一张创作专辑,录音室专辑,1999-07-07,7,轧车,第一张创作专辑,1.0,0.0
578,386934,骑,v,1,1,38315,第一张创作专辑,录音室专辑,1999-07-07,7,轧车,第一张创作专辑,1.0,0.0
579,386934,愈紧,d,1,1,38315,第一张创作专辑,录音室专辑,1999-07-07,7,轧车,第一张创作专辑,1.0,0.0
580,386934,想,v,1,1,38315,第一张创作专辑,录音室专辑,1999-07-07,7,轧车,第一张创作专辑,1.0,0.0
581,386934,欲,d,1,1,38315,第一张创作专辑,录音室专辑,1999-07-07,7,轧车,第一张创作专辑,1.0,0.0
582,386934,唱歌,n,1,1,38315,第一张创作专辑,录音室专辑,1999-07-07,7,轧车,第一张创作专辑,1.0,0.0
583,386934,头脑,n,1,1,38315,第一张创作专辑,录音室专辑,1999-07-07,7,轧车,第一张创作专辑,1.0,0.0
584,386934,飞,v,1,1,38315,第一张创作专辑,录音室专辑,1999-07-07,7,轧车,第一张创作专辑,1.0,0.0
585,386934,身躯,n,1,1,38315,第一张创作专辑,录音室专辑,1999-07-07,7,轧车,第一张创作专辑,1.0,0.0
586,386934,颤,v,1,1,38315,第一张创作专辑,录音室专辑,1999-07-07,7,轧车,第一张创作专辑,1.0,0.0
587,386934,风底,n,1,1,38315,第一张创作专辑,录音室专辑,1999-07-07,7,轧车,第一张创作专辑,1.0,0.0
588,386934,吹,v,1,1,38315,第一张创作专辑,录音室专辑,1999-07-07,7,轧车,第一张创作专辑,1.0,0.0
589,386934,心底,s,1,1,38315,第一张创作专辑,录音室专辑,1999-07-07,7,轧车,第一张创作专辑,1.0,0.0
590,386934,流汗,n,1,1,38315,第一张创作专辑,录音室专辑,1999-07-07,7,轧车,第一张创作专辑,1.0,0.0
591,386934,要,v,1,1,38315,第一张创作专辑,录音室专辑,1999-07-07,7,轧车,第一张创作专辑,1.0,0.0
592,386934,了解,v,1,1,38315,第一张创作专辑,录音室专辑,1999-07-07,7,轧车,第一张创作专辑,1.0,0.0
593,386934,感觉,n,1,1,38315,第一张创作专辑,录音室专辑,1999-07-07,7,轧车,第一张创作专辑,1.0,0.0
594,386936,我,r,29,1,38315,第一张创作专辑,录音室专辑,1999-07-07,8,志明与春娇,第一张创作专辑,1.0,0.0
595,386936,汝,r,29,1,38315,第一张创作专辑,录音室专辑,1999-07-07,8,志明与春娇,第一张创作专辑,1.0,0.0
596,386936,无,v,20,1,38315,第一张创作专辑,录音室专辑,1999-07-07,8,志明与春娇,第一张创作专辑,1.0,0.0
597,386936,已经,d,15,1,38315,第一张创作专辑,录音室专辑,1999-07-07,8,志明与春娇,第一张创作专辑,1.0,0.0
598,386936,到,v,13,1,38315,第一张创作专辑,录音室专辑,1999-07-07,8,志明与春娇,第一张创作专辑,1.0,0.0
599,386936,遮,v,13,1,38315,第一张创作专辑,录音室专辑,1999-07-07,8,志明与春娇,第一张创作专辑,1.0,0.0
600,386936,佫,yg,9,1,38315,第一张创作专辑,录音室专辑,1999-07-07,8,志明与春娇,第一张创作专辑,1.0,0.0
601,386936,着,uz,9,1,38315,第一张创作专辑,录音室专辑,1999-07-07,8,志明与春娇,第一张创作专辑,1.0,0.0
602,386936,侬,g,9,1,38315,第一张创作专辑,录音室专辑,1999-07-07,8,志明与春娇,第一张创作专辑,1.0,0.0
603,386936,上,f,8,1,38315,第一张创作专辑,录音室专辑,1999-07-07,8,志明与春娇,第一张创作专辑,1.0,0.0
604,386936,好,a,8,1,38315,第一张创作专辑,录音室专辑,1999-07-07,8,志明与春娇,第一张创作专辑,1.0,0.0
605,386936,对,p,8,1,38315,第一张创作专辑,录音室专辑,1999-07-07,8,志明与春娇,第一张创作专辑,1.0,0.0
606,386936,感觉,n,8,1,38315,第一张创作专辑,录音室专辑,1999-07-07,8,志明与春娇,第一张创作专辑,1.0,0.0
607,386936,莫,d,8,1,38315,第一张创作专辑,录音室专辑,1999-07-07,8,志明与春娇,第一张创作专辑,1.0,0.0
608,386936,爱,v,8,1,38315,第一张创作专辑,录音室专辑,1999-07-07,8,志明与春娇,第一张创作专辑,1.0,0.0
609,386936,aha,eng,5,1,38315,第一张创作专辑,录音室专辑,1999-07-07,8,志明与春娇,第一张创作专辑,1.0,0.0
610,386936,也,d,5,1,38315,第一张创作专辑,录音室专辑,1999-07-07,8,志明与春娇,第一张创作专辑,1.0,0.0
611,386936,听,v,4,1,38315,第一张创作专辑,录音室专辑,1999-07-07,8,志明与春娇,第一张创作专辑,1.0,0.0
612,386936,遮挡,v,4,1,38315,第一张创作专辑,录音室专辑,1999-07-07,8,志明与春娇,第一张创作专辑,1.0,0.0
613,386936,定,v,4,1,38315,第一张创作专辑,录音室专辑,1999-07-07,8,志明与春娇,第一张创作专辑,1.0,0.0
614,386936,免爱,v,4,1,38315,第一张创作专辑,录音室专辑,1999-07-07,8,志明与春娇,第一张创作专辑,1.0,0.0
615,386936,伤心,n,4,1,38315,第一张创作专辑,录音室专辑,1999-07-07,8,志明与春娇,第一张创作专辑,1.0,0.0
616,386936,Yeah,eng,3,1,38315,第一张创作专辑,录音室专辑,1999-07-07,8,志明与春娇,第一张创作专辑,1.0,0.0
617,386936,真正,d,3,1,38315,第一张创作专辑,录音室专辑,1999-07-07,8,志明与春娇,第一张创作专辑,1.0,0.0
618,386936,行到,v,3,1,38315,第一张创作专辑,录音室专辑,1999-07-07,8,志明与春娇,第一张创作专辑,1.0,0.0
619,386936,淡水,n,3,1,38315,第一张创作专辑,录音室专辑,1999-07-07,8,志明与春娇,第一张创作专辑,1.0,0.0
620,386936,海岸,s,3,1,38315,第一张创作专辑,录音室专辑,1999-07-07,8,志明与春娇,第一张创作专辑,1.0,0.0
621,386936,两个,m,3,1,38315,第一张创作专辑,录音室专辑,1999-07-07,8,志明与春娇,第一张创作专辑,1.0,0.0
622,386936,的,uj,3,1,38315,第一张创作专辑,录音室专辑,1999-07-07,8,志明与春娇,第一张创作专辑,1.0,0.0
623,386936,爱情,n,3,1,38315,第一张创作专辑,录音室专辑,1999-07-07,8,志明与春娇,第一张创作专辑,1.0,0.0
624,386936,看,v,3,1,38315,第一张创作专辑,录音室专辑,1999-07-07,8,志明与春娇,第一张创作专辑,1.0,0.0
625,386936,志明,nr,2,1,38315,第一张创作专辑,录音室专辑,1999-07-07,8,志明与春娇,第一张创作专辑,1.0,0.0
626,386936,拢,v,2,1,38315,第一张创作专辑,录音室专辑,1999-07-07,8,志明与春娇,第一张创作专辑,1.0,0.0
627,386936,ha,eng,2,1,38315,第一张创作专辑,录音室专辑,1999-07-07,8,志明与春娇,第一张创作专辑,1.0,0.0
628,386936,毋知欲,i,1,1,38315,第一张创作专辑,录音室专辑,1999-07-07,8,志明与春娇,第一张创作专辑,1.0,0.0
629,386936,按,p,1,1,38315,第一张创作专辑,录音室专辑,1999-07-07,8,志明与春娇,第一张创作专辑,1.0,0.0
630,386936,怎,r,1,1,38315,第一张创作专辑,录音室专辑,1999-07-07,8,志明与春娇,第一张创作专辑,1.0,0.0
631,386936,为啥,r,1,1,38315,第一张创作专辑,录音室专辑,1999-07-07,8,志明与春娇,第一张创作专辑,1.0,0.0
632,386936,物,zg,1,1,38315,第一张创作专辑,录音室专辑,1999-07-07,8,志明与春娇,第一张创作专辑,1.0,0.0
633,386936,爱人,n,1,1,38315,第一张创作专辑,录音室专辑,1999-07-07,8,志明与春娇,第一张创作专辑,1.0,0.0
634,386936,毋,d,1,1,38315,第一张创作专辑,录音室专辑,1999-07-07,8,志明与春娇,第一张创作专辑,1.0,0.0
635,386936,愿,v,1,1,38315,第一张创作专辑,录音室专辑,1999-07-07,8,志明与春娇,第一张创作专辑,1.0,0.0
636,386936,再,d,1,1,38315,第一张创作专辑,录音室专辑,1999-07-07,8,志明与春娇,第一张创作专辑,1.0,0.0
637,386936,相,d,1,1,38315,第一张创作专辑,录音室专辑,1999-07-07,8,志明与春娇,第一张创作专辑,1.0,0.0
638,386936,倚,v,1,1,38315,第一张创作专辑,录音室专辑,1999-07-07,8,志明与春娇,第一张创作专辑,1.0,0.0
639,386936,春娇,nr,1,1,38315,第一张创作专辑,录音室专辑,1999-07-07,8,志明与春娇,第一张创作专辑,1.0,0.0
640,386936,早,a,1,1,38315,第一张创作专辑,录音室专辑,1999-07-07,8,志明与春娇,第一张创作专辑,1.0,0.0
641,386936,无咧,z,1,1,38315,第一张创作专辑,录音室专辑,1999-07-07,8,志明与春娇,第一张创作专辑,1.0,0.0
642,386936,讲,v,1,1,38315,第一张创作专辑,录音室专辑,1999-07-07,8,志明与春娇,第一张创作专辑,1.0,0.0
643,386936,遮济,n,1,1,38315,第一张创作专辑,录音室专辑,1999-07-07,8,志明与春娇,第一张创作专辑,1.0,0.0
644,386936,其实,d,1,1,38315,第一张创作专辑,录音室专辑,1999-07-07,8,志明与春娇,第一张创作专辑,1.0,0.0
645,386936,拢总,v,1,1,38315,第一张创作专辑,录音室专辑,1999-07-07,8,志明与春娇,第一张创作专辑,1.0,0.0
646,386936,较,d,1,1,38315,第一张创作专辑,录音室专辑,1999-07-07,8,志明与春娇,第一张创作专辑,1.0,0.0
647,386936,縒,yg,1,1,38315,第一张创作专辑,录音室专辑,1999-07-07,8,志明与春娇,第一张创作专辑,1.0,0.0
648,386936,心情,n,1,1,38315,第一张创作专辑,录音室专辑,1999-07-07,8,志明与春娇,第一张创作专辑,1.0,0.0
649,386936,有,v,1,1,38315,第一张创作专辑,录音室专辑,1999-07-07,8,志明与春娇,第一张创作专辑,1.0,0.0
650,386936,影寒,vn,1,1,38315,第一张创作专辑,录音室专辑,1999-07-07,8,志明与春娇,第一张创作专辑,1.0,0.0
651,386936,风,n,1,1,38315,第一张创作专辑,录音室专辑,1999-07-07,8,志明与春娇,第一张创作专辑,1.0,0.0
652,386936,大,a,1,1,38315,第一张创作专辑,录音室专辑,1999-07-07,8,志明与春娇,第一张创作专辑,1.0,0.0
653,386936,心肝,n,1,1,38315,第一张创作专辑,录音室专辑,1999-07-07,8,志明与春娇,第一张创作专辑,1.0,0.0
654,386936,春娇汝,nr,1,1,38315,第一张创作专辑,录音室专辑,1999-07-07,8,志明与春娇,第一张创作专辑,1.0,0.0
655,386936,哪,r,1,1,38315,第一张创作专辑,录音室专辑,1999-07-07,8,志明与春娇,第一张创作专辑,1.0,0.0
656,386936,无欲,v,1,1,38315,第一张创作专辑,录音室专辑,1999-07-07,8,志明与春娇,第一张创作专辑,1.0,0.0
657,386936,和,c,1,1,38315,第一张创作专辑,录音室专辑,1999-07-07,8,志明与春娇,第一张创作专辑,1.0,0.0
658,386936,搬,v,1,1,38315,第一张创作专辑,录音室专辑,1999-07-07,8,志明与春娇,第一张创作专辑,1.0,0.0
659,386936,这场,mq,1,1,38315,第一张创作专辑,录音室专辑,1999-07-07,8,志明与春娇,第一张创作专辑,1.0,0.0
660,386936,电影,n,1,1,38315,第一张创作专辑,录音室专辑,1999-07-07,8,志明与春娇,第一张创作专辑,1.0,0.0
661,386936,咱,r,1,1,38315,第一张创作专辑,录音室专辑,1999-07-07,8,志明与春娇,第一张创作专辑,1.0,0.0
662,386936,着行,v,1,1,38315,第一张创作专辑,录音室专辑,1999-07-07,8,志明与春娇,第一张创作专辑,1.0,0.0
663,386936,这位,rz,1,1,38315,第一张创作专辑,录音室专辑,1999-07-07,8,志明与春娇,第一张创作专辑,1.0,0.0
664,386936,准,a,1,1,38315,第一张创作专辑,录音室专辑,1999-07-07,8,志明与春娇,第一张创作专辑,1.0,0.0
665,386936,拄,v,1,1,38315,第一张创作专辑,录音室专辑,1999-07-07,8,志明与春娇,第一张创作专辑,1.0,0.0
666,386936,煞,v,1,1,38315,第一张创作专辑,录音室专辑,1999-07-07,8,志明与春娇,第一张创作专辑,1.0,0.0
667,386939,Hosee,eng,33,1,38315,第一张创作专辑,录音室专辑,1999-07-07,9,HoSee,第一张创作专辑,1.0,0.0
668,386939,呼伊死,nr,15,1,38315,第一张创作专辑,录音室专辑,1999-07-07,9,HoSee,第一张创作专辑,1.0,0.0
669,386939,的,uj,7,1,38315,第一张创作专辑,录音室专辑,1999-07-07,9,HoSee,第一张创作专辑,1.0,0.0
670,386939,人,n,7,1,38315,第一张创作专辑,录音室专辑,1999-07-07,9,HoSee,第一张创作专辑,1.0,0.0
671,386939,看,v,6,1,38315,第一张创作专辑,录音室专辑,1999-07-07,9,HoSee,第一张创作专辑,1.0,0.0
672,386939,谁,r,6,1,38315,第一张创作专辑,录音室专辑,1999-07-07,9,HoSee,第一张创作专辑,1.0,0.0
673,386939,就,d,5,1,38315,第一张创作专辑,录音室专辑,1999-07-07,9,HoSee,第一张创作专辑,1.0,0.0
674,386939,我,r,4,1,38315,第一张创作专辑,录音室专辑,1999-07-07,9,HoSee,第一张创作专辑,1.0,0.0
675,386939,下去,t,4,1,38315,第一张创作专辑,录音室专辑,1999-07-07,9,HoSee,第一张创作专辑,1.0,0.0
676,386939,眠,vg,3,1,38315,第一张创作专辑,录音室专辑,1999-07-07,9,HoSee,第一张创作专辑,1.0,0.0
677,386939,先,d,3,1,38315,第一张创作专辑,录音室专辑,1999-07-07,9,HoSee,第一张创作专辑,1.0,0.0
678,386939,倒,v,3,1,38315,第一张创作专辑,录音室专辑,1999-07-07,9,HoSee,第一张创作专辑,1.0,0.0
679,386939,卡,n,3,1,38315,第一张创作专辑,录音室专辑,1999-07-07,9,HoSee,第一张创作专辑,1.0,0.0
680,386939,大支,m,3,1,38315,第一张创作专辑,录音室专辑,1999-07-07,9,HoSee,第一张创作专辑,1.0,0.0
681,386939,不爽,a,3,1,38315,第一张创作专辑,录音室专辑,1999-07-07,9,HoSee,第一张创作专辑,1.0,0.0
682,386939,一点,m,2,1,38315,第一张创作专辑,录音室专辑,1999-07-07,9,HoSee,第一张创作专辑,1.0,0.0
683,386939,哪,r,2,1,38315,第一张创作专辑,录音室专辑,1999-07-07,9,HoSee,第一张创作专辑,1.0,0.0
684,386939,会,v,2,1,38315,第一张创作专辑,录音室专辑,1999-07-07,9,HoSee,第一张创作专辑,1.0,0.0
685,386939,按,p,2,1,38315,第一张创作专辑,录音室专辑,1999-07-07,9,HoSee,第一张创作专辑,1.0,0.0
686,386939,呢,y,2,1,38315,第一张创作专辑,录音室专辑,1999-07-07,9,HoSee,第一张创作专辑,1.0,0.0
687,386939,紧紧,d,2,1,38315,第一张创作专辑,录音室专辑,1999-07-07,9,HoSee,第一张创作专辑,1.0,0.0
688,386939,变,v,2,1,38315,第一张创作专辑,录音室专辑,1999-07-07,9,HoSee,第一张创作专辑,1.0,0.0
689,386939,甲,n,2,1,38315,第一张创作专辑,录音室专辑,1999-07-07,9,HoSee,第一张创作专辑,1.0,0.0
690,386939,这,r,2,1,38315,第一张创作专辑,录音室专辑,1999-07-07,9,HoSee,第一张创作专辑,1.0,0.0
691,386939,是,v,2,1,38315,第一张创作专辑,录音室专辑,1999-07-07,9,HoSee,第一张创作专辑,1.0,0.0
692,386939,你,r,2,1,38315,第一张创作专辑,录音室专辑,1999-07-07,9,HoSee,第一张创作专辑,1.0,0.0
693,386939,生,n,2,1,38315,第一张创作专辑,录音室专辑,1999-07-07,9,HoSee,第一张创作专辑,1.0,0.0
694,386939,枪子,n,1,1,38315,第一张创作专辑,录音室专辑,1999-07-07,9,HoSee,第一张创作专辑,1.0,0.0
695,386939,无声,d,1,1,38315,第一张创作专辑,录音室专辑,1999-07-07,9,HoSee,第一张创作专辑,1.0,0.0
696,386939,钻来,v,1,1,38315,第一张创作专辑,录音室专辑,1999-07-07,9,HoSee,第一张创作专辑,1.0,0.0
697,386939,钻去,v,1,1,38315,第一张创作专辑,录音室专辑,1999-07-07,9,HoSee,第一张创作专辑,1.0,0.0
698,386939,打破,v,1,1,38315,第一张创作专辑,录音室专辑,1999-07-07,9,HoSee,第一张创作专辑,1.0,0.0
699,386939,今,tg,1,1,38315,第一张创作专辑,录音室专辑,1999-07-07,9,HoSee,第一张创作专辑,1.0,0.0
700,386939,空气,n,1,1,38315,第一张创作专辑,录音室专辑,1999-07-07,9,HoSee,第一张创作专辑,1.0,0.0
701,386939,半,m,1,1,38315,第一张创作专辑,录音室专辑,1999-07-07,9,HoSee,第一张创作专辑,1.0,0.0
702,386939,巷仔,n,1,1,38315,第一张创作专辑,录音室专辑,1999-07-07,9,HoSee,第一张创作专辑,1.0,0.0
703,386939,内,f,1,1,38315,第一张创作专辑,录音室专辑,1999-07-07,9,HoSee,第一张创作专辑,1.0,0.0
704,386939,在,p,1,1,38315,第一张创作专辑,录音室专辑,1999-07-07,9,HoSee,第一张创作专辑,1.0,0.0
705,386939,播,v,1,1,38315,第一张创作专辑,录音室专辑,1999-07-07,9,HoSee,第一张创作专辑,1.0,0.0
706,386939,一出戏,i,1,1,38315,第一张创作专辑,录音室专辑,1999-07-07,9,HoSee,第一张创作专辑,1.0,0.0
707,386939,想来想去,l,1,1,38315,第一张创作专辑,录音室专辑,1999-07-07,9,HoSee,第一张创作专辑,1.0,0.0
708,386939,活得,v,1,1,38315,第一张创作专辑,录音室专辑,1999-07-07,9,HoSee,第一张创作专辑,1.0,0.0
709,386939,真不,d,1,1,38315,第一张创作专辑,录音室专辑,1999-07-07,9,HoSee,第一张创作专辑,1.0,0.0
710,386939,舒适,a,1,1,38315,第一张创作专辑,录音室专辑,1999-07-07,9,HoSee,第一张创作专辑,1.0,0.0
711,386939,稍微,d,1,1,38315,第一张创作专辑,录音室专辑,1999-07-07,9,HoSee,第一张创作专辑,1.0,0.0
712,386939,风吹草动,i,1,1,38315,第一张创作专辑,录音室专辑,1999-07-07,9,HoSee,第一张创作专辑,1.0,0.0
713,386939,把,p,1,1,38315,第一张创作专辑,录音室专辑,1999-07-07,9,HoSee,第一张创作专辑,1.0,0.0
714,386939,仔,ng,1,1,38315,第一张创作专辑,录音室专辑,1999-07-07,9,HoSee,第一张创作专辑,1.0,0.0
715,386939,抓,v,1,1,38315,第一张创作专辑,录音室专辑,1999-07-07,9,HoSee,第一张创作专辑,1.0,0.0
716,386939,世界,n,1,1,38315,第一张创作专辑,录音室专辑,1999-07-07,9,HoSee,第一张创作专辑,1.0,0.0
717,386939,颠三倒四,i,1,1,38315,第一张创作专辑,录音室专辑,1999-07-07,9,HoSee,第一张创作专辑,1.0,0.0
718,386939,人生,n,1,1,38315,第一张创作专辑,录音室专辑,1999-07-07,9,HoSee,第一张创作专辑,1.0,0.0
719,386939,过甲亲,n,1,1,38315,第一张创作专辑,录音室专辑,1999-07-07,9,HoSee,第一张创作专辑,1.0,0.0
720,386939,像,v,1,1,38315,第一张创作专辑,录音室专辑,1999-07-07,9,HoSee,第一张创作专辑,1.0,0.0
721,386939,战争,n,1,1,38315,第一张创作专辑,录音室专辑,1999-07-07,9,HoSee,第一张创作专辑,1.0,0.0
722,386939,委屈,v,1,1,38315,第一张创作专辑,录音室专辑,1999-07-07,9,HoSee,第一张创作专辑,1.0,0.0
723,386939,若是,c,1,1,38315,第一张创作专辑,录音室专辑,1999-07-07,9,HoSee,第一张创作专辑,1.0,0.0
724,386939,吞不,i,1,1,38315,第一张创作专辑,录音室专辑,1999-07-07,9,HoSee,第一张创作专辑,1.0,0.0
725,386939,一声,m,1,1,38315,第一张创作专辑,录音室专辑,1999-07-07,9,HoSee,第一张创作专辑,1.0,0.0
726,386939,翻脸,v,1,1,38315,第一张创作专辑,录音室专辑,1999-07-07,9,HoSee,第一张创作专辑,1.0,0.0
727,386939,江湖,ns,1,1,38315,第一张创作专辑,录音室专辑,1999-07-07,9,HoSee,第一张创作专辑,1.0,0.0
728,386939,没,d,1,1,38315,第一张创作专辑,录音室专辑,1999-07-07,9,HoSee,第一张创作专辑,1.0,0.0
729,386939,义气,n,1,1,38315,第一张创作专辑,录音室专辑,1999-07-07,9,HoSee,第一张创作专辑,1.0,0.0
730,386939,朋友,n,1,1,38315,第一张创作专辑,录音室专辑,1999-07-07,9,HoSee,第一张创作专辑,1.0,0.0
731,386939,歹,ag,1,1,38315,第一张创作专辑,录音室专辑,1999-07-07,9,HoSee,第一张创作专辑,1.0,0.0
732,386939,逗,v,1,1,38315,第一张创作专辑,录音室专辑,1999-07-07,9,HoSee,第一张创作专辑,1.0,0.0
733,386939,阵,ng,1,1,38315,第一张创作专辑,录音室专辑,1999-07-07,9,HoSee,第一张创作专辑,1.0,0.0
734,386939,真正,d,1,1,38315,第一张创作专辑,录音室专辑,1999-07-07,9,HoSee,第一张创作专辑,1.0,0.0
735,386939,若,c,1,1,38315,第一张创作专辑,录音室专辑,1999-07-07,9,HoSee,第一张创作专辑,1.0,0.0
736,386939,发生,v,1,1,38315,第一张创作专辑,录音室专辑,1999-07-07,9,HoSee,第一张创作专辑,1.0,0.0
737,386939,事情,n,1,1,38315,第一张创作专辑,录音室专辑,1999-07-07,9,HoSee,第一张创作专辑,1.0,0.0
738,386939,拢,v,1,1,38315,第一张创作专辑,录音室专辑,1999-07-07,9,HoSee,第一张创作专辑,1.0,0.0
739,386939,溜,v,1,1,38315,第一张创作专辑,录音室专辑,1999-07-07,9,HoSee,第一张创作专辑,1.0,0.0
740,386939,手,n,1,1,38315,第一张创作专辑,录音室专辑,1999-07-07,9,HoSee,第一张创作专辑,1.0,0.0
741,386939,拿,v,1,1,38315,第一张创作专辑,录音室专辑,1999-07-07,9,HoSee,第一张创作专辑,1.0,0.0
742,386939,黑星,n,1,1,38315,第一张创作专辑,录音室专辑,1999-07-07,9,HoSee,第一张创作专辑,1.0,0.0
743,386939,走,v,1,1,38315,第一张创作专辑,录音室专辑,1999-07-07,9,HoSee,第一张创作专辑,1.0,0.0
744,386939,三,m,1,1,38315,第一张创作专辑,录音室专辑,1999-07-07,9,HoSee,第一张创作专辑,1.0,0.0
745,386939,关,n,1,1,38315,第一张创作专辑,录音室专辑,1999-07-07,9,HoSee,第一张创作专辑,1.0,0.0
746,386939,一天到晚,l,1,1,38315,第一张创作专辑,录音室专辑,1999-07-07,9,HoSee,第一张创作专辑,1.0,0.0
747,386939,惊乎,v,1,1,38315,第一张创作专辑,录音室专辑,1999-07-07,9,HoSee,第一张创作专辑,1.0,0.0
748,386939,抬,v,1,1,38315,第一张创作专辑,录音室专辑,1999-07-07,9,HoSee,第一张创作专辑,1.0,0.0
749,386939,兄弟,n,1,1,38315,第一张创作专辑,录音室专辑,1999-07-07,9,HoSee,第一张创作专辑,1.0,0.0
750,386939,啊,zg,1,1,38315,第一张创作专辑,录音室专辑,1999-07-07,9,HoSee,第一张创作专辑,1.0,0.0
751,386939,要是,c,1,1,38315,第一张创作专辑,录音室专辑,1999-07-07,9,HoSee,第一张创作专辑,1.0,0.0
752,386939,太,d,1,1,38315,第一张创作专辑,录音室专辑,1999-07-07,9,HoSee,第一张创作专辑,1.0,0.0
753,386939,嚣张,a,1,1,38315,第一张创作专辑,录音室专辑,1999-07-07,9,HoSee,第一张创作专辑,1.0,0.0
754,386939,送,v,1,1,38315,第一张创作专辑,录音室专辑,1999-07-07,9,HoSee,第一张创作专辑,1.0,0.0
755,386939,苏州,ns,1,1,38315,第一张创作专辑,录音室专辑,1999-07-07,9,HoSee,第一张创作专辑,1.0,0.0
756,386939,卖,v,1,1,38315,第一张创作专辑,录音室专辑,1999-07-07,9,HoSee,第一张创作专辑,1.0,0.0
757,386939,鸭蛋,n,1,1,38315,第一张创作专辑,录音室专辑,1999-07-07,9,HoSee,第一张创作专辑,1.0,0.0
758,386939,昨,tg,1,1,38315,第一张创作专辑,录音室专辑,1999-07-07,9,HoSee,第一张创作专辑,1.0,0.0
759,386939,阁,ng,1,1,38315,第一张创作专辑,录音室专辑,1999-07-07,9,HoSee,第一张创作专辑,1.0,0.0
760,386939,再,d,1,1,38315,第一张创作专辑,录音室专辑,1999-07-07,9,HoSee,第一张创作专辑,1.0,0.0
761,386939,梦到,v,1,1,38315,第一张创作专辑,录音室专辑,1999-07-07,9,HoSee,第一张创作专辑,1.0,0.0
762,386939,伊,ns,1,1,38315,第一张创作专辑,录音室专辑,1999-07-07,9,HoSee,第一张创作专辑,1.0,0.0
763,386939,牵手,v,1,1,38315,第一张创作专辑,录音室专辑,1999-07-07,9,HoSee,第一张创作专辑,1.0,0.0
764,386939,散步,n,1,1,38315,第一张创作专辑,录音室专辑,1999-07-07,9,HoSee,第一张创作专辑,1.0,0.0
765,386939,日子,n,1,1,38315,第一张创作专辑,录音室专辑,1999-07-07,9,HoSee,第一张创作专辑,1.0,0.0
766,386939,甘知,nr,1,1,38315,第一张创作专辑,录音室专辑,1999-07-07,9,HoSee,第一张创作专辑,1.0,0.0
767,386939,当初,t,1,1,38315,第一张创作专辑,录音室专辑,1999-07-07,9,HoSee,第一张创作专辑,1.0,0.0
768,386939,男儿,n,1,1,38315,第一张创作专辑,录音室专辑,1999-07-07,9,HoSee,第一张创作专辑,1.0,0.0
769,386939,变甲,n,1,1,38315,第一张创作专辑,录音室专辑,1999-07-07,9,HoSee,第一张创作专辑,1.0,0.0
770,386939,四面八方,i,1,1,38315,第一张创作专辑,录音室专辑,1999-07-07,9,HoSee,第一张创作专辑,1.0,0.0
771,386939,团团,n,1,1,38315,第一张创作专辑,录音室专辑,1999-07-07,9,HoSee,第一张创作专辑,1.0,0.0
772,386939,包围,v,1,1,38315,第一张创作专辑,录音室专辑,1999-07-07,9,HoSee,第一张创作专辑,1.0,0.0
773,386939,右边,f,1,1,38315,第一张创作专辑,录音室专辑,1999-07-07,9,HoSee,第一张创作专辑,1.0,0.0
774,386939,左边,f,1,1,38315,第一张创作专辑,录音室专辑,1999-07-07,9,HoSee,第一张创作专辑,1.0,0.0
775,386939,撞,v,1,1,38315,第一张创作专辑,录音室专辑,1999-07-07,9,HoSee,第一张创作专辑,1.0,0.0
776,386939,不,d,1,1,38315,第一张创作专辑,录音室专辑,1999-07-07,9,HoSee,第一张创作专辑,1.0,0.0
777,386939,出去,v,1,1,38315,第一张创作专辑,录音室专辑,1999-07-07,9,HoSee,第一张创作专辑,1.0,0.0
778,386939,嘛,y,1,1,38315,第一张创作专辑,录音室专辑,1999-07-07,9,HoSee,第一张创作专辑,1.0,0.0
779,386939,不知,v,1,1,38315,第一张创作专辑,录音室专辑,1999-07-07,9,HoSee,第一张创作专辑,1.0,0.0
780,386939,过,ug,1,1,38315,第一张创作专辑,录音室专辑,1999-07-07,9,HoSee,第一张创作专辑,1.0,0.0
781,386939,了,ul,1,1,38315,第一张创作专辑,录音室专辑,1999-07-07,9,HoSee,第一张创作专辑,1.0,0.0
782,386939,今眠,t,1,1,38315,第一张创作专辑,录音室专辑,1999-07-07,9,HoSee,第一张创作专辑,1.0,0.0
783,386939,还是,c,1,1,38315,第一张创作专辑,录音室专辑,1999-07-07,9,HoSee,第一张创作专辑,1.0,0.0
784,386939,死,v,1,1,38315,第一张创作专辑,录音室专辑,1999-07-07,9,HoSee,第一张创作专辑,1.0,0.0
785,386942,我,r,31,1,38315,第一张创作专辑,录音室专辑,1999-07-07,10,黑白讲,第一张创作专辑,1.0,0.0
786,386942,莫,d,15,1,38315,第一张创作专辑,录音室专辑,1999-07-07,10,黑白讲,第一张创作专辑,1.0,0.0
787,386942,戆,yg,15,1,38315,第一张创作专辑,录音室专辑,1999-07-07,10,黑白讲,第一张创作专辑,1.0,0.0
788,386942,的,uj,14,1,38315,第一张创作专辑,录音室专辑,1999-07-07,10,黑白讲,第一张创作专辑,1.0,0.0
789,386942,汝,r,13,1,38315,第一张创作专辑,录音室专辑,1999-07-07,10,黑白讲,第一张创作专辑,1.0,0.0
790,386942,拢,v,9,1,38315,第一张创作专辑,录音室专辑,1999-07-07,10,黑白讲,第一张创作专辑,1.0,0.0
791,386942,一,m,8,1,38315,第一张创作专辑,录音室专辑,1999-07-07,10,黑白讲,第一张创作专辑,1.0,0.0
792,386942,摆,v,8,1,38315,第一张创作专辑,录音室专辑,1999-07-07,10,黑白讲,第一张创作专辑,1.0,0.0
793,386942,欲,d,8,1,38315,第一张创作专辑,录音室专辑,1999-07-07,10,黑白讲,第一张创作专辑,1.0,0.0
794,386942,是,v,7,1,38315,第一张创作专辑,录音室专辑,1999-07-07,10,黑白讲,第一张创作专辑,1.0,0.0
795,386942,无,v,7,1,38315,第一张创作专辑,录音室专辑,1999-07-07,10,黑白讲,第一张创作专辑,1.0,0.0
796,386942,叫,v,7,1,38315,第一张创作专辑,录音室专辑,1999-07-07,10,黑白讲,第一张创作专辑,1.0,0.0
797,386942,听,v,7,1,38315,第一张创作专辑,录音室专辑,1999-07-07,10,黑白讲,第一张创作专辑,1.0,0.0
798,386942,做,v,6,1,38315,第一张创作专辑,录音室专辑,1999-07-07,10,黑白讲,第一张创作专辑,1.0,0.0
799,386942,想,v,6,1,38315,第一张创作专辑,录音室专辑,1999-07-07,10,黑白讲,第一张创作专辑,1.0,0.0
800,386942,世界,n,5,1,38315,第一张创作专辑,录音室专辑,1999-07-07,10,黑白讲,第一张创作专辑,1.0,0.0
801,386942,会,v,5,1,38315,第一张创作专辑,录音室专辑,1999-07-07,10,黑白讲,第一张创作专辑,1.0,0.0
802,386942,咧,v,5,1,38315,第一张创作专辑,录音室专辑,1999-07-07,10,黑白讲,第一张创作专辑,1.0,0.0
803,386942,乌白,z,5,1,38315,第一张创作专辑,录音室专辑,1999-07-07,10,黑白讲,第一张创作专辑,1.0,0.0
804,386942,佫,yg,4,1,38315,第一张创作专辑,录音室专辑,1999-07-07,10,黑白讲,第一张创作专辑,1.0,0.0
805,386942,路,n,4,1,38315,第一张创作专辑,录音室专辑,1999-07-07,10,黑白讲,第一张创作专辑,1.0,0.0
806,386942,讲,v,4,1,38315,第一张创作专辑,录音室专辑,1999-07-07,10,黑白讲,第一张创作专辑,1.0,0.0
807,386942,哪,r,3,1,38315,第一张创作专辑,录音室专辑,1999-07-07,10,黑白讲,第一张创作专辑,1.0,0.0
808,386942,声音,n,3,1,38315,第一张创作专辑,录音室专辑,1999-07-07,10,黑白讲,第一张创作专辑,1.0,0.0
809,386942,青春,n,3,1,38315,第一张创作专辑,录音室专辑,1999-07-07,10,黑白讲,第一张创作专辑,1.0,0.0
810,386942,战争,n,3,1,38315,第一张创作专辑,录音室专辑,1999-07-07,10,黑白讲,第一张创作专辑,1.0,0.0
811,386942,渴望,v,3,1,38315,第一张创作专辑,录音室专辑,1999-07-07,10,黑白讲,第一张创作专辑,1.0,0.0
812,386942,流血,v,3,1,38315,第一张创作专辑,录音室专辑,1999-07-07,10,黑白讲,第一张创作专辑,1.0,0.0
813,386942,有啥,r,3,1,38315,第一张创作专辑,录音室专辑,1999-07-07,10,黑白讲,第一张创作专辑,1.0,0.0
814,386942,物,n,3,1,38315,第一张创作专辑,录音室专辑,1999-07-07,10,黑白讲,第一张创作专辑,1.0,0.0
815,386942,绝招,m,3,1,38315,第一张创作专辑,录音室专辑,1999-07-07,10,黑白讲,第一张创作专辑,1.0,0.0
816,386942,变,v,3,1,38315,第一张创作专辑,录音室专辑,1999-07-07,10,黑白讲,第一张创作专辑,1.0,0.0
817,386942,好,a,3,1,38315,第一张创作专辑,录音室专辑,1999-07-07,10,黑白讲,第一张创作专辑,1.0,0.0
818,386942,兄弟,n,3,1,38315,第一张创作专辑,录音室专辑,1999-07-07,10,黑白讲,第一张创作专辑,1.0,0.0
819,386942,拍拢,v,3,1,38315,第一张创作专辑,录音室专辑,1999-07-07,10,黑白讲,第一张创作专辑,1.0,0.0
820,386942,袂,ng,3,1,38315,第一张创作专辑,录音室专辑,1999-07-07,10,黑白讲,第一张创作专辑,1.0,0.0
821,386942,死,v,3,1,38315,第一张创作专辑,录音室专辑,1999-07-07,10,黑白讲,第一张创作专辑,1.0,0.0
822,386942,行路,n,3,1,38315,第一张创作专辑,录音室专辑,1999-07-07,10,黑白讲,第一张创作专辑,1.0,0.0
823,386942,有,v,3,1,38315,第一张创作专辑,录音室专辑,1999-07-07,10,黑白讲,第一张创作专辑,1.0,0.0
824,386942,风,n,3,1,38315,第一张创作专辑,录音室专辑,1999-07-07,10,黑白讲,第一张创作专辑,1.0,0.0
825,386942,真真正正,nr,3,1,38315,第一张创作专辑,录音室专辑,1999-07-07,10,黑白讲,第一张创作专辑,1.0,0.0
826,386942,英雄,ns,3,1,38315,第一张创作专辑,录音室专辑,1999-07-07,10,黑白讲,第一张创作专辑,1.0,0.0
827,386942,踅,v,2,1,38315,第一张创作专辑,录音室专辑,1999-07-07,10,黑白讲,第一张创作专辑,1.0,0.0
828,386942,过,ug,2,1,38315,第一张创作专辑,录音室专辑,1999-07-07,10,黑白讲,第一张创作专辑,1.0,0.0
829,386942,了,ul,2,1,38315,第一张创作专辑,录音室专辑,1999-07-07,10,黑白讲,第一张创作专辑,1.0,0.0
830,386942,街,n,2,1,38315,第一张创作专辑,录音室专辑,1999-07-07,10,黑白讲,第一张创作专辑,1.0,0.0
831,386942,仔,ng,2,1,38315,第一张创作专辑,录音室专辑,1999-07-07,10,黑白讲,第一张创作专辑,1.0,0.0
832,386942,规工,n,2,1,38315,第一张创作专辑,录音室专辑,1999-07-07,10,黑白讲,第一张创作专辑,1.0,0.0
833,386942,意义,n,2,1,38315,第一张创作专辑,录音室专辑,1999-07-07,10,黑白讲,第一张创作专辑,1.0,0.0
834,386942,走,v,2,1,38315,第一张创作专辑,录音室专辑,1999-07-07,10,黑白讲,第一张创作专辑,1.0,0.0
835,386942,傱,zg,2,1,38315,第一张创作专辑,录音室专辑,1999-07-07,10,黑白讲,第一张创作专辑,1.0,0.0
836,386942,天光,n,2,1,38315,第一张创作专辑,录音室专辑,1999-07-07,10,黑白讲,第一张创作专辑,1.0,0.0
837,386942,到,v,2,1,38315,第一张创作专辑,录音室专辑,1999-07-07,10,黑白讲,第一张创作专辑,1.0,0.0
838,386942,天,q,2,1,38315,第一张创作专辑,录音室专辑,1999-07-07,10,黑白讲,第一张创作专辑,1.0,0.0
839,386942,乌,n,2,1,38315,第一张创作专辑,录音室专辑,1999-07-07,10,黑白讲,第一张创作专辑,1.0,0.0
840,386942,万事,n,2,1,38315,第一张创作专辑,录音室专辑,1999-07-07,10,黑白讲,第一张创作专辑,1.0,0.0
841,386942,照常,d,2,1,38315,第一张创作专辑,录音室专辑,1999-07-07,10,黑白讲,第一张创作专辑,1.0,0.0
842,386942,无聊,a,2,1,38315,第一张创作专辑,录音室专辑,1999-07-07,10,黑白讲,第一张创作专辑,1.0,0.0
843,386942,侬,g,2,1,38315,第一张创作专辑,录音室专辑,1999-07-07,10,黑白讲,第一张创作专辑,1.0,0.0
844,386942,起,v,2,1,38315,第一张创作专辑,录音室专辑,1999-07-07,10,黑白讲,第一张创作专辑,1.0,0.0
845,386942,狂,d,2,1,38315,第一张创作专辑,录音室专辑,1999-07-07,10,黑白讲,第一张创作专辑,1.0,0.0
846,386942,忍受着,v,2,1,38315,第一张创作专辑,录音室专辑,1999-07-07,10,黑白讲,第一张创作专辑,1.0,0.0
847,386942,啰嗦,z,2,1,38315,第一张创作专辑,录音室专辑,1999-07-07,10,黑白讲,第一张创作专辑,1.0,0.0
848,386942,汝予,nr,2,1,38315,第一张创作专辑,录音室专辑,1999-07-07,10,黑白讲,第一张创作专辑,1.0,0.0
849,386942,只有,c,2,1,38315,第一张创作专辑,录音室专辑,1999-07-07,10,黑白讲,第一张创作专辑,1.0,0.0
850,386942,一条,m,2,1,38315,第一张创作专辑,录音室专辑,1999-07-07,10,黑白讲,第一张创作专辑,1.0,0.0
851,386942,爱,v,2,1,38315,第一张创作专辑,录音室专辑,1999-07-07,10,黑白讲,第一张创作专辑,1.0,0.0
852,386942,拼,v,2,1,38315,第一张创作专辑,录音室专辑,1999-07-07,10,黑白讲,第一张创作专辑,1.0,0.0
853,386942,则,d,2,1,38315,第一张创作专辑,录音室专辑,1999-07-07,10,黑白讲,第一张创作专辑,1.0,0.0
854,386942,赢,v,2,1,38315,第一张创作专辑,录音室专辑,1999-07-07,10,黑白讲,第一张创作专辑,1.0,0.0
855,386942,毋,d,2,1,38315,第一张创作专辑,录音室专辑,1999-07-07,10,黑白讲,第一张创作专辑,1.0,0.0
856,386942,前途,n,2,1,38315,第一张创作专辑,录音室专辑,1999-07-07,10,黑白讲,第一张创作专辑,1.0,0.0
857,386942,看袂,v,2,1,38315,第一张创作专辑,录音室专辑,1999-07-07,10,黑白讲,第一张创作专辑,1.0,0.0
858,386942,着,uz,2,1,38315,第一张创作专辑,录音室专辑,1999-07-07,10,黑白讲,第一张创作专辑,1.0,0.0
859,386948,的,uj,19,1,38315,第一张创作专辑,录音室专辑,1999-07-07,11,I Love You 无望,第一张创作专辑,1.0,0.0
860,386948,我,r,17,1,38315,第一张创作专辑,录音室专辑,1999-07-07,11,I Love You 无望,第一张创作专辑,1.0,0.0
861,386948,侬,g,16,1,38315,第一张创作专辑,录音室专辑,1999-07-07,11,I Love You 无望,第一张创作专辑,1.0,0.0
862,386948,汝,r,12,1,38315,第一张创作专辑,录音室专辑,1999-07-07,11,I Love You 无望,第一张创作专辑,1.0,0.0
863,386948,是,v,11,1,38315,第一张创作专辑,录音室专辑,1999-07-07,11,I Love You 无望,第一张创作专辑,1.0,0.0
864,386948,无望,v,10,1,38315,第一张创作专辑,录音室专辑,1999-07-07,11,I Love You 无望,第一张创作专辑,1.0,0.0
865,386948,LOVE,eng,8,1,38315,第一张创作专辑,录音室专辑,1999-07-07,11,I Love You 无望,第一张创作专辑,1.0,0.0
866,386948,YOU,eng,8,1,38315,第一张创作专辑,录音室专辑,1999-07-07,11,I Love You 无望,第一张创作专辑,1.0,0.0
867,386948,这,r,8,1,38315,第一张创作专辑,录音室专辑,1999-07-07,11,I Love You 无望,第一张创作专辑,1.0,0.0
868,386948,款,n,8,1,38315,第一张创作专辑,录音室专辑,1999-07-07,11,I Love You 无望,第一张创作专辑,1.0,0.0
869,386948,无法,n,8,1,38315,第一张创作专辑,录音室专辑,1999-07-07,11,I Love You 无望,第一张创作专辑,1.0,0.0
870,386948,将,d,6,1,38315,第一张创作专辑,录音室专辑,1999-07-07,11,I Love You 无望,第一张创作专辑,1.0,0.0
871,386948,每一,r,5,1,38315,第一张创作专辑,录音室专辑,1999-07-07,11,I Love You 无望,第一张创作专辑,1.0,0.0
872,386948,工,n,5,1,38315,第一张创作专辑,录音室专辑,1999-07-07,11,I Love You 无望,第一张创作专辑,1.0,0.0
873,386948,梦,n,4,1,38315,第一张创作专辑,录音室专辑,1999-07-07,11,I Love You 无望,第一张创作专辑,1.0,0.0
874,386948,敢,v,4,1,38315,第一张创作专辑,录音室专辑,1999-07-07,11,I Love You 无望,第一张创作专辑,1.0,0.0
875,386948,度来,v,4,1,38315,第一张创作专辑,录音室专辑,1999-07-07,11,I Love You 无望,第一张创作专辑,1.0,0.0
876,386948,做,v,4,1,38315,第一张创作专辑,录音室专辑,1999-07-07,11,I Love You 无望,第一张创作专辑,1.0,0.0
877,386948,阵,ng,4,1,38315,第一张创作专辑,录音室专辑,1999-07-07,11,I Love You 无望,第一张创作专辑,1.0,0.0
878,386948,也,d,4,1,38315,第一张创作专辑,录音室专辑,1999-07-07,11,I Love You 无望,第一张创作专辑,1.0,0.0
879,386948,度,q,4,1,38315,第一张创作专辑,录音室专辑,1999-07-07,11,I Love You 无望,第一张创作专辑,1.0,0.0
880,386948,阮放,nr,4,1,38315,第一张创作专辑,录音室专辑,1999-07-07,11,I Love You 无望,第一张创作专辑,1.0,0.0
881,386948,身边,s,4,1,38315,第一张创作专辑,录音室专辑,1999-07-07,11,I Love You 无望,第一张创作专辑,1.0,0.0
882,386948,无,v,4,1,38315,第一张创作专辑,录音室专辑,1999-07-07,11,I Love You 无望,第一张创作专辑,1.0,0.0
883,386948,半项,m,4,1,38315,第一张创作专辑,录音室专辑,1999-07-07,11,I Love You 无望,第一张创作专辑,1.0,0.0
884,386948,只有,c,4,1,38315,第一张创作专辑,录音室专辑,1999-07-07,11,I Love You 无望,第一张创作专辑,1.0,0.0
885,386948,对,p,4,1,38315,第一张创作专辑,录音室专辑,1999-07-07,11,I Love You 无望,第一张创作专辑,1.0,0.0
886,386948,思念,n,4,1,38315,第一张创作专辑,录音室专辑,1999-07-07,11,I Love You 无望,第一张创作专辑,1.0,0.0
887,386948,着,uz,3,1,38315,第一张创作专辑,录音室专辑,1999-07-07,11,I Love You 无望,第一张创作专辑,1.0,0.0
888,386948,陪伴,n,3,1,38315,第一张创作专辑,录音室专辑,1999-07-07,11,I Love You 无望,第一张创作专辑,1.0,0.0
889,386948,形影,n,2,1,38315,第一张创作专辑,录音室专辑,1999-07-07,11,I Love You 无望,第一张创作专辑,1.0,0.0
890,386948,叫,v,2,1,38315,第一张创作专辑,录音室专辑,1999-07-07,11,I Love You 无望,第一张创作专辑,1.0,0.0
891,386948,逐工,d,2,1,38315,第一张创作专辑,录音室专辑,1999-07-07,11,I Love You 无望,第一张创作专辑,1.0,0.0
892,386948,做眠,v,2,1,38315,第一张创作专辑,录音室专辑,1999-07-07,11,I Love You 无望,第一张创作专辑,1.0,0.0
893,386948,中,f,2,1,38315,第一张创作专辑,录音室专辑,1999-07-07,11,I Love You 无望,第一张创作专辑,1.0,0.0
894,386948,可爱,v,2,1,38315,第一张创作专辑,录音室专辑,1999-07-07,11,I Love You 无望,第一张创作专辑,1.0,0.0
895,386948,伊,j,2,1,38315,第一张创作专辑,录音室专辑,1999-07-07,11,I Love You 无望,第一张创作专辑,1.0,0.0
896,386948,毋是,c,2,1,38315,第一张创作专辑,录音室专辑,1999-07-07,11,I Love You 无望,第一张创作专辑,1.0,0.0
897,386948,别,d,2,1,38315,第一张创作专辑,录音室专辑,1999-07-07,11,I Love You 无望,第一张创作专辑,1.0,0.0
898,386948,一分钟,m,2,1,38315,第一张创作专辑,录音室专辑,1999-07-07,11,I Love You 无望,第一张创作专辑,1.0,0.0
899,386948,也袂,d,2,1,38315,第一张创作专辑,录音室专辑,1999-07-07,11,I Love You 无望,第一张创作专辑,1.0,0.0
900,386948,当,p,2,1,38315,第一张创作专辑,录音室专辑,1999-07-07,11,I Love You 无望,第一张创作专辑,1.0,0.0
901,386948,轻松,a,2,1,38315,第一张创作专辑,录音室专辑,1999-07-07,11,I Love You 无望,第一张创作专辑,1.0,0.0
902,386948,阮爱,nr,2,1,38315,第一张创作专辑,录音室专辑,1999-07-07,11,I Love You 无望,第一张创作专辑,1.0,0.0
903,386948,阮,nr,2,1,38315,第一张创作专辑,录音室专辑,1999-07-07,11,I Love You 无望,第一张创作专辑,1.0,0.0
904,386948,来,v,2,1,38315,第一张创作专辑,录音室专辑,1999-07-07,11,I Love You 无望,第一张创作专辑,1.0,0.0
905,386948,戏弄,v,2,1,38315,第一张创作专辑,录音室专辑,1999-07-07,11,I Love You 无望,第一张创作专辑,1.0,0.0
906,386948,九月,t,2,1,38315,第一张创作专辑,录音室专辑,1999-07-07,11,I Love You 无望,第一张创作专辑,1.0,0.0
907,386948,风咧吹,i,2,1,38315,第一张创作专辑,录音室专辑,1999-07-07,11,I Love You 无望,第一张创作专辑,1.0,0.0
908,386948,哪,r,2,1,38315,第一张创作专辑,录音室专辑,1999-07-07,11,I Love You 无望,第一张创作专辑,1.0,0.0
909,386948,会,v,2,1,38315,第一张创作专辑,录音室专辑,1999-07-07,11,I Love You 无望,第一张创作专辑,1.0,0.0
910,386948,寒,ag,2,1,38315,第一张创作专辑,录音室专辑,1999-07-07,11,I Love You 无望,第一张创作专辑,1.0,0.0
911,386948,到,v,2,1,38315,第一张创作专辑,录音室专辑,1999-07-07,11,I Love You 无望,第一张创作专辑,1.0,0.0
912,386948,心肝,n,2,1,38315,第一张创作专辑,录音室专辑,1999-07-07,11,I Love You 无望,第一张创作专辑,1.0,0.0
913,386948,底,f,2,1,38315,第一张创作专辑,录音室专辑,1999-07-07,11,I Love You 无望,第一张创作专辑,1.0,0.0
914,386948,希望,v,2,1,38315,第一张创作专辑,录音室专辑,1999-07-07,11,I Love You 无望,第一张创作专辑,1.0,0.0
915,386948,变,v,2,1,38315,第一张创作专辑,录音室专辑,1999-07-07,11,I Love You 无望,第一张创作专辑,1.0,0.0
916,386948,决定,v,2,1,38315,第一张创作专辑,录音室专辑,1999-07-07,11,I Love You 无望,第一张创作专辑,1.0,0.0
917,386948,一世,t,2,1,38315,第一张创作专辑,录音室专辑,1999-07-07,11,I Love You 无望,第一张创作专辑,1.0,0.0
918,386948,就是,d,1,1,38315,第一张创作专辑,录音室专辑,1999-07-07,11,I Love You 无望,第一张创作专辑,1.0,0.0
919,386951,我,r,13,1,38315,第一张创作专辑,录音室专辑,1999-07-07,12,风若吹,第一张创作专辑,1.0,0.0
920,386951,佗,g,12,1,38315,第一张创作专辑,录音室专辑,1999-07-07,12,风若吹,第一张创作专辑,1.0,0.0
921,386951,我会,n,10,1,38315,第一张创作专辑,录音室专辑,1999-07-07,12,风若吹,第一张创作专辑,1.0,0.0
922,386951,飞到,v,10,1,38315,第一张创作专辑,录音室专辑,1999-07-07,12,风若吹,第一张创作专辑,1.0,0.0
923,386951,汝,nr,8,1,38315,第一张创作专辑,录音室专辑,1999-07-07,12,风若吹,第一张创作专辑,1.0,0.0
924,386951,拢,zg,8,1,38315,第一张创作专辑,录音室专辑,1999-07-07,12,风若吹,第一张创作专辑,1.0,0.0
925,386951,去,v,7,1,38315,第一张创作专辑,录音室专辑,1999-07-07,12,风若吹,第一张创作专辑,1.0,0.0
926,386951,无法,n,7,1,38315,第一张创作专辑,录音室专辑,1999-07-07,12,风若吹,第一张创作专辑,1.0,0.0
927,386951,度,q,7,1,38315,第一张创作专辑,录音室专辑,1999-07-07,12,风若吹,第一张创作专辑,1.0,0.0
928,386951,着,uz,7,1,38315,第一张创作专辑,录音室专辑,1999-07-07,12,风若吹,第一张创作专辑,1.0,0.0
929,386951,命运,n,6,1,38315,第一张创作专辑,录音室专辑,1999-07-07,12,风若吹,第一张创作专辑,1.0,0.0
930,386951,对,p,6,1,38315,第一张创作专辑,录音室专辑,1999-07-07,12,风若吹,第一张创作专辑,1.0,0.0
931,386951,踅,v,6,1,38315,第一张创作专辑,录音室专辑,1999-07-07,12,风若吹,第一张创作专辑,1.0,0.0
932,386951,控制,v,6,1,38315,第一张创作专辑,录音室专辑,1999-07-07,12,风若吹,第一张创作专辑,1.0,0.0
933,386951,风若吹,i,6,1,38315,第一张创作专辑,录音室专辑,1999-07-07,12,风若吹,第一张创作专辑,1.0,0.0
934,386951,飞,n,6,1,38315,第一张创作专辑,录音室专辑,1999-07-07,12,风若吹,第一张创作专辑,1.0,0.0
935,386951,毋知,l,6,1,38315,第一张创作专辑,录音室专辑,1999-07-07,12,风若吹,第一张创作专辑,1.0,0.0
936,386951,的,uj,5,1,38315,第一张创作专辑,录音室专辑,1999-07-07,12,风若吹,第一张创作专辑,1.0,0.0
937,386951,无,v,4,1,38315,第一张创作专辑,录音室专辑,1999-07-07,12,风若吹,第一张创作专辑,1.0,0.0
938,386951,一定,d,4,1,38315,第一张创作专辑,录音室专辑,1999-07-07,12,风若吹,第一张创作专辑,1.0,0.0
939,386951,咧,v,3,1,38315,第一张创作专辑,录音室专辑,1999-07-07,12,风若吹,第一张创作专辑,1.0,0.0
940,386951,揣,v,3,1,38315,第一张创作专辑,录音室专辑,1999-07-07,12,风若吹,第一张创作专辑,1.0,0.0
941,386951,奇怪,v,2,1,38315,第一张创作专辑,录音室专辑,1999-07-07,12,风若吹,第一张创作专辑,1.0,0.0
942,386951,敢,v,2,1,38315,第一张创作专辑,录音室专辑,1999-07-07,12,风若吹,第一张创作专辑,1.0,0.0
943,386951,侬,g,2,1,38315,第一张创作专辑,录音室专辑,1999-07-07,12,风若吹,第一张创作专辑,1.0,0.0
944,386951,是,v,2,1,38315,第一张创作专辑,录音室专辑,1999-07-07,12,风若吹,第一张创作专辑,1.0,0.0
945,386951,欲,d,2,1,38315,第一张创作专辑,录音室专辑,1999-07-07,12,风若吹,第一张创作专辑,1.0,0.0
946,386951,恁,g,2,1,38315,第一张创作专辑,录音室专辑,1999-07-07,12,风若吹,第一张创作专辑,1.0,0.0
947,386951,生活,vn,1,1,38315,第一张创作专辑,录音室专辑,1999-07-07,12,风若吹,第一张创作专辑,1.0,0.0
948,386951,这个,r,1,1,38315,第一张创作专辑,录音室专辑,1999-07-07,12,风若吹,第一张创作专辑,1.0,0.0
949,386951,社会,n,1,1,38315,第一张创作专辑,录音室专辑,1999-07-07,12,风若吹,第一张创作专辑,1.0,0.0
950,386951,一款,m,1,1,38315,第一张创作专辑,录音室专辑,1999-07-07,12,风若吹,第一张创作专辑,1.0,0.0
951,386951,体会,n,1,1,38315,第一张创作专辑,录音室专辑,1999-07-07,12,风若吹,第一张创作专辑,1.0,0.0
952,386951,敢讲,v,1,1,38315,第一张创作专辑,录音室专辑,1999-07-07,12,风若吹,第一张创作专辑,1.0,0.0
953,386951,着爱,v,1,1,38315,第一张创作专辑,录音室专辑,1999-07-07,12,风若吹,第一张创作专辑,1.0,0.0
954,386951,读册,v,1,1,38315,第一张创作专辑,录音室专辑,1999-07-07,12,风若吹,第一张创作专辑,1.0,0.0
955,386951,一世,t,1,1,38315,第一张创作专辑,录音室专辑,1999-07-07,12,风若吹,第一张创作专辑,1.0,0.0
956,386951,拚悬,v,1,1,38315,第一张创作专辑,录音室专辑,1999-07-07,12,风若吹,第一张创作专辑,1.0,0.0
957,386951,下,f,1,1,38315,第一张创作专辑,录音室专辑,1999-07-07,12,风若吹,第一张创作专辑,1.0,0.0
958,386951,已经,d,1,1,38315,第一张创作专辑,录音室专辑,1999-07-07,12,风若吹,第一张创作专辑,1.0,0.0
959,386951,无力,n,1,1,38315,第一张创作专辑,录音室专辑,1999-07-07,12,风若吹,第一张创作专辑,1.0,0.0
960,386951,共,d,1,1,38315,第一张创作专辑,录音室专辑,1999-07-07,12,风若吹,第一张创作专辑,1.0,0.0
961,386951,相诤,v,1,1,38315,第一张创作专辑,录音室专辑,1999-07-07,12,风若吹,第一张创作专辑,1.0,0.0
962,386951,这,r,1,1,38315,第一张创作专辑,录音室专辑,1999-07-07,12,风若吹,第一张创作专辑,1.0,0.0
963,386951,寡,ag,1,1,38315,第一张创作专辑,录音室专辑,1999-07-07,12,风若吹,第一张创作专辑,1.0,0.0
964,386951,仔,ng,1,1,38315,第一张创作专辑,录音室专辑,1999-07-07,12,风若吹,第一张创作专辑,1.0,0.0
965,386951,道理,n,1,1,38315,第一张创作专辑,录音室专辑,1999-07-07,12,风若吹,第一张创作专辑,1.0,0.0
966,386951,毋,d,1,1,38315,第一张创作专辑,录音室专辑,1999-07-07,12,风若吹,第一张创作专辑,1.0,0.0
967,386951,听,v,1,1,38315,第一张创作专辑,录音室专辑,1999-07-07,12,风若吹,第一张创作专辑,1.0,0.0
968,386951,过,ug,1,1,38315,第一张创作专辑,录音室专辑,1999-07-07,12,风若吹,第一张创作专辑,1.0,0.0
969,386951,真正,d,1,1,38315,第一张创作专辑,录音室专辑,1999-07-07,12,风若吹,第一张创作专辑,1.0,0.0
970,386951,不,d,1,1,38315,第一张创作专辑,录音室专辑,1999-07-07,12,风若吹,第一张创作专辑,1.0,0.0
971,386951,了解,v,1,1,38315,第一张创作专辑,录音室专辑,1999-07-07,12,风若吹,第一张创作专辑,1.0,0.0
972,386951,生命,vn,1,1,38315,第一张创作专辑,录音室专辑,1999-07-07,12,风若吹,第一张创作专辑,1.0,0.0
973,386951,照,v,1,1,38315,第一张创作专辑,录音室专辑,1999-07-07,12,风若吹,第一张创作专辑,1.0,0.0
974,386951,朋友,n,1,1,38315,第一张创作专辑,录音室专辑,1999-07-07,12,风若吹,第一张创作专辑,1.0,0.0
975,386951,亲戚,n,1,1,38315,第一张创作专辑,录音室专辑,1999-07-07,12,风若吹,第一张创作专辑,1.0,0.0
976,386951,佮厝,nrt,1,1,38315,第一张创作专辑,录音室专辑,1999-07-07,12,风若吹,第一张创作专辑,1.0,0.0
977,386951,边,d,1,1,38315,第一张创作专辑,录音室专辑,1999-07-07,12,风若吹,第一张创作专辑,1.0,0.0
978,386951,头尾,n,1,1,38315,第一张创作专辑,录音室专辑,1999-07-07,12,风若吹,第一张创作专辑,1.0,0.0
979,386951,生鸡,n,1,1,38315,第一张创作专辑,录音室专辑,1999-07-07,12,风若吹,第一张创作专辑,1.0,0.0
980,386951,卵,n,1,1,38315,第一张创作专辑,录音室专辑,1999-07-07,12,风若吹,第一张创作专辑,1.0,0.0
981,386951,无放,v,1,1,38315,第一张创作专辑,录音室专辑,1999-07-07,12,风若吹,第一张创作专辑,1.0,0.0
982,386951,鸡屎,n,1,1,38315,第一张创作专辑,录音室专辑,1999-07-07,12,风若吹,第一张创作专辑,1.0,0.0
983,386951,的济,n,1,1,38315,第一张创作专辑,录音室专辑,1999-07-07,12,风若吹,第一张创作专辑,1.0,0.0
984,386951,一工到,l,1,1,38315,第一张创作专辑,录音室专辑,1999-07-07,12,风若吹,第一张创作专辑,1.0,0.0
985,386951,暗,d,1,1,38315,第一张创作专辑,录音室专辑,1999-07-07,12,风若吹,第一张创作专辑,1.0,0.0
986,386951,冤家,n,1,1,38315,第一张创作专辑,录音室专辑,1999-07-07,12,风若吹,第一张创作专辑,1.0,0.0
987,386951,爱,v,1,1,38315,第一张创作专辑,录音室专辑,1999-07-07,12,风若吹,第一张创作专辑,1.0,0.0
988,386951,按,p,1,1,38315,第一张创作专辑,录音室专辑,1999-07-07,12,风若吹,第一张创作专辑,1.0,0.0
989,386951,呢,y,1,1,38315,第一张创作专辑,录音室专辑,1999-07-07,12,风若吹,第一张创作专辑,1.0,0.0
990,386951,有,v,1,1,38315,第一张创作专辑,录音室专辑,1999-07-07,12,风若吹,第一张创作专辑,1.0,0.0
991,386951,一,m,1,1,38315,第一张创作专辑,录音室专辑,1999-07-07,12,风若吹,第一张创作专辑,1.0,0.0
992,386951,工,n,1,1,38315,第一张创作专辑,录音室专辑,1999-07-07,12,风若吹,第一张创作专辑,1.0,0.0
993,386951,放,v,1,1,38315,第一张创作专辑,录音室专辑,1999-07-07,12,风若吹,第一张创作专辑,1.0,0.0
994,386951,捒,yg,1,1,38315,第一张创作专辑,录音室专辑,1999-07-07,12,风若吹,第一张创作专辑,1.0,0.0
995,386951,一切,r,1,1,38315,第一张创作专辑,录音室专辑,1999-07-07,12,风若吹,第一张创作专辑,1.0,0.0
996,386951,免,v,1,1,38315,第一张创作专辑,录音室专辑,1999-07-07,12,风若吹,第一张创作专辑,1.0,0.0
997,386951,佫规工惊东,nr,1,1,38315,第一张创作专辑,录音室专辑,1999-07-07,12,风若吹,第一张创作专辑,1.0,0.0
998,386951,佫,zg,1,1,38315,第一张创作专辑,录音室专辑,1999-07-07,12,风若吹,第一张创作专辑,1.0,0.0
999,386951,惊,v,1,1,38315,第一张创作专辑,录音室专辑,1999-07-07,12,风若吹,第一张创作专辑,1.0,0.0
1000,386951,西,f,1,1,38315,第一张创作专辑,录音室专辑,1999-07-07,12,风若吹,第一张创作专辑,1.0,0.0
1001,386951,予,vg,1,1,38315,第一张创作专辑,录音室专辑,1999-07-07,12,风若吹,第一张创作专辑,1.0,0.0
1002,386951,地,uv,1,1,38315,第一张创作专辑,录音室专辑,1999-07-07,12,风若吹,第一张创作专辑,1.0,0.0
1003,386951,地通,n,1,1,38315,第一张创作专辑,录音室专辑,1999-07-07,12,风若吹,第一张创作专辑,1.0,0.0
1004,386839,为啥,r,24,2,38308,爱情万岁,录音室专辑,2000-07-07,1,为什么 (今日的爱情),爱情万岁,1.0,0.0
1005,386839,物,zg,24,2,38308,爱情万岁,录音室专辑,2000-07-07,1,为什么 (今日的爱情),爱情万岁,1.0,0.0
1006,386839,的,uj,6,2,38308,爱情万岁,录音室专辑,2000-07-07,1,为什么 (今日的爱情),爱情万岁,1.0,0.0
1007,386839,我,r,5,2,38308,爱情万岁,录音室专辑,2000-07-07,1,为什么 (今日的爱情),爱情万岁,1.0,0.0
1008,386839,遮,v,5,2,38308,爱情万岁,录音室专辑,2000-07-07,1,为什么 (今日的爱情),爱情万岁,1.0,0.0
1009,386839,真正,d,4,2,38308,爱情万岁,录音室专辑,2000-07-07,1,为什么 (今日的爱情),爱情万岁,1.0,0.0
1010,386839,爱情,n,4,2,38308,爱情万岁,录音室专辑,2000-07-07,1,为什么 (今日的爱情),爱情万岁,1.0,0.0
1011,386839,是,v,3,2,38308,爱情万岁,录音室专辑,2000-07-07,1,为什么 (今日的爱情),爱情万岁,1.0,0.0
1012,386839,今,tg,3,2,38308,爱情万岁,录音室专辑,2000-07-07,1,为什么 (今日的爱情),爱情万岁,1.0,0.0
1013,386839,仔,ng,3,2,38308,爱情万岁,录音室专辑,2000-07-07,1,为什么 (今日的爱情),爱情万岁,1.0,0.0
1014,386839,日,m,3,2,38308,爱情万岁,录音室专辑,2000-07-07,1,为什么 (今日的爱情),爱情万岁,1.0,0.0
1015,386839,一声,m,3,2,38308,爱情万岁,录音室专辑,2000-07-07,1,为什么 (今日的爱情),爱情万岁,1.0,0.0
1016,386839,爱汝,nr,3,2,38308,爱情万岁,录音室专辑,2000-07-07,1,为什么 (今日的爱情),爱情万岁,1.0,0.0
1017,386839,啦,y,3,2,38308,爱情万岁,录音室专辑,2000-07-07,1,为什么 (今日的爱情),爱情万岁,1.0,0.0
1018,386839,佫,zg,2,2,38308,爱情万岁,录音室专辑,2000-07-07,1,为什么 (今日的爱情),爱情万岁,1.0,0.0
1019,386839,在,p,2,2,38308,爱情万岁,录音室专辑,2000-07-07,1,为什么 (今日的爱情),爱情万岁,1.0,0.0
1020,386839,事志,n,2,2,38308,爱情万岁,录音室专辑,2000-07-07,1,为什么 (今日的爱情),爱情万岁,1.0,0.0
1021,386839,毋,l,2,2,38308,爱情万岁,录音室专辑,2000-07-07,1,为什么 (今日的爱情),爱情万岁,1.0,0.0
1022,386839,嘛,y,2,2,38308,爱情万岁,录音室专辑,2000-07-07,1,为什么 (今日的爱情),爱情万岁,1.0,0.0
1023,386839,放袂,d,2,2,38308,爱情万岁,录音室专辑,2000-07-07,1,为什么 (今日的爱情),爱情万岁,1.0,0.0
1024,386839,赏,v,2,2,38308,爱情万岁,录音室专辑,2000-07-07,1,为什么 (今日的爱情),爱情万岁,1.0,0.0
1025,386839,袂,ng,2,2,38308,爱情万岁,录音室专辑,2000-07-07,1,为什么 (今日的爱情),爱情万岁,1.0,0.0
1026,386839,起,v,2,2,38308,爱情万岁,录音室专辑,2000-07-07,1,为什么 (今日的爱情),爱情万岁,1.0,0.0
1027,386839,又,d,1,2,38308,爱情万岁,录音室专辑,2000-07-07,1,为什么 (今日的爱情),爱情万岁,1.0,0.0
1028,386839,伤心,n,1,2,38308,爱情万岁,录音室专辑,2000-07-07,1,为什么 (今日的爱情),爱情万岁,1.0,0.0
1029,386839,手牵着,l,1,2,38308,爱情万岁,录音室专辑,2000-07-07,1,为什么 (今日的爱情),爱情万岁,1.0,0.0
1030,386839,手,n,1,2,38308,爱情万岁,录音室专辑,2000-07-07,1,为什么 (今日的爱情),爱情万岁,1.0,0.0
1031,386839,热天,n,1,2,38308,爱情万岁,录音室专辑,2000-07-07,1,为什么 (今日的爱情),爱情万岁,1.0,0.0
1032,386839,挡,v,1,2,38308,爱情万岁,录音室专辑,2000-07-07,1,为什么 (今日的爱情),爱情万岁,1.0,0.0
1033,386839,未,d,1,2,38308,爱情万岁,录音室专辑,2000-07-07,1,为什么 (今日的爱情),爱情万岁,1.0,0.0
1034,386839,到,v,1,2,38308,爱情万岁,录音室专辑,2000-07-07,1,为什么 (今日的爱情),爱情万岁,1.0,0.0
1035,386839,风吹,v,1,2,38308,爱情万岁,录音室专辑,2000-07-07,1,为什么 (今日的爱情),爱情万岁,1.0,0.0
1036,386839,寒天,t,1,2,38308,爱情万岁,录音室专辑,2000-07-07,1,为什么 (今日的爱情),爱情万岁,1.0,0.0
1037,386839,踮,v,1,2,38308,爱情万岁,录音室专辑,2000-07-07,1,为什么 (今日的爱情),爱情万岁,1.0,0.0
1038,386839,这个,r,1,2,38308,爱情万岁,录音室专辑,2000-07-07,1,为什么 (今日的爱情),爱情万岁,1.0,0.0
1039,386839,都市,ns,1,2,38308,爱情万岁,录音室专辑,2000-07-07,1,为什么 (今日的爱情),爱情万岁,1.0,0.0
1040,386839,应该,v,1,2,38308,爱情万岁,录音室专辑,2000-07-07,1,为什么 (今日的爱情),爱情万岁,1.0,0.0
1041,386839,欢喜,v,1,2,38308,爱情万岁,录音室专辑,2000-07-07,1,为什么 (今日的爱情),爱情万岁,1.0,0.0
1042,386839,哪,r,1,2,38308,爱情万岁,录音室专辑,2000-07-07,1,为什么 (今日的爱情),爱情万岁,1.0,0.0
1043,386839,会,v,1,2,38308,爱情万岁,录音室专辑,2000-07-07,1,为什么 (今日的爱情),爱情万岁,1.0,0.0
1044,386839,每一,r,1,2,38308,爱情万岁,录音室专辑,2000-07-07,1,为什么 (今日的爱情),爱情万岁,1.0,0.0
1045,386839,摆拢,v,1,2,38308,爱情万岁,录音室专辑,2000-07-07,1,为什么 (今日的爱情),爱情万岁,1.0,0.0
1046,386839,目屎,n,1,2,38308,爱情万岁,录音室专辑,2000-07-07,1,为什么 (今日的爱情),爱情万岁,1.0,0.0
1047,386839,滴,v,1,2,38308,爱情万岁,录音室专辑,2000-07-07,1,为什么 (今日的爱情),爱情万岁,1.0,0.0
1048,386839,甘愿,n,1,2,38308,爱情万岁,录音室专辑,2000-07-07,1,为什么 (今日的爱情),爱情万岁,1.0,0.0
1049,386839,相信,v,1,2,38308,爱情万岁,录音室专辑,2000-07-07,1,为什么 (今日的爱情),爱情万岁,1.0,0.0
1050,386839,来,v,1,2,38308,爱情万岁,录音室专辑,2000-07-07,1,为什么 (今日的爱情),爱情万岁,1.0,0.0
1051,386839,去,v,1,2,38308,爱情万岁,录音室专辑,2000-07-07,1,为什么 (今日的爱情),爱情万岁,1.0,0.0
1052,386839,记,v,1,2,38308,爱情万岁,录音室专辑,2000-07-07,1,为什么 (今日的爱情),爱情万岁,1.0,0.0
1053,386839,昨日,t,1,2,38308,爱情万岁,录音室专辑,2000-07-07,1,为什么 (今日的爱情),爱情万岁,1.0,0.0
1054,386839,听,v,1,2,38308,爱情万岁,录音室专辑,2000-07-07,1,为什么 (今日的爱情),爱情万岁,1.0,0.0
1055,386839,侬,g,1,2,38308,爱情万岁,录音室专辑,2000-07-07,1,为什么 (今日的爱情),爱情万岁,1.0,0.0
1056,386839,讲,v,1,2,38308,爱情万岁,录音室专辑,2000-07-07,1,为什么 (今日的爱情),爱情万岁,1.0,0.0
1057,386839,框,v,1,2,38308,爱情万岁,录音室专辑,2000-07-07,1,为什么 (今日的爱情),爱情万岁,1.0,0.0
1058,386839,金,ng,1,2,38308,爱情万岁,录音室专辑,2000-07-07,1,为什么 (今日的爱情),爱情万岁,1.0,0.0
1059,386839,包银,nr,1,2,38308,爱情万岁,录音室专辑,2000-07-07,1,为什么 (今日的爱情),爱情万岁,1.0,0.0
1060,386839,这件,mq,1,2,38308,爱情万岁,录音室专辑,2000-07-07,1,为什么 (今日的爱情),爱情万岁,1.0,0.0
1061,386839,亲像,n,1,2,38308,爱情万岁,录音室专辑,2000-07-07,1,为什么 (今日的爱情),爱情万岁,1.0,0.0
1062,386839,咧,v,1,2,38308,爱情万岁,录音室专辑,2000-07-07,1,为什么 (今日的爱情),爱情万岁,1.0,0.0
1063,386839,食,n,1,2,38308,爱情万岁,录音室专辑,2000-07-07,1,为什么 (今日的爱情),爱情万岁,1.0,0.0
1064,386839,泡面,n,1,2,38308,爱情万岁,录音室专辑,2000-07-07,1,为什么 (今日的爱情),爱情万岁,1.0,0.0
1065,386839,变,v,1,2,38308,爱情万岁,录音室专辑,2000-07-07,1,为什么 (今日的爱情),爱情万岁,1.0,0.0
1066,386839,遘,g,1,2,38308,爱情万岁,录音室专辑,2000-07-07,1,为什么 (今日的爱情),爱情万岁,1.0,0.0
1067,386839,按,p,1,2,38308,爱情万岁,录音室专辑,2000-07-07,1,为什么 (今日的爱情),爱情万岁,1.0,0.0
1068,386839,呢,y,1,2,38308,爱情万岁,录音室专辑,2000-07-07,1,为什么 (今日的爱情),爱情万岁,1.0,0.0
1069,386839,生,n,1,2,38308,爱情万岁,录音室专辑,2000-07-07,1,为什么 (今日的爱情),爱情万岁,1.0,0.0
1070,386839,上,f,1,2,38308,爱情万岁,录音室专辑,2000-07-07,1,为什么 (今日的爱情),爱情万岁,1.0,0.0
1071,386839,戆,yg,1,2,38308,爱情万岁,录音室专辑,2000-07-07,1,为什么 (今日的爱情),爱情万岁,1.0,0.0
1072,386839,春,tg,1,2,38308,爱情万岁,录音室专辑,2000-07-07,1,为什么 (今日的爱情),爱情万岁,1.0,0.0
1073,386839,娇,v,1,2,38308,爱情万岁,录音室专辑,2000-07-07,1,为什么 (今日的爱情),爱情万岁,1.0,0.0
1074,386839,佮,zg,1,2,38308,爱情万岁,录音室专辑,2000-07-07,1,为什么 (今日的爱情),爱情万岁,1.0,0.0
1075,386839,志,n,1,2,38308,爱情万岁,录音室专辑,2000-07-07,1,为什么 (今日的爱情),爱情万岁,1.0,0.0
1076,386839,明,d,1,2,38308,爱情万岁,录音室专辑,2000-07-07,1,为什么 (今日的爱情),爱情万岁,1.0,0.0
1077,386839,真心,d,1,2,38308,爱情万岁,录音室专辑,2000-07-07,1,为什么 (今日的爱情),爱情万岁,1.0,0.0
1078,386839,藏,j,1,2,38308,爱情万岁,录音室专辑,2000-07-07,1,为什么 (今日的爱情),爱情万岁,1.0,0.0
1079,386839,心内,nr,1,2,38308,爱情万岁,录音室专辑,2000-07-07,1,为什么 (今日的爱情),爱情万岁,1.0,0.0
1080,386839,覕,zg,1,2,38308,爱情万岁,录音室专辑,2000-07-07,1,为什么 (今日的爱情),爱情万岁,1.0,0.0
1081,386839,落,v,1,2,38308,爱情万岁,录音室专辑,2000-07-07,1,为什么 (今日的爱情),爱情万岁,1.0,0.0
1082,386839,无彩,n,1,2,38308,爱情万岁,录音室专辑,2000-07-07,1,为什么 (今日的爱情),爱情万岁,1.0,0.0
1083,386842,你,r,15,2,38308,爱情万岁,录音室专辑,2000-07-07,2,终结孤单,爱情万岁,1.0,0.0
1084,386842,will,eng,12,2,38308,爱情万岁,录音室专辑,2000-07-07,2,终结孤单,爱情万岁,1.0,0.0
1085,386842,be,eng,12,2,38308,爱情万岁,录音室专辑,2000-07-07,2,终结孤单,爱情万岁,1.0,0.0
1086,386842,的,uj,9,2,38308,爱情万岁,录音室专辑,2000-07-07,2,终结孤单,爱情万岁,1.0,0.0
1087,386842,有,v,7,2,38308,爱情万岁,录音室专辑,2000-07-07,2,终结孤单,爱情万岁,1.0,0.0
1088,386842,我,r,7,2,38308,爱情万岁,录音室专辑,2000-07-07,2,终结孤单,爱情万岁,1.0,0.0
1089,386842,everything,eng,6,2,38308,爱情万岁,录音室专辑,2000-07-07,2,终结孤单,爱情万岁,1.0,0.0
1090,386842,alright,eng,6,2,38308,爱情万岁,录音室专辑,2000-07-07,2,终结孤单,爱情万岁,1.0,0.0
1091,386842,tomorrow,eng,6,2,38308,爱情万岁,录音室专辑,2000-07-07,2,终结孤单,爱情万岁,1.0,0.0
1092,386842,fine,eng,6,2,38308,爱情万岁,录音室专辑,2000-07-07,2,终结孤单,爱情万岁,1.0,0.0
1093,386842,来,v,5,2,38308,爱情万岁,录音室专辑,2000-07-07,2,终结孤单,爱情万岁,1.0,0.0
1094,386842,不,d,5,2,38308,爱情万岁,录音室专辑,2000-07-07,2,终结孤单,爱情万岁,1.0,0.0
1095,386842,孤单,a,4,2,38308,爱情万岁,录音室专辑,2000-07-07,2,终结孤单,爱情万岁,1.0,0.0
1096,386842,心情,n,3,2,38308,爱情万岁,录音室专辑,2000-07-07,2,终结孤单,爱情万岁,1.0,0.0
1097,386842,好,a,3,2,38308,爱情万岁,录音室专辑,2000-07-07,2,终结孤单,爱情万岁,1.0,0.0
1098,386842,心情坏,i,3,2,38308,爱情万岁,录音室专辑,2000-07-07,2,终结孤单,爱情万岁,1.0,0.0
1099,386842,怎么,r,3,2,38308,爱情万岁,录音室专辑,2000-07-07,2,终结孤单,爱情万岁,1.0,0.0
1100,386842,开始,v,3,2,38308,爱情万岁,录音室专辑,2000-07-07,2,终结孤单,爱情万岁,1.0,0.0
1101,386842,怎么办,l,3,2,38308,爱情万岁,录音室专辑,2000-07-07,2,终结孤单,爱情万岁,1.0,0.0
1102,386842,不爽,a,3,2,38308,爱情万岁,录音室专辑,2000-07-07,2,终结孤单,爱情万岁,1.0,0.0
1103,386842,让,v,3,2,38308,爱情万岁,录音室专辑,2000-07-07,2,终结孤单,爱情万岁,1.0,0.0
1104,386842,分担,v,3,2,38308,爱情万岁,录音室专辑,2000-07-07,2,终结孤单,爱情万岁,1.0,0.0
1105,386842,太阳,ns,3,2,38308,爱情万岁,录音室专辑,2000-07-07,2,终结孤单,爱情万岁,1.0,0.0
1106,386842,依然,d,3,2,38308,爱情万岁,录音室专辑,2000-07-07,2,终结孤单,爱情万岁,1.0,0.0
1107,386842,灿烂,a,3,2,38308,爱情万岁,录音室专辑,2000-07-07,2,终结孤单,爱情万岁,1.0,0.0
1108,386842,嘿,e,3,2,38308,爱情万岁,录音室专辑,2000-07-07,2,终结孤单,爱情万岁,1.0,0.0
1109,386842,地球,n,3,2,38308,爱情万岁,录音室专辑,2000-07-07,2,终结孤单,爱情万岁,1.0,0.0
1110,386842,继续,v,3,2,38308,爱情万岁,录音室专辑,2000-07-07,2,终结孤单,爱情万岁,1.0,0.0
1111,386842,转,v,3,2,38308,爱情万岁,录音室专辑,2000-07-07,2,终结孤单,爱情万岁,1.0,0.0
1112,386842,陪伴,n,3,2,38308,爱情万岁,录音室专辑,2000-07-07,2,终结孤单,爱情万岁,1.0,0.0
1113,386842,High,eng,3,2,38308,爱情万岁,录音室专辑,2000-07-07,2,终结孤单,爱情万岁,1.0,0.0
1114,386842,把,p,2,2,38308,爱情万岁,录音室专辑,2000-07-07,2,终结孤单,爱情万岁,1.0,0.0
1115,386842,再也,d,2,2,38308,爱情万岁,录音室专辑,2000-07-07,2,终结孤单,爱情万岁,1.0,0.0
1116,386842,啦,y,2,2,38308,爱情万岁,录音室专辑,2000-07-07,2,终结孤单,爱情万岁,1.0,0.0
1117,386842,约,d,1,2,38308,爱情万岁,录音室专辑,2000-07-07,2,终结孤单,爱情万岁,1.0,0.0
1118,386842,说不来,l,1,2,38308,爱情万岁,录音室专辑,2000-07-07,2,终结孤单,爱情万岁,1.0,0.0
1119,386842,了,ul,1,2,38308,爱情万岁,录音室专辑,2000-07-07,2,终结孤单,爱情万岁,1.0,0.0
1120,386842,又,d,1,2,38308,爱情万岁,录音室专辑,2000-07-07,2,终结孤单,爱情万岁,1.0,0.0
1121,386842,high,eng,1,2,38308,爱情万岁,录音室专辑,2000-07-07,2,终结孤单,爱情万岁,1.0,0.0
1122,386842,大家,n,1,2,38308,爱情万岁,录音室专辑,2000-07-07,2,终结孤单,爱情万岁,1.0,0.0
1123,386842,开开心心,i,1,2,38308,爱情万岁,录音室专辑,2000-07-07,2,终结孤单,爱情万岁,1.0,0.0
1124,386842,出来,v,1,2,38308,爱情万岁,录音室专辑,2000-07-07,2,终结孤单,爱情万岁,1.0,0.0
1125,386842,玩,v,1,2,38308,爱情万岁,录音室专辑,2000-07-07,2,终结孤单,爱情万岁,1.0,0.0
1126,386842,却,d,1,2,38308,爱情万岁,录音室专辑,2000-07-07,2,终结孤单,爱情万岁,1.0,0.0
1127,386842,埋头,v,1,2,38308,爱情万岁,录音室专辑,2000-07-07,2,终结孤单,爱情万岁,1.0,0.0
1128,386842,吃饭,v,1,2,38308,爱情万岁,录音室专辑,2000-07-07,2,终结孤单,爱情万岁,1.0,0.0
1129,386842,如果,c,1,2,38308,爱情万岁,录音室专辑,2000-07-07,2,终结孤单,爱情万岁,1.0,0.0
1130,386842,只是,c,1,2,38308,爱情万岁,录音室专辑,2000-07-07,2,终结孤单,爱情万岁,1.0,0.0
1131,386842,习惯,n,1,2,38308,爱情万岁,录音室专辑,2000-07-07,2,终结孤单,爱情万岁,1.0,0.0
1132,386842,就,d,1,2,38308,爱情万岁,录音室专辑,2000-07-07,2,终结孤单,爱情万岁,1.0,0.0
1133,386842,自己,r,1,2,38308,爱情万岁,录音室专辑,2000-07-07,2,终结孤单,爱情万岁,1.0,0.0
1134,386842,锁起来,v,1,2,38308,爱情万岁,录音室专辑,2000-07-07,2,终结孤单,爱情万岁,1.0,0.0
1135,386842,实在,v,1,2,38308,爱情万岁,录音室专辑,2000-07-07,2,终结孤单,爱情万岁,1.0,0.0
1136,386842,太,d,1,2,38308,爱情万岁,录音室专辑,2000-07-07,2,终结孤单,爱情万岁,1.0,0.0
1137,386842,应该,v,1,2,38308,爱情万岁,录音室专辑,2000-07-07,2,终结孤单,爱情万岁,1.0,0.0
1138,386842,卫冕者,nr,1,2,38308,爱情万岁,录音室专辑,2000-07-07,2,终结孤单,爱情万岁,1.0,0.0
1139,386842,接受,v,1,2,38308,爱情万岁,录音室专辑,2000-07-07,2,终结孤单,爱情万岁,1.0,0.0
1140,386842,挑战,vn,1,2,38308,爱情万岁,录音室专辑,2000-07-07,2,终结孤单,爱情万岁,1.0,0.0
1141,386842,难免,d,1,2,38308,爱情万岁,录音室专辑,2000-07-07,2,终结孤单,爱情万岁,1.0,0.0
1142,386842,也,d,1,2,38308,爱情万岁,录音室专辑,2000-07-07,2,终结孤单,爱情万岁,1.0,0.0
1143,386842,会,v,1,2,38308,爱情万岁,录音室专辑,2000-07-07,2,终结孤单,爱情万岁,1.0,0.0
1144,386842,失败,v,1,2,38308,爱情万岁,录音室专辑,2000-07-07,2,终结孤单,爱情万岁,1.0,0.0
1145,386842,人生,n,1,2,38308,爱情万岁,录音室专辑,2000-07-07,2,终结孤单,爱情万岁,1.0,0.0
1146,386842,虽然,c,1,2,38308,爱情万岁,录音室专辑,2000-07-07,2,终结孤单,爱情万岁,1.0,0.0
1147,386842,像,v,1,2,38308,爱情万岁,录音室专辑,2000-07-07,2,终结孤单,爱情万岁,1.0,0.0
1148,386842,一场,m,1,2,38308,爱情万岁,录音室专辑,2000-07-07,2,终结孤单,爱情万岁,1.0,0.0
1149,386842,比赛,vn,1,2,38308,爱情万岁,录音室专辑,2000-07-07,2,终结孤单,爱情万岁,1.0,0.0
1150,386842,还是,c,1,2,38308,爱情万岁,录音室专辑,2000-07-07,2,终结孤单,爱情万岁,1.0,0.0
1151,386842,要,v,1,2,38308,爱情万岁,录音室专辑,2000-07-07,2,终结孤单,爱情万岁,1.0,0.0
1152,386842,保持,v,1,2,38308,爱情万岁,录音室专辑,2000-07-07,2,终结孤单,爱情万岁,1.0,0.0
1153,386842,乐观,a,1,2,38308,爱情万岁,录音室专辑,2000-07-07,2,终结孤单,爱情万岁,1.0,0.0
1154,386842,请,v,1,2,38308,爱情万岁,录音室专辑,2000-07-07,2,终结孤单,爱情万岁,1.0,0.0
1155,386842,把头,v,1,2,38308,爱情万岁,录音室专辑,2000-07-07,2,终结孤单,爱情万岁,1.0,0.0
1156,386842,抬起,v,1,2,38308,爱情万岁,录音室专辑,2000-07-07,2,终结孤单,爱情万岁,1.0,0.0
1157,386842,帮,v,1,2,38308,爱情万岁,录音室专辑,2000-07-07,2,终结孤单,爱情万岁,1.0,0.0
1158,386842,勇气,n,1,2,38308,爱情万岁,录音室专辑,2000-07-07,2,终结孤单,爱情万岁,1.0,0.0
1159,386842,加满,v,1,2,38308,爱情万岁,录音室专辑,2000-07-07,2,终结孤单,爱情万岁,1.0,0.0
1160,386842,这样,r,1,2,38308,爱情万岁,录音室专辑,2000-07-07,2,终结孤单,爱情万岁,1.0,0.0
1161,386842,完美,a,1,2,38308,爱情万岁,录音室专辑,2000-07-07,2,终结孤单,爱情万岁,1.0,0.0
1162,386842,朋友,n,1,2,38308,爱情万岁,录音室专辑,2000-07-07,2,终结孤单,爱情万岁,1.0,0.0
1163,386842,当然,d,1,2,38308,爱情万岁,录音室专辑,2000-07-07,2,终结孤单,爱情万岁,1.0,0.0
1164,386842,很,d,1,2,38308,爱情万岁,录音室专辑,2000-07-07,2,终结孤单,爱情万岁,1.0,0.0
1165,386842,一起,m,1,2,38308,爱情万岁,录音室专辑,2000-07-07,2,终结孤单,爱情万岁,1.0,0.0
1166,386842,终结,v,1,2,38308,爱情万岁,录音室专辑,2000-07-07,2,终结孤单,爱情万岁,1.0,0.0
1167,386846,你,r,19,2,38308,爱情万岁,录音室专辑,2000-07-07,3,明白,爱情万岁,1.0,0.0
1168,386846,的,uj,18,2,38308,爱情万岁,录音室专辑,2000-07-07,3,明白,爱情万岁,1.0,0.0
1169,386846,我,r,11,2,38308,爱情万岁,录音室专辑,2000-07-07,3,明白,爱情万岁,1.0,0.0
1170,386846,不,d,10,2,38308,爱情万岁,录音室专辑,2000-07-07,3,明白,爱情万岁,1.0,0.0
1171,386846,明白,nr,9,2,38308,爱情万岁,录音室专辑,2000-07-07,3,明白,爱情万岁,1.0,0.0
1172,386846,愿,v,8,2,38308,爱情万岁,录音室专辑,2000-07-07,3,明白,爱情万岁,1.0,0.0
1173,386846,希望,v,8,2,38308,爱情万岁,录音室专辑,2000-07-07,3,明白,爱情万岁,1.0,0.0
1174,386846,能,v,8,2,38308,爱情万岁,录音室专辑,2000-07-07,3,明白,爱情万岁,1.0,0.0
1175,386846,在,p,7,2,38308,爱情万岁,录音室专辑,2000-07-07,3,明白,爱情万岁,1.0,0.0
1176,386846,地,uv,7,2,38308,爱情万岁,录音室专辑,2000-07-07,3,明白,爱情万岁,1.0,0.0
1177,386846,矛盾,an,5,2,38308,爱情万岁,录音室专辑,2000-07-07,3,明白,爱情万岁,1.0,0.0
1178,386846,心,n,5,2,38308,爱情万岁,录音室专辑,2000-07-07,3,明白,爱情万岁,1.0,0.0
1179,386846,反复,v,5,2,38308,爱情万岁,录音室专辑,2000-07-07,3,明白,爱情万岁,1.0,0.0
1180,386846,猜,vn,5,2,38308,爱情万岁,录音室专辑,2000-07-07,3,明白,爱情万岁,1.0,0.0
1181,386846,爱,n,4,2,38308,爱情万岁,录音室专辑,2000-07-07,3,明白,爱情万岁,1.0,0.0
1182,386846,那么,r,4,2,38308,爱情万岁,录音室专辑,2000-07-07,3,明白,爱情万岁,1.0,0.0
1183,386846,这里,r,4,2,38308,爱情万岁,录音室专辑,2000-07-07,3,明白,爱情万岁,1.0,0.0
1184,386846,等待,vn,4,2,38308,爱情万岁,录音室专辑,2000-07-07,3,明白,爱情万岁,1.0,0.0
1185,386846,一个,m,3,2,38308,爱情万岁,录音室专辑,2000-07-07,3,明白,爱情万岁,1.0,0.0
1186,386846,就算,v,3,2,38308,爱情万岁,录音室专辑,2000-07-07,3,明白,爱情万岁,1.0,0.0
1187,386846,天塌下来,i,3,2,38308,爱情万岁,录音室专辑,2000-07-07,3,明白,爱情万岁,1.0,0.0
1188,386846,老,a,2,2,38308,爱情万岁,录音室专辑,2000-07-07,3,明白,爱情万岁,1.0,0.0
1189,386846,地方,n,2,2,38308,爱情万岁,录音室专辑,2000-07-07,3,明白,爱情万岁,1.0,0.0
1190,386846,相见,v,2,2,38308,爱情万岁,录音室专辑,2000-07-07,3,明白,爱情万岁,1.0,0.0
1191,386846,如果,c,2,2,38308,爱情万岁,录音室专辑,2000-07-07,3,明白,爱情万岁,1.0,0.0
1192,386846,发现,v,2,2,38308,爱情万岁,录音室专辑,2000-07-07,3,明白,爱情万岁,1.0,0.0
1193,386846,还有,v,2,2,38308,爱情万岁,录音室专辑,2000-07-07,3,明白,爱情万岁,1.0,0.0
1194,386846,留恋,v,2,2,38308,爱情万岁,录音室专辑,2000-07-07,3,明白,爱情万岁,1.0,0.0
1195,386846,就,d,2,2,38308,爱情万岁,录音室专辑,2000-07-07,3,明白,爱情万岁,1.0,0.0
1196,386846,还,d,2,2,38308,爱情万岁,录音室专辑,2000-07-07,3,明白,爱情万岁,1.0,0.0
1197,386846,上,f,2,2,38308,爱情万岁,录音室专辑,2000-07-07,3,明白,爱情万岁,1.0,0.0
1198,386846,人,n,2,2,38308,爱情万岁,录音室专辑,2000-07-07,3,明白,爱情万岁,1.0,0.0
1199,386846,即使,c,2,2,38308,爱情万岁,录音室专辑,2000-07-07,3,明白,爱情万岁,1.0,0.0
1200,386846,他,r,2,2,38308,爱情万岁,录音室专辑,2000-07-07,3,明白,爱情万岁,1.0,0.0
1201,386846,不再,d,2,2,38308,爱情万岁,录音室专辑,2000-07-07,3,明白,爱情万岁,1.0,0.0
1202,386846,出现,v,2,2,38308,爱情万岁,录音室专辑,2000-07-07,3,明白,爱情万岁,1.0,0.0
1203,386846,也,d,2,2,38308,爱情万岁,录音室专辑,2000-07-07,3,明白,爱情万岁,1.0,0.0
1204,386846,抛弃,v,2,2,38308,爱情万岁,录音室专辑,2000-07-07,3,明白,爱情万岁,1.0,0.0
1205,386846,最后,f,2,2,38308,爱情万岁,录音室专辑,2000-07-07,3,明白,爱情万岁,1.0,0.0
1206,386846,情愿,n,2,2,38308,爱情万岁,录音室专辑,2000-07-07,3,明白,爱情万岁,1.0,0.0
1207,386846,纵然,c,2,2,38308,爱情万岁,录音室专辑,2000-07-07,3,明白,爱情万岁,1.0,0.0
1208,386846,是,v,2,2,38308,爱情万岁,录音室专辑,2000-07-07,3,明白,爱情万岁,1.0,0.0
1209,386846,世界,n,2,2,38308,爱情万岁,录音室专辑,2000-07-07,3,明白,爱情万岁,1.0,0.0
1210,386846,辽阔,a,2,2,38308,爱情万岁,录音室专辑,2000-07-07,3,明白,爱情万岁,1.0,0.0
1211,386846,外面,f,2,2,38308,爱情万岁,录音室专辑,2000-07-07,3,明白,爱情万岁,1.0,0.0
1212,386846,精彩,n,2,2,38308,爱情万岁,录音室专辑,2000-07-07,3,明白,爱情万岁,1.0,0.0
1213,386846,好多,m,2,2,38308,爱情万岁,录音室专辑,2000-07-07,3,明白,爱情万岁,1.0,0.0
1214,386846,给,p,2,2,38308,爱情万岁,录音室专辑,2000-07-07,3,明白,爱情万岁,1.0,0.0
1215,386846,多,m,2,2,38308,爱情万岁,录音室专辑,2000-07-07,3,明白,爱情万岁,1.0,0.0
1216,386846,浓,a,2,2,38308,爱情万岁,录音室专辑,2000-07-07,3,明白,爱情万岁,1.0,0.0
1217,386846,还是,c,2,2,38308,爱情万岁,录音室专辑,2000-07-07,3,明白,爱情万岁,1.0,0.0
1218,386846,懂,v,2,2,38308,爱情万岁,录音室专辑,2000-07-07,3,明白,爱情万岁,1.0,0.0
1219,386846,不停,d,2,2,38308,爱情万岁,录音室专辑,2000-07-07,3,明白,爱情万岁,1.0,0.0
1220,386846,像,v,1,2,38308,爱情万岁,录音室专辑,2000-07-07,3,明白,爱情万岁,1.0,0.0
1221,386846,丢弃,v,1,2,38308,爱情万岁,录音室专辑,2000-07-07,3,明白,爱情万岁,1.0,0.0
1222,386846,相片,n,1,2,38308,爱情万岁,录音室专辑,2000-07-07,3,明白,爱情万岁,1.0,0.0
1223,386846,心中,s,1,2,38308,爱情万岁,录音室专辑,2000-07-07,3,明白,爱情万岁,1.0,0.0
1224,386846,隐隐约约,z,1,2,38308,爱情万岁,录音室专辑,2000-07-07,3,明白,爱情万岁,1.0,0.0
1225,386846,枯坐,v,1,2,38308,爱情万岁,录音室专辑,2000-07-07,3,明白,爱情万岁,1.0,0.0
1226,386846,窗前,s,1,2,38308,爱情万岁,录音室专辑,2000-07-07,3,明白,爱情万岁,1.0,0.0
1227,386846,又,d,1,2,38308,爱情万岁,录音室专辑,2000-07-07,3,明白,爱情万岁,1.0,0.0
1228,386846,刻满,v,1,2,38308,爱情万岁,录音室专辑,2000-07-07,3,明白,爱情万岁,1.0,0.0
1229,386846,诺言,nz,1,2,38308,爱情万岁,录音室专辑,2000-07-07,3,明白,爱情万岁,1.0,0.0
1230,386846,明天,t,1,2,38308,爱情万岁,录音室专辑,2000-07-07,3,明白,爱情万岁,1.0,0.0
1231,386846,昨天,t,1,2,38308,爱情万岁,录音室专辑,2000-07-07,3,明白,爱情万岁,1.0,0.0
1232,386846,眼前,t,1,2,38308,爱情万岁,录音室专辑,2000-07-07,3,明白,爱情万岁,1.0,0.0
1233,386846,可爱,v,1,2,38308,爱情万岁,录音室专辑,2000-07-07,3,明白,爱情万岁,1.0,0.0
1234,386846,美好,a,1,2,38308,爱情万岁,录音室专辑,2000-07-07,3,明白,爱情万岁,1.0,0.0
1235,386846,却,d,1,2,38308,爱情万岁,录音室专辑,2000-07-07,3,明白,爱情万岁,1.0,0.0
1236,386846,一片,m,1,2,38308,爱情万岁,录音室专辑,2000-07-07,3,明白,爱情万岁,1.0,0.0
1237,386846,混乱,a,1,2,38308,爱情万岁,录音室专辑,2000-07-07,3,明白,爱情万岁,1.0,0.0
1238,386846,胸口,s,1,2,38308,爱情万岁,录音室专辑,2000-07-07,3,明白,爱情万岁,1.0,0.0
1239,386846,一直,d,1,2,38308,爱情万岁,录音室专辑,2000-07-07,3,明白,爱情万岁,1.0,0.0
1240,386846,跳,v,1,2,38308,爱情万岁,录音室专辑,2000-07-07,3,明白,爱情万岁,1.0,0.0
1241,386846,转,v,1,2,38308,爱情万岁,录音室专辑,2000-07-07,3,明白,爱情万岁,1.0,0.0
1242,386846,没有,v,1,2,38308,爱情万岁,录音室专辑,2000-07-07,3,明白,爱情万岁,1.0,0.0
1243,386846,名字,n,1,2,38308,爱情万岁,录音室专辑,2000-07-07,3,明白,爱情万岁,1.0,0.0
1244,386846,期待,vn,1,2,38308,爱情万岁,录音室专辑,2000-07-07,3,明白,爱情万岁,1.0,0.0
1245,386846,和,c,1,2,38308,爱情万岁,录音室专辑,2000-07-07,3,明白,爱情万岁,1.0,0.0
1246,386846,等,u,1,2,38308,爱情万岁,录音室专辑,2000-07-07,3,明白,爱情万岁,1.0,0.0
1247,386846,着,uz,1,2,38308,爱情万岁,录音室专辑,2000-07-07,3,明白,爱情万岁,1.0,0.0
1248,386848,的,uj,18,2,38308,爱情万岁,录音室专辑,2000-07-07,4,心中无别人,爱情万岁,1.0,0.0
1249,386848,汝,r,15,2,38308,爱情万岁,录音室专辑,2000-07-07,4,心中无别人,爱情万岁,1.0,0.0
1250,386848,阮,nr,10,2,38308,爱情万岁,录音室专辑,2000-07-07,4,心中无别人,爱情万岁,1.0,0.0
1251,386848,真正,d,10,2,38308,爱情万岁,录音室专辑,2000-07-07,4,心中无别人,爱情万岁,1.0,0.0
1252,386848,讲,v,9,2,38308,爱情万岁,录音室专辑,2000-07-07,4,心中无别人,爱情万岁,1.0,0.0
1253,386848,是,v,9,2,38308,爱情万岁,录音室专辑,2000-07-07,4,心中无别人,爱情万岁,1.0,0.0
1254,386848,欲,d,9,2,38308,爱情万岁,录音室专辑,2000-07-07,4,心中无别人,爱情万岁,1.0,0.0
1255,386848,想,v,8,2,38308,爱情万岁,录音室专辑,2000-07-07,4,心中无别人,爱情万岁,1.0,0.0
1256,386848,一个,m,7,2,38308,爱情万岁,录音室专辑,2000-07-07,4,心中无别人,爱情万岁,1.0,0.0
1257,386848,对,p,7,2,38308,爱情万岁,录音室专辑,2000-07-07,4,心中无别人,爱情万岁,1.0,0.0
1258,386848,侬,g,7,2,38308,爱情万岁,录音室专辑,2000-07-07,4,心中无别人,爱情万岁,1.0,0.0
1259,386848,人生,n,6,2,38308,爱情万岁,录音室专辑,2000-07-07,4,心中无别人,爱情万岁,1.0,0.0
1260,386848,我,r,5,2,38308,爱情万岁,录音室专辑,2000-07-07,4,心中无别人,爱情万岁,1.0,0.0
1261,386848,袂,ng,5,2,38308,爱情万岁,录音室专辑,2000-07-07,4,心中无别人,爱情万岁,1.0,0.0
1262,386848,心中,s,5,2,38308,爱情万岁,录音室专辑,2000-07-07,4,心中无别人,爱情万岁,1.0,0.0
1263,386848,汝予,nr,4,2,38308,爱情万岁,录音室专辑,2000-07-07,4,心中无别人,爱情万岁,1.0,0.0
1264,386848,梦,n,4,2,38308,爱情万岁,录音室专辑,2000-07-07,4,心中无别人,爱情万岁,1.0,0.0
1265,386848,记,n,4,2,38308,爱情万岁,录音室专辑,2000-07-07,4,心中无别人,爱情万岁,1.0,0.0
1266,386848,苦涩,a,4,2,38308,爱情万岁,录音室专辑,2000-07-07,4,心中无别人,爱情万岁,1.0,0.0
1267,386848,放,v,4,2,38308,爱情万岁,录音室专辑,2000-07-07,4,心中无别人,爱情万岁,1.0,0.0
1268,386848,无别,d,4,2,38308,爱情万岁,录音室专辑,2000-07-07,4,心中无别人,爱情万岁,1.0,0.0
1269,386848,敢阁,n,3,2,38308,爱情万岁,录音室专辑,2000-07-07,4,心中无别人,爱情万岁,1.0,0.0
1270,386848,有别,d,3,2,38308,爱情万岁,录音室专辑,2000-07-07,4,心中无别人,爱情万岁,1.0,0.0
1271,386848,项,n,3,2,38308,爱情万岁,录音室专辑,2000-07-07,4,心中无别人,爱情万岁,1.0,0.0
1272,386848,行,v,3,2,38308,爱情万岁,录音室专辑,2000-07-07,4,心中无别人,爱情万岁,1.0,0.0
1273,386848,过,ug,3,2,38308,爱情万岁,录音室专辑,2000-07-07,4,心中无别人,爱情万岁,1.0,0.0
1274,386848,风雨,n,3,2,38308,爱情万岁,录音室专辑,2000-07-07,4,心中无别人,爱情万岁,1.0,0.0
1275,386848,思念,n,3,2,38308,爱情万岁,录音室专辑,2000-07-07,4,心中无别人,爱情万岁,1.0,0.0
1276,386848,会,v,2,2,38308,爱情万岁,录音室专辑,2000-07-07,4,心中无别人,爱情万岁,1.0,0.0
1277,386848,阁,ng,2,2,38308,爱情万岁,录音室专辑,2000-07-07,4,心中无别人,爱情万岁,1.0,0.0
1278,386848,敢,v,2,2,38308,爱情万岁,录音室专辑,2000-07-07,4,心中无别人,爱情万岁,1.0,0.0
1279,386848,一,m,2,2,38308,爱情万岁,录音室专辑,2000-07-07,4,心中无别人,爱情万岁,1.0,0.0
1280,386848,有,v,2,2,38308,爱情万岁,录音室专辑,2000-07-07,4,心中无别人,爱情万岁,1.0,0.0
1281,386848,甘愿,n,2,2,38308,爱情万岁,录音室专辑,2000-07-07,4,心中无别人,爱情万岁,1.0,0.0
1282,386848,记得,v,1,2,38308,爱情万岁,录音室专辑,2000-07-07,4,心中无别人,爱情万岁,1.0,0.0
1283,386848,牵手,v,1,2,38308,爱情万岁,录音室专辑,2000-07-07,4,心中无别人,爱情万岁,1.0,0.0
1284,386848,散步,n,1,2,38308,爱情万岁,录音室专辑,2000-07-07,4,心中无别人,爱情万岁,1.0,0.0
1285,386848,的许,d,1,2,38308,爱情万岁,录音室专辑,2000-07-07,4,心中无别人,爱情万岁,1.0,0.0
1286,386848,暗,v,1,2,38308,爱情万岁,录音室专辑,2000-07-07,4,心中无别人,爱情万岁,1.0,0.0
1287,386848,公车,n,1,2,38308,爱情万岁,录音室专辑,2000-07-07,4,心中无别人,爱情万岁,1.0,0.0
1288,386848,过站,n,1,2,38308,爱情万岁,录音室专辑,2000-07-07,4,心中无别人,爱情万岁,1.0,0.0
1289,386848,心愿,n,1,2,38308,爱情万岁,录音室专辑,2000-07-07,4,心中无别人,爱情万岁,1.0,0.0
1290,386848,也,d,1,2,38308,爱情万岁,录音室专辑,2000-07-07,4,心中无别人,爱情万岁,1.0,0.0
1291,386848,煞,v,1,2,38308,爱情万岁,录音室专辑,2000-07-07,4,心中无别人,爱情万岁,1.0,0.0
1292,386848,开始,v,1,2,38308,爱情万岁,录音室专辑,2000-07-07,4,心中无别人,爱情万岁,1.0,0.0
1293,386848,期待,vn,1,2,38308,爱情万岁,录音室专辑,2000-07-07,4,心中无别人,爱情万岁,1.0,0.0
1294,386848,无聊,a,1,2,38308,爱情万岁,录音室专辑,2000-07-07,4,心中无别人,爱情万岁,1.0,0.0
1295,386848,已经,d,1,2,38308,爱情万岁,录音室专辑,2000-07-07,4,心中无别人,爱情万岁,1.0,0.0
1296,386848,觉悟,v,1,2,38308,爱情万岁,录音室专辑,2000-07-07,4,心中无别人,爱情万岁,1.0,0.0
1297,386848,拢,v,1,2,38308,爱情万岁,录音室专辑,2000-07-07,4,心中无别人,爱情万岁,1.0,0.0
1298,386848,使,v,1,2,38308,爱情万岁,录音室专辑,2000-07-07,4,心中无别人,爱情万岁,1.0,0.0
1299,386848,结束,v,1,2,38308,爱情万岁,录音室专辑,2000-07-07,4,心中无别人,爱情万岁,1.0,0.0
1300,386848,知,v,1,2,38308,爱情万岁,录音室专辑,2000-07-07,4,心中无别人,爱情万岁,1.0,0.0
1301,386848,一种,m,1,2,38308,爱情万岁,录音室专辑,2000-07-07,4,心中无别人,爱情万岁,1.0,0.0
1302,386848,神秘,a,1,2,38308,爱情万岁,录音室专辑,2000-07-07,4,心中无别人,爱情万岁,1.0,0.0
1303,386848,力量,n,1,2,38308,爱情万岁,录音室专辑,2000-07-07,4,心中无别人,爱情万岁,1.0,0.0
1304,386848,改变,v,1,2,38308,爱情万岁,录音室专辑,2000-07-07,4,心中无别人,爱情万岁,1.0,0.0
1305,386848,前途,n,1,2,38308,爱情万岁,录音室专辑,2000-07-07,4,心中无别人,爱情万岁,1.0,0.0
1306,386848,全新,d,1,2,38308,爱情万岁,录音室专辑,2000-07-07,4,心中无别人,爱情万岁,1.0,0.0
1307,386848,路,n,1,2,38308,爱情万岁,录音室专辑,2000-07-07,4,心中无别人,爱情万岁,1.0,0.0
1308,386848,毋知是,l,1,2,38308,爱情万岁,录音室专辑,2000-07-07,4,心中无别人,爱情万岁,1.0,0.0
1309,386848,光明,n,1,2,38308,爱情万岁,录音室专辑,2000-07-07,4,心中无别人,爱情万岁,1.0,0.0
1310,386848,错误,n,1,2,38308,爱情万岁,录音室专辑,2000-07-07,4,心中无别人,爱情万岁,1.0,0.0
1311,386848,无味,d,1,2,38308,爱情万岁,录音室专辑,2000-07-07,4,心中无别人,爱情万岁,1.0,0.0
1312,386848,命运,n,1,2,38308,爱情万岁,录音室专辑,2000-07-07,4,心中无别人,爱情万岁,1.0,0.0
1313,386848,平凡,a,1,2,38308,爱情万岁,录音室专辑,2000-07-07,4,心中无别人,爱情万岁,1.0,0.0
1314,386848,世间,n,1,2,38308,爱情万岁,录音室专辑,2000-07-07,4,心中无别人,爱情万岁,1.0,0.0
1315,386848,混乱,a,1,2,38308,爱情万岁,录音室专辑,2000-07-07,4,心中无别人,爱情万岁,1.0,0.0
1316,386848,心内,s,1,2,38308,爱情万岁,录音室专辑,2000-07-07,4,心中无别人,爱情万岁,1.0,0.0
1317,386848,微微,d,1,2,38308,爱情万岁,录音室专辑,2000-07-07,4,心中无别人,爱情万岁,1.0,0.0
1318,386848,怨叹,v,1,2,38308,爱情万岁,录音室专辑,2000-07-07,4,心中无别人,爱情万岁,1.0,0.0
1319,386848,工阁,n,1,2,38308,爱情万岁,录音室专辑,2000-07-07,4,心中无别人,爱情万岁,1.0,0.0
1320,386848,工,n,1,2,38308,爱情万岁,录音室专辑,2000-07-07,4,心中无别人,爱情万岁,1.0,0.0
1321,386848,毋捌,nr,1,2,38308,爱情万岁,录音室专辑,2000-07-07,4,心中无别人,爱情万岁,1.0,0.0
1322,386848,开,v,1,2,38308,爱情万岁,录音室专辑,2000-07-07,4,心中无别人,爱情万岁,1.0,0.0
1323,386848,伤济,n,1,2,38308,爱情万岁,录音室专辑,2000-07-07,4,心中无别人,爱情万岁,1.0,0.0
1324,386848,气力,n,1,2,38308,爱情万岁,录音室专辑,2000-07-07,4,心中无别人,爱情万岁,1.0,0.0
1325,386848,在,p,1,2,38308,爱情万岁,录音室专辑,2000-07-07,4,心中无别人,爱情万岁,1.0,0.0
1326,386848,这个,r,1,2,38308,爱情万岁,录音室专辑,2000-07-07,4,心中无别人,爱情万岁,1.0,0.0
1327,386848,世界,n,1,2,38308,爱情万岁,录音室专辑,2000-07-07,4,心中无别人,爱情万岁,1.0,0.0
1328,386848,小可,nr,1,2,38308,爱情万岁,录音室专辑,2000-07-07,4,心中无别人,爱情万岁,1.0,0.0
1329,386848,仔,b,1,2,38308,爱情万岁,录音室专辑,2000-07-07,4,心中无别人,爱情万岁,1.0,0.0
1330,386848,无彩,n,1,2,38308,爱情万岁,录音室专辑,2000-07-07,4,心中无别人,爱情万岁,1.0,0.0
1331,386848,爱汝,nr,1,2,38308,爱情万岁,录音室专辑,2000-07-07,4,心中无别人,爱情万岁,1.0,0.0
1332,386848,唯一,b,1,2,38308,爱情万岁,录音室专辑,2000-07-07,4,心中无别人,爱情万岁,1.0,0.0
1333,386848,价值,n,1,2,38308,爱情万岁,录音室专辑,2000-07-07,4,心中无别人,爱情万岁,1.0,0.0
1334,386848,捒,zg,1,2,38308,爱情万岁,录音室专辑,2000-07-07,4,心中无别人,爱情万岁,1.0,0.0
1335,386848,一切,r,1,2,38308,爱情万岁,录音室专辑,2000-07-07,4,心中无别人,爱情万岁,1.0,0.0
1336,386848,流出,v,1,2,38308,爱情万岁,录音室专辑,2000-07-07,4,心中无别人,爱情万岁,1.0,0.0
1337,386848,欢喜,v,1,2,38308,爱情万岁,录音室专辑,2000-07-07,4,心中无别人,爱情万岁,1.0,0.0
1338,386848,目屎,n,1,2,38308,爱情万岁,录音室专辑,2000-07-07,4,心中无别人,爱情万岁,1.0,0.0
1339,386848,事志,n,1,2,38308,爱情万岁,录音室专辑,2000-07-07,4,心中无别人,爱情万岁,1.0,0.0
1340,386848,按,p,1,2,38308,爱情万岁,录音室专辑,2000-07-07,4,心中无别人,爱情万岁,1.0,0.0
1341,386848,怎,r,1,2,38308,爱情万岁,录音室专辑,2000-07-07,4,心中无别人,爱情万岁,1.0,0.0
1342,386848,继续,v,1,2,38308,爱情万岁,录音室专辑,2000-07-07,4,心中无别人,爱情万岁,1.0,0.0
1343,386848,嘛,y,1,2,38308,爱情万岁,录音室专辑,2000-07-07,4,心中无别人,爱情万岁,1.0,0.0
1344,386848,毋知影,i,1,2,38308,爱情万岁,录音室专辑,2000-07-07,4,心中无别人,爱情万岁,1.0,0.0
1345,386848,只,d,1,2,38308,爱情万岁,录音室专辑,2000-07-07,4,心中无别人,爱情万岁,1.0,0.0
1346,386848,斗,v,1,2,38308,爱情万岁,录音室专辑,2000-07-07,4,心中无别人,爱情万岁,1.0,0.0
1347,386848,阵,ng,1,2,38308,爱情万岁,录音室专辑,2000-07-07,4,心中无别人,爱情万岁,1.0,0.0
1348,386848,抱,v,1,2,38308,爱情万岁,录音室专辑,2000-07-07,4,心中无别人,爱情万岁,1.0,0.0
1349,386848,身躯,n,1,2,38308,爱情万岁,录音室专辑,2000-07-07,4,心中无别人,爱情万岁,1.0,0.0
1350,386848,听汝,nr,1,2,38308,爱情万岁,录音室专辑,2000-07-07,4,心中无别人,爱情万岁,1.0,0.0
1351,386848,唱歌,n,1,2,38308,爱情万岁,录音室专辑,2000-07-07,4,心中无别人,爱情万岁,1.0,0.0
1352,386848,啊,zg,1,2,38308,爱情万岁,录音室专辑,2000-07-07,4,心中无别人,爱情万岁,1.0,0.0
1353,386851,的,uj,47,2,38308,爱情万岁,录音室专辑,2000-07-07,5,有你的将来,爱情万岁,1.0,0.0
1354,386851,你,r,35,2,38308,爱情万岁,录音室专辑,2000-07-07,5,有你的将来,爱情万岁,1.0,0.0
1355,386851,爱,n,19,2,38308,爱情万岁,录音室专辑,2000-07-07,5,有你的将来,爱情万岁,1.0,0.0
1356,386851,不到,v,19,2,38308,爱情万岁,录音室专辑,2000-07-07,5,有你的将来,爱情万岁,1.0,0.0
1357,386851,我,r,15,2,38308,爱情万岁,录音室专辑,2000-07-07,5,有你的将来,爱情万岁,1.0,0.0
1358,386851,这,r,11,2,38308,爱情万岁,录音室专辑,2000-07-07,5,有你的将来,爱情万岁,1.0,0.0
1359,386851,阮,nr,10,2,38308,爱情万岁,录音室专辑,2000-07-07,5,有你的将来,爱情万岁,1.0,0.0
1360,386851,找,v,9,2,38308,爱情万岁,录音室专辑,2000-07-07,5,有你的将来,爱情万岁,1.0,0.0
1361,386851,有,v,7,2,38308,爱情万岁,录音室专辑,2000-07-07,5,有你的将来,爱情万岁,1.0,0.0
1362,386851,想不到,l,6,2,38308,爱情万岁,录音室专辑,2000-07-07,5,有你的将来,爱情万岁,1.0,0.0
1363,386851,la,eng,6,2,38308,爱情万岁,录音室专辑,2000-07-07,5,有你的将来,爱情万岁,1.0,0.0
1364,386851,甲,n,5,2,38308,爱情万岁,录音室专辑,2000-07-07,5,有你的将来,爱情万岁,1.0,0.0
1365,386851,出力,n,5,2,38308,爱情万岁,录音室专辑,2000-07-07,5,有你的将来,爱情万岁,1.0,0.0
1366,386851,真情,n,5,2,38308,爱情万岁,录音室专辑,2000-07-07,5,有你的将来,爱情万岁,1.0,0.0
1367,386851,真,d,5,2,38308,爱情万岁,录音室专辑,2000-07-07,5,有你的将来,爱情万岁,1.0,0.0
1368,386851,心像,n,5,2,38308,爱情万岁,录音室专辑,2000-07-07,5,有你的将来,爱情万岁,1.0,0.0
1369,386851,大海,ns,5,2,38308,爱情万岁,录音室专辑,2000-07-07,5,有你的将来,爱情万岁,1.0,0.0
1370,386851,听,v,5,2,38308,爱情万岁,录音室专辑,2000-07-07,5,有你的将来,爱情万岁,1.0,0.0
1371,386851,真心真意,i,5,2,38308,爱情万岁,录音室专辑,2000-07-07,5,有你的将来,爱情万岁,1.0,0.0
1372,386851,无奈,d,5,2,38308,爱情万岁,录音室专辑,2000-07-07,5,有你的将来,爱情万岁,1.0,0.0
1373,386851,走,v,5,2,38308,爱情万岁,录音室专辑,2000-07-07,5,有你的将来,爱情万岁,1.0,0.0
1374,386851,当初,t,5,2,38308,爱情万岁,录音室专辑,2000-07-07,5,有你的将来,爱情万岁,1.0,0.0
1375,386851,约束,vn,5,2,38308,爱情万岁,录音室专辑,2000-07-07,5,有你的将来,爱情万岁,1.0,0.0
1376,386851,所在,b,5,2,38308,爱情万岁,录音室专辑,2000-07-07,5,有你的将来,爱情万岁,1.0,0.0
1377,386851,将来,t,5,2,38308,爱情万岁,录音室专辑,2000-07-07,5,有你的将来,爱情万岁,1.0,0.0
1378,386851,无人,n,4,2,38308,爱情万岁,录音室专辑,2000-07-07,5,有你的将来,爱情万岁,1.0,0.0
1379,386851,了解,v,4,2,38308,爱情万岁,录音室专辑,2000-07-07,5,有你的将来,爱情万岁,1.0,0.0
1380,386851,讲,v,3,2,38308,爱情万岁,录音室专辑,2000-07-07,5,有你的将来,爱情万岁,1.0,0.0
1381,386851,为什么,r,3,2,38308,爱情万岁,录音室专辑,2000-07-07,5,有你的将来,爱情万岁,1.0,0.0
1382,386851,不知,v,3,2,38308,爱情万岁,录音室专辑,2000-07-07,5,有你的将来,爱情万岁,1.0,0.0
1383,386851,甘未歹,i,3,2,38308,爱情万岁,录音室专辑,2000-07-07,5,有你的将来,爱情万岁,1.0,0.0
1384,386851,交代,n,3,2,38308,爱情万岁,录音室专辑,2000-07-07,5,有你的将来,爱情万岁,1.0,0.0
1385,386851,心肝,n,3,2,38308,爱情万岁,录音室专辑,2000-07-07,5,有你的将来,爱情万岁,1.0,0.0
1386,386851,甘,nr,2,2,38308,爱情万岁,录音室专辑,2000-07-07,5,有你的将来,爱情万岁,1.0,0.0
1387,386851,真正,d,2,2,38308,爱情万岁,录音室专辑,2000-07-07,5,有你的将来,爱情万岁,1.0,0.0
1388,386851,像,v,2,2,38308,爱情万岁,录音室专辑,2000-07-07,5,有你的将来,爱情万岁,1.0,0.0
1389,386851,简单,a,2,2,38308,爱情万岁,录音室专辑,2000-07-07,5,有你的将来,爱情万岁,1.0,0.0
1390,386851,要,v,2,2,38308,爱情万岁,录音室专辑,2000-07-07,5,有你的将来,爱情万岁,1.0,0.0
1391,386851,离开,v,2,2,38308,爱情万岁,录音室专辑,2000-07-07,5,有你的将来,爱情万岁,1.0,0.0
1392,386851,一片,m,2,2,38308,爱情万岁,录音室专辑,2000-07-07,5,有你的将来,爱情万岁,1.0,0.0
1393,386851,斗阵,n,2,2,38308,爱情万岁,录音室专辑,2000-07-07,5,有你的将来,爱情万岁,1.0,0.0
1394,386851,日子,n,2,2,38308,爱情万岁,录音室专辑,2000-07-07,5,有你的将来,爱情万岁,1.0,0.0
1395,386851,啊,zg,2,2,38308,爱情万岁,录音室专辑,2000-07-07,5,有你的将来,爱情万岁,1.0,0.0
1396,386851,天才,n,2,2,38308,爱情万岁,录音室专辑,2000-07-07,5,有你的将来,爱情万岁,1.0,0.0
1397,386851,无,v,2,2,38308,爱情万岁,录音室专辑,2000-07-07,5,有你的将来,爱情万岁,1.0,0.0
1398,386851,看到,v,2,2,38308,爱情万岁,录音室专辑,2000-07-07,5,有你的将来,爱情万岁,1.0,0.0
1399,386851,爱情,n,2,2,38308,爱情万岁,录音室专辑,2000-07-07,5,有你的将来,爱情万岁,1.0,0.0
1400,386851,伤害,a,2,2,38308,爱情万岁,录音室专辑,2000-07-07,5,有你的将来,爱情万岁,1.0,0.0
1401,386851,只是,c,2,2,38308,爱情万岁,录音室专辑,2000-07-07,5,有你的将来,爱情万岁,1.0,0.0
1402,386851,试看,v,2,2,38308,爱情万岁,录音室专辑,2000-07-07,5,有你的将来,爱情万岁,1.0,0.0
1403,386851,麦,nr,2,2,38308,爱情万岁,录音室专辑,2000-07-07,5,有你的将来,爱情万岁,1.0,0.0
1404,386851,扰乱,v,2,2,38308,爱情万岁,录音室专辑,2000-07-07,5,有你的将来,爱情万岁,1.0,0.0
1405,386851,原本,n,2,2,38308,爱情万岁,录音室专辑,2000-07-07,5,有你的将来,爱情万岁,1.0,0.0
1406,386851,平静,a,2,2,38308,爱情万岁,录音室专辑,2000-07-07,5,有你的将来,爱情万岁,1.0,0.0
1407,386851,世界,n,2,2,38308,爱情万岁,录音室专辑,2000-07-07,5,有你的将来,爱情万岁,1.0,0.0
1408,386851,青睬,v,2,2,38308,爱情万岁,录音室专辑,2000-07-07,5,有你的将来,爱情万岁,1.0,0.0
1409,386851,天顶,n,1,2,38308,爱情万岁,录音室专辑,2000-07-07,5,有你的将来,爱情万岁,1.0,0.0
1410,386851,月娘,n,1,2,38308,爱情万岁,录音室专辑,2000-07-07,5,有你的将来,爱情万岁,1.0,0.0
1411,386851,笑,v,1,2,38308,爱情万岁,录音室专辑,2000-07-07,5,有你的将来,爱情万岁,1.0,0.0
1412,386851,不识,v,1,2,38308,爱情万岁,录音室专辑,2000-07-07,5,有你的将来,爱情万岁,1.0,0.0
1413,386851,认真,ad,1,2,38308,爱情万岁,录音室专辑,2000-07-07,5,有你的将来,爱情万岁,1.0,0.0
1414,386851,就是,d,1,2,38308,爱情万岁,录音室专辑,2000-07-07,5,有你的将来,爱情万岁,1.0,0.0
1415,386851,浪费时间,n,1,2,38308,爱情万岁,录音室专辑,2000-07-07,5,有你的将来,爱情万岁,1.0,0.0
1416,386851,甘爱听,nr,1,2,38308,爱情万岁,录音室专辑,2000-07-07,5,有你的将来,爱情万岁,1.0,0.0
1417,386851,汝,r,1,2,38308,爱情万岁,录音室专辑,2000-07-07,5,有你的将来,爱情万岁,1.0,0.0
1418,386851,会,v,1,2,38308,爱情万岁,录音室专辑,2000-07-07,5,有你的将来,爱情万岁,1.0,0.0
1419,386851,冻,v,1,2,38308,爱情万岁,录音室专辑,2000-07-07,5,有你的将来,爱情万岁,1.0,0.0
1420,386854,我,r,24,2,38308,爱情万岁,录音室专辑,2000-07-07,6,憨人,爱情万岁,1.0,0.0
1421,386854,的,uj,15,2,38308,爱情万岁,录音室专辑,2000-07-07,6,憨人,爱情万岁,1.0,0.0
1422,386854,侬,g,11,2,38308,爱情万岁,录音室专辑,2000-07-07,6,憨人,爱情万岁,1.0,0.0
1423,386854,是,v,9,2,38308,爱情万岁,录音室专辑,2000-07-07,6,憨人,爱情万岁,1.0,0.0
1424,386854,梦,n,8,2,38308,爱情万岁,录音室专辑,2000-07-07,6,憨人,爱情万岁,1.0,0.0
1425,386854,毋,d,7,2,38308,爱情万岁,录音室专辑,2000-07-07,6,憨人,爱情万岁,1.0,0.0
1426,386854,过,ug,7,2,38308,爱情万岁,录音室专辑,2000-07-07,6,憨人,爱情万岁,1.0,0.0
1427,386854,有,v,7,2,38308,爱情万岁,录音室专辑,2000-07-07,6,憨人,爱情万岁,1.0,0.0
1428,386854,路,n,6,2,38308,爱情万岁,录音室专辑,2000-07-07,6,憨人,爱情万岁,1.0,0.0
1429,386854,希望,v,6,2,38308,爱情万岁,录音室专辑,2000-07-07,6,憨人,爱情万岁,1.0,0.0
1430,386854,总会,n,4,2,38308,爱情万岁,录音室专辑,2000-07-07,6,憨人,爱情万岁,1.0,0.0
1431,386854,做,v,3,2,38308,爱情万岁,录音室专辑,2000-07-07,6,憨人,爱情万岁,1.0,0.0
1432,386854,来,v,3,2,38308,爱情万岁,录音室专辑,2000-07-07,6,憨人,爱情万岁,1.0,0.0
1433,386854,欲,d,3,2,38308,爱情万岁,录音室专辑,2000-07-07,6,憨人,爱情万岁,1.0,0.0
1434,386854,中,f,3,2,38308,爱情万岁,录音室专辑,2000-07-07,6,憨人,爱情万岁,1.0,0.0
1435,386854,许个,m,3,2,38308,爱情万岁,录音室专辑,2000-07-07,6,憨人,爱情万岁,1.0,0.0
1436,386854,世界,n,3,2,38308,爱情万岁,录音室专辑,2000-07-07,6,憨人,爱情万岁,1.0,0.0
1437,386854,敢讲,v,3,2,38308,爱情万岁,录音室专辑,2000-07-07,6,憨人,爱情万岁,1.0,0.0
1438,386854,伊,j,3,2,38308,爱情万岁,录音室专辑,2000-07-07,6,憨人,爱情万岁,1.0,0.0
1439,386854,一场空,n,3,2,38308,爱情万岁,录音室专辑,2000-07-07,6,憨人,爱情万岁,1.0,0.0
1440,386854,只有,c,3,2,38308,爱情万岁,录音室专辑,2000-07-07,6,憨人,爱情万岁,1.0,0.0
1441,386854,汝,r,3,2,38308,爱情万岁,录音室专辑,2000-07-07,6,憨人,爱情万岁,1.0,0.0
1442,386854,讲,v,3,2,38308,爱情万岁,录音室专辑,2000-07-07,6,憨人,爱情万岁,1.0,0.0
1443,386854,的话,u,3,2,38308,爱情万岁,录音室专辑,2000-07-07,6,憨人,爱情万岁,1.0,0.0
1444,386854,放在,v,3,2,38308,爱情万岁,录音室专辑,2000-07-07,6,憨人,爱情万岁,1.0,0.0
1445,386854,心肝,n,3,2,38308,爱情万岁,录音室专辑,2000-07-07,6,憨人,爱情万岁,1.0,0.0
1446,386854,内,n,3,2,38308,爱情万岁,录音室专辑,2000-07-07,6,憨人,爱情万岁,1.0,0.0
1447,386854,有一,r,3,2,38308,爱情万岁,录音室专辑,2000-07-07,6,憨人,爱情万岁,1.0,0.0
1448,386854,工,n,3,2,38308,爱情万岁,录音室专辑,2000-07-07,6,憨人,爱情万岁,1.0,0.0
1449,386854,无,v,2,2,38308,爱情万岁,录音室专辑,2000-07-07,6,憨人,爱情万岁,1.0,0.0
1450,386854,甘愿,n,2,2,38308,爱情万岁,录音室专辑,2000-07-07,6,憨人,爱情万岁,1.0,0.0
1451,386854,戆,zg,2,2,38308,爱情万岁,录音室专辑,2000-07-07,6,憨人,爱情万岁,1.0,0.0
1452,386854,头脑,n,2,2,38308,爱情万岁,录音室专辑,2000-07-07,6,憨人,爱情万岁,1.0,0.0
1453,386854,空空,n,2,2,38308,爱情万岁,录音室专辑,2000-07-07,6,憨人,爱情万岁,1.0,0.0
1454,386854,一只,m,2,2,38308,爱情万岁,录音室专辑,2000-07-07,6,憨人,爱情万岁,1.0,0.0
1455,386854,米虫,n,2,2,38308,爱情万岁,录音室专辑,2000-07-07,6,憨人,爱情万岁,1.0,0.0
1456,386854,啊,y,2,2,38308,爱情万岁,录音室专辑,2000-07-07,6,憨人,爱情万岁,1.0,0.0
1457,386854,一世,t,2,2,38308,爱情万岁,录音室专辑,2000-07-07,6,憨人,爱情万岁,1.0,0.0
1458,386854,安,v,2,2,38308,爱情万岁,录音室专辑,2000-07-07,6,憨人,爱情万岁,1.0,0.0
1459,386854,怎,r,2,2,38308,爱情万岁,录音室专辑,2000-07-07,6,憨人,爱情万岁,1.0,0.0
1460,386854,欢喜,v,2,2,38308,爱情万岁,录音室专辑,2000-07-07,6,憨人,爱情万岁,1.0,0.0
1461,386854,春夏秋冬,nr,2,2,38308,爱情万岁,录音室专辑,2000-07-07,6,憨人,爱情万岁,1.0,0.0
1462,386854,无够,v,2,2,38308,爱情万岁,录音室专辑,2000-07-07,6,憨人,爱情万岁,1.0,0.0
1463,386854,我行,r,2,2,38308,爱情万岁,录音室专辑,2000-07-07,6,憨人,爱情万岁,1.0,0.0
1464,386854,心内,s,1,2,38308,爱情万岁,录音室专辑,2000-07-07,6,憨人,爱情万岁,1.0,0.0
1465,386854,感觉,n,1,2,38308,爱情万岁,录音室专辑,2000-07-07,6,憨人,爱情万岁,1.0,0.0
1466,386854,人生,n,1,2,38308,爱情万岁,录音室专辑,2000-07-07,6,憨人,爱情万岁,1.0,0.0
1467,386854,沉重,a,1,2,38308,爱情万岁,录音室专辑,2000-07-07,6,憨人,爱情万岁,1.0,0.0
1468,386854,毋敢来,l,1,2,38308,爱情万岁,录音室专辑,2000-07-07,6,憨人,爱情万岁,1.0,0.0
1469,386854,振动,vn,1,2,38308,爱情万岁,录音室专辑,2000-07-07,6,憨人,爱情万岁,1.0,0.0
1470,386854,好,a,1,2,38308,爱情万岁,录音室专辑,2000-07-07,6,憨人,爱情万岁,1.0,0.0
1471,386854,囝,zg,1,2,38308,爱情万岁,录音室专辑,2000-07-07,6,憨人,爱情万岁,1.0,0.0
1472,386854,嘛,y,1,2,38308,爱情万岁,录音室专辑,2000-07-07,6,憨人,爱情万岁,1.0,0.0
1473,386854,是否,v,1,2,38308,爱情万岁,录音室专辑,2000-07-07,6,憨人,爱情万岁,1.0,0.0
1474,386854,只是,c,1,2,38308,爱情万岁,录音室专辑,2000-07-07,6,憨人,爱情万岁,1.0,0.0
1475,386854,爱,v,1,2,38308,爱情万岁,录音室专辑,2000-07-07,6,憨人,爱情万岁,1.0,0.0
1476,386854,眠,vg,1,2,38308,爱情万岁,录音室专辑,2000-07-07,6,憨人,爱情万岁,1.0,0.0
1477,386854,毋愿随涌,i,1,2,38308,爱情万岁,录音室专辑,2000-07-07,6,憨人,爱情万岁,1.0,0.0
1478,386854,随风,n,1,2,38308,爱情万岁,录音室专辑,2000-07-07,6,憨人,爱情万岁,1.0,0.0
1479,386854,飘浪,v,1,2,38308,爱情万岁,录音室专辑,2000-07-07,6,憨人,爱情万岁,1.0,0.0
1480,386854,西东,ns,1,2,38308,爱情万岁,录音室专辑,2000-07-07,6,憨人,爱情万岁,1.0,0.0
1481,386854,亲,v,1,2,38308,爱情万岁,录音室专辑,2000-07-07,6,憨人,爱情万岁,1.0,0.0
1482,386854,像,v,1,2,38308,爱情万岁,录音室专辑,2000-07-07,6,憨人,爱情万岁,1.0,0.0
1483,386854,船,n,1,2,38308,爱情万岁,录音室专辑,2000-07-07,6,憨人,爱情万岁,1.0,0.0
1484,386854,港,j,1,2,38308,爱情万岁,录音室专辑,2000-07-07,6,憨人,爱情万岁,1.0,0.0
1485,386854,愿,v,1,2,38308,爱情万岁,录音室专辑,2000-07-07,6,憨人,爱情万岁,1.0,0.0
1486,386854,奸巧,a,1,2,38308,爱情万岁,录音室专辑,2000-07-07,6,憨人,爱情万岁,1.0,0.0
1487,386854,軁,yg,1,2,38308,爱情万岁,录音室专辑,2000-07-07,6,憨人,爱情万岁,1.0,0.0
1488,386854,缝,v,1,2,38308,爱情万岁,录音室专辑,2000-07-07,6,憨人,爱情万岁,1.0,0.0
1489,386854,走过,v,1,2,38308,爱情万岁,录音室专辑,2000-07-07,6,憨人,爱情万岁,1.0,0.0
1490,386854,一天,m,1,2,38308,爱情万岁,录音室专辑,2000-07-07,6,憨人,爱情万岁,1.0,0.0
1491,386854,看着,v,1,2,38308,爱情万岁,录音室专辑,2000-07-07,6,憨人,爱情万岁,1.0,0.0
1492,386854,满天,t,1,2,38308,爱情万岁,录音室专辑,2000-07-07,6,憨人,爱情万岁,1.0,0.0
1493,386854,全,a,1,2,38308,爱情万岁,录音室专辑,2000-07-07,6,憨人,爱情万岁,1.0,0.0
1494,386854,金条,n,1,2,38308,爱情万岁,录音室专辑,2000-07-07,6,憨人,爱情万岁,1.0,0.0
1495,386854,捎,v,1,2,38308,爱情万岁,录音室专辑,2000-07-07,6,憨人,爱情万岁,1.0,0.0
1496,386854,半项,m,1,2,38308,爱情万岁,录音室专辑,2000-07-07,6,憨人,爱情万岁,1.0,0.0
1497,386854,环境,n,1,2,38308,爱情万岁,录音室专辑,2000-07-07,6,憨人,爱情万岁,1.0,0.0
1498,386854,戏弄,v,1,2,38308,爱情万岁,录音室专辑,2000-07-07,6,憨人,爱情万岁,1.0,0.0
1499,386854,背景,n,1,2,38308,爱情万岁,录音室专辑,2000-07-07,6,憨人,爱情万岁,1.0,0.0
1500,386854,强,a,1,2,38308,爱情万岁,录音室专辑,2000-07-07,6,憨人,爱情万岁,1.0,0.0
1501,386854,天才,n,1,2,38308,爱情万岁,录音室专辑,2000-07-07,6,憨人,爱情万岁,1.0,0.0
1502,386854,弄,v,1,2,38308,爱情万岁,录音室专辑,2000-07-07,6,憨人,爱情万岁,1.0,0.0
1503,386854,逐项,d,1,2,38308,爱情万岁,录音室专辑,2000-07-07,6,憨人,爱情万岁,1.0,0.0
1504,386854,拢,v,1,2,38308,爱情万岁,录音室专辑,2000-07-07,6,憨人,爱情万岁,1.0,0.0
1505,386854,输,v,1,2,38308,爱情万岁,录音室专辑,2000-07-07,6,憨人,爱情万岁,1.0,0.0
1506,386854,只好,d,1,2,38308,爱情万岁,录音室专辑,2000-07-07,6,憨人,爱情万岁,1.0,0.0
1507,386854,看破,v,1,2,38308,爱情万岁,录音室专辑,2000-07-07,6,憨人,爱情万岁,1.0,0.0
1508,386854,这,r,1,2,38308,爱情万岁,录音室专辑,2000-07-07,6,憨人,爱情万岁,1.0,0.0
1509,386854,虚华,a,1,2,38308,爱情万岁,录音室专辑,2000-07-07,6,憨人,爱情万岁,1.0,0.0
1510,386854,毋惊路,l,1,2,38308,爱情万岁,录音室专辑,2000-07-07,6,憨人,爱情万岁,1.0,0.0
1511,386854,否行,v,1,2,38308,爱情万岁,录音室专辑,2000-07-07,6,憨人,爱情万岁,1.0,0.0
1512,386854,毋惊,l,1,2,38308,爱情万岁,录音室专辑,2000-07-07,6,憨人,爱情万岁,1.0,0.0
1513,386854,大雨淋,nr,1,2,38308,爱情万岁,录音室专辑,2000-07-07,6,憨人,爱情万岁,1.0,0.0
1514,386854,心上,s,1,2,38308,爱情万岁,录音室专辑,2000-07-07,6,憨人,爱情万岁,1.0,0.0
1515,386854,一,m,1,2,38308,爱情万岁,录音室专辑,2000-07-07,6,憨人,爱情万岁,1.0,0.0
1516,386854,字,n,1,2,38308,爱情万岁,录音室专辑,2000-07-07,6,憨人,爱情万岁,1.0,0.0
1517,386854,敢,v,1,2,38308,爱情万岁,录音室专辑,2000-07-07,6,憨人,爱情万岁,1.0,0.0
1518,386854,面对,v,1,2,38308,爱情万岁,录音室专辑,2000-07-07,6,憨人,爱情万岁,1.0,0.0
1519,386854,知影,v,1,2,38308,爱情万岁,录音室专辑,2000-07-07,6,憨人,爱情万岁,1.0,0.0
1520,386854,Yeah,eng,1,2,38308,爱情万岁,录音室专辑,2000-07-07,6,憨人,爱情万岁,1.0,0.0
1521,386854,LaLaLa,eng,1,2,38308,爱情万岁,录音室专辑,2000-07-07,6,憨人,爱情万岁,1.0,0.0
1522,386854,...........,m,1,2,38308,爱情万岁,录音室专辑,2000-07-07,6,憨人,爱情万岁,1.0,0.0
1523,386857,我,r,15,2,38308,爱情万岁,录音室专辑,2000-07-07,7,叫我第一名,爱情万岁,1.0,0.0
1524,386857,汝,r,14,2,38308,爱情万岁,录音室专辑,2000-07-07,7,叫我第一名,爱情万岁,1.0,0.0
1525,386857,啦,y,13,2,38308,爱情万岁,录音室专辑,2000-07-07,7,叫我第一名,爱情万岁,1.0,0.0
1526,386857,.....,m,12,2,38308,爱情万岁,录音室专辑,2000-07-07,7,叫我第一名,爱情万岁,1.0,0.0
1527,386857,啥,r,11,2,38308,爱情万岁,录音室专辑,2000-07-07,7,叫我第一名,爱情万岁,1.0,0.0
1528,386857,讲,v,10,2,38308,爱情万岁,录音室专辑,2000-07-07,7,叫我第一名,爱情万岁,1.0,0.0
1529,386857,侬,g,6,2,38308,爱情万岁,录音室专辑,2000-07-07,7,叫我第一名,爱情万岁,1.0,0.0
1530,386857,会,v,6,2,38308,爱情万岁,录音室专辑,2000-07-07,7,叫我第一名,爱情万岁,1.0,0.0
1531,386857,睏,zg,6,2,38308,爱情万岁,录音室专辑,2000-07-07,7,叫我第一名,爱情万岁,1.0,0.0
1532,386857,叫,v,6,2,38308,爱情万岁,录音室专辑,2000-07-07,7,叫我第一名,爱情万岁,1.0,0.0
1533,386857,佮,yg,5,2,38308,爱情万岁,录音室专辑,2000-07-07,7,叫我第一名,爱情万岁,1.0,0.0
1534,386857,食,v,4,2,38308,爱情万岁,录音室专辑,2000-07-07,7,叫我第一名,爱情万岁,1.0,0.0
1535,386857,饱,v,3,2,38308,爱情万岁,录音室专辑,2000-07-07,7,叫我第一名,爱情万岁,1.0,0.0
1536,386857,饱食,v,3,2,38308,爱情万岁,录音室专辑,2000-07-07,7,叫我第一名,爱情万岁,1.0,0.0
1537,386857,莫,d,3,2,38308,爱情万岁,录音室专辑,2000-07-07,7,叫我第一名,爱情万岁,1.0,0.0
1538,386857,想,v,3,2,38308,爱情万岁,录音室专辑,2000-07-07,7,叫我第一名,爱情万岁,1.0,0.0
1539,386857,遮济,n,3,2,38308,爱情万岁,录音室专辑,2000-07-07,7,叫我第一名,爱情万岁,1.0,0.0
1540,386857,着,uz,3,2,38308,爱情万岁,录音室专辑,2000-07-07,7,叫我第一名,爱情万岁,1.0,0.0
1541,386857,佚,vg,3,2,38308,爱情万岁,录音室专辑,2000-07-07,7,叫我第一名,爱情万岁,1.0,0.0
1542,386857,陶,nr,3,2,38308,爱情万岁,录音室专辑,2000-07-07,7,叫我第一名,爱情万岁,1.0,0.0
1543,386857,着行,v,3,2,38308,爱情万岁,录音室专辑,2000-07-07,7,叫我第一名,爱情万岁,1.0,0.0
1544,386857,有,v,3,2,38308,爱情万岁,录音室专辑,2000-07-07,7,叫我第一名,爱情万岁,1.0,0.0
1545,386857,物事,n,3,2,38308,爱情万岁,录音室专辑,2000-07-07,7,叫我第一名,爱情万岁,1.0,0.0
1546,386857,志,n,3,2,38308,爱情万岁,录音室专辑,2000-07-07,7,叫我第一名,爱情万岁,1.0,0.0
1547,386857,一定,d,3,2,38308,爱情万岁,录音室专辑,2000-07-07,7,叫我第一名,爱情万岁,1.0,0.0
1548,386857,爱,v,3,2,38308,爱情万岁,录音室专辑,2000-07-07,7,叫我第一名,爱情万岁,1.0,0.0
1549,386857,计较,v,3,2,38308,爱情万岁,录音室专辑,2000-07-07,7,叫我第一名,爱情万岁,1.0,0.0
1550,386857,输赢,v,3,2,38308,爱情万岁,录音室专辑,2000-07-07,7,叫我第一名,爱情万岁,1.0,0.0
1551,386857,爱赏,nr,3,2,38308,爱情万岁,录音室专辑,2000-07-07,7,叫我第一名,爱情万岁,1.0,0.0
1552,386857,则,d,3,2,38308,爱情万岁,录音室专辑,2000-07-07,7,叫我第一名,爱情万岁,1.0,0.0
1553,386857,赢,v,3,2,38308,爱情万岁,录音室专辑,2000-07-07,7,叫我第一名,爱情万岁,1.0,0.0
1554,386857,通,v,3,2,38308,爱情万岁,录音室专辑,2000-07-07,7,叫我第一名,爱情万岁,1.0,0.0
1555,386857,拼,v,3,2,38308,爱情万岁,录音室专辑,2000-07-07,7,叫我第一名,爱情万岁,1.0,0.0
1556,386857,问,v,3,2,38308,爱情万岁,录音室专辑,2000-07-07,7,叫我第一名,爱情万岁,1.0,0.0
1557,386857,物名,n,3,2,38308,爱情万岁,录音室专辑,2000-07-07,7,叫我第一名,爱情万岁,1.0,0.0
1558,386857,第一名,m,3,2,38308,爱情万岁,录音室专辑,2000-07-07,7,叫我第一名,爱情万岁,1.0,0.0
1559,386857,这,r,2,2,38308,爱情万岁,录音室专辑,2000-07-07,7,叫我第一名,爱情万岁,1.0,0.0
1560,386857,款,n,2,2,38308,爱情万岁,录音室专辑,2000-07-07,7,叫我第一名,爱情万岁,1.0,0.0
1561,386857,使,v,2,2,38308,爱情万岁,录音室专辑,2000-07-07,7,叫我第一名,爱情万岁,1.0,0.0
1562,386857,创,vg,2,2,38308,爱情万岁,录音室专辑,2000-07-07,7,叫我第一名,爱情万岁,1.0,0.0
1563,386857,意,ng,2,2,38308,爱情万岁,录音室专辑,2000-07-07,7,叫我第一名,爱情万岁,1.0,0.0
1564,386857,的,uj,2,2,38308,爱情万岁,录音室专辑,2000-07-07,7,叫我第一名,爱情万岁,1.0,0.0
1565,386857,上好,v,1,2,38308,爱情万岁,录音室专辑,2000-07-07,7,叫我第一名,爱情万岁,1.0,0.0
1566,386857,掷,v,1,2,38308,爱情万岁,录音室专辑,2000-07-07,7,叫我第一名,爱情万岁,1.0,0.0
1567,386857,咧,v,1,2,38308,爱情万岁,录音室专辑,2000-07-07,7,叫我第一名,爱情万岁,1.0,0.0
1568,386857,粪,n,1,2,38308,爱情万岁,录音室专辑,2000-07-07,7,叫我第一名,爱情万岁,1.0,0.0
1569,386857,扫车,v,1,2,38308,爱情万岁,录音室专辑,2000-07-07,7,叫我第一名,爱情万岁,1.0,0.0
1570,386857,电影,n,1,2,38308,爱情万岁,录音室专辑,2000-07-07,7,叫我第一名,爱情万岁,1.0,0.0
1571,386857,看,v,1,2,38308,爱情万岁,录音室专辑,2000-07-07,7,叫我第一名,爱情万岁,1.0,0.0
1572,386857,了,ul,1,2,38308,爱情万岁,录音室专辑,2000-07-07,7,叫我第一名,爱情万岁,1.0,0.0
1573,386857,宵夜,n,1,2,38308,爱情万岁,录音室专辑,2000-07-07,7,叫我第一名,爱情万岁,1.0,0.0
1574,386857,佫,yg,1,2,38308,爱情万岁,录音室专辑,2000-07-07,7,叫我第一名,爱情万岁,1.0,0.0
1575,386857,去,v,1,2,38308,爱情万岁,录音室专辑,2000-07-07,7,叫我第一名,爱情万岁,1.0,0.0
1576,386857,唱歌,n,1,2,38308,爱情万岁,录音室专辑,2000-07-07,7,叫我第一名,爱情万岁,1.0,0.0
1577,386857,暗时,d,1,2,38308,爱情万岁,录音室专辑,2000-07-07,7,叫我第一名,爱情万岁,1.0,0.0
1578,386857,倒粪,n,1,2,38308,爱情万岁,录音室专辑,2000-07-07,7,叫我第一名,爱情万岁,1.0,0.0
1579,386857,扫,v,1,2,38308,爱情万岁,录音室专辑,2000-07-07,7,叫我第一名,爱情万岁,1.0,0.0
1580,386857,早时,t,1,2,38308,爱情万岁,录音室专辑,2000-07-07,7,叫我第一名,爱情万岁,1.0,0.0
1581,386857,窒车,v,1,2,38308,爱情万岁,录音室专辑,2000-07-07,7,叫我第一名,爱情万岁,1.0,0.0
1582,386857,寒天,t,1,2,38308,爱情万岁,录音室专辑,2000-07-07,7,叫我第一名,爱情万岁,1.0,0.0
1583,386857,伤寒,a,1,2,38308,爱情万岁,录音室专辑,2000-07-07,7,叫我第一名,爱情万岁,1.0,0.0
1584,386857,热天,n,1,2,38308,爱情万岁,录音室专辑,2000-07-07,7,叫我第一名,爱情万岁,1.0,0.0
1585,386857,伤热,a,1,2,38308,爱情万岁,录音室专辑,2000-07-07,7,叫我第一名,爱情万岁,1.0,0.0
1586,386857,无,v,1,2,38308,爱情万岁,录音室专辑,2000-07-07,7,叫我第一名,爱情万岁,1.0,0.0
1587,386857,人生,n,1,2,38308,爱情万岁,录音室专辑,2000-07-07,7,叫我第一名,爱情万岁,1.0,0.0
1588,386857,路,n,1,2,38308,爱情万岁,录音室专辑,2000-07-07,7,叫我第一名,爱情万岁,1.0,0.0
1589,386857,哪,r,1,2,38308,爱情万岁,录音室专辑,2000-07-07,7,叫我第一名,爱情万岁,1.0,0.0
1590,386857,遮,v,1,2,38308,爱情万岁,录音室专辑,2000-07-07,7,叫我第一名,爱情万岁,1.0,0.0
1591,386857,崎,a,1,2,38308,爱情万岁,录音室专辑,2000-07-07,7,叫我第一名,爱情万岁,1.0,0.0
1592,386860,的,uj,27,2,38308,爱情万岁,录音室专辑,2000-07-07,8,雨眠,爱情万岁,1.0,0.0
1593,386860,你,r,18,2,38308,爱情万岁,录音室专辑,2000-07-07,8,雨眠,爱情万岁,1.0,0.0
1594,386860,是,v,11,2,38308,爱情万岁,录音室专辑,2000-07-07,8,雨眠,爱情万岁,1.0,0.0
1595,386860,我,r,10,2,38308,爱情万岁,录音室专辑,2000-07-07,8,雨眠,爱情万岁,1.0,0.0
1596,386860,將,d,10,2,38308,爱情万岁,录音室专辑,2000-07-07,8,雨眠,爱情万岁,1.0,0.0
1597,386860,親愛,a,6,2,38308,爱情万岁,录音室专辑,2000-07-07,8,雨眠,爱情万岁,1.0,0.0
1598,386860,過,ug,6,2,38308,爱情万岁,录音室专辑,2000-07-07,8,雨眠,爱情万岁,1.0,0.0
1599,386860,未,d,4,2,38308,爱情万岁,录音室专辑,2000-07-07,8,雨眠,爱情万岁,1.0,0.0
1600,386860,記,v,4,2,38308,爱情万岁,录音室专辑,2000-07-07,8,雨眠,爱情万岁,1.0,0.0
1601,386860,不停,d,4,2,38308,爱情万岁,录音室专辑,2000-07-07,8,雨眠,爱情万岁,1.0,0.0
1602,386860,天頂,n,4,2,38308,爱情万岁,录音室专辑,2000-07-07,8,雨眠,爱情万岁,1.0,0.0
1603,386860,落,v,4,2,38308,爱情万岁,录音室专辑,2000-07-07,8,雨眠,爱情万岁,1.0,0.0
1604,386860,海底,s,4,2,38308,爱情万岁,录音室专辑,2000-07-07,8,雨眠,爱情万岁,1.0,0.0
1605,386860,到,v,4,2,38308,爱情万岁,录音室专辑,2000-07-07,8,雨眠,爱情万岁,1.0,0.0
1606,386860,話,n,4,2,38308,爱情万岁,录音室专辑,2000-07-07,8,雨眠,爱情万岁,1.0,0.0
1607,386860,暗眠,v,3,2,38308,爱情万岁,录音室专辑,2000-07-07,8,雨眠,爱情万岁,1.0,0.0
1608,386860,甘放,v,2,2,38308,爱情万岁,录音室专辑,2000-07-07,8,雨眠,爱情万岁,1.0,0.0
1609,386860,彼個,r,2,2,38308,爱情万岁,录音室专辑,2000-07-07,8,雨眠,爱情万岁,1.0,0.0
1610,386860,有,v,2,2,38308,爱情万岁,录音室专辑,2000-07-07,8,雨眠,爱情万岁,1.0,0.0
1611,386860,雨聲,n,2,2,38308,爱情万岁,录音室专辑,2000-07-07,8,雨眠,爱情万岁,1.0,0.0
1612,386860,撞,v,2,2,38308,爱情万岁,录音室专辑,2000-07-07,8,雨眠,爱情万岁,1.0,0.0
1613,386860,親,v,2,2,38308,爱情万岁,录音室专辑,2000-07-07,8,雨眠,爱情万岁,1.0,0.0
1614,386860,像,v,2,2,38308,爱情万岁,录音室专辑,2000-07-07,8,雨眠,爱情万岁,1.0,0.0
1615,386860,溫柔,a,2,2,38308,爱情万岁,录音室专辑,2000-07-07,8,雨眠,爱情万岁,1.0,0.0
1616,386860,海浪,nz,2,2,38308,爱情万岁,录音室专辑,2000-07-07,8,雨眠,爱情万岁,1.0,0.0
1617,386860,棉被,n,2,2,38308,爱情万岁,录音室专辑,2000-07-07,8,雨眠,爱情万岁,1.0,0.0
1618,386860,底下,f,2,2,38308,爱情万岁,录音室专辑,2000-07-07,8,雨眠,爱情万岁,1.0,0.0
1619,386860,代,q,2,2,38308,爱情万岁,录音室专辑,2000-07-07,8,雨眠,爱情万岁,1.0,0.0
1620,386860,誌,yg,2,2,38308,爱情万岁,录音室专辑,2000-07-07,8,雨眠,爱情万岁,1.0,0.0
1621,386860,已經,d,2,2,38308,爱情万岁,录音室专辑,2000-07-07,8,雨眠,爱情万岁,1.0,0.0
1622,386860,不再,d,2,2,38308,爱情万岁,录音室专辑,2000-07-07,8,雨眠,爱情万岁,1.0,0.0
1623,386860,可能,v,2,2,38308,爱情万岁,录音室专辑,2000-07-07,8,雨眠,爱情万岁,1.0,0.0
1624,386860,小雨,nr,2,2,38308,爱情万岁,录音室专辑,2000-07-07,8,雨眠,爱情万岁,1.0,0.0
1625,386860,目,ng,2,2,38308,爱情万岁,录音室专辑,2000-07-07,8,雨眠,爱情万岁,1.0,0.0
1626,386860,屎,n,2,2,38308,爱情万岁,录音室专辑,2000-07-07,8,雨眠,爱情万岁,1.0,0.0
1627,386860,漧,yg,2,2,38308,爱情万岁,录音室专辑,2000-07-07,8,雨眠,爱情万岁,1.0,0.0
1628,386860,雲,n,2,2,38308,爱情万岁,录音室专辑,2000-07-07,8,雨眠,爱情万岁,1.0,0.0
1629,386860,一朵,m,2,2,38308,爱情万岁,录音室专辑,2000-07-07,8,雨眠,爱情万岁,1.0,0.0
1630,386860,命運,n,2,2,38308,爱情万岁,录音室专辑,2000-07-07,8,雨眠,爱情万岁,1.0,0.0
1631,386860,逗作,v,2,2,38308,爱情万岁,录音室专辑,2000-07-07,8,雨眠,爱情万岁,1.0,0.0
1632,386860,陣,n,2,2,38308,爱情万岁,录音室专辑,2000-07-07,8,雨眠,爱情万岁,1.0,0.0
1633,386860,享受,v,2,2,38308,爱情万岁,录音室专辑,2000-07-07,8,雨眠,爱情万岁,1.0,0.0
1634,386860,愛,v,2,2,38308,爱情万岁,录音室专辑,2000-07-07,8,雨眠,爱情万岁,1.0,0.0
1635,386860,人,n,2,2,38308,爱情万岁,录音室专辑,2000-07-07,8,雨眠,爱情万岁,1.0,0.0
1636,386860,甜蜜,a,2,2,38308,爱情万岁,录音室专辑,2000-07-07,8,雨眠,爱情万岁,1.0,0.0
1637,386860,再,d,2,2,38308,爱情万岁,录音室专辑,2000-07-07,8,雨眠,爱情万岁,1.0,0.0
1638,386860,甲,n,2,2,38308,爱情万岁,录音室专辑,2000-07-07,8,雨眠,爱情万岁,1.0,0.0
1639,386860,拆分,v,2,2,38308,爱情万岁,录音室专辑,2000-07-07,8,雨眠,爱情万岁,1.0,0.0
1640,386860,開,zg,2,2,38308,爱情万岁,录音室专辑,2000-07-07,8,雨眠,爱情万岁,1.0,0.0
1641,386860,所,u,2,2,38308,爱情万岁,录音室专辑,2000-07-07,8,雨眠,爱情万岁,1.0,0.0
1642,386860,講,v,2,2,38308,爱情万岁,录音室专辑,2000-07-07,8,雨眠,爱情万岁,1.0,0.0
1643,386860,哪,r,2,2,38308,爱情万岁,录音室专辑,2000-07-07,8,雨眠,爱情万岁,1.0,0.0
1644,386860,會,v,2,2,38308,爱情万岁,录音室专辑,2000-07-07,8,雨眠,爱情万岁,1.0,0.0
1645,386860,今,tg,2,2,38308,爱情万岁,录音室专辑,2000-07-07,8,雨眠,爱情万岁,1.0,0.0
1646,386860,仔,ng,2,2,38308,爱情万岁,录音室专辑,2000-07-07,8,雨眠,爱情万岁,1.0,0.0
1647,386860,日,m,2,2,38308,爱情万岁,录音室专辑,2000-07-07,8,雨眠,爱情万岁,1.0,0.0
1648,386860,攏,v,2,2,38308,爱情万岁,录音室专辑,2000-07-07,8,雨眠,爱情万岁,1.0,0.0
1649,386860,總,b,2,2,38308,爱情万岁,录音室专辑,2000-07-07,8,雨眠,爱情万岁,1.0,0.0
1650,386860,無,v,2,2,38308,爱情万岁,录音室专辑,2000-07-07,8,雨眠,爱情万岁,1.0,0.0
1651,386860,地,uv,2,2,38308,爱情万岁,录音室专辑,2000-07-07,8,雨眠,爱情万岁,1.0,0.0
1652,386860,找,v,2,2,38308,爱情万岁,录音室专辑,2000-07-07,8,雨眠,爱情万岁,1.0,0.0
1653,386860,人生,n,2,2,38308,爱情万岁,录音室专辑,2000-07-07,8,雨眠,爱情万岁,1.0,0.0
1654,386860,太,d,2,2,38308,爱情万岁,录音室专辑,2000-07-07,8,雨眠,爱情万岁,1.0,0.0
1655,386860,無知,v,2,2,38308,爱情万岁,录音室专辑,2000-07-07,8,雨眠,爱情万岁,1.0,0.0
1656,386860,愛情,n,2,2,38308,爱情万岁,录音室专辑,2000-07-07,8,雨眠,爱情万岁,1.0,0.0
1657,386860,什麼,r,2,2,38308,爱情万岁,录音室专辑,2000-07-07,8,雨眠,爱情万岁,1.0,0.0
1658,386860,永遠,d,2,2,38308,爱情万岁,录音室专辑,2000-07-07,8,雨眠,爱情万岁,1.0,0.0
1659,386860,太空,n,2,2,38308,爱情万岁,录音室专辑,2000-07-07,8,雨眠,爱情万岁,1.0,0.0
1660,386860,虛,zg,2,2,38308,爱情万岁,录音室专辑,2000-07-07,8,雨眠,爱情万岁,1.0,0.0
1661,386860,無人,n,2,2,38308,爱情万岁,录音室专辑,2000-07-07,8,雨眠,爱情万岁,1.0,0.0
1662,386860,擔當,v,2,2,38308,爱情万岁,录音室专辑,2000-07-07,8,雨眠,爱情万岁,1.0,0.0
1663,386860,起,v,2,2,38308,爱情万岁,录音室专辑,2000-07-07,8,雨眠,爱情万岁,1.0,0.0
1664,386860,昨日,t,2,2,38308,爱情万岁,录音室专辑,2000-07-07,8,雨眠,爱情万岁,1.0,0.0
1665,386860,說,v,2,2,38308,爱情万岁,录音室专辑,2000-07-07,8,雨眠,爱情万岁,1.0,0.0
1666,386860,放,v,2,2,38308,爱情万岁,录音室专辑,2000-07-07,8,雨眠,爱情万岁,1.0,0.0
1667,386860,水流,n,2,2,38308,爱情万岁,录音室专辑,2000-07-07,8,雨眠,爱情万岁,1.0,0.0
1668,386860,受,v,2,2,38308,爱情万岁,录音室专辑,2000-07-07,8,雨眠,爱情万岁,1.0,0.0
1669,386860,風,n,2,2,38308,爱情万岁,录音室专辑,2000-07-07,8,雨眠,爱情万岁,1.0,0.0
1670,386860,吹,v,2,2,38308,爱情万岁,录音室专辑,2000-07-07,8,雨眠,爱情万岁,1.0,0.0
1671,386860,葬入,v,2,2,38308,爱情万岁,录音室专辑,2000-07-07,8,雨眠,爱情万岁,1.0,0.0
1672,386860,放未,d,2,2,38308,爱情万岁,录音室专辑,2000-07-07,8,雨眠,爱情万岁,1.0,0.0
1673,386860,永遠麥,nr,2,2,38308,爱情万岁,录音室专辑,2000-07-07,8,雨眠,爱情万岁,1.0,0.0
1674,386860,想起,v,2,2,38308,爱情万岁,录音室专辑,2000-07-07,8,雨眠,爱情万岁,1.0,0.0
1675,386860,彼,r,2,2,38308,爱情万岁,录音室专辑,2000-07-07,8,雨眠,爱情万岁,1.0,0.0
1676,386860,粒星,n,2,2,38308,爱情万岁,录音室专辑,2000-07-07,8,雨眠,爱情万岁,1.0,0.0
1677,386860,飛,v,2,2,38308,爱情万岁,录音室专辑,2000-07-07,8,雨眠,爱情万岁,1.0,0.0
1678,386860,又,d,1,2,38308,爱情万岁,录音室专辑,2000-07-07,8,雨眠,爱情万岁,1.0,0.0
1679,386860,擱,v,1,2,38308,爱情万岁,录音室专辑,2000-07-07,8,雨眠,爱情万岁,1.0,0.0
1680,386860,落雨,n,1,2,38308,爱情万岁,录音室专辑,2000-07-07,8,雨眠,爱情万岁,1.0,0.0
1681,386863,而,c,8,2,38308,爱情万岁,录音室专辑,2000-07-07,9,罗密欧与茱丽叶,爱情万岁,1.0,0.0
1682,386863,了,ul,8,2,38308,爱情万岁,录音室专辑,2000-07-07,9,罗密欧与茱丽叶,爱情万岁,1.0,0.0
1683,386863,的,uj,7,2,38308,爱情万岁,录音室专辑,2000-07-07,9,罗密欧与茱丽叶,爱情万岁,1.0,0.0
1684,386863,有,v,7,2,38308,爱情万岁,录音室专辑,2000-07-07,9,罗密欧与茱丽叶,爱情万岁,1.0,0.0
1685,386863,让,v,6,2,38308,爱情万岁,录音室专辑,2000-07-07,9,罗密欧与茱丽叶,爱情万岁,1.0,0.0
1686,386863,一场,m,5,2,38308,爱情万岁,录音室专辑,2000-07-07,9,罗密欧与茱丽叶,爱情万岁,1.0,0.0
1687,386863,你,r,5,2,38308,爱情万岁,录音室专辑,2000-07-07,9,罗密欧与茱丽叶,爱情万岁,1.0,0.0
1688,386863,我们,r,5,2,38308,爱情万岁,录音室专辑,2000-07-07,9,罗密欧与茱丽叶,爱情万岁,1.0,0.0
1689,386863,双眼,m,5,2,38308,爱情万岁,录音室专辑,2000-07-07,9,罗密欧与茱丽叶,爱情万岁,1.0,0.0
1690,386863,yeah,eng,5,2,38308,爱情万岁,录音室专辑,2000-07-07,9,罗密欧与茱丽叶,爱情万岁,1.0,0.0
1691,386863,没有,v,4,2,38308,爱情万岁,录音室专辑,2000-07-07,9,罗密欧与茱丽叶,爱情万岁,1.0,0.0
1692,386863,我,r,4,2,38308,爱情万岁,录音室专辑,2000-07-07,9,罗密欧与茱丽叶,爱情万岁,1.0,0.0
1693,386863,在,p,3,2,38308,爱情万岁,录音室专辑,2000-07-07,9,罗密欧与茱丽叶,爱情万岁,1.0,0.0
1694,386863,一种,m,3,2,38308,爱情万岁,录音室专辑,2000-07-07,9,罗密欧与茱丽叶,爱情万岁,1.0,0.0
1695,386863,狂热,a,3,2,38308,爱情万岁,录音室专辑,2000-07-07,9,罗密欧与茱丽叶,爱情万岁,1.0,0.0
1696,386863,生病,n,3,2,38308,爱情万岁,录音室专辑,2000-07-07,9,罗密欧与茱丽叶,爱情万岁,1.0,0.0
1697,386863,华丽,nr,3,2,38308,爱情万岁,录音室专辑,2000-07-07,9,罗密欧与茱丽叶,爱情万岁,1.0,0.0
1698,386863,快乐,a,3,2,38308,爱情万岁,录音室专辑,2000-07-07,9,罗密欧与茱丽叶,爱情万岁,1.0,0.0
1699,386863,病,n,3,2,38308,爱情万岁,录音室专辑,2000-07-07,9,罗密欧与茱丽叶,爱情万岁,1.0,0.0
1700,386863,睁开,n,3,2,38308,爱情万岁,录音室专辑,2000-07-07,9,罗密欧与茱丽叶,爱情万岁,1.0,0.0
1701,386863,看不到,v,3,2,38308,爱情万岁,录音室专辑,2000-07-07,9,罗密欧与茱丽叶,爱情万岁,1.0,0.0
1702,386863,东西,ns,3,2,38308,爱情万岁,录音室专辑,2000-07-07,9,罗密欧与茱丽叶,爱情万岁,1.0,0.0
1703,386863,开始,v,2,2,38308,爱情万岁,录音室专辑,2000-07-07,9,罗密欧与茱丽叶,爱情万岁,1.0,0.0
1704,386863,一首,m,2,2,38308,爱情万岁,录音室专辑,2000-07-07,9,罗密欧与茱丽叶,爱情万岁,1.0,0.0
1705,386863,是,v,2,2,38308,爱情万岁,录音室专辑,2000-07-07,9,罗密欧与茱丽叶,爱情万岁,1.0,0.0
1706,386863,和,c,2,2,38308,爱情万岁,录音室专辑,2000-07-07,9,罗密欧与茱丽叶,爱情万岁,1.0,0.0
1707,386863,与,p,2,2,38308,爱情万岁,录音室专辑,2000-07-07,9,罗密欧与茱丽叶,爱情万岁,1.0,0.0
1708,386863,一个,m,2,2,38308,爱情万岁,录音室专辑,2000-07-07,9,罗密欧与茱丽叶,爱情万岁,1.0,0.0
1709,386863,漩涡,n,2,2,38308,爱情万岁,录音室专辑,2000-07-07,9,罗密欧与茱丽叶,爱情万岁,1.0,0.0
1710,386863,躲避,v,2,2,38308,爱情万岁,录音室专辑,2000-07-07,9,罗密欧与茱丽叶,爱情万岁,1.0,0.0
1711,386863,真实世界,nz,2,2,38308,爱情万岁,录音室专辑,2000-07-07,9,罗密欧与茱丽叶,爱情万岁,1.0,0.0
1712,386863,什么,r,2,2,38308,爱情万岁,录音室专辑,2000-07-07,9,罗密欧与茱丽叶,爱情万岁,1.0,0.0
1713,386863,刺激,v,2,2,38308,爱情万岁,录音室专辑,2000-07-07,9,罗密欧与茱丽叶,爱情万岁,1.0,0.0
1714,386863,闭上,v,2,2,38308,爱情万岁,录音室专辑,2000-07-07,9,罗密欧与茱丽叶,爱情万岁,1.0,0.0
1715,386863,却,d,2,2,38308,爱情万岁,录音室专辑,2000-07-07,9,罗密欧与茱丽叶,爱情万岁,1.0,0.0
1716,386863,看到,v,2,2,38308,爱情万岁,录音室专辑,2000-07-07,9,罗密欧与茱丽叶,爱情万岁,1.0,0.0
1717,386863,轰轰烈烈,i,1,2,38308,爱情万岁,录音室专辑,2000-07-07,9,罗密欧与茱丽叶,爱情万岁,1.0,0.0
1718,386863,剧情,n,1,2,38308,爱情万岁,录音室专辑,2000-07-07,9,罗密欧与茱丽叶,爱情万岁,1.0,0.0
1719,386863,朱门,nr,1,2,38308,爱情万岁,录音室专辑,2000-07-07,9,罗密欧与茱丽叶,爱情万岁,1.0,0.0
1720,386863,恩怨,n,1,2,38308,爱情万岁,录音室专辑,2000-07-07,9,罗密欧与茱丽叶,爱情万岁,1.0,0.0
1721,386863,背景,n,1,2,38308,爱情万岁,录音室专辑,2000-07-07,9,罗密欧与茱丽叶,爱情万岁,1.0,0.0
1722,386863,但是,c,1,2,38308,爱情万岁,录音室专辑,2000-07-07,9,罗密欧与茱丽叶,爱情万岁,1.0,0.0
1723,386863,两,m,1,2,38308,爱情万岁,录音室专辑,2000-07-07,9,罗密欧与茱丽叶,爱情万岁,1.0,0.0
1724,386863,人,n,1,2,38308,爱情万岁,录音室专辑,2000-07-07,9,罗密欧与茱丽叶,爱情万岁,1.0,0.0
1725,386863,眼底,t,1,2,38308,爱情万岁,录音室专辑,2000-07-07,9,罗密欧与茱丽叶,爱情万岁,1.0,0.0
1726,386863,心底,s,1,2,38308,爱情万岁,录音室专辑,2000-07-07,9,罗密欧与茱丽叶,爱情万岁,1.0,0.0
1727,386863,翻覆,v,1,2,38308,爱情万岁,录音室专辑,2000-07-07,9,罗密欧与茱丽叶,爱情万岁,1.0,0.0
1728,386863,天地,n,1,2,38308,爱情万岁,录音室专辑,2000-07-07,9,罗密欧与茱丽叶,爱情万岁,1.0,0.0
1729,386863,总是,c,1,2,38308,爱情万岁,录音室专辑,2000-07-07,9,罗密欧与茱丽叶,爱情万岁,1.0,0.0
1730,386863,沉迷,v,1,2,38308,爱情万岁,录音室专辑,2000-07-07,9,罗密欧与茱丽叶,爱情万岁,1.0,0.0
1731,386863,你家,r,1,2,38308,爱情万岁,录音室专辑,2000-07-07,9,罗密欧与茱丽叶,爱情万岁,1.0,0.0
1732,386863,楼下,s,1,2,38308,爱情万岁,录音室专辑,2000-07-07,9,罗密欧与茱丽叶,爱情万岁,1.0,0.0
1733,386863,等,u,1,2,38308,爱情万岁,录音室专辑,2000-07-07,9,罗密欧与茱丽叶,爱情万岁,1.0,0.0
1734,386863,于是,c,1,2,38308,爱情万岁,录音室专辑,2000-07-07,9,罗密欧与茱丽叶,爱情万岁,1.0,0.0
1735,386863,糊涂,a,1,2,38308,爱情万岁,录音室专辑,2000-07-07,9,罗密欧与茱丽叶,爱情万岁,1.0,0.0
1736,386863,说出,v,1,2,38308,爱情万岁,录音室专辑,2000-07-07,9,罗密欧与茱丽叶,爱情万岁,1.0,0.0
1737,386863,一句,m,1,2,38308,爱情万岁,录音室专辑,2000-07-07,9,罗密欧与茱丽叶,爱情万岁,1.0,0.0
1738,386863,不能,v,1,2,38308,爱情万岁,录音室专辑,2000-07-07,9,罗密欧与茱丽叶,爱情万岁,1.0,0.0
1739,386863,唱,v,1,2,38308,爱情万岁,录音室专辑,2000-07-07,9,罗密欧与茱丽叶,爱情万岁,1.0,0.0
1740,386863,过,ug,1,2,38308,爱情万岁,录音室专辑,2000-07-07,9,罗密欧与茱丽叶,爱情万岁,1.0,0.0
1741,386863,又,d,1,2,38308,爱情万岁,录音室专辑,2000-07-07,9,罗密欧与茱丽叶,爱情万岁,1.0,0.0
1742,386863,插曲,n,1,2,38308,爱情万岁,录音室专辑,2000-07-07,9,罗密欧与茱丽叶,爱情万岁,1.0,0.0
1743,386863,枕头,n,1,2,38308,爱情万岁,录音室专辑,2000-07-07,9,罗密欧与茱丽叶,爱情万岁,1.0,0.0
1744,386863,之上,f,1,2,38308,爱情万岁,录音室专辑,2000-07-07,9,罗密欧与茱丽叶,爱情万岁,1.0,0.0
1745,386863,漫长,n,1,2,38308,爱情万岁,录音室专辑,2000-07-07,9,罗密欧与茱丽叶,爱情万岁,1.0,0.0
1746,386863,旅行,vn,1,2,38308,爱情万岁,录音室专辑,2000-07-07,9,罗密欧与茱丽叶,爱情万岁,1.0,0.0
1747,386863,已经,d,1,2,38308,爱情万岁,录音室专辑,2000-07-07,9,罗密欧与茱丽叶,爱情万岁,1.0,0.0
1748,386863,有点,n,1,2,38308,爱情万岁,录音室专辑,2000-07-07,9,罗密欧与茱丽叶,爱情万岁,1.0,0.0
1749,386863,忘记,v,1,2,38308,爱情万岁,录音室专辑,2000-07-07,9,罗密欧与茱丽叶,爱情万岁,1.0,0.0
1750,386863,当初,t,1,2,38308,爱情万岁,录音室专辑,2000-07-07,9,罗密欧与茱丽叶,爱情万岁,1.0,0.0
1751,386863,原因,n,1,2,38308,爱情万岁,录音室专辑,2000-07-07,9,罗密欧与茱丽叶,爱情万岁,1.0,0.0
1752,386863,其实,d,1,2,38308,爱情万岁,录音室专辑,2000-07-07,9,罗密欧与茱丽叶,爱情万岁,1.0,0.0
1753,386863,莎翁,nr,1,2,38308,爱情万岁,录音室专辑,2000-07-07,9,罗密欧与茱丽叶,爱情万岁,1.0,0.0
1754,386863,诡计,v,1,2,38308,爱情万岁,录音室专辑,2000-07-07,9,罗密欧与茱丽叶,爱情万岁,1.0,0.0
1755,386863,故事,n,1,2,38308,爱情万岁,录音室专辑,2000-07-07,9,罗密欧与茱丽叶,爱情万岁,1.0,0.0
1756,386863,终点,n,1,2,38308,爱情万岁,录音室专辑,2000-07-07,9,罗密欧与茱丽叶,爱情万岁,1.0,0.0
1757,386863,不是,c,1,2,38308,爱情万岁,录音室专辑,2000-07-07,9,罗密欧与茱丽叶,爱情万岁,1.0,0.0
1758,386863,殉情,n,1,2,38308,爱情万岁,录音室专辑,2000-07-07,9,罗密欧与茱丽叶,爱情万岁,1.0,0.0
1759,386863,被困,a,1,2,38308,爱情万岁,录音室专辑,2000-07-07,9,罗密欧与茱丽叶,爱情万岁,1.0,0.0
1760,386863,童话,n,1,2,38308,爱情万岁,录音室专辑,2000-07-07,9,罗密欧与茱丽叶,爱情万岁,1.0,0.0
1761,386863,之外,f,1,2,38308,爱情万岁,录音室专辑,2000-07-07,9,罗密欧与茱丽叶,爱情万岁,1.0,0.0
1762,386863,要,v,1,2,38308,爱情万岁,录音室专辑,2000-07-07,9,罗密欧与茱丽叶,爱情万岁,1.0,0.0
1763,386863,往,p,1,2,38308,爱情万岁,录音室专辑,2000-07-07,9,罗密欧与茱丽叶,爱情万岁,1.0,0.0
1764,386863,哪里,r,1,2,38308,爱情万岁,录音室专辑,2000-07-07,9,罗密欧与茱丽叶,爱情万岁,1.0,0.0
1765,386863,去,v,1,2,38308,爱情万岁,录音室专辑,2000-07-07,9,罗密欧与茱丽叶,爱情万岁,1.0,0.0
1766,386863,爱情,n,1,2,38308,爱情万岁,录音室专辑,2000-07-07,9,罗密欧与茱丽叶,爱情万岁,1.0,0.0
1767,386863,本来,t,1,2,38308,爱情万岁,录音室专辑,2000-07-07,9,罗密欧与茱丽叶,爱情万岁,1.0,0.0
1768,386863,就是,d,1,2,38308,爱情万岁,录音室专辑,2000-07-07,9,罗密欧与茱丽叶,爱情万岁,1.0,0.0
1769,386863,种,m,1,2,38308,爱情万岁,录音室专辑,2000-07-07,9,罗密欧与茱丽叶,爱情万岁,1.0,0.0
1770,386863,考验,vn,1,2,38308,爱情万岁,录音室专辑,2000-07-07,9,罗密欧与茱丽叶,爱情万岁,1.0,0.0
1771,386863,当,t,1,2,38308,爱情万岁,录音室专辑,2000-07-07,9,罗密欧与茱丽叶,爱情万岁,1.0,0.0
1772,386863,耗尽,v,1,2,38308,爱情万岁,录音室专辑,2000-07-07,9,罗密欧与茱丽叶,爱情万岁,1.0,0.0
1773,386863,所有,b,1,2,38308,爱情万岁,录音室专辑,2000-07-07,9,罗密欧与茱丽叶,爱情万岁,1.0,0.0
1774,386863,激情,n,1,2,38308,爱情万岁,录音室专辑,2000-07-07,9,罗密欧与茱丽叶,爱情万岁,1.0,0.0
1775,386863,好奇,a,1,2,38308,爱情万岁,录音室专辑,2000-07-07,9,罗密欧与茱丽叶,爱情万岁,1.0,0.0
1776,386863,上天,t,1,2,38308,爱情万岁,录音室专辑,2000-07-07,9,罗密欧与茱丽叶,爱情万岁,1.0,0.0
1777,386863,给,p,1,2,38308,爱情万岁,录音室专辑,2000-07-07,9,罗密欧与茱丽叶,爱情万岁,1.0,0.0
1778,386863,人们,n,1,2,38308,爱情万岁,录音室专辑,2000-07-07,9,罗密欧与茱丽叶,爱情万岁,1.0,0.0
1779,386863,一些,m,1,2,38308,爱情万岁,录音室专辑,2000-07-07,9,罗密欧与茱丽叶,爱情万岁,1.0,0.0
1780,386863,小,a,1,2,38308,爱情万岁,录音室专辑,2000-07-07,9,罗密欧与茱丽叶,爱情万岁,1.0,0.0
1781,386863,甜蜜,a,1,2,38308,爱情万岁,录音室专辑,2000-07-07,9,罗密欧与茱丽叶,爱情万岁,1.0,0.0
1782,386863,一,m,1,2,38308,爱情万岁,录音室专辑,2000-07-07,9,罗密欧与茱丽叶,爱情万岁,1.0,0.0
1783,386863,卡车,n,1,2,38308,爱情万岁,录音室专辑,2000-07-07,9,罗密欧与茱丽叶,爱情万岁,1.0,0.0
1784,386863,难题,n,1,2,38308,爱情万岁,录音室专辑,2000-07-07,9,罗密欧与茱丽叶,爱情万岁,1.0,0.0
1785,386863,多,m,1,2,38308,爱情万岁,录音室专辑,2000-07-07,9,罗密欧与茱丽叶,爱情万岁,1.0,0.0
1786,386863,希望,v,1,2,38308,爱情万岁,录音室专辑,2000-07-07,9,罗密欧与茱丽叶,爱情万岁,1.0,0.0
1787,386863,世界,n,1,2,38308,爱情万岁,录音室专辑,2000-07-07,9,罗密欧与茱丽叶,爱情万岁,1.0,0.0
1788,386863,就,d,1,2,38308,爱情万岁,录音室专辑,2000-07-07,9,罗密欧与茱丽叶,爱情万岁,1.0,0.0
1789,386863,快要,d,1,2,38308,爱情万岁,录音室专辑,2000-07-07,9,罗密欧与茱丽叶,爱情万岁,1.0,0.0
1790,386863,消失,v,1,2,38308,爱情万岁,录音室专辑,2000-07-07,9,罗密欧与茱丽叶,爱情万岁,1.0,0.0
1791,386863,好,a,1,2,38308,爱情万岁,录音室专辑,2000-07-07,9,罗密欧与茱丽叶,爱情万岁,1.0,0.0
1792,386863,我俩,r,1,2,38308,爱情万岁,录音室专辑,2000-07-07,9,罗密欧与茱丽叶,爱情万岁,1.0,0.0
1793,386863,享受,v,1,2,38308,爱情万岁,录音室专辑,2000-07-07,9,罗密欧与茱丽叶,爱情万岁,1.0,0.0
1794,386863,明天,t,1,2,38308,爱情万岁,录音室专辑,2000-07-07,9,罗密欧与茱丽叶,爱情万岁,1.0,0.0
1795,386863,即使,c,1,2,38308,爱情万岁,录音室专辑,2000-07-07,9,罗密欧与茱丽叶,爱情万岁,1.0,0.0
1796,386863,电光石火,n,1,2,38308,爱情万岁,录音室专辑,2000-07-07,9,罗密欧与茱丽叶,爱情万岁,1.0,0.0
1797,386863,幻觉,n,1,2,38308,爱情万岁,录音室专辑,2000-07-07,9,罗密欧与茱丽叶,爱情万岁,1.0,0.0
1798,386863,罗密欧,nr,1,2,38308,爱情万岁,录音室专辑,2000-07-07,9,罗密欧与茱丽叶,爱情万岁,1.0,0.0
1799,386863,茱丽叶,n,1,2,38308,爱情万岁,录音室专辑,2000-07-07,9,罗密欧与茱丽叶,爱情万岁,1.0,0.0
1800,386866,的,uj,22,2,38308,爱情万岁,录音室专辑,2000-07-07,10,温柔,爱情万岁,1.0,0.0
1801,386866,我,r,16,2,38308,爱情万岁,录音室专辑,2000-07-07,10,温柔,爱情万岁,1.0,0.0
1802,386866,你,r,13,2,38308,爱情万岁,录音室专辑,2000-07-07,10,温柔,爱情万岁,1.0,0.0
1803,386866,不,d,13,2,38308,爱情万岁,录音室专辑,2000-07-07,10,温柔,爱情万岁,1.0,0.0
1804,386866,没有,v,9,2,38308,爱情万岁,录音室专辑,2000-07-07,10,温柔,爱情万岁,1.0,0.0
1805,386866,是,v,9,2,38308,爱情万岁,录音室专辑,2000-07-07,10,温柔,爱情万岁,1.0,0.0
1806,386866,温柔,nw,8,2,38308,爱情万岁,录音室专辑,2000-07-07,10,温柔,爱情万岁,1.0,0.0
1807,386866,这,r,6,2,38308,爱情万岁,录音室专辑,2000-07-07,10,温柔,爱情万岁,1.0,0.0
1808,386866,孤单,a,5,2,38308,爱情万岁,录音室专辑,2000-07-07,10,温柔,爱情万岁,1.0,0.0
1809,386866,在,p,4,2,38308,爱情万岁,录音室专辑,2000-07-07,10,温柔,爱情万岁,1.0,0.0
1810,386866,知道,v,4,2,38308,爱情万岁,录音室专辑,2000-07-07,10,温柔,爱情万岁,1.0,0.0
1811,386866,不明,v,4,2,38308,爱情万岁,录音室专辑,2000-07-07,10,温柔,爱情万岁,1.0,0.0
1812,386866,了,ul,4,2,38308,爱情万岁,录音室专辑,2000-07-07,10,温柔,爱情万岁,1.0,0.0
1813,386866,想要,v,4,2,38308,爱情万岁,录音室专辑,2000-07-07,10,温柔,爱情万岁,1.0,0.0
1814,386866,为什么,r,4,2,38308,爱情万岁,录音室专辑,2000-07-07,10,温柔,爱情万岁,1.0,0.0
1815,386866,心,n,4,2,38308,爱情万岁,录音室专辑,2000-07-07,10,温柔,爱情万岁,1.0,0.0
1816,386866,到,v,4,2,38308,爱情万岁,录音室专辑,2000-07-07,10,温柔,爱情万岁,1.0,0.0
1817,386866,有,v,4,2,38308,爱情万岁,录音室专辑,2000-07-07,10,温柔,爱情万岁,1.0,0.0
1818,386866,自由,a,4,2,38308,爱情万岁,录音室专辑,2000-07-07,10,温柔,爱情万岁,1.0,0.0
1819,386866,如果,c,3,2,38308,爱情万岁,录音室专辑,2000-07-07,10,温柔,爱情万岁,1.0,0.0
1820,386866,就让,v,3,2,38308,爱情万岁,录音室专辑,2000-07-07,10,温柔,爱情万岁,1.0,0.0
1821,386866,着,uz,2,2,38308,爱情万岁,录音室专辑,2000-07-07,10,温柔,爱情万岁,1.0,0.0
1822,386866,都,d,2,2,38308,爱情万岁,录音室专辑,2000-07-07,10,温柔,爱情万岁,1.0,0.0
1823,386866,眼中,s,2,2,38308,爱情万岁,录音室专辑,2000-07-07,10,温柔,爱情万岁,1.0,0.0
1824,386866,明明,t,2,2,38308,爱情万岁,录音室专辑,2000-07-07,10,温柔,爱情万岁,1.0,0.0
1825,386866,想,v,2,2,38308,爱情万岁,录音室专辑,2000-07-07,10,温柔,爱情万岁,1.0,0.0
1826,386866,靠近,v,2,2,38308,爱情万岁,录音室专辑,2000-07-07,10,温柔,爱情万岁,1.0,0.0
1827,386866,却,d,2,2,38308,爱情万岁,录音室专辑,2000-07-07,10,温柔,爱情万岁,1.0,0.0
1828,386866,黎明,nr,2,2,38308,爱情万岁,录音室专辑,2000-07-07,10,温柔,爱情万岁,1.0,0.0
1829,386866,那,r,2,2,38308,爱情万岁,录音室专辑,2000-07-07,10,温柔,爱情万岁,1.0,0.0
1830,386866,爱情,n,2,2,38308,爱情万岁,录音室专辑,2000-07-07,10,温柔,爱情万岁,1.0,0.0
1831,386866,绮丽,a,2,2,38308,爱情万岁,录音室专辑,2000-07-07,10,温柔,爱情万岁,1.0,0.0
1832,386866,总是,c,2,2,38308,爱情万岁,录音室专辑,2000-07-07,10,温柔,爱情万岁,1.0,0.0
1833,386866,里,f,2,2,38308,爱情万岁,录音室专辑,2000-07-07,10,温柔,爱情万岁,1.0,0.0
1834,386866,再,d,2,2,38308,爱情万岁,录音室专辑,2000-07-07,10,温柔,爱情万岁,1.0,0.0
1835,386866,把,p,2,2,38308,爱情万岁,录音室专辑,2000-07-07,10,温柔,爱情万岁,1.0,0.0
1836,386866,最好,a,2,2,38308,爱情万岁,录音室专辑,2000-07-07,10,温柔,爱情万岁,1.0,0.0
1837,386866,爱,v,2,2,38308,爱情万岁,录音室专辑,2000-07-07,10,温柔,爱情万岁,1.0,0.0
1838,386866,给,p,2,2,38308,爱情万岁,录音室专辑,2000-07-07,10,温柔,爱情万岁,1.0,0.0
1839,386866,不知不觉,i,2,2,38308,爱情万岁,录音室专辑,2000-07-07,10,温柔,爱情万岁,1.0,0.0
1840,386866,不情,n,2,2,38308,爱情万岁,录音室专辑,2000-07-07,10,温柔,爱情万岁,1.0,0.0
1841,386866,愿,v,2,2,38308,爱情万岁,录音室专辑,2000-07-07,10,温柔,爱情万岁,1.0,0.0
1842,386866,又,d,2,2,38308,爱情万岁,录音室专辑,2000-07-07,10,温柔,爱情万岁,1.0,0.0
1843,386866,巷子口,n,2,2,38308,爱情万岁,录音室专辑,2000-07-07,10,温柔,爱情万岁,1.0,0.0
1844,386866,哭,v,2,2,38308,爱情万岁,录音室专辑,2000-07-07,10,温柔,爱情万岁,1.0,0.0
1845,386866,也,d,2,2,38308,爱情万岁,录音室专辑,2000-07-07,10,温柔,爱情万岁,1.0,0.0
1846,386866,笑,v,2,2,38308,爱情万岁,录音室专辑,2000-07-07,10,温柔,爱情万岁,1.0,0.0
1847,386866,因为,c,2,2,38308,爱情万岁,录音室专辑,2000-07-07,10,温柔,爱情万岁,1.0,0.0
1848,386866,梦,n,2,2,38308,爱情万岁,录音室专辑,2000-07-07,10,温柔,爱情万岁,1.0,0.0
1849,386866,预兆,n,2,2,38308,爱情万岁,录音室专辑,2000-07-07,10,温柔,爱情万岁,1.0,0.0
1850,386866,理由,n,2,2,38308,爱情万岁,录音室专辑,2000-07-07,10,温柔,爱情万岁,1.0,0.0
1851,386866,真的,d,2,2,38308,爱情万岁,录音室专辑,2000-07-07,10,温柔,爱情万岁,1.0,0.0
1852,386866,说,v,2,2,38308,爱情万岁,录音室专辑,2000-07-07,10,温柔,爱情万岁,1.0,0.0
1853,386866,过,ug,2,2,38308,爱情万岁,录音室专辑,2000-07-07,10,温柔,爱情万岁,1.0,0.0
1854,386866,走,v,1,2,38308,爱情万岁,录音室专辑,2000-07-07,10,温柔,爱情万岁,1.0,0.0
1855,386866,风,n,1,2,38308,爱情万岁,录音室专辑,2000-07-07,10,温柔,爱情万岁,1.0,0.0
1856,386866,中,f,1,2,38308,爱情万岁,录音室专辑,2000-07-07,10,温柔,爱情万岁,1.0,0.0
1857,386866,今天,t,1,2,38308,爱情万岁,录音室专辑,2000-07-07,10,温柔,爱情万岁,1.0,0.0
1858,386866,阳光,nr,1,2,38308,爱情万岁,录音室专辑,2000-07-07,10,温柔,爱情万岁,1.0,0.0
1859,386866,突然,ad,1,2,38308,爱情万岁,录音室专辑,2000-07-07,10,温柔,爱情万岁,1.0,0.0
1860,386866,好,a,1,2,38308,爱情万岁,录音室专辑,2000-07-07,10,温柔,爱情万岁,1.0,0.0
1861,386866,天,q,1,2,38308,爱情万岁,录音室专辑,2000-07-07,10,温柔,爱情万岁,1.0,0.0
1862,386866,地,uv,1,2,38308,爱情万岁,录音室专辑,2000-07-07,10,温柔,爱情万岁,1.0,0.0
1863,386866,像,v,1,2,38308,爱情万岁,录音室专辑,2000-07-07,10,温柔,爱情万岁,1.0,0.0
1864,386866,抱,v,1,2,38308,爱情万岁,录音室专辑,2000-07-07,10,温柔,爱情万岁,1.0,0.0
1865,386866,然后,c,1,2,38308,爱情万岁,录音室专辑,2000-07-07,10,温柔,爱情万岁,1.0,0.0
1866,386866,发现,v,1,2,38308,爱情万岁,录音室专辑,2000-07-07,10,温柔,爱情万岁,1.0,0.0
1867,386866,改变,v,1,2,38308,爱情万岁,录音室专辑,2000-07-07,10,温柔,爱情万岁,1.0,0.0
1868,386866,今后,t,1,2,38308,爱情万岁,录音室专辑,2000-07-07,10,温柔,爱情万岁,1.0,0.0
1869,386866,冷,a,1,2,38308,爱情万岁,录音室专辑,2000-07-07,10,温柔,爱情万岁,1.0,0.0
1870,386866,该,r,1,2,38308,爱情万岁,录音室专辑,2000-07-07,10,温柔,爱情万岁,1.0,0.0
1871,386866,怎么,r,1,2,38308,爱情万岁,录音室专辑,2000-07-07,10,温柔,爱情万岁,1.0,0.0
1872,386866,度过,v,1,2,38308,爱情万岁,录音室专辑,2000-07-07,10,温柔,爱情万岁,1.0,0.0
1873,386866,天边,s,1,2,38308,爱情万岁,录音室专辑,2000-07-07,10,温柔,爱情万岁,1.0,0.0
1874,386866,风光,n,1,2,38308,爱情万岁,录音室专辑,2000-07-07,10,温柔,爱情万岁,1.0,0.0
1875,386866,身边,s,1,2,38308,爱情万岁,录音室专辑,2000-07-07,10,温柔,爱情万岁,1.0,0.0
1876,386866,藏,v,1,2,38308,爱情万岁,录音室专辑,2000-07-07,10,温柔,爱情万岁,1.0,0.0
1877,386866,什么,r,1,2,38308,爱情万岁,录音室专辑,2000-07-07,10,温柔,爱情万岁,1.0,0.0
1878,386866,从来,d,1,2,38308,爱情万岁,录音室专辑,2000-07-07,10,温柔,爱情万岁,1.0,0.0
1879,386866,懂,v,1,2,38308,爱情万岁,录音室专辑,2000-07-07,10,温柔,爱情万岁,1.0,0.0
1880,386866,关系,n,1,2,38308,爱情万岁,录音室专辑,2000-07-07,10,温柔,爱情万岁,1.0,0.0
1881,386866,世界,n,1,2,38308,爱情万岁,录音室专辑,2000-07-07,10,温柔,爱情万岁,1.0,0.0
1882,386866,拥有,v,1,2,38308,爱情万岁,录音室专辑,2000-07-07,10,温柔,爱情万岁,1.0,0.0
1883,386866,打扰,v,1,2,38308,爱情万岁,录音室专辑,2000-07-07,10,温柔,爱情万岁,1.0,0.0
1884,386866,让,v,1,2,38308,爱情万岁,录音室专辑,2000-07-07,10,温柔,爱情万岁,1.0,0.0
1885,386870,你,r,67,2,38308,爱情万岁,录音室专辑,2000-07-07,11,爱情万岁,爱情万岁,1.0,0.0
1886,386870,吻,v,36,2,38308,爱情万岁,录音室专辑,2000-07-07,11,爱情万岁,爱情万岁,1.0,0.0
1887,386870,我,r,27,2,38308,爱情万岁,录音室专辑,2000-07-07,11,爱情万岁,爱情万岁,1.0,0.0
1888,386870,的,uj,27,2,38308,爱情万岁,录音室专辑,2000-07-07,11,爱情万岁,爱情万岁,1.0,0.0
1889,386870,就让,v,21,2,38308,爱情万岁,录音室专辑,2000-07-07,11,爱情万岁,爱情万岁,1.0,0.0
1890,386870,直到,v,12,2,38308,爱情万岁,录音室专辑,2000-07-07,11,爱情万岁,爱情万岁,1.0,0.0
1891,386870,天明,nz,12,2,38308,爱情万岁,录音室专辑,2000-07-07,11,爱情万岁,爱情万岁,1.0,0.0
1892,386870,再,d,11,2,38308,爱情万岁,录音室专辑,2000-07-07,11,爱情万岁,爱情万岁,1.0,0.0
1893,386870,和,c,9,2,38308,爱情万岁,录音室专辑,2000-07-07,11,爱情万岁,爱情万岁,1.0,0.0
1894,386870,不能,v,6,2,38308,爱情万岁,录音室专辑,2000-07-07,11,爱情万岁,爱情万岁,1.0,0.0
1895,386870,等,u,6,2,38308,爱情万岁,录音室专辑,2000-07-07,11,爱情万岁,爱情万岁,1.0,0.0
1896,386870,穿过,v,6,2,38308,爱情万岁,录音室专辑,2000-07-07,11,爱情万岁,爱情万岁,1.0,0.0
1897,386870,外衣,n,6,2,38308,爱情万岁,录音室专辑,2000-07-07,11,爱情万岁,爱情万岁,1.0,0.0
1898,386870,内衣,n,6,2,38308,爱情万岁,录音室专辑,2000-07-07,11,爱情万岁,爱情万岁,1.0,0.0
1899,386870,也,d,4,2,38308,爱情万岁,录音室专辑,2000-07-07,11,爱情万岁,爱情万岁,1.0,0.0
1900,386870,此刻,r,3,2,38308,爱情万岁,录音室专辑,2000-07-07,11,爱情万岁,爱情万岁,1.0,0.0
1901,386870,不,d,3,2,38308,爱情万岁,录音室专辑,2000-07-07,11,爱情万岁,爱情万岁,1.0,0.0
1902,386870,灵魂,n,3,2,38308,爱情万岁,录音室专辑,2000-07-07,11,爱情万岁,爱情万岁,1.0,0.0
1903,386870,刺探,v,3,2,38308,爱情万岁,录音室专辑,2000-07-07,11,爱情万岁,爱情万岁,1.0,0.0
1904,386870,最,d,3,2,38308,爱情万岁,录音室专辑,2000-07-07,11,爱情万岁,爱情万岁,1.0,0.0
1905,386870,深深,b,3,2,38308,爱情万岁,录音室专辑,2000-07-07,11,爱情万岁,爱情万岁,1.0,0.0
1906,386870,深处,s,3,2,38308,爱情万岁,录音室专辑,2000-07-07,11,爱情万岁,爱情万岁,1.0,0.0
1907,386870,秘密,n,3,2,38308,爱情万岁,录音室专辑,2000-07-07,11,爱情万岁,爱情万岁,1.0,0.0
1908,386870,别,d,3,2,38308,爱情万岁,录音室专辑,2000-07-07,11,爱情万岁,爱情万岁,1.0,0.0
1909,386870,等待,vn,3,2,38308,爱情万岁,录音室专辑,2000-07-07,11,爱情万岁,爱情万岁,1.0,0.0
1910,386870,不曾,d,3,2,38308,爱情万岁,录音室专辑,2000-07-07,11,爱情万岁,爱情万岁,1.0,0.0
1911,386870,降临,v,3,2,38308,爱情万岁,录音室专辑,2000-07-07,11,爱情万岁,爱情万岁,1.0,0.0
1912,386870,真理,n,3,2,38308,爱情万岁,录音室专辑,2000-07-07,11,爱情万岁,爱情万岁,1.0,0.0
1913,386870,黎明,nr,3,2,38308,爱情万岁,录音室专辑,2000-07-07,11,爱情万岁,爱情万岁,1.0,0.0
1914,386870,之前,f,3,2,38308,爱情万岁,录音室专辑,2000-07-07,11,爱情万岁,爱情万岁,1.0,0.0
1915,386870,只要,c,3,2,38308,爱情万岁,录音室专辑,2000-07-07,11,爱情万岁,爱情万岁,1.0,0.0
1916,386870,尽情,d,3,2,38308,爱情万岁,录音室专辑,2000-07-07,11,爱情万岁,爱情万岁,1.0,0.0
1917,386870,嬉戏,v,3,2,38308,爱情万岁,录音室专辑,2000-07-07,11,爱情万岁,爱情万岁,1.0,0.0
1918,386870,是,v,3,2,38308,爱情万岁,录音室专辑,2000-07-07,11,爱情万岁,爱情万岁,1.0,0.0
1919,386870,虽然,c,2,2,38308,爱情万岁,录音室专辑,2000-07-07,11,爱情万岁,爱情万岁,1.0,0.0
1920,386870,相恋,v,2,2,38308,爱情万岁,录音室专辑,2000-07-07,11,爱情万岁,爱情万岁,1.0,0.0
1921,386870,倾国倾城,n,2,2,38308,爱情万岁,录音室专辑,2000-07-07,11,爱情万岁,爱情万岁,1.0,0.0
1922,386870,倾倒,v,2,2,38308,爱情万岁,录音室专辑,2000-07-07,11,爱情万岁,爱情万岁,1.0,0.0
1923,386870,心里,s,2,2,38308,爱情万岁,录音室专辑,2000-07-07,11,爱情万岁,爱情万岁,1.0,0.0
1924,386870,越来越,d,2,2,38308,爱情万岁,录音室专辑,2000-07-07,11,爱情万岁,爱情万岁,1.0,0.0
1925,386870,冷,a,2,2,38308,爱情万岁,录音室专辑,2000-07-07,11,爱情万岁,爱情万岁,1.0,0.0
1926,386870,坚固,a,2,2,38308,爱情万岁,录音室专辑,2000-07-07,11,爱情万岁,爱情万岁,1.0,0.0
1927,386870,就别,d,2,2,38308,爱情万岁,录音室专辑,2000-07-07,11,爱情万岁,爱情万岁,1.0,0.0
1928,386870,让,v,2,2,38308,爱情万岁,录音室专辑,2000-07-07,11,爱情万岁,爱情万岁,1.0,0.0
1929,386870,热情,n,2,2,38308,爱情万岁,录音室专辑,2000-07-07,11,爱情万岁,爱情万岁,1.0,0.0
1930,386870,变冷,vn,2,2,38308,爱情万岁,录音室专辑,2000-07-07,11,爱情万岁,爱情万岁,1.0,0.0
1931,386870,打算,v,2,2,38308,爱情万岁,录音室专辑,2000-07-07,11,爱情万岁,爱情万岁,1.0,0.0
1932,386870,爱情,n,1,2,38308,爱情万岁,录音室专辑,2000-07-07,11,爱情万岁,爱情万岁,1.0,0.0
1933,386870,万岁,m,1,2,38308,爱情万岁,录音室专辑,2000-07-07,11,爱情万岁,爱情万岁,1.0,0.0
1934,386870,需要,v,1,2,38308,爱情万岁,录音室专辑,2000-07-07,11,爱情万岁,爱情万岁,1.0,0.0
1935,386870,体温,n,1,2,38308,爱情万岁,录音室专辑,2000-07-07,11,爱情万岁,爱情万岁,1.0,0.0
1936,386870,一点,m,1,2,38308,爱情万岁,录音室专辑,2000-07-07,11,爱情万岁,爱情万岁,1.0,0.0
1937,386870,觉得,v,1,2,38308,爱情万岁,录音室专辑,2000-07-07,11,爱情万岁,爱情万岁,1.0,0.0
1938,386870,寒冷,a,1,2,38308,爱情万岁,录音室专辑,2000-07-07,11,爱情万岁,爱情万岁,1.0,0.0
1939,386870,感到,v,1,2,38308,爱情万岁,录音室专辑,2000-07-07,11,爱情万岁,爱情万岁,1.0,0.0
1940,386870,巨大,a,1,2,38308,爱情万岁,录音室专辑,2000-07-07,11,爱情万岁,爱情万岁,1.0,0.0
1941,386870,饥饿,n,1,2,38308,爱情万岁,录音室专辑,2000-07-07,11,爱情万岁,爱情万岁,1.0,0.0
1942,386870,无聊,a,1,2,38308,爱情万岁,录音室专辑,2000-07-07,11,爱情万岁,爱情万岁,1.0,0.0
1943,386870,满满的,z,1,2,38308,爱情万岁,录音室专辑,2000-07-07,11,爱情万岁,爱情万岁,1.0,0.0
1944,386870,撑涨,v,1,2,38308,爱情万岁,录音室专辑,2000-07-07,11,爱情万岁,爱情万岁,1.0,0.0
1945,386870,不在乎,i,1,2,38308,爱情万岁,录音室专辑,2000-07-07,11,爱情万岁,爱情万岁,1.0,0.0
1946,386870,姓名,n,1,2,38308,爱情万岁,录音室专辑,2000-07-07,11,爱情万岁,爱情万岁,1.0,0.0
1947,386870,明天,t,1,2,38308,爱情万岁,录音室专辑,2000-07-07,11,爱情万岁,爱情万岁,1.0,0.0
1948,386870,过去,t,1,2,38308,爱情万岁,录音室专辑,2000-07-07,11,爱情万岁,爱情万岁,1.0,0.0
1949,386870,男,b,1,2,38308,爱情万岁,录音室专辑,2000-07-07,11,爱情万岁,爱情万岁,1.0,0.0
1950,386870,女,n,1,2,38308,爱情万岁,录音室专辑,2000-07-07,11,爱情万岁,爱情万岁,1.0,0.0
1951,386870,如此,c,1,2,38308,爱情万岁,录音室专辑,2000-07-07,11,爱情万岁,爱情万岁,1.0,0.0
1952,386870,清醒,a,1,2,38308,爱情万岁,录音室专辑,2000-07-07,11,爱情万岁,爱情万岁,1.0,0.0
1953,386870,离去,v,1,2,38308,爱情万岁,录音室专辑,2000-07-07,11,爱情万岁,爱情万岁,1.0,0.0
1954,386870,真的,d,1,2,38308,爱情万岁,录音室专辑,2000-07-07,11,爱情万岁,爱情万岁,1.0,0.0
1955,386870,爱,v,1,2,38308,爱情万岁,录音室专辑,2000-07-07,11,爱情万岁,爱情万岁,1.0,0.0
1956,386874,我,r,18,2,38308,爱情万岁,录音室专辑,2000-07-07,12,反而,爱情万岁,1.0,0.0
1957,386874,反而,c,17,2,38308,爱情万岁,录音室专辑,2000-07-07,12,反而,爱情万岁,1.0,0.0
1958,386874,的,uj,12,2,38308,爱情万岁,录音室专辑,2000-07-07,12,反而,爱情万岁,1.0,0.0
1959,386874,越是,d,8,2,38308,爱情万岁,录音室专辑,2000-07-07,12,反而,爱情万岁,1.0,0.0
1960,386874,而,c,8,2,38308,爱情万岁,录音室专辑,2000-07-07,12,反而,爱情万岁,1.0,0.0
1961,386874,你,r,8,2,38308,爱情万岁,录音室专辑,2000-07-07,12,反而,爱情万岁,1.0,0.0
1962,386874,是否,v,8,2,38308,爱情万岁,录音室专辑,2000-07-07,12,反而,爱情万岁,1.0,0.0
1963,386874,看穿,v,8,2,38308,爱情万岁,录音室专辑,2000-07-07,12,反而,爱情万岁,1.0,0.0
1964,386874,了,ul,8,2,38308,爱情万岁,录音室专辑,2000-07-07,12,反而,爱情万岁,1.0,0.0
1965,386874,OH,eng,7,2,38308,爱情万岁,录音室专辑,2000-07-07,12,反而,爱情万岁,1.0,0.0
1966,386874,着,uz,6,2,38308,爱情万岁,录音室专辑,2000-07-07,12,反而,爱情万岁,1.0,0.0
1967,386874,自由,a,6,2,38308,爱情万岁,录音室专辑,2000-07-07,12,反而,爱情万岁,1.0,0.0
1968,386874,太,d,5,2,38308,爱情万岁,录音室专辑,2000-07-07,12,反而,爱情万岁,1.0,0.0
1969,386874,多,m,5,2,38308,爱情万岁,录音室专辑,2000-07-07,12,反而,爱情万岁,1.0,0.0
1970,386874,寂寞,a,4,2,38308,爱情万岁,录音室专辑,2000-07-07,12,反而,爱情万岁,1.0,0.0
1971,386874,假装,n,4,2,38308,爱情万岁,录音室专辑,2000-07-07,12,反而,爱情万岁,1.0,0.0
1972,386874,冷漠,n,4,2,38308,爱情万岁,录音室专辑,2000-07-07,12,反而,爱情万岁,1.0,0.0
1973,386874,害怕,v,4,2,38308,爱情万岁,录音室专辑,2000-07-07,12,反而,爱情万岁,1.0,0.0
1974,386874,带走,v,4,2,38308,爱情万岁,录音室专辑,2000-07-07,12,反而,爱情万岁,1.0,0.0
1975,386874,属于,v,4,2,38308,爱情万岁,录音室专辑,2000-07-07,12,反而,爱情万岁,1.0,0.0
1976,386874,温柔,nw,4,2,38308,爱情万岁,录音室专辑,2000-07-07,12,反而,爱情万岁,1.0,0.0
1977,386874,想,v,3,2,38308,爱情万岁,录音室专辑,2000-07-07,12,反而,爱情万岁,1.0,0.0
1978,386874,作笼,n,3,2,38308,爱情万岁,录音室专辑,2000-07-07,12,反而,爱情万岁,1.0,0.0
1979,386874,里,f,3,2,38308,爱情万岁,录音室专辑,2000-07-07,12,反而,爱情万岁,1.0,0.0
1980,386874,野兽,n,3,2,38308,爱情万岁,录音室专辑,2000-07-07,12,反而,爱情万岁,1.0,0.0
1981,386874,喧哗,v,2,2,38308,爱情万岁,录音室专辑,2000-07-07,12,反而,爱情万岁,1.0,0.0
1982,386874,拥挤,v,2,2,38308,爱情万岁,录音室专辑,2000-07-07,12,反而,爱情万岁,1.0,0.0
1983,386874,想要,v,1,2,38308,爱情万岁,录音室专辑,2000-07-07,12,反而,爱情万岁,1.0,0.0
1984,386874,执着,v,1,2,38308,爱情万岁,录音室专辑,2000-07-07,12,反而,爱情万岁,1.0,0.0
1985,386874,蹉跎,v,1,2,38308,爱情万岁,录音室专辑,2000-07-07,12,反而,爱情万岁,1.0,0.0
1986,386874,等候,n,1,2,38308,爱情万岁,录音室专辑,2000-07-07,12,反而,爱情万岁,1.0,0.0
1987,386874,错过,v,1,2,38308,爱情万岁,录音室专辑,2000-07-07,12,反而,爱情万岁,1.0,0.0
1988,386874,找到,v,1,2,38308,爱情万岁,录音室专辑,2000-07-07,12,反而,爱情万岁,1.0,0.0
1989,386874,成就,n,1,2,38308,爱情万岁,录音室专辑,2000-07-07,12,反而,爱情万岁,1.0,0.0
1990,386874,坠落,v,1,2,38308,爱情万岁,录音室专辑,2000-07-07,12,反而,爱情万岁,1.0,0.0
1991,386874,温暖,an,1,2,38308,爱情万岁,录音室专辑,2000-07-07,12,反而,爱情万岁,1.0,0.0
1992,386874,折磨,v,1,2,38308,爱情万岁,录音室专辑,2000-07-07,12,反而,爱情万岁,1.0,0.0
1993,386874,看,v,1,2,38308,爱情万岁,录音室专辑,2000-07-07,12,反而,爱情万岁,1.0,0.0
1994,386874,清楚,a,1,2,38308,爱情万岁,录音室专辑,2000-07-07,12,反而,爱情万岁,1.0,0.0
1995,386874,朦胧,a,1,2,38308,爱情万岁,录音室专辑,2000-07-07,12,反而,爱情万岁,1.0,0.0
1996,386874,了解,v,1,2,38308,爱情万岁,录音室专辑,2000-07-07,12,反而,爱情万岁,1.0,0.0
1997,386874,惶恐,a,1,2,38308,爱情万岁,录音室专辑,2000-07-07,12,反而,爱情万岁,1.0,0.0
1998,386874,保持沉默,nr,1,2,38308,爱情万岁,录音室专辑,2000-07-07,12,反而,爱情万岁,1.0,0.0
1999,386874,脆弱,a,1,2,38308,爱情万岁,录音室专辑,2000-07-07,12,反而,爱情万岁,1.0,0.0
2000,386874,忍耐,v,1,2,38308,爱情万岁,录音室专辑,2000-07-07,12,反而,爱情万岁,1.0,0.0
2001,386874,汹涌,v,1,2,38308,爱情万岁,录音室专辑,2000-07-07,12,反而,爱情万岁,1.0,0.0
2002,386691,我,r,20,3,38297,人生海海,录音室专辑,2001-07-06,1,一颗苹果,人生海海,1.0,0.0
2003,386691,的,uj,16,3,38297,人生海海,录音室专辑,2001-07-06,1,一颗苹果,人生海海,1.0,0.0
2004,386691,那,r,4,3,38297,人生海海,录音室专辑,2001-07-06,1,一颗苹果,人生海海,1.0,0.0
2005,386691,要,v,4,3,38297,人生海海,录音室专辑,2001-07-06,1,一颗苹果,人生海海,1.0,0.0
2006,386691,会,v,4,3,38297,人生海海,录音室专辑,2001-07-06,1,一颗苹果,人生海海,1.0,0.0
2007,386691,喔,e,4,3,38297,人生海海,录音室专辑,2001-07-06,1,一颗苹果,人生海海,1.0,0.0
2008,386691,在,p,4,3,38297,人生海海,录音室专辑,2001-07-06,1,一颗苹果,人生海海,1.0,0.0
2009,386691,遥远,a,4,3,38297,人生海海,录音室专辑,2001-07-06,1,一颗苹果,人生海海,1.0,0.0
2010,386691,还是,c,3,3,38297,人生海海,录音室专辑,2001-07-06,1,一颗苹果,人生海海,1.0,0.0
2011,386691,过,ug,3,3,38297,人生海海,录音室专辑,2001-07-06,1,一颗苹果,人生海海,1.0,0.0
2012,386691,这,r,3,3,38297,人生海海,录音室专辑,2001-07-06,1,一颗苹果,人生海海,1.0,0.0
2013,386691,经过,p,2,3,38297,人生海海,录音室专辑,2001-07-06,1,一颗苹果,人生海海,1.0,0.0
2014,386691,梦想,n,2,3,38297,人生海海,录音室专辑,2001-07-06,1,一颗苹果,人生海海,1.0,0.0
2015,386691,是,v,2,3,38297,人生海海,录音室专辑,2001-07-06,1,一颗苹果,人生海海,1.0,0.0
2016,386691,时间,n,2,3,38297,人生海海,录音室专辑,2001-07-06,1,一颗苹果,人生海海,1.0,0.0
2017,386691,想,v,2,3,38297,人生海海,录音室专辑,2001-07-06,1,一颗苹果,人生海海,1.0,0.0
2018,386691,有,v,2,3,38297,人生海海,录音室专辑,2001-07-06,1,一颗苹果,人生海海,1.0,0.0
2019,386691,不,d,2,3,38297,人生海海,录音室专辑,2001-07-06,1,一颗苹果,人生海海,1.0,0.0
2020,386691,人世间,n,2,3,38297,人生海海,录音室专辑,2001-07-06,1,一颗苹果,人生海海,1.0,0.0
2021,386691,那些,r,2,3,38297,人生海海,录音室专辑,2001-07-06,1,一颗苹果,人生海海,1.0,0.0
2022,386691,愁,v,2,3,38297,人生海海,录音室专辑,2001-07-06,1,一颗苹果,人生海海,1.0,0.0
2023,386691,有人,r,2,3,38297,人生海海,录音室专辑,2001-07-06,1,一颗苹果,人生海海,1.0,0.0
2024,386691,有些,r,2,3,38297,人生海海,录音室专辑,2001-07-06,1,一颗苹果,人生海海,1.0,0.0
2025,386691,人,n,2,3,38297,人生海海,录音室专辑,2001-07-06,1,一颗苹果,人生海海,1.0,0.0
2026,386691,这样,r,2,3,38297,人生海海,录音室专辑,2001-07-06,1,一颗苹果,人生海海,1.0,0.0
2027,386691,知道,v,2,3,38297,人生海海,录音室专辑,2001-07-06,1,一颗苹果,人生海海,1.0,0.0
2028,386691,以后,f,2,3,38297,人生海海,录音室专辑,2001-07-06,1,一颗苹果,人生海海,1.0,0.0
2029,386691,再,d,2,3,38297,人生海海,录音室专辑,2001-07-06,1,一颗苹果,人生海海,1.0,0.0
2030,386691,活着,v,2,3,38297,人生海海,录音室专辑,2001-07-06,1,一颗苹果,人生海海,1.0,0.0
2031,386691,了,ul,1,3,38297,人生海海,录音室专辑,2001-07-06,1,一颗苹果,人生海海,1.0,0.0
2032,386691,漫长,n,1,3,38297,人生海海,录音室专辑,2001-07-06,1,一颗苹果,人生海海,1.0,0.0
2033,386691,等候,n,1,3,38297,人生海海,录音室专辑,2001-07-06,1,一颗苹果,人生海海,1.0,0.0
2034,386691,一个,m,1,3,38297,人生海海,录音室专辑,2001-07-06,1,一颗苹果,人生海海,1.0,0.0
2035,386691,忘记,v,1,3,38297,人生海海,录音室专辑,2001-07-06,1,一颗苹果,人生海海,1.0,0.0
2036,386691,挽留,v,1,3,38297,人生海海,录音室专辑,2001-07-06,1,一颗苹果,人生海海,1.0,0.0
2037,386691,最美,a,1,3,38297,人生海海,录音室专辑,2001-07-06,1,一颗苹果,人生海海,1.0,0.0
2038,386691,时候,n,1,3,38297,人生海海,录音室专辑,2001-07-06,1,一颗苹果,人生海海,1.0,0.0
2039,386691,不经意,l,1,3,38297,人生海海,录音室专辑,2001-07-06,1,一颗苹果,人生海海,1.0,0.0
2040,386691,匆匆,z,1,3,38297,人生海海,录音室专辑,2001-07-06,1,一颗苹果,人生海海,1.0,0.0
2041,386691,放过,v,1,3,38297,人生海海,录音室专辑,2001-07-06,1,一颗苹果,人生海海,1.0,0.0
2042,386691,曾经,d,1,3,38297,人生海海,录音室专辑,2001-07-06,1,一颗苹果,人生海海,1.0,0.0
2043,386691,拥抱,v,1,3,38297,人生海海,录音室专辑,2001-07-06,1,一颗苹果,人生海海,1.0,0.0
2044,386691,彩虹,nz,1,3,38297,人生海海,录音室专辑,2001-07-06,1,一颗苹果,人生海海,1.0,0.0
2045,386691,盛开,v,1,3,38297,人生海海,录音室专辑,2001-07-06,1,一颗苹果,人生海海,1.0,0.0
2046,386691,花朵,n,1,3,38297,人生海海,录音室专辑,2001-07-06,1,一颗苹果,人生海海,1.0,0.0
2047,386691,纯真,a,1,3,38297,人生海海,录音室专辑,2001-07-06,1,一颗苹果,人生海海,1.0,0.0
2048,386691,笑容,n,1,3,38297,人生海海,录音室专辑,2001-07-06,1,一颗苹果,人生海海,1.0,0.0
2049,386691,突然,ad,1,3,38297,人生海海,录音室专辑,2001-07-06,1,一颗苹果,人生海海,1.0,0.0
2050,386691,风吹,v,1,3,38297,人生海海,录音室专辑,2001-07-06,1,一颗苹果,人生海海,1.0,0.0
2051,386691,一转眼,d,1,3,38297,人生海海,录音室专辑,2001-07-06,1,一颗苹果,人生海海,1.0,0.0
2052,386691,只,d,1,3,38297,人生海海,录音室专辑,2001-07-06,1,一颗苹果,人生海海,1.0,0.0
2053,386691,剩,v,1,3,38297,人生海海,录音室专辑,2001-07-06,1,一颗苹果,人生海海,1.0,0.0
2054,386691,懂,v,1,3,38297,人生海海,录音室专辑,2001-07-06,1,一颗苹果,人生海海,1.0,0.0
2055,386691,他,r,1,3,38297,人生海海,录音室专辑,2001-07-06,1,一颗苹果,人生海海,1.0,0.0
2056,386691,为什么,r,1,3,38297,人生海海,录音室专辑,2001-07-06,1,一颗苹果,人生海海,1.0,0.0
2057,386691,缠,v,1,3,38297,人生海海,录音室专辑,2001-07-06,1,一颗苹果,人生海海,1.0,0.0
2058,386691,着,uz,1,3,38297,人生海海,录音室专辑,2001-07-06,1,一颗苹果,人生海海,1.0,0.0
2059,386691,到底,d,1,3,38297,人生海海,录音室专辑,2001-07-06,1,一颗苹果,人生海海,1.0,0.0
2060,386691,谁,r,1,3,38297,人生海海,录音室专辑,2001-07-06,1,一颗苹果,人生海海,1.0,0.0
2061,386691,错,n,1,3,38297,人生海海,录音室专辑,2001-07-06,1,一颗苹果,人生海海,1.0,0.0
2062,386691,放手,v,1,3,38297,人生海海,录音室专辑,2001-07-06,1,一颗苹果,人生海海,1.0,0.0
2063,386691,世界,n,1,3,38297,人生海海,录音室专辑,2001-07-06,1,一颗苹果,人生海海,1.0,0.0
2064,386691,给,p,1,3,38297,人生海海,录音室专辑,2001-07-06,1,一颗苹果,人生海海,1.0,0.0
2065,386691,幽默,a,1,3,38297,人生海海,录音室专辑,2001-07-06,1,一颗苹果,人生海海,1.0,0.0
2066,386691,是不是,l,1,3,38297,人生海海,录音室专辑,2001-07-06,1,一颗苹果,人生海海,1.0,0.0
2067,386691,告诉,v,1,3,38297,人生海海,录音室专辑,2001-07-06,1,一颗苹果,人生海海,1.0,0.0
2068,386691,潮起,v,1,3,38297,人生海海,录音室专辑,2001-07-06,1,一颗苹果,人生海海,1.0,0.0
2069,386691,终究,d,1,3,38297,人生海海,录音室专辑,2001-07-06,1,一颗苹果,人生海海,1.0,0.0
2070,386691,潮落,n,1,3,38297,人生海海,录音室专辑,2001-07-06,1,一颗苹果,人生海海,1.0,0.0
2071,386691,总,b,1,3,38297,人生海海,录音室专辑,2001-07-06,1,一颗苹果,人生海海,1.0,0.0
2072,386691,来,v,1,3,38297,人生海海,录音室专辑,2001-07-06,1,一颗苹果,人生海海,1.0,0.0
2073,386691,陪,v,1,3,38297,人生海海,录音室专辑,2001-07-06,1,一颗苹果,人生海海,1.0,0.0
2074,386691,咽下,n,1,3,38297,人生海海,录音室专辑,2001-07-06,1,一颗苹果,人生海海,1.0,0.0
2075,386691,苦果,n,1,3,38297,人生海海,录音室专辑,2001-07-06,1,一颗苹果,人生海海,1.0,0.0
2076,386691,再尝,d,1,3,38297,人生海海,录音室专辑,2001-07-06,1,一颗苹果,人生海海,1.0,0.0
2077,386691,一点,m,1,3,38297,人生海海,录音室专辑,2001-07-06,1,一颗苹果,人生海海,1.0,0.0
2078,386691,美梦,nz,1,3,38297,人生海海,录音室专辑,2001-07-06,1,一颗苹果,人生海海,1.0,0.0
2079,386691,等,u,1,3,38297,人生海海,录音室专辑,2001-07-06,1,一颗苹果,人生海海,1.0,0.0
2080,386691,你,r,1,3,38297,人生海海,录音室专辑,2001-07-06,1,一颗苹果,人生海海,1.0,0.0
2081,386691,先,d,1,3,38297,人生海海,录音室专辑,2001-07-06,1,一颗苹果,人生海海,1.0,0.0
2082,386691,开口,n,1,3,38297,人生海海,录音室专辑,2001-07-06,1,一颗苹果,人生海海,1.0,0.0
2083,386691,冬天,t,1,3,38297,人生海海,录音室专辑,2001-07-06,1,一颗苹果,人生海海,1.0,0.0
2084,386691,才,d,1,3,38297,人生海海,录音室专辑,2001-07-06,1,一颗苹果,人生海海,1.0,0.0
2085,386691,走,v,1,3,38297,人生海海,录音室专辑,2001-07-06,1,一颗苹果,人生海海,1.0,0.0
2086,386691,身旁,s,1,3,38297,人生海海,录音室专辑,2001-07-06,1,一颗苹果,人生海海,1.0,0.0
2087,386691,住,v,1,3,38297,人生海海,录音室专辑,2001-07-06,1,一颗苹果,人生海海,1.0,0.0
2088,386691,脑,n,1,3,38297,人生海海,录音室专辑,2001-07-06,1,一颗苹果,人生海海,1.0,0.0
2089,386691,中,f,1,3,38297,人生海海,录音室专辑,2001-07-06,1,一颗苹果,人生海海,1.0,0.0
2090,386691,心里,s,1,3,38297,人生海海,录音室专辑,2001-07-06,1,一颗苹果,人生海海,1.0,0.0
2091,386691,钻洞,n,1,3,38297,人生海海,录音室专辑,2001-07-06,1,一颗苹果,人生海海,1.0,0.0
2092,386691,变成,v,1,3,38297,人生海海,录音室专辑,2001-07-06,1,一颗苹果,人生海海,1.0,0.0
2093,386691,相片,n,1,3,38297,人生海海,录音室专辑,2001-07-06,1,一颗苹果,人生海海,1.0,0.0
2094,386691,堆,v,1,3,38297,人生海海,录音室专辑,2001-07-06,1,一颗苹果,人生海海,1.0,0.0
2095,386691,角落,n,1,3,38297,人生海海,录音室专辑,2001-07-06,1,一颗苹果,人生海海,1.0,0.0
2096,386691,灰尘,n,1,3,38297,人生海海,录音室专辑,2001-07-06,1,一颗苹果,人生海海,1.0,0.0
2097,386691,像,v,1,3,38297,人生海海,录音室专辑,2001-07-06,1,一颗苹果,人生海海,1.0,0.0
2098,386691,雪,n,1,3,38297,人生海海,录音室专辑,2001-07-06,1,一颗苹果,人生海海,1.0,0.0
2099,386691,一般,a,1,3,38297,人生海海,录音室专辑,2001-07-06,1,一颗苹果,人生海海,1.0,0.0
2100,386691,冰冻,n,1,3,38297,人生海海,录音室专辑,2001-07-06,1,一颗苹果,人生海海,1.0,0.0
2101,386691,如果,c,1,3,38297,人生海海,录音室专辑,2001-07-06,1,一颗苹果,人生海海,1.0,0.0
2102,386691,可以,c,1,3,38297,人生海海,录音室专辑,2001-07-06,1,一颗苹果,人生海海,1.0,0.0
2103,386691,倒流,v,1,3,38297,人生海海,录音室专辑,2001-07-06,1,一颗苹果,人生海海,1.0,0.0
2104,386691,卯起来,i,1,3,38297,人生海海,录音室专辑,2001-07-06,1,一颗苹果,人生海海,1.0,0.0
2105,386691,蹉跎,v,1,3,38297,人生海海,录音室专辑,2001-07-06,1,一颗苹果,人生海海,1.0,0.0
2106,386691,反正,d,1,3,38297,人生海海,录音室专辑,2001-07-06,1,一颗苹果,人生海海,1.0,0.0
2107,386691,就,d,1,3,38297,人生海海,录音室专辑,2001-07-06,1,一颗苹果,人生海海,1.0,0.0
2108,386691,吧,y,1,3,38297,人生海海,录音室专辑,2001-07-06,1,一颗苹果,人生海海,1.0,0.0
2109,386691,努力,ad,1,3,38297,人生海海,录音室专辑,2001-07-06,1,一颗苹果,人生海海,1.0,0.0
2110,386691,想到,v,1,3,38297,人生海海,录音室专辑,2001-07-06,1,一颗苹果,人生海海,1.0,0.0
2111,386691,不会,v,1,3,38297,人生海海,录音室专辑,2001-07-06,1,一颗苹果,人生海海,1.0,0.0
2112,386691,这个,r,1,3,38297,人生海海,录音室专辑,2001-07-06,1,一颗苹果,人生海海,1.0,0.0
2113,386691,寂寞,a,1,3,38297,人生海海,录音室专辑,2001-07-06,1,一颗苹果,人生海海,1.0,0.0
2114,386691,星球,n,1,3,38297,人生海海,录音室专辑,2001-07-06,1,一颗苹果,人生海海,1.0,0.0
2115,386691,曾,d,1,3,38297,人生海海,录音室专辑,2001-07-06,1,一颗苹果,人生海海,1.0,0.0
2116,386691,活过,v,1,3,38297,人生海海,录音室专辑,2001-07-06,1,一颗苹果,人生海海,1.0,0.0
2117,386691,天长,n,1,3,38297,人生海海,录音室专辑,2001-07-06,1,一颗苹果,人生海海,1.0,0.0
2118,386691,和,c,1,3,38297,人生海海,录音室专辑,2001-07-06,1,一颗苹果,人生海海,1.0,0.0
2119,386691,地久,a,1,3,38297,人生海海,录音室专辑,2001-07-06,1,一颗苹果,人生海海,1.0,0.0
2120,386691,尽头,d,1,3,38297,人生海海,录音室专辑,2001-07-06,1,一颗苹果,人生海海,1.0,0.0
2121,386691,应该,v,1,3,38297,人生海海,录音室专辑,2001-07-06,1,一颗苹果,人生海海,1.0,0.0
2122,386691,没有,v,1,3,38297,人生海海,录音室专辑,2001-07-06,1,一颗苹果,人生海海,1.0,0.0
2123,386691,人能,n,1,3,38297,人生海海,录音室专辑,2001-07-06,1,一颗苹果,人生海海,1.0,0.0
2124,386691,抢走,v,1,3,38297,人生海海,录音室专辑,2001-07-06,1,一颗苹果,人生海海,1.0,0.0
2125,386691,永远,d,1,3,38297,人生海海,录音室专辑,2001-07-06,1,一颗苹果,人生海海,1.0,0.0
2126,386691,感动,v,1,3,38297,人生海海,录音室专辑,2001-07-06,1,一颗苹果,人生海海,1.0,0.0
2127,386691,总要,c,1,3,38297,人生海海,录音室专辑,2001-07-06,1,一颗苹果,人生海海,1.0,0.0
2128,386691,一首,m,1,3,38297,人生海海,录音室专辑,2001-07-06,1,一颗苹果,人生海海,1.0,0.0
2129,386691,歌,n,1,3,38297,人生海海,录音室专辑,2001-07-06,1,一颗苹果,人生海海,1.0,0.0
2130,386691,大声,m,1,3,38297,人生海海,录音室专辑,2001-07-06,1,一颗苹果,人生海海,1.0,0.0
2131,386691,唱,v,1,3,38297,人生海海,录音室专辑,2001-07-06,1,一颗苹果,人生海海,1.0,0.0
2132,386691,看,v,1,3,38297,人生海海,录音室专辑,2001-07-06,1,一颗苹果,人生海海,1.0,0.0
2133,386691,天地,n,1,3,38297,人生海海,录音室专辑,2001-07-06,1,一颗苹果,人生海海,1.0,0.0
2134,386691,辽阔,a,1,3,38297,人生海海,录音室专辑,2001-07-06,1,一颗苹果,人生海海,1.0,0.0
2135,386691,不多不少,l,1,3,38297,人生海海,录音室专辑,2001-07-06,1,一颗苹果,人生海海,1.0,0.0
2136,386691,幸福,a,1,3,38297,人生海海,录音室专辑,2001-07-06,1,一颗苹果,人生海海,1.0,0.0
2137,386691,刚好,d,1,3,38297,人生海海,录音室专辑,2001-07-06,1,一颗苹果,人生海海,1.0,0.0
2138,386691,够用,v,1,3,38297,人生海海,录音室专辑,2001-07-06,1,一颗苹果,人生海海,1.0,0.0
2139,386691,其实,d,1,3,38297,人生海海,录音室专辑,2001-07-06,1,一颗苹果,人生海海,1.0,0.0
2140,386691,很好,d,1,3,38297,人生海海,录音室专辑,2001-07-06,1,一颗苹果,人生海海,1.0,0.0
2141,386691,吃,v,1,3,38297,人生海海,录音室专辑,2001-07-06,1,一颗苹果,人生海海,1.0,0.0
2142,386691,一颗苹果,nw,1,3,38297,人生海海,录音室专辑,2001-07-06,1,一颗苹果,人生海海,1.0,0.0
2143,386694,我,r,22,3,38297,人生海海,录音室专辑,2001-07-06,2,能不能不要说,人生海海,1.0,0.0
2144,386694,的,uj,18,3,38297,人生海海,录音室专辑,2001-07-06,2,能不能不要说,人生海海,1.0,0.0
2145,386694,能,v,11,3,38297,人生海海,录音室专辑,2001-07-06,2,能不能不要说,人生海海,1.0,0.0
2146,386694,不能,v,11,3,38297,人生海海,录音室专辑,2001-07-06,2,能不能不要说,人生海海,1.0,0.0
2147,386694,不要,df,11,3,38297,人生海海,录音室专辑,2001-07-06,2,能不能不要说,人生海海,1.0,0.0
2148,386694,就,d,9,3,38297,人生海海,录音室专辑,2001-07-06,2,能不能不要说,人生海海,1.0,0.0
2149,386694,不,d,7,3,38297,人生海海,录音室专辑,2001-07-06,2,能不能不要说,人生海海,1.0,0.0
2150,386694,爱,v,7,3,38297,人生海海,录音室专辑,2001-07-06,2,能不能不要说,人生海海,1.0,0.0
2151,386694,第一次,m,6,3,38297,人生海海,录音室专辑,2001-07-06,2,能不能不要说,人生海海,1.0,0.0
2152,386694,什么,r,6,3,38297,人生海海,录音室专辑,2001-07-06,2,能不能不要说,人生海海,1.0,0.0
2153,386694,说,v,6,3,38297,人生海海,录音室专辑,2001-07-06,2,能不能不要说,人生海海,1.0,0.0
2154,386694,是,v,6,3,38297,人生海海,录音室专辑,2001-07-06,2,能不能不要说,人生海海,1.0,0.0
2155,386694,太,d,5,3,38297,人生海海,录音室专辑,2001-07-06,2,能不能不要说,人生海海,1.0,0.0
2156,386694,你,r,5,3,38297,人生海海,录音室专辑,2001-07-06,2,能不能不要说,人生海海,1.0,0.0
2157,386694,了,ul,4,3,38297,人生海海,录音室专辑,2001-07-06,2,能不能不要说,人生海海,1.0,0.0
2158,386694,要,v,4,3,38297,人生海海,录音室专辑,2001-07-06,2,能不能不要说,人生海海,1.0,0.0
2159,386694,记得,v,3,3,38297,人生海海,录音室专辑,2001-07-06,2,能不能不要说,人生海海,1.0,0.0
2160,386694,时候,n,3,3,38297,人生海海,录音室专辑,2001-07-06,2,能不能不要说,人生海海,1.0,0.0
2161,386694,有没有,v,3,3,38297,人生海海,录音室专辑,2001-07-06,2,能不能不要说,人生海海,1.0,0.0
2162,386694,握,v,3,3,38297,人生海海,录音室专辑,2001-07-06,2,能不能不要说,人生海海,1.0,0.0
2163,386694,他,r,3,3,38297,人生海海,录音室专辑,2001-07-06,2,能不能不要说,人生海海,1.0,0.0
2164,386694,手,n,3,3,38297,人生海海,录音室专辑,2001-07-06,2,能不能不要说,人生海海,1.0,0.0
2165,386694,多,m,3,3,38297,人生海海,录音室专辑,2001-07-06,2,能不能不要说,人生海海,1.0,0.0
2166,386694,想要,v,3,3,38297,人生海海,录音室专辑,2001-07-06,2,能不能不要说,人生海海,1.0,0.0
2167,386694,问,v,3,3,38297,人生海海,录音室专辑,2001-07-06,2,能不能不要说,人生海海,1.0,0.0
2168,386694,为什么,r,3,3,38297,人生海海,录音室专辑,2001-07-06,2,能不能不要说,人生海海,1.0,0.0
2169,386694,那,r,3,3,38297,人生海海,录音室专辑,2001-07-06,2,能不能不要说,人生海海,1.0,0.0
2170,386694,应该,v,3,3,38297,人生海海,录音室专辑,2001-07-06,2,能不能不要说,人生海海,1.0,0.0
2171,386694,在,p,3,3,38297,人生海海,录音室专辑,2001-07-06,2,能不能不要说,人生海海,1.0,0.0
2172,386694,所以,c,3,3,38297,人生海海,录音室专辑,2001-07-06,2,能不能不要说,人生海海,1.0,0.0
2173,386694,永远,d,3,3,38297,人生海海,录音室专辑,2001-07-06,2,能不能不要说,人生海海,1.0,0.0
2174,386694,现在,t,3,3,38297,人生海海,录音室专辑,2001-07-06,2,能不能不要说,人生海海,1.0,0.0
2175,386694,昨天,t,2,3,38297,人生海海,录音室专辑,2001-07-06,2,能不能不要说,人生海海,1.0,0.0
2176,386694,梦,n,2,3,38297,人生海海,录音室专辑,2001-07-06,2,能不能不要说,人生海海,1.0,0.0
2177,386694,到,v,2,3,38297,人生海海,录音室专辑,2001-07-06,2,能不能不要说,人生海海,1.0,0.0
2178,386694,有,v,2,3,38297,人生海海,录音室专辑,2001-07-06,2,能不能不要说,人生海海,1.0,0.0
2179,386694,一个,m,2,3,38297,人生海海,录音室专辑,2001-07-06,2,能不能不要说,人生海海,1.0,0.0
2180,386694,青春,n,2,3,38297,人生海海,录音室专辑,2001-07-06,2,能不能不要说,人生海海,1.0,0.0
2181,386694,需要,v,2,3,38297,人生海海,录音室专辑,2001-07-06,2,能不能不要说,人生海海,1.0,0.0
2182,386694,想,v,2,3,38297,人生海海,录音室专辑,2001-07-06,2,能不能不要说,人生海海,1.0,0.0
2183,386694,得,ud,2,3,38297,人生海海,录音室专辑,2001-07-06,2,能不能不要说,人生海海,1.0,0.0
2184,386694,十八岁,m,2,3,38297,人生海海,录音室专辑,2001-07-06,2,能不能不要说,人生海海,1.0,0.0
2185,386694,第一口,m,2,3,38297,人生海海,录音室专辑,2001-07-06,2,能不能不要说,人生海海,1.0,0.0
2186,386694,啤酒,n,2,3,38297,人生海海,录音室专辑,2001-07-06,2,能不能不要说,人生海海,1.0,0.0
2187,386694,火箭,n,2,3,38297,人生海海,录音室专辑,2001-07-06,2,能不能不要说,人生海海,1.0,0.0
2188,386694,发射,v,2,3,38297,人生海海,录音室专辑,2001-07-06,2,能不能不要说,人生海海,1.0,0.0
2189,386694,轰隆隆,o,2,3,38297,人生海海,录音室专辑,2001-07-06,2,能不能不要说,人生海海,1.0,0.0
2190,386694,隆,nr,2,3,38297,人生海海,录音室专辑,2001-07-06,2,能不能不要说,人生海海,1.0,0.0
2191,386694,如果,c,2,3,38297,人生海海,录音室专辑,2001-07-06,2,能不能不要说,人生海海,1.0,0.0
2192,386694,给,p,2,3,38297,人生海海,录音室专辑,2001-07-06,2,能不能不要说,人生海海,1.0,0.0
2193,386694,其实,d,2,3,38297,人生海海,录音室专辑,2001-07-06,2,能不能不要说,人生海海,1.0,0.0
2194,386694,不是,c,2,3,38297,人生海海,录音室专辑,2001-07-06,2,能不能不要说,人生海海,1.0,0.0
2195,386694,懂,v,2,3,38297,人生海海,录音室专辑,2001-07-06,2,能不能不要说,人生海海,1.0,0.0
2196,386694,然后,c,2,3,38297,人生海海,录音室专辑,2001-07-06,2,能不能不要说,人生海海,1.0,0.0
2197,386694,罗唆,v,2,3,38297,人生海海,录音室专辑,2001-07-06,2,能不能不要说,人生海海,1.0,0.0
2198,386694,难,a,2,3,38297,人生海海,录音室专辑,2001-07-06,2,能不能不要说,人生海海,1.0,0.0
2199,386694,之前,f,2,3,38297,人生海海,录音室专辑,2001-07-06,2,能不能不要说,人生海海,1.0,0.0
2200,386694,长大,ns,2,3,38297,人生海海,录音室专辑,2001-07-06,2,能不能不要说,人生海海,1.0,0.0
2201,386694,换来,v,2,3,38297,人生海海,录音室专辑,2001-07-06,2,能不能不要说,人生海海,1.0,0.0
2202,386694,良心,a,2,3,38297,人生海海,录音室专辑,2001-07-06,2,能不能不要说,人生海海,1.0,0.0
2203,386694,沉默,a,2,3,38297,人生海海,录音室专辑,2001-07-06,2,能不能不要说,人生海海,1.0,0.0
2204,386694,夜里,t,1,3,38297,人生海海,录音室专辑,2001-07-06,2,能不能不要说,人生海海,1.0,0.0
2205,386694,彩虹,nz,1,3,38297,人生海海,录音室专辑,2001-07-06,2,能不能不要说,人生海海,1.0,0.0
2206,386694,乘着,p,1,3,38297,人生海海,录音室专辑,2001-07-06,2,能不能不要说,人生海海,1.0,0.0
2207,386694,船,n,1,3,38297,人生海海,录音室专辑,2001-07-06,2,能不能不要说,人生海海,1.0,0.0
2208,386694,尽头,d,1,3,38297,人生海海,录音室专辑,2001-07-06,2,能不能不要说,人生海海,1.0,0.0
2209,386694,宝箱,n,1,3,38297,人生海海,录音室专辑,2001-07-06,2,能不能不要说,人生海海,1.0,0.0
2210,386694,上面,f,1,3,38297,人生海海,录音室专辑,2001-07-06,2,能不能不要说,人生海海,1.0,0.0
2211,386694,刻,v,1,3,38297,人生海海,录音室专辑,2001-07-06,2,能不能不要说,人生海海,1.0,0.0
2212,386694,着,uz,1,3,38297,人生海海,录音室专辑,2001-07-06,2,能不能不要说,人生海海,1.0,0.0
2213,386694,打开,v,1,3,38297,人生海海,录音室专辑,2001-07-06,2,能不能不要说,人生海海,1.0,0.0
2214,386694,里面,f,1,3,38297,人生海海,录音室专辑,2001-07-06,2,能不能不要说,人生海海,1.0,0.0
2215,386694,空空,n,1,3,38297,人生海海,录音室专辑,2001-07-06,2,能不能不要说,人生海海,1.0,0.0
2216,386694,跟着,v,1,3,38297,人生海海,录音室专辑,2001-07-06,2,能不能不要说,人生海海,1.0,0.0
2217,386694,感觉,n,1,3,38297,人生海海,录音室专辑,2001-07-06,2,能不能不要说,人生海海,1.0,0.0
2218,386694,走,v,1,3,38297,人生海海,录音室专辑,2001-07-06,2,能不能不要说,人生海海,1.0,0.0
2219,386694,不会错,i,1,3,38297,人生海海,录音室专辑,2001-07-06,2,能不能不要说,人生海海,1.0,0.0
2220,386694,离开,v,1,3,38297,人生海海,录音室专辑,2001-07-06,2,能不能不要说,人生海海,1.0,0.0
2221,386694,那个,r,1,3,38297,人生海海,录音室专辑,2001-07-06,2,能不能不要说,人生海海,1.0,0.0
2222,386694,拥挤,v,1,3,38297,人生海海,录音室专辑,2001-07-06,2,能不能不要说,人生海海,1.0,0.0
2223,386694,星球,n,1,3,38297,人生海海,录音室专辑,2001-07-06,2,能不能不要说,人生海海,1.0,0.0
2224,386694,飞向,n,1,3,38297,人生海海,录音室专辑,2001-07-06,2,能不能不要说,人生海海,1.0,0.0
2225,386694,灿烂,a,1,3,38297,人生海海,录音室专辑,2001-07-06,2,能不能不要说,人生海海,1.0,0.0
2226,386694,星空,n,1,3,38297,人生海海,录音室专辑,2001-07-06,2,能不能不要说,人生海海,1.0,0.0
2227,386694,回头,v,1,3,38297,人生海海,录音室专辑,2001-07-06,2,能不能不要说,人生海海,1.0,0.0
2228,386694,看,v,1,3,38297,人生海海,录音室专辑,2001-07-06,2,能不能不要说,人生海海,1.0,0.0
2229,386694,苦苦,a,1,3,38297,人生海海,录音室专辑,2001-07-06,2,能不能不要说,人生海海,1.0,0.0
2230,386694,寂寞,a,1,3,38297,人生海海,录音室专辑,2001-07-06,2,能不能不要说,人生海海,1.0,0.0
2231,386694,突然,ad,1,3,38297,人生海海,录音室专辑,2001-07-06,2,能不能不要说,人生海海,1.0,0.0
2232,386694,间,f,1,3,38297,人生海海,录音室专辑,2001-07-06,2,能不能不要说,人生海海,1.0,0.0
2233,386694,像,v,1,3,38297,人生海海,录音室专辑,2001-07-06,2,能不能不要说,人生海海,1.0,0.0
2234,386694,也,d,1,3,38297,人生海海,录音室专辑,2001-07-06,2,能不能不要说,人生海海,1.0,0.0
2235,386694,感动,v,1,3,38297,人生海海,录音室专辑,2001-07-06,2,能不能不要说,人生海海,1.0,0.0
2236,386694,滋味,n,1,3,38297,人生海海,录音室专辑,2001-07-06,2,能不能不要说,人生海海,1.0,0.0
2237,386694,尝,v,1,3,38297,人生海海,录音室专辑,2001-07-06,2,能不能不要说,人生海海,1.0,0.0
2238,386694,不够,v,1,3,38297,人生海海,录音室专辑,2001-07-06,2,能不能不要说,人生海海,1.0,0.0
2239,386694,没有,v,1,3,38297,人生海海,录音室专辑,2001-07-06,2,能不能不要说,人生海海,1.0,0.0
2240,386694,疯狂,a,1,3,38297,人生海海,录音室专辑,2001-07-06,2,能不能不要说,人生海海,1.0,0.0
2241,386694,怎么,r,1,3,38297,人生海海,录音室专辑,2001-07-06,2,能不能不要说,人生海海,1.0,0.0
2242,386694,能算,v,1,3,38297,人生海海,录音室专辑,2001-07-06,2,能不能不要说,人生海海,1.0,0.0
2243,386694,活过,v,1,3,38297,人生海海,录音室专辑,2001-07-06,2,能不能不要说,人生海海,1.0,0.0
2244,386694,得到,v,1,3,38297,人生海海,录音室专辑,2001-07-06,2,能不能不要说,人生海海,1.0,0.0
2245,386694,容易,a,1,3,38297,人生海海,录音室专辑,2001-07-06,2,能不能不要说,人生海海,1.0,0.0
2246,386694,拥有,v,1,3,38297,人生海海,录音室专辑,2001-07-06,2,能不能不要说,人生海海,1.0,0.0
2247,386694,放手,v,1,3,38297,人生海海,录音室专辑,2001-07-06,2,能不能不要说,人生海海,1.0,0.0
2248,386694,尽情,d,1,3,38297,人生海海,录音室专辑,2001-07-06,2,能不能不要说,人生海海,1.0,0.0
2249,386694,享受,v,1,3,38297,人生海海,录音室专辑,2001-07-06,2,能不能不要说,人生海海,1.0,0.0
2250,386694,伊甸园,ns,1,3,38297,人生海海,录音室专辑,2001-07-06,2,能不能不要说,人生海海,1.0,0.0
2251,386694,里,f,1,3,38297,人生海海,录音室专辑,2001-07-06,2,能不能不要说,人生海海,1.0,0.0
2252,386694,偷吃,v,1,3,38297,人生海海,录音室专辑,2001-07-06,2,能不能不要说,人生海海,1.0,0.0
2253,386694,苹果,n,1,3,38297,人生海海,录音室专辑,2001-07-06,2,能不能不要说,人生海海,1.0,0.0
2254,386694,天旋地转,i,1,3,38297,人生海海,录音室专辑,2001-07-06,2,能不能不要说,人生海海,1.0,0.0
2255,386694,登陆,v,1,3,38297,人生海海,录音室专辑,2001-07-06,2,能不能不要说,人生海海,1.0,0.0
2256,386694,月球,n,1,3,38297,人生海海,录音室专辑,2001-07-06,2,能不能不要说,人生海海,1.0,0.0
2257,386697,汝,r,25,3,38297,人生海海,录音室专辑,2001-07-06,3,好不好,人生海海,1.0,0.0
2258,386697,的,uj,21,3,38297,人生海海,录音室专辑,2001-07-06,3,好不好,人生海海,1.0,0.0
2259,386697,好,a,10,3,38297,人生海海,录音室专辑,2001-07-06,3,好不好,人生海海,1.0,0.0
2260,386697,我,r,9,3,38297,人生海海,录音室专辑,2001-07-06,3,好不好,人生海海,1.0,0.0
2261,386697,共,d,9,3,38297,人生海海,录音室专辑,2001-07-06,3,好不好,人生海海,1.0,0.0
2262,386697,想,v,7,3,38297,人生海海,录音室专辑,2001-07-06,3,好不好,人生海海,1.0,0.0
2263,386697,是,v,6,3,38297,人生海海,录音室专辑,2001-07-06,3,好不好,人生海海,1.0,0.0
2264,386697,着,uz,6,3,38297,人生海海,录音室专辑,2001-07-06,3,好不好,人生海海,1.0,0.0
2265,386697,予,vg,6,3,38297,人生海海,录音室专辑,2001-07-06,3,好不好,人生海海,1.0,0.0
2266,386697,烦恼,a,6,3,38297,人生海海,录音室专辑,2001-07-06,3,好不好,人生海海,1.0,0.0
2267,386697,无情,n,6,3,38297,人生海海,录音室专辑,2001-07-06,3,好不好,人生海海,1.0,0.0
2268,386697,有,v,6,3,38297,人生海海,录音室专辑,2001-07-06,3,好不好,人生海海,1.0,0.0
2269,386697,毋,d,5,3,38297,人生海海,录音室专辑,2001-07-06,3,好不好,人生海海,1.0,0.0
2270,386697,阮,nr,5,3,38297,人生海海,录音室专辑,2001-07-06,3,好不好,人生海海,1.0,0.0
2271,386697,雨,n,4,3,38297,人生海海,录音室专辑,2001-07-06,3,好不好,人生海海,1.0,0.0
2272,386697,希望,v,4,3,38297,人生海海,录音室专辑,2001-07-06,3,好不好,人生海海,1.0,0.0
2273,386697,抑是,c,3,3,38297,人生海海,录音室专辑,2001-07-06,3,好不好,人生海海,1.0,0.0
2274,386697,欲,d,3,3,38297,人生海海,录音室专辑,2001-07-06,3,好不好,人生海海,1.0,0.0
2275,386697,讲,v,3,3,38297,人生海海,录音室专辑,2001-07-06,3,好不好,人生海海,1.0,0.0
2276,386697,约,d,3,3,38297,人生海海,录音室专辑,2001-07-06,3,好不好,人生海海,1.0,0.0
2277,386697,啥,r,3,3,38297,人生海海,录音室专辑,2001-07-06,3,好不好,人生海海,1.0,0.0
2278,386697,侬,g,3,3,38297,人生海海,录音室专辑,2001-07-06,3,好不好,人生海海,1.0,0.0
2279,386697,规,ng,3,3,38297,人生海海,录音室专辑,2001-07-06,3,好不好,人生海海,1.0,0.0
2280,386697,暝,g,3,3,38297,人生海海,录音室专辑,2001-07-06,3,好不好,人生海海,1.0,0.0
2281,386697,风,n,3,3,38297,人生海海,录音室专辑,2001-07-06,3,好不好,人生海海,1.0,0.0
2282,386697,阻碍,v,3,3,38297,人生海海,录音室专辑,2001-07-06,3,好不好,人生海海,1.0,0.0
2283,386697,咱,r,3,3,38297,人生海海,录音室专辑,2001-07-06,3,好不好,人生海海,1.0,0.0
2284,386697,路,n,3,3,38297,人生海海,录音室专辑,2001-07-06,3,好不好,人生海海,1.0,0.0
2285,386697,疼,v,3,3,38297,人生海海,录音室专辑,2001-07-06,3,好不好,人生海海,1.0,0.0
2286,386697,汝惜,nr,3,3,38297,人生海海,录音室专辑,2001-07-06,3,好不好,人生海海,1.0,0.0
2287,386697,捀,zg,3,3,38297,人生海海,录音室专辑,2001-07-06,3,好不好,人生海海,1.0,0.0
2288,386697,踮,v,3,3,38297,人生海海,录音室专辑,2001-07-06,3,好不好,人生海海,1.0,0.0
2289,386697,双手,n,3,3,38297,人生海海,录音室专辑,2001-07-06,3,好不好,人生海海,1.0,0.0
2290,386697,中,f,3,3,38297,人生海海,录音室专辑,2001-07-06,3,好不好,人生海海,1.0,0.0
2291,386697,一生,m,3,3,38297,人生海海,录音室专辑,2001-07-06,3,好不好,人生海海,1.0,0.0
2292,386697,唯一,b,3,3,38297,人生海海,录音室专辑,2001-07-06,3,好不好,人生海海,1.0,0.0
2293,386697,欲予,v,3,3,38297,人生海海,录音室专辑,2001-07-06,3,好不好,人生海海,1.0,0.0
2294,386697,快乐,a,3,3,38297,人生海海,录音室专辑,2001-07-06,3,好不好,人生海海,1.0,0.0
2295,386697,抑,vg,3,3,38297,人生海海,录音室专辑,2001-07-06,3,好不好,人生海海,1.0,0.0
2296,386697,毋知,l,2,3,38297,人生海海,录音室专辑,2001-07-06,3,好不好,人生海海,1.0,0.0
2297,386697,温暖,an,2,3,38297,人生海海,录音室专辑,2001-07-06,3,好不好,人生海海,1.0,0.0
2298,386697,充满,a,2,3,38297,人生海海,录音室专辑,2001-07-06,3,好不好,人生海海,1.0,0.0
2299,386697,孤单,a,2,3,38297,人生海海,录音室专辑,2001-07-06,3,好不好,人生海海,1.0,0.0
2300,386697,心脏,n,2,3,38297,人生海海,录音室专辑,2001-07-06,3,好不好,人生海海,1.0,0.0
2301,386697,袂,ng,2,3,38297,人生海海,录音室专辑,2001-07-06,3,好不好,人生海海,1.0,0.0
2302,386697,当,p,2,3,38297,人生海海,录音室专辑,2001-07-06,3,好不好,人生海海,1.0,0.0
2303,386697,继续,v,2,3,38297,人生海海,录音室专辑,2001-07-06,3,好不好,人生海海,1.0,0.0
2304,386697,等待,vn,2,3,38297,人生海海,录音室专辑,2001-07-06,3,好不好,人生海海,1.0,0.0
2305,386697,对,p,2,3,38297,人生海海,录音室专辑,2001-07-06,3,好不好,人生海海,1.0,0.0
2306,386697,听,v,2,3,38297,人生海海,录音室专辑,2001-07-06,3,好不好,人生海海,1.0,0.0
2307,386697,亲爱,a,2,3,38297,人生海海,录音室专辑,2001-07-06,3,好不好,人生海海,1.0,0.0
2308,386697,佫,zg,2,3,38297,人生海海,录音室专辑,2001-07-06,3,好不好,人生海海,1.0,0.0
2309,386697,毋着,c,1,3,38297,人生海海,录音室专辑,2001-07-06,3,好不好,人生海海,1.0,0.0
2310,386697,毋知汝,nr,1,3,38297,人生海海,录音室专辑,2001-07-06,3,好不好,人生海海,1.0,0.0
2311,386697,敢会,n,1,3,38297,人生海海,录音室专辑,2001-07-06,3,好不好,人生海海,1.0,0.0
2312,386697,笑,v,1,3,38297,人生海海,录音室专辑,2001-07-06,3,好不好,人生海海,1.0,0.0
2313,386697,戆,zg,1,3,38297,人生海海,录音室专辑,2001-07-06,3,好不好,人生海海,1.0,0.0
2314,386697,热天,n,1,3,38297,人生海海,录音室专辑,2001-07-06,3,好不好,人生海海,1.0,0.0
2315,386697,西北,ns,1,3,38297,人生海海,录音室专辑,2001-07-06,3,好不好,人生海海,1.0,0.0
2316,386697,下,f,1,3,38297,人生海海,录音室专辑,2001-07-06,3,好不好,人生海海,1.0,0.0
2317,386697,晡,g,1,3,38297,人生海海,录音室专辑,2001-07-06,3,好不好,人生海海,1.0,0.0
2318,386697,毋知影,nr,1,3,38297,人生海海,录音室专辑,2001-07-06,3,好不好,人生海海,1.0,0.0
2319,386697,汝咧佗,nr,1,3,38297,人生海海,录音室专辑,2001-07-06,3,好不好,人生海海,1.0,0.0
2320,386697,真,d,1,3,38297,人生海海,录音室专辑,2001-07-06,3,好不好,人生海海,1.0,0.0
2321,386697,看着,v,1,3,38297,人生海海,录音室专辑,2001-07-06,3,好不好,人生海海,1.0,0.0
2322,386697,笑容,n,1,3,38297,人生海海,录音室专辑,2001-07-06,3,好不好,人生海海,1.0,0.0
2323,386697,再,d,1,3,38297,人生海海,录音室专辑,2001-07-06,3,好不好,人生海海,1.0,0.0
2324,386697,日子,n,1,3,38297,人生海海,录音室专辑,2001-07-06,3,好不好,人生海海,1.0,0.0
2325,386697,甜,a,1,3,38297,人生海海,录音室专辑,2001-07-06,3,好不好,人生海海,1.0,0.0
2326,386697,嘛,y,1,3,38297,人生海海,录音室专辑,2001-07-06,3,好不好,人生海海,1.0,0.0
2327,386697,艰苦,a,1,3,38297,人生海海,录音室专辑,2001-07-06,3,好不好,人生海海,1.0,0.0
2328,386697,互相照顾,i,1,3,38297,人生海海,录音室专辑,2001-07-06,3,好不好,人生海海,1.0,0.0
2329,386697,心内,s,1,3,38297,人生海海,录音室专辑,2001-07-06,3,好不好,人生海海,1.0,0.0
2330,386697,感想,v,1,3,38297,人生海海,录音室专辑,2001-07-06,3,好不好,人生海海,1.0,0.0
2331,386697,敢,v,1,3,38297,人生海海,录音室专辑,2001-07-06,3,好不好,人生海海,1.0,0.0
2332,386697,到底,d,1,3,38297,人生海海,录音室专辑,2001-07-06,3,好不好,人生海海,1.0,0.0
2333,386697,敢讲,v,1,3,38297,人生海海,录音室专辑,2001-07-06,3,好不好,人生海海,1.0,0.0
2334,386697,汝惊,nr,1,3,38297,人生海海,录音室专辑,2001-07-06,3,好不好,人生海海,1.0,0.0
2335,386697,无,v,1,3,38297,人生海海,录音室专辑,2001-07-06,3,好不好,人生海海,1.0,0.0
2336,386697,信用,n,1,3,38297,人生海海,录音室专辑,2001-07-06,3,好不好,人生海海,1.0,0.0
2337,386697,苦衷,n,1,3,38297,人生海海,录音室专辑,2001-07-06,3,好不好,人生海海,1.0,0.0
2338,386700,啦,y,18,3,38297,人生海海,录音室专辑,2001-07-06,4,相信,人生海海,1.0,0.0
2339,386700,我,r,15,3,38297,人生海海,录音室专辑,2001-07-06,4,相信,人生海海,1.0,0.0
2340,386700,的,uj,10,3,38297,人生海海,录音室专辑,2001-07-06,4,相信,人生海海,1.0,0.0
2341,386700,你,r,7,3,38297,人生海海,录音室专辑,2001-07-06,4,相信,人生海海,1.0,0.0
2342,386700,在,p,5,3,38297,人生海海,录音室专辑,2001-07-06,4,相信,人生海海,1.0,0.0
2343,386700,要,v,5,3,38297,人生海海,录音室专辑,2001-07-06,4,相信,人生海海,1.0,0.0
2344,386700,那,r,5,3,38297,人生海海,录音室专辑,2001-07-06,4,相信,人生海海,1.0,0.0
2345,386700,让,v,4,3,38297,人生海海,录音室专辑,2001-07-06,4,相信,人生海海,1.0,0.0
2346,386700,相信,v,4,3,38297,人生海海,录音室专辑,2001-07-06,4,相信,人生海海,1.0,0.0
2347,386700,里,f,3,3,38297,人生海海,录音室专辑,2001-07-06,4,相信,人生海海,1.0,0.0
2348,386700,永远,d,3,3,38297,人生海海,录音室专辑,2001-07-06,4,相信,人生海海,1.0,0.0
2349,386700,看着,v,3,3,38297,人生海海,录音室专辑,2001-07-06,4,相信,人生海海,1.0,0.0
2350,386700,眼睛,n,3,3,38297,人生海海,录音室专辑,2001-07-06,4,相信,人生海海,1.0,0.0
2351,386700,为什么,r,3,3,38297,人生海海,录音室专辑,2001-07-06,4,相信,人生海海,1.0,0.0
2352,386700,哭泣,v,3,3,38297,人生海海,录音室专辑,2001-07-06,4,相信,人生海海,1.0,0.0
2353,386700,幸福,a,3,3,38297,人生海海,录音室专辑,2001-07-06,4,相信,人生海海,1.0,0.0
2354,386700,太,d,3,3,38297,人生海海,录音室专辑,2001-07-06,4,相信,人生海海,1.0,0.0
2355,386700,容易,a,3,3,38297,人生海海,录音室专辑,2001-07-06,4,相信,人生海海,1.0,0.0
2356,386700,不敢相信,i,3,3,38297,人生海海,录音室专辑,2001-07-06,4,相信,人生海海,1.0,0.0
2357,386700,有,v,3,3,38297,人生海海,录音室专辑,2001-07-06,4,相信,人生海海,1.0,0.0
2358,386700,爱情,n,3,3,38297,人生海海,录音室专辑,2001-07-06,4,相信,人生海海,1.0,0.0
2359,386700,一个,m,2,3,38297,人生海海,录音室专辑,2001-07-06,4,相信,人生海海,1.0,0.0
2360,386700,都,d,2,3,38297,人生海海,录音室专辑,2001-07-06,4,相信,人生海海,1.0,0.0
2361,386700,一起,m,2,3,38297,人生海海,录音室专辑,2001-07-06,4,相信,人生海海,1.0,0.0
2362,386700,如果,c,2,3,38297,人生海海,录音室专辑,2001-07-06,4,相信,人生海海,1.0,0.0
2363,386700,勾勾,nr,2,3,38297,人生海海,录音室专辑,2001-07-06,4,相信,人生海海,1.0,0.0
2364,386700,手,n,2,3,38297,人生海海,录音室专辑,2001-07-06,4,相信,人生海海,1.0,0.0
2365,386700,盖,v,2,3,38297,人生海海,录音室专辑,2001-07-06,4,相信,人生海海,1.0,0.0
2366,386700,手印,n,2,3,38297,人生海海,录音室专辑,2001-07-06,4,相信,人生海海,1.0,0.0
2367,386700,这,r,2,3,38297,人生海海,录音室专辑,2001-07-06,4,相信,人生海海,1.0,0.0
2368,386700,一刻,m,2,3,38297,人生海海,录音室专辑,2001-07-06,4,相信,人生海海,1.0,0.0
2369,386700,约定,v,2,3,38297,人生海海,录音室专辑,2001-07-06,4,相信,人生海海,1.0,0.0
2370,386700,变,v,2,3,38297,人生海海,录音室专辑,2001-07-06,4,相信,人生海海,1.0,0.0
2371,386700,美丽,ns,2,3,38297,人生海海,录音室专辑,2001-07-06,4,相信,人生海海,1.0,0.0
2372,386700,因为,c,2,3,38297,人生海海,录音室专辑,2001-07-06,4,相信,人生海海,1.0,0.0
2373,386700,开始,v,2,3,38297,人生海海,录音室专辑,2001-07-06,4,相信,人生海海,1.0,0.0
2374,386700,我们,r,2,3,38297,人生海海,录音室专辑,2001-07-06,4,相信,人生海海,1.0,0.0
2375,386700,给,p,1,3,38297,人生海海,录音室专辑,2001-07-06,4,相信,人生海海,1.0,0.0
2376,386700,秘密,n,1,3,38297,人生海海,录音室专辑,2001-07-06,4,相信,人生海海,1.0,0.0
2377,386700,触摸,v,1,3,38297,人生海海,录音室专辑,2001-07-06,4,相信,人生海海,1.0,0.0
2378,386700,到,v,1,3,38297,人生海海,录音室专辑,2001-07-06,4,相信,人生海海,1.0,0.0
2379,386700,星星,nz,1,3,38297,人生海海,录音室专辑,2001-07-06,4,相信,人生海海,1.0,0.0
2380,386700,夏日,t,1,3,38297,人生海海,录音室专辑,2001-07-06,4,相信,人生海海,1.0,0.0
2381,386700,夜里,t,1,3,38297,人生海海,录音室专辑,2001-07-06,4,相信,人生海海,1.0,0.0
2382,386700,走入,v,1,3,38297,人生海海,录音室专辑,2001-07-06,4,相信,人生海海,1.0,0.0
2383,386700,了,ul,1,3,38297,人生海海,录音室专辑,2001-07-06,4,相信,人生海海,1.0,0.0
2384,386700,森林,n,1,3,38297,人生海海,录音室专辑,2001-07-06,4,相信,人生海海,1.0,0.0
2385,386700,聆听,v,1,3,38297,人生海海,录音室专辑,2001-07-06,4,相信,人生海海,1.0,0.0
2386,386700,着,uz,1,3,38297,人生海海,录音室专辑,2001-07-06,4,相信,人生海海,1.0,0.0
2387,386700,呼吸,v,1,3,38297,人生海海,录音室专辑,2001-07-06,4,相信,人生海海,1.0,0.0
2388,386700,世界,n,1,3,38297,人生海海,录音室专辑,2001-07-06,4,相信,人生海海,1.0,0.0
2389,386700,就,d,1,3,38297,人生海海,录音室专辑,2001-07-06,4,相信,人生海海,1.0,0.0
2390,386700,睡,v,1,3,38297,人生海海,录音室专辑,2001-07-06,4,相信,人生海海,1.0,0.0
2391,386700,梦,n,1,3,38297,人生海海,录音室专辑,2001-07-06,4,相信,人生海海,1.0,0.0
2392,386700,孤单,a,1,3,38297,人生海海,录音室专辑,2001-07-06,4,相信,人生海海,1.0,0.0
2393,386700,已经,d,1,3,38297,人生海海,录音室专辑,2001-07-06,4,相信,人生海海,1.0,0.0
2394,386700,离去,v,1,3,38297,人生海海,录音室专辑,2001-07-06,4,相信,人生海海,1.0,0.0
2395,386700,只,d,1,3,38297,人生海海,录音室专辑,2001-07-06,4,相信,人生海海,1.0,0.0
2396,386700,留下,v,1,3,38297,人生海海,录音室专辑,2001-07-06,4,相信,人生海海,1.0,0.0
2397,386700,天和地,ns,1,3,38297,人生海海,录音室专辑,2001-07-06,4,相信,人生海海,1.0,0.0
2398,386700,和,c,1,3,38297,人生海海,录音室专辑,2001-07-06,4,相信,人生海海,1.0,0.0
2399,386700,穿,zg,1,3,38297,人生海海,录音室专辑,2001-07-06,4,相信,人生海海,1.0,0.0
2400,386700,一件,m,1,3,38297,人生海海,录音室专辑,2001-07-06,4,相信,人生海海,1.0,0.0
2401,386700,雨衣,n,1,3,38297,人生海海,录音室专辑,2001-07-06,4,相信,人生海海,1.0,0.0
2402,386700,后座,n,1,3,38297,人生海海,录音室专辑,2001-07-06,4,相信,人生海海,1.0,0.0
2403,386700,抱,v,1,3,38297,人生海海,录音室专辑,2001-07-06,4,相信,人生海海,1.0,0.0
2404,386700,得,ud,1,3,38297,人生海海,录音室专辑,2001-07-06,4,相信,人生海海,1.0,0.0
2405,386700,好紧,d,1,3,38297,人生海海,录音室专辑,2001-07-06,4,相信,人生海海,1.0,0.0
2406,386700,风雨,n,1,3,38297,人生海海,录音室专辑,2001-07-06,4,相信,人生海海,1.0,0.0
2407,386700,中,f,1,3,38297,人生海海,录音室专辑,2001-07-06,4,相信,人生海海,1.0,0.0
2408,386700,美好,a,1,3,38297,人生海海,录音室专辑,2001-07-06,4,相信,人生海海,1.0,0.0
2409,386700,回忆,v,1,3,38297,人生海海,录音室专辑,2001-07-06,4,相信,人生海海,1.0,0.0
2410,386700,爱,v,1,3,38297,人生海海,录音室专辑,2001-07-06,4,相信,人生海海,1.0,0.0
2411,386700,过,ug,1,3,38297,人生海海,录音室专辑,2001-07-06,4,相信,人生海海,1.0,0.0
2412,386700,那些,r,1,3,38297,人生海海,录音室专辑,2001-07-06,4,相信,人生海海,1.0,0.0
2413,386700,歌曲,n,1,3,38297,人生海海,录音室专辑,2001-07-06,4,相信,人生海海,1.0,0.0
2414,386700,一天,m,1,3,38297,人生海海,录音室专辑,2001-07-06,4,相信,人生海海,1.0,0.0
2415,386700,再也,d,1,3,38297,人生海海,录音室专辑,2001-07-06,4,相信,人生海海,1.0,0.0
2416,386700,不,d,1,3,38297,人生海海,录音室专辑,2001-07-06,4,相信,人生海海,1.0,0.0
2417,386700,听,v,1,3,38297,人生海海,录音室专辑,2001-07-06,4,相信,人生海海,1.0,0.0
2418,386700,想,v,1,3,38297,人生海海,录音室专辑,2001-07-06,4,相信,人生海海,1.0,0.0
2419,386700,知道,v,1,3,38297,人生海海,录音室专辑,2001-07-06,4,相信,人生海海,1.0,0.0
2420,386700,原因,n,1,3,38297,人生海海,录音室专辑,2001-07-06,4,相信,人生海海,1.0,0.0
2421,386700,黑夜,n,1,3,38297,人生海海,录音室专辑,2001-07-06,4,相信,人生海海,1.0,0.0
2422,386700,终究,d,1,3,38297,人生海海,录音室专辑,2001-07-06,4,相信,人生海海,1.0,0.0
2423,386700,黎明,nr,1,3,38297,人生海海,录音室专辑,2001-07-06,4,相信,人生海海,1.0,0.0
2424,386700,天一亮,nr,1,3,38297,人生海海,录音室专辑,2001-07-06,4,相信,人生海海,1.0,0.0
2425,386700,往,p,1,3,38297,人生海海,录音室专辑,2001-07-06,4,相信,人生海海,1.0,0.0
2426,386700,哪里,r,1,3,38297,人生海海,录音室专辑,2001-07-06,4,相信,人生海海,1.0,0.0
2427,386700,去,v,1,3,38297,人生海海,录音室专辑,2001-07-06,4,相信,人生海海,1.0,0.0
2428,386700,故事,n,1,3,38297,人生海海,录音室专辑,2001-07-06,4,相信,人生海海,1.0,0.0
2429,386700,最后,f,1,3,38297,人生海海,录音室专辑,2001-07-06,4,相信,人生海海,1.0,0.0
2430,386700,结局,n,1,3,38297,人生海海,录音室专辑,2001-07-06,4,相信,人生海海,1.0,0.0
2431,386700,结束,v,1,3,38297,人生海海,录音室专辑,2001-07-06,4,相信,人生海海,1.0,0.0
2432,386700,那年,r,1,3,38297,人生海海,录音室专辑,2001-07-06,4,相信,人生海海,1.0,0.0
2433,386700,冬季,t,1,3,38297,人生海海,录音室专辑,2001-07-06,4,相信,人生海海,1.0,0.0
2434,386700,孤独,a,1,3,38297,人生海海,录音室专辑,2001-07-06,4,相信,人生海海,1.0,0.0
2435,386700,冰冷,z,1,3,38297,人生海海,录音室专辑,2001-07-06,4,相信,人生海海,1.0,0.0
2436,386700,风,n,1,3,38297,人生海海,录音室专辑,2001-07-06,4,相信,人生海海,1.0,0.0
2437,386700,于是,c,1,3,38297,人生海海,录音室专辑,2001-07-06,4,相信,人生海海,1.0,0.0
2438,386700,问问,n,1,3,38297,人生海海,录音室专辑,2001-07-06,4,相信,人生海海,1.0,0.0
2439,386700,自己,r,1,3,38297,人生海海,录音室专辑,2001-07-06,4,相信,人生海海,1.0,0.0
2440,386700,还,d,1,3,38297,人生海海,录音室专辑,2001-07-06,4,相信,人生海海,1.0,0.0
2441,386700,能不能够,v,1,3,38297,人生海海,录音室专辑,2001-07-06,4,相信,人生海海,1.0,0.0
2442,386700,另,r,1,3,38297,人生海海,录音室专辑,2001-07-06,4,相信,人生海海,1.0,0.0
2443,386700,一段,m,1,3,38297,人生海海,录音室专辑,2001-07-06,4,相信,人生海海,1.0,0.0
2444,386700,靠近,v,1,3,38297,人生海海,录音室专辑,2001-07-06,4,相信,人生海海,1.0,0.0
2445,386700,现在,t,1,3,38297,人生海海,录音室专辑,2001-07-06,4,相信,人生海海,1.0,0.0
2446,386700,是,v,1,3,38297,人生海海,录音室专辑,2001-07-06,4,相信,人生海海,1.0,0.0
2447,386700,跟,p,1,3,38297,人生海海,录音室专辑,2001-07-06,4,相信,人生海海,1.0,0.0
2448,386700,想像,v,1,3,38297,人生海海,录音室专辑,2001-07-06,4,相信,人生海海,1.0,0.0
2449,386700,有点,n,1,3,38297,人生海海,录音室专辑,2001-07-06,4,相信,人生海海,1.0,0.0
2450,386700,距离,n,1,3,38297,人生海海,录音室专辑,2001-07-06,4,相信,人生海海,1.0,0.0
2451,386700,将,d,1,3,38297,人生海海,录音室专辑,2001-07-06,4,相信,人生海海,1.0,0.0
2452,386700,他,r,1,3,38297,人生海海,录音室专辑,2001-07-06,4,相信,人生海海,1.0,0.0
2453,386700,唱,v,1,3,38297,人生海海,录音室专辑,2001-07-06,4,相信,人生海海,1.0,0.0
2454,386700,歌,n,1,3,38297,人生海海,录音室专辑,2001-07-06,4,相信,人生海海,1.0,0.0
2455,386700,曾经,d,1,3,38297,人生海海,录音室专辑,2001-07-06,4,相信,人生海海,1.0,0.0
2456,386700,属于,v,1,3,38297,人生海海,录音室专辑,2001-07-06,4,相信,人生海海,1.0,0.0
2457,386700,希望,v,1,3,38297,人生海海,录音室专辑,2001-07-06,4,相信,人生海海,1.0,0.0
2458,386700,不要,df,1,3,38297,人生海海,录音室专辑,2001-07-06,4,相信,人生海海,1.0,0.0
2459,386700,忘记,v,1,3,38297,人生海海,录音室专辑,2001-07-06,4,相信,人生海海,1.0,0.0
2460,386702,喔,e,20,3,38297,人生海海,录音室专辑,2001-07-06,5,Ok啦,人生海海,1.0,0.0
2461,386702,OK,eng,18,3,38297,人生海海,录音室专辑,2001-07-06,5,Ok啦,人生海海,1.0,0.0
2462,386702,啦,y,11,3,38297,人生海海,录音室专辑,2001-07-06,5,Ok啦,人生海海,1.0,0.0
2463,386702,啥,r,10,3,38297,人生海海,录音室专辑,2001-07-06,5,Ok啦,人生海海,1.0,0.0
2464,386702,失败,v,5,3,38297,人生海海,录音室专辑,2001-07-06,5,Ok啦,人生海海,1.0,0.0
2465,386702,侬,g,4,3,38297,人生海海,录音室专辑,2001-07-06,5,Ok啦,人生海海,1.0,0.0
2466,386702,汝,r,4,3,38297,人生海海,录音室专辑,2001-07-06,5,Ok啦,人生海海,1.0,0.0
2467,386702,我,r,4,3,38297,人生海海,录音室专辑,2001-07-06,5,Ok啦,人生海海,1.0,0.0
2468,386702,是,v,3,3,38297,人生海海,录音室专辑,2001-07-06,5,Ok啦,人生海海,1.0,0.0
2469,386702,衰,ag,3,3,38297,人生海海,录音室专辑,2001-07-06,5,Ok啦,人生海海,1.0,0.0
2470,386702,尾,n,3,3,38297,人生海海,录音室专辑,2001-07-06,5,Ok啦,人生海海,1.0,0.0
2471,386702,毋惊,i,3,3,38297,人生海海,录音室专辑,2001-07-06,5,Ok啦,人生海海,1.0,0.0
2472,386702,嘛,y,3,3,38297,人生海海,录音室专辑,2001-07-06,5,Ok啦,人生海海,1.0,0.0
2473,386702,无算,v,3,3,38297,人生海海,录音室专辑,2001-07-06,5,Ok啦,人生海海,1.0,0.0
2474,386702,快活,d,3,3,38297,人生海海,录音室专辑,2001-07-06,5,Ok啦,人生海海,1.0,0.0
2475,386702,想袂,d,2,3,38297,人生海海,录音室专辑,2001-07-06,5,Ok啦,人生海海,1.0,0.0
2476,386702,开,v,2,3,38297,人生海海,录音室专辑,2001-07-06,5,Ok啦,人生海海,1.0,0.0
2477,386702,的,uj,2,3,38297,人生海海,录音室专辑,2001-07-06,5,Ok啦,人生海海,1.0,0.0
2478,386702,心情,n,2,3,38297,人生海海,录音室专辑,2001-07-06,5,Ok啦,人生海海,1.0,0.0
2479,386702,哪,r,2,3,38297,人生海海,录音室专辑,2001-07-06,5,Ok啦,人生海海,1.0,0.0
2480,386702,有,v,2,3,38297,人生海海,录音室专辑,2001-07-06,5,Ok啦,人生海海,1.0,0.0
2481,386702,放,v,2,3,38297,人生海海,录音室专辑,2001-07-06,5,Ok啦,人生海海,1.0,0.0
2482,386702,轻松,a,2,3,38297,人生海海,录音室专辑,2001-07-06,5,Ok啦,人生海海,1.0,0.0
2483,386702,则,d,2,3,38297,人生海海,录音室专辑,2001-07-06,5,Ok啦,人生海海,1.0,0.0
2484,386702,遮,v,1,3,38297,人生海海,录音室专辑,2001-07-06,5,Ok啦,人生海海,1.0,0.0
2485,386702,尔,nr,1,3,38297,人生海海,录音室专辑,2001-07-06,5,Ok啦,人生海海,1.0,0.0
2486,386702,规工,n,1,3,38297,人生海海,录音室专辑,2001-07-06,5,Ok啦,人生海海,1.0,0.0
2487,386702,否看,v,1,3,38297,人生海海,录音室专辑,2001-07-06,5,Ok啦,人生海海,1.0,0.0
2488,386702,面,n,1,3,38297,人生海海,录音室专辑,2001-07-06,5,Ok啦,人生海海,1.0,0.0
2489,386702,愈想愈济,l,1,3,38297,人生海海,录音室专辑,2001-07-06,5,Ok啦,人生海海,1.0,0.0
2490,386702,愈来愈,d,1,3,38297,人生海海,录音室专辑,2001-07-06,5,Ok啦,人生海海,1.0,0.0
2491,386702,世界,n,1,3,38297,人生海海,录音室专辑,2001-07-06,5,Ok啦,人生海海,1.0,0.0
2492,386702,欲,d,1,3,38297,人生海海,录音室专辑,2001-07-06,5,Ok啦,人生海海,1.0,0.0
2493,386702,共,d,1,3,38297,人生海海,录音室专辑,2001-07-06,5,Ok啦,人生海海,1.0,0.0
2494,386702,捙,zg,1,3,38297,人生海海,录音室专辑,2001-07-06,5,Ok啦,人生海海,1.0,0.0
2495,386702,拚,v,1,3,38297,人生海海,录音室专辑,2001-07-06,5,Ok啦,人生海海,1.0,0.0
2496,386702,但是,c,1,3,38297,人生海海,录音室专辑,2001-07-06,5,Ok啦,人生海海,1.0,0.0
2497,386702,这,r,1,3,38297,人生海海,录音室专辑,2001-07-06,5,Ok啦,人生海海,1.0,0.0
2498,386702,国有,b,1,3,38297,人生海海,录音室专辑,2001-07-06,5,Ok啦,人生海海,1.0,0.0
2499,386702,去,v,1,3,38297,人生海海,录音室专辑,2001-07-06,5,Ok啦,人生海海,1.0,0.0
2500,386702,伤解,v,1,3,38297,人生海海,录音室专辑,2001-07-06,5,Ok啦,人生海海,1.0,0.0
2501,386702,郁上,v,1,3,38297,人生海海,录音室专辑,2001-07-06,5,Ok啦,人生海海,1.0,0.0
2502,386702,厉害,a,1,3,38297,人生海海,录音室专辑,2001-07-06,5,Ok啦,人生海海,1.0,0.0
2503,386702,感冒,v,1,3,38297,人生海海,录音室专辑,2001-07-06,5,Ok啦,人生海海,1.0,0.0
2504,386702,头痛,n,1,3,38297,人生海海,录音室专辑,2001-07-06,5,Ok啦,人生海海,1.0,0.0
2505,386702,袂,ng,1,3,38297,人生海海,录音室专辑,2001-07-06,5,Ok啦,人生海海,1.0,0.0
2506,386702,佫,zg,1,3,38297,人生海海,录音室专辑,2001-07-06,5,Ok啦,人生海海,1.0,0.0
2507,386702,来,v,1,3,38297,人生海海,录音室专辑,2001-07-06,5,Ok啦,人生海海,1.0,0.0
2508,386702,别侬,nr,1,3,38297,人生海海,录音室专辑,2001-07-06,5,Ok啦,人生海海,1.0,0.0
2509,386702,叫,v,1,3,38297,人生海海,录音室专辑,2001-07-06,5,Ok啦,人生海海,1.0,0.0
2510,386702,戆,zg,1,3,38297,人生海海,录音室专辑,2001-07-06,5,Ok啦,人生海海,1.0,0.0
2511,386702,大,a,1,3,38297,人生海海,录音室专辑,2001-07-06,5,Ok啦,人生海海,1.0,0.0
2512,386702,呆,v,1,3,38297,人生海海,录音室专辑,2001-07-06,5,Ok啦,人生海海,1.0,0.0
2513,386702,阮,nr,1,3,38297,人生海海,录音室专辑,2001-07-06,5,Ok啦,人生海海,1.0,0.0
2514,386702,了解,v,1,3,38297,人生海海,录音室专辑,2001-07-06,5,Ok啦,人生海海,1.0,0.0
2515,386702,人生,n,1,3,38297,人生海海,录音室专辑,2001-07-06,5,Ok啦,人生海海,1.0,0.0
2516,386702,无,v,1,3,38297,人生海海,录音室专辑,2001-07-06,5,Ok啦,人生海海,1.0,0.0
2517,386702,物,n,1,3,38297,人生海海,录音室专辑,2001-07-06,5,Ok啦,人生海海,1.0,0.0
2518,386702,输赢,v,1,3,38297,人生海海,录音室专辑,2001-07-06,5,Ok啦,人生海海,1.0,0.0
2519,386702,重要,a,1,3,38297,人生海海,录音室专辑,2001-07-06,5,Ok啦,人生海海,1.0,0.0
2520,386702,毋通,l,1,3,38297,人生海海,录音室专辑,2001-07-06,5,Ok啦,人生海海,1.0,0.0
2521,386702,孤单,a,1,3,38297,人生海海,录音室专辑,2001-07-06,5,Ok啦,人生海海,1.0,0.0
2522,386702,头壳,n,1,3,38297,人生海海,录音室专辑,2001-07-06,5,Ok啦,人生海海,1.0,0.0
2523,386702,否去,v,1,3,38297,人生海海,录音室专辑,2001-07-06,5,Ok啦,人生海海,1.0,0.0
2524,386702,赌,v,1,3,38297,人生海海,录音室专辑,2001-07-06,5,Ok啦,人生海海,1.0,0.0
2525,386702,性命,n,1,3,38297,人生海海,录音室专辑,2001-07-06,5,Ok啦,人生海海,1.0,0.0
2526,386702,想开,v,1,3,38297,人生海海,录音室专辑,2001-07-06,5,Ok啦,人生海海,1.0,0.0
2527,386705,啦,y,42,3,38297,人生海海,录音室专辑,2001-07-06,6,借问众神明,人生海海,1.0,0.0
2528,386705,有,v,11,3,38297,人生海海,录音室专辑,2001-07-06,6,借问众神明,人生海海,1.0,0.0
2529,386705,敢,v,8,3,38297,人生海海,录音室专辑,2001-07-06,6,借问众神明,人生海海,1.0,0.0
2530,386705,神明,n,7,3,38297,人生海海,录音室专辑,2001-07-06,6,借问众神明,人生海海,1.0,0.0
2531,386705,好,a,5,3,38297,人生海海,录音室专辑,2001-07-06,6,借问众神明,人生海海,1.0,0.0
2532,386705,攏,v,4,3,38297,人生海海,录音室专辑,2001-07-06,6,借问众神明,人生海海,1.0,0.0
2533,386705,命運,n,4,3,38297,人生海海,录音室专辑,2001-07-06,6,借问众神明,人生海海,1.0,0.0
2534,386705,咱,r,4,3,38297,人生海海,录音室专辑,2001-07-06,6,借问众神明,人生海海,1.0,0.0
2535,386705,來,v,4,3,38297,人生海海,录音室专辑,2001-07-06,6,借问众神明,人生海海,1.0,0.0
2536,386705,借,v,4,3,38297,人生海海,录音室专辑,2001-07-06,6,借问众神明,人生海海,1.0,0.0
2537,386705,問眾,n,4,3,38297,人生海海,录音室专辑,2001-07-06,6,借问众神明,人生海海,1.0,0.0
2538,386705,人生,n,4,3,38297,人生海海,录音室专辑,2001-07-06,6,借问众神明,人生海海,1.0,0.0
2539,386705,時,zg,4,3,38297,人生海海,录音室专辑,2001-07-06,6,借问众神明,人生海海,1.0,0.0
2540,386705,借問,v,3,3,38297,人生海海,录音室专辑,2001-07-06,6,借问众神明,人生海海,1.0,0.0
2541,386705,下,f,3,3,38297,人生海海,录音室专辑,2001-07-06,6,借问众神明,人生海海,1.0,0.0
2542,386705,決定,v,3,3,38297,人生海海,录音室专辑,2001-07-06,6,借问众神明,人生海海,1.0,0.0
2543,386705,成功,a,3,3,38297,人生海海,录音室专辑,2001-07-06,6,借问众神明,人生海海,1.0,0.0
2544,386705,亓,nr,2,3,38297,人生海海,录音室专辑,2001-07-06,6,借问众神明,人生海海,1.0,0.0
2545,386705,心情,n,2,3,38297,人生海海,录音室专辑,2001-07-06,6,借问众神明,人生海海,1.0,0.0
2546,386705,伊,j,2,3,38297,人生海海,录音室专辑,2001-07-06,6,借问众神明,人生海海,1.0,0.0
2547,386705,儂,g,2,3,38297,人生海海,录音室专辑,2001-07-06,6,借问众神明,人生海海,1.0,0.0
2548,386705,保庇,v,2,3,38297,人生海海,录音室专辑,2001-07-06,6,借问众神明,人生海海,1.0,0.0
2549,386705,孫,nr,2,3,38297,人生海海,录音室专辑,2001-07-06,6,借问众神明,人生海海,1.0,0.0
2550,386705,緣,n,2,3,38297,人生海海,录音室专辑,2001-07-06,6,借问众神明,人生海海,1.0,0.0
2551,386705,真正,d,2,3,38297,人生海海,录音室专辑,2001-07-06,6,借问众神明,人生海海,1.0,0.0
2552,386705,拄著,v,1,3,38297,人生海海,录音室专辑,2001-07-06,6,借问众神明,人生海海,1.0,0.0
2553,386705,歹歹,n,1,3,38297,人生海海,录音室专辑,2001-07-06,6,借问众神明,人生海海,1.0,0.0
2554,386705,時機,n,1,3,38297,人生海海,录音室专辑,2001-07-06,6,借问众神明,人生海海,1.0,0.0
2555,386705,只有,c,1,3,38297,人生海海,录音室专辑,2001-07-06,6,借问众神明,人生海海,1.0,0.0
2556,386705,伊顛,ns,1,3,38297,人生海海,录音室专辑,2001-07-06,6,借问众神明,人生海海,1.0,0.0
2557,386705,倒,v,1,3,38297,人生海海,录音室专辑,2001-07-06,6,借问众神明,人生海海,1.0,0.0
2558,386705,無閒,l,1,3,38297,人生海海,录音室专辑,2001-07-06,6,借问众神明,人生海海,1.0,0.0
2559,386705,生命,vn,1,3,38297,人生海海,录音室专辑,2001-07-06,6,借问众神明,人生海海,1.0,0.0
2560,386705,吹著,v,1,3,38297,人生海海,录音室专辑,2001-07-06,6,借问众神明,人生海海,1.0,0.0
2561,386705,風湧,n,1,3,38297,人生海海,录音室专辑,2001-07-06,6,借问众神明,人生海海,1.0,0.0
2562,386705,我,r,1,3,38297,人生海海,录音室专辑,2001-07-06,6,借问众神明,人生海海,1.0,0.0
2563,386705,頭,n,1,3,38297,人生海海,录音室专辑,2001-07-06,6,借问众神明,人生海海,1.0,0.0
2564,386705,頂,v,1,3,38297,人生海海,录音室专辑,2001-07-06,6,借问众神明,人生海海,1.0,0.0
2565,386705,開始,v,1,3,38297,人生海海,录音室专辑,2001-07-06,6,借问众神明,人生海海,1.0,0.0
2566,386705,變,v,1,3,38297,人生海海,录音室专辑,2001-07-06,6,借问众神明,人生海海,1.0,0.0
2567,386705,天,q,1,3,38297,人生海海,录音室专辑,2001-07-06,6,借问众神明,人生海海,1.0,0.0
2568,386705,毋免,c,1,3,38297,人生海海,录音室专辑,2001-07-06,6,借问众神明,人生海海,1.0,0.0
2569,386705,百萬,m,1,3,38297,人生海海,录音室专辑,2001-07-06,6,借问众神明,人生海海,1.0,0.0
2570,386705,大富,nz,1,3,38297,人生海海,录音室专辑,2001-07-06,6,借问众神明,人生海海,1.0,0.0
2571,386705,議員,n,1,3,38297,人生海海,录音室专辑,2001-07-06,6,借问众神明,人生海海,1.0,0.0
2572,386705,立委,j,1,3,38297,人生海海,录音室专辑,2001-07-06,6,借问众神明,人生海海,1.0,0.0
2573,386705,食百面,n,1,3,38297,人生海海,录音室专辑,2001-07-06,6,借问众神明,人生海海,1.0,0.0
2574,386705,只要,c,1,3,38297,人生海海,录音室专辑,2001-07-06,6,借问众神明,人生海海,1.0,0.0
2575,386705,是,v,1,3,38297,人生海海,录音室专辑,2001-07-06,6,借问众神明,人生海海,1.0,0.0
2576,386705,看著,v,1,3,38297,人生海海,录音室专辑,2001-07-06,6,借问众神明,人生海海,1.0,0.0
2577,386705,天邊,s,1,3,38297,人生海海,录音室专辑,2001-07-06,6,借问众神明,人生海海,1.0,0.0
2578,386705,雲一蕊,nr,1,3,38297,人生海海,录音室专辑,2001-07-06,6,借问众神明,人生海海,1.0,0.0
2579,386705,逐工,d,1,3,38297,人生海海,录音室专辑,2001-07-06,6,借问众神明,人生海海,1.0,0.0
2580,386705,阿嬤,nr,1,3,38297,人生海海,录音室专辑,2001-07-06,6,借问众神明,人生海海,1.0,0.0
2581,386705,嘛,y,1,3,38297,人生海海,录音室专辑,2001-07-06,6,借问众神明,人生海海,1.0,0.0
2582,386705,煩惱,a,1,3,38297,人生海海,录音室专辑,2001-07-06,6,借问众神明,人生海海,1.0,0.0
2583,386705,燒,v,1,3,38297,人生海海,录音室专辑,2001-07-06,6,借问众神明,人生海海,1.0,0.0
2584,386705,香,a,1,3,38297,人生海海,录音室专辑,2001-07-06,6,借问众神明,人生海海,1.0,0.0
2585,386705,跋,ng,1,3,38297,人生海海,录音室专辑,2001-07-06,6,借问众神明,人生海海,1.0,0.0
2586,386705,桮,zg,1,3,38297,人生海海,录音室专辑,2001-07-06,6,借问众神明,人生海海,1.0,0.0
2587,386705,求,v,1,3,38297,人生海海,录音室专辑,2001-07-06,6,借问众神明,人生海海,1.0,0.0
2588,386705,籤,zg,1,3,38297,人生海海,录音室专辑,2001-07-06,6,借问众神明,人生海海,1.0,0.0
2589,386705,詩,n,1,3,38297,人生海海,录音室专辑,2001-07-06,6,借问众神明,人生海海,1.0,0.0
2590,386705,鼻著,n,1,3,38297,人生海海,录音室专辑,2001-07-06,6,借问众神明,人生海海,1.0,0.0
2591,386705,香火,n,1,3,38297,人生海海,录音室专辑,2001-07-06,6,借问众神明,人生海海,1.0,0.0
2592,386705,芳味,n,1,3,38297,人生海海,录音室专辑,2001-07-06,6,借问众神明,人生海海,1.0,0.0
2593,386705,親,v,1,3,38297,人生海海,录音室专辑,2001-07-06,6,借问众神明,人生海海,1.0,0.0
2594,386705,像,v,1,3,38297,人生海海,录音室专辑,2001-07-06,6,借问众神明,人生海海,1.0,0.0
2595,386705,溫柔,a,1,3,38297,人生海海,录音室专辑,2001-07-06,6,借问众神明,人生海海,1.0,0.0
2596,386705,講,v,1,3,38297,人生海海,录音室专辑,2001-07-06,6,借问众神明,人生海海,1.0,0.0
2597,386705,做,v,1,3,38297,人生海海,录音室专辑,2001-07-06,6,借问众神明,人生海海,1.0,0.0
2598,386705,勿,d,1,3,38297,人生海海,录音室专辑,2001-07-06,6,借问众神明,人生海海,1.0,0.0
2599,386705,貪心,a,1,3,38297,人生海海,录音室专辑,2001-07-06,6,借问众神明,人生海海,1.0,0.0
2600,386705,就,d,1,3,38297,人生海海,录音室专辑,2001-07-06,6,借问众神明,人生海海,1.0,0.0
2601,386705,囝,zg,1,3,38297,人生海海,录音室专辑,2001-07-06,6,借问众神明,人生海海,1.0,0.0
2602,386705,育,vg,1,3,38297,人生海海,录音室专辑,2001-07-06,6,借问众神明,人生海海,1.0,0.0
2603,386705,飼,vg,1,3,38297,人生海海,录音室专辑,2001-07-06,6,借问众神明,人生海海,1.0,0.0
2604,386705,順順,nz,1,3,38297,人生海海,录音室专辑,2001-07-06,6,借问众神明,人生海海,1.0,0.0
2605,386705,勢勢,n,1,3,38297,人生海海,录音室专辑,2001-07-06,6,借问众神明,人生海海,1.0,0.0
2606,386705,小,n,1,3,38297,人生海海,录音室专辑,2001-07-06,6,借问众神明,人生海海,1.0,0.0
2607,386705,生理,vn,1,3,38297,人生海海,录音室专辑,2001-07-06,6,借问众神明,人生海海,1.0,0.0
2608,386705,男女,n,1,3,38297,人生海海,录音室专辑,2001-07-06,6,借问众神明,人生海海,1.0,0.0
2609,386705,愛情,n,1,3,38297,人生海海,录音室专辑,2001-07-06,6,借问众神明,人生海海,1.0,0.0
2610,386705,青紅燈,n,1,3,38297,人生海海,录音室专辑,2001-07-06,6,借问众神明,人生海海,1.0,0.0
2611,386705,起,v,1,3,38297,人生海海,录音室专辑,2001-07-06,6,借问众神明,人生海海,1.0,0.0
2612,386705,盡,v,1,3,38297,人生海海,录音室专辑,2001-07-06,6,借问众神明,人生海海,1.0,0.0
2613,386705,註,zg,1,3,38297,人生海海,录音室专辑,2001-07-06,6,借问众神明,人生海海,1.0,0.0
2614,386705,定,v,1,3,38297,人生海海,录音室专辑,2001-07-06,6,借问众神明,人生海海,1.0,0.0
2615,386705,就是,d,1,3,38297,人生海海,录音室专辑,2001-07-06,6,借问众神明,人生海海,1.0,0.0
2616,386705,無通,nz,1,3,38297,人生海海,录音室专辑,2001-07-06,6,借问众神明,人生海海,1.0,0.0
2617,386705,揀,v,1,3,38297,人生海海,录音室专辑,2001-07-06,6,借问众神明,人生海海,1.0,0.0
2618,386705,無彩遮濟年,l,1,3,38297,人生海海,录音室专辑,2001-07-06,6,借问众神明,人生海海,1.0,0.0
2619,386705,離開,v,1,3,38297,人生海海,录音室专辑,2001-07-06,6,借问众神明,人生海海,1.0,0.0
2620,386705,亓伊,nr,1,3,38297,人生海海,录音室专辑,2001-07-06,6,借问众神明,人生海海,1.0,0.0
2621,386705,愛,v,1,3,38297,人生海海,录音室专辑,2001-07-06,6,借问众神明,人生海海,1.0,0.0
2622,386705,人,n,1,3,38297,人生海海,录音室专辑,2001-07-06,6,借问众神明,人生海海,1.0,0.0
2623,386705,回頭,v,1,3,38297,人生海海,录音室专辑,2001-07-06,6,借问众神明,人生海海,1.0,0.0
2624,386705,海海,ns,1,3,38297,人生海海,录音室专辑,2001-07-06,6,借问众神明,人生海海,1.0,0.0
2625,386705,佗,g,1,3,38297,人生海海,录音室专辑,2001-07-06,6,借问众神明,人生海海,1.0,0.0
2626,386705,位,q,1,3,38297,人生海海,录音室专辑,2001-07-06,6,借问众神明,人生海海,1.0,0.0
2627,386705,去,v,1,3,38297,人生海海,录音室专辑,2001-07-06,6,借问众神明,人生海海,1.0,0.0
2628,386709,的,uj,25,3,38297,人生海海,录音室专辑,2001-07-06,7,永远的永远,人生海海,1.0,0.0
2629,386709,我,r,22,3,38297,人生海海,录音室专辑,2001-07-06,7,永远的永远,人生海海,1.0,0.0
2630,386709,人,n,15,3,38297,人生海海,录音室专辑,2001-07-06,7,永远的永远,人生海海,1.0,0.0
2631,386709,按,p,15,3,38297,人生海海,录音室专辑,2001-07-06,7,永远的永远,人生海海,1.0,0.0
2632,386709,怎,r,15,3,38297,人生海海,录音室专辑,2001-07-06,7,永远的永远,人生海海,1.0,0.0
2633,386709,永遠,d,12,3,38297,人生海海,录音室专辑,2001-07-06,7,永远的永远,人生海海,1.0,0.0
2634,386709,不管,c,9,3,38297,人生海海,录音室专辑,2001-07-06,7,永远的永远,人生海海,1.0,0.0
2635,386709,是,v,8,3,38297,人生海海,录音室专辑,2001-07-06,7,永远的永远,人生海海,1.0,0.0
2636,386709,夢,n,6,3,38297,人生海海,录音室专辑,2001-07-06,7,永远的永远,人生海海,1.0,0.0
2637,386709,彼個,r,6,3,38297,人生海海,录音室专辑,2001-07-06,7,永远的永远,人生海海,1.0,0.0
2638,386709,你,r,6,3,38297,人生海海,录音室专辑,2001-07-06,7,永远的永远,人生海海,1.0,0.0
2639,386709,眠,vg,4,3,38297,人生海海,录音室专辑,2001-07-06,7,永远的永远,人生海海,1.0,0.0
2640,386709,攏,v,4,3,38297,人生海海,录音室专辑,2001-07-06,7,永远的永远,人生海海,1.0,0.0
2641,386709,阮愛,nr,4,3,38297,人生海海,录音室专辑,2001-07-06,7,永远的永远,人生海海,1.0,0.0
2642,386709,按怎過,l,3,3,38297,人生海海,录音室专辑,2001-07-06,7,永远的永远,人生海海,1.0,0.0
2643,386709,變,v,3,3,38297,人生海海,录音室专辑,2001-07-06,7,永远的永远,人生海海,1.0,0.0
2644,386709,愛,v,3,3,38297,人生海海,录音室专辑,2001-07-06,7,永远的永远,人生海海,1.0,0.0
2645,386709,過,ug,3,3,38297,人生海海,录音室专辑,2001-07-06,7,永远的永远,人生海海,1.0,0.0
2646,386709,一切,r,3,3,38297,人生海海,录音室专辑,2001-07-06,7,永远的永远,人生海海,1.0,0.0
2647,386709,不甘,v,3,3,38297,人生海海,录音室专辑,2001-07-06,7,永远的永远,人生海海,1.0,0.0
2648,386709,放,v,3,3,38297,人生海海,录音室专辑,2001-07-06,7,永远的永远,人生海海,1.0,0.0
2649,386709,天涯海角,nz,3,3,38297,人生海海,录音室专辑,2001-07-06,7,永远的永远,人生海海,1.0,0.0
2650,386709,笑,v,3,3,38297,人生海海,录音室专辑,2001-07-06,7,永远的永远,人生海海,1.0,0.0
2651,386709,哭,v,3,3,38297,人生海海,录音室专辑,2001-07-06,7,永远的永远,人生海海,1.0,0.0
2652,386709,只要,c,3,3,38297,人生海海,录音室专辑,2001-07-06,7,永远的永远,人生海海,1.0,0.0
2653,386709,一句,m,3,3,38297,人生海海,录音室专辑,2001-07-06,7,永远的永远,人生海海,1.0,0.0
2654,386709,就,d,3,3,38297,人生海海,录音室专辑,2001-07-06,7,永远的永远,人生海海,1.0,0.0
2655,386709,敢,v,3,3,38297,人生海海,录音室专辑,2001-07-06,7,永远的永远,人生海海,1.0,0.0
2656,386709,搥,zg,3,3,38297,人生海海,录音室专辑,2001-07-06,7,永远的永远,人生海海,1.0,0.0
2657,386709,胸膛,n,3,3,38297,人生海海,录音室专辑,2001-07-06,7,永远的永远,人生海海,1.0,0.0
2658,386709,是不是,l,3,3,38297,人生海海,录音室专辑,2001-07-06,7,永远的永远,人生海海,1.0,0.0
2659,386709,會,v,3,3,38297,人生海海,录音室专辑,2001-07-06,7,永远的永远,人生海海,1.0,0.0
2660,386709,等,u,3,3,38297,人生海海,录音室专辑,2001-07-06,7,永远的永远,人生海海,1.0,0.0
2661,386709,昨,t,2,3,38297,人生海海,录音室专辑,2001-07-06,7,永远的永远,人生海海,1.0,0.0
2662,386709,什麼,r,2,3,38297,人生海海,录音室专辑,2001-07-06,7,永远的永远,人生海海,1.0,0.0
2663,386709,想,v,2,3,38297,人生海海,录音室专辑,2001-07-06,7,永远的永远,人生海海,1.0,0.0
2664,386709,說,v,2,3,38297,人生海海,录音室专辑,2001-07-06,7,永远的永远,人生海海,1.0,0.0
2665,386709,小漢,nr,1,3,38297,人生海海,录音室专辑,2001-07-06,7,永远的永远,人生海海,1.0,0.0
2666,386709,熟悉,v,1,3,38297,人生海海,录音室专辑,2001-07-06,7,永远的永远,人生海海,1.0,0.0
2667,386709,所在,b,1,3,38297,人生海海,录音室专辑,2001-07-06,7,永远的永远,人生海海,1.0,0.0
2668,386709,猶原,n,1,3,38297,人生海海,录音室专辑,2001-07-06,7,永远的永远,人生海海,1.0,0.0
2669,386709,時陣,n,1,3,38297,人生海海,录音室专辑,2001-07-06,7,永远的永远,人生海海,1.0,0.0
2670,386709,卻,d,1,3,38297,人生海海,录音室专辑,2001-07-06,7,永远的永远,人生海海,1.0,0.0
2671,386709,這,r,1,3,38297,人生海海,录音室专辑,2001-07-06,7,永远的永远,人生海海,1.0,0.0
2672,386709,大,a,1,3,38297,人生海海,录音室专辑,2001-07-06,7,永远的永远,人生海海,1.0,0.0
2673,386709,棕,ng,1,3,38297,人生海海,录音室专辑,2001-07-06,7,永远的永远,人生海海,1.0,0.0
2674,386709,為,p,1,3,38297,人生海海,录音室专辑,2001-07-06,7,永远的永远,人生海海,1.0,0.0
2675,386709,心內,s,1,3,38297,人生海海,录音室专辑,2001-07-06,7,永远的永远,人生海海,1.0,0.0
2676,386709,感覺,n,1,3,38297,人生海海,录音室专辑,2001-07-06,7,永远的永远,人生海海,1.0,0.0
2677,386709,鼻頭,n,1,3,38297,人生海海,录音室专辑,2001-07-06,7,永远的永远,人生海海,1.0,0.0
2678,386709,在,p,1,3,38297,人生海海,录音室专辑,2001-07-06,7,永远的永远,人生海海,1.0,0.0
2679,386709,酸澀,a,1,3,38297,人生海海,录音室专辑,2001-07-06,7,永远的永远,人生海海,1.0,0.0
2680,386709,已經,d,1,3,38297,人生海海,录音室专辑,2001-07-06,7,永远的永远,人生海海,1.0,0.0
2681,386709,漂泊,v,1,3,38297,人生海海,录音室专辑,2001-07-06,7,永远的永远,人生海海,1.0,0.0
2682,386709,花朵,n,1,3,38297,人生海海,录音室专辑,2001-07-06,7,永远的永远,人生海海,1.0,0.0
2683,386709,紅,n,1,3,38297,人生海海,录音室专辑,2001-07-06,7,永远的永远,人生海海,1.0,0.0
2684,386709,一聲,m,1,3,38297,人生海海,录音室专辑,2001-07-06,7,永远的永远,人生海海,1.0,0.0
2685,386709,變作,vn,1,3,38297,人生海海,录音室专辑,2001-07-06,7,永远的永远,人生海海,1.0,0.0
2686,386709,反白,v,1,3,38297,人生海海,录音室专辑,2001-07-06,7,永远的永远,人生海海,1.0,0.0
2687,386709,頭,n,1,3,38297,人生海海,录音室专辑,2001-07-06,7,永远的永远,人生海海,1.0,0.0
2688,386709,髮,zg,1,3,38297,人生海海,录音室专辑,2001-07-06,7,永远的永远,人生海海,1.0,0.0
2689,386709,啊,zg,1,3,38297,人生海海,录音室专辑,2001-07-06,7,永远的永远,人生海海,1.0,0.0
2690,386709,爸媽,n,1,3,38297,人生海海,录音室专辑,2001-07-06,7,永远的永远,人生海海,1.0,0.0
2691,386709,疼痛,n,1,3,38297,人生海海,录音室专辑,2001-07-06,7,永远的永远,人生海海,1.0,0.0
2692,386709,無,v,1,3,38297,人生海海,录音室专辑,2001-07-06,7,永远的永远,人生海海,1.0,0.0
2693,386709,代念,n,1,3,38297,人生海海,录音室专辑,2001-07-06,7,永远的永远,人生海海,1.0,0.0
2694,386709,阮,nr,1,3,38297,人生海海,录音室专辑,2001-07-06,7,永远的永远,人生海海,1.0,0.0
2695,386709,不是故意,i,1,3,38297,人生海海,录音室专辑,2001-07-06,7,永远的永远,人生海海,1.0,0.0
2696,386709,只因為,c,1,3,38297,人生海海,录音室专辑,2001-07-06,7,永远的永远,人生海海,1.0,0.0
2697,386709,厝,nrt,1,3,38297,人生海海,录音室专辑,2001-07-06,7,永远的永远,人生海海,1.0,0.0
2698,386709,內,f,1,3,38297,人生海海,录音室专辑,2001-07-06,7,永远的永远,人生海海,1.0,0.0
2699,386709,門,n,1,3,38297,人生海海,录音室专辑,2001-07-06,7,永远的永远,人生海海,1.0,0.0
2700,386709,窗,q,1,3,38297,人生海海,录音室专辑,2001-07-06,7,永远的永远,人生海海,1.0,0.0
2701,386709,關,zg,1,3,38297,人生海海,录音室专辑,2001-07-06,7,永远的永远,人生海海,1.0,0.0
2702,386709,不住,v,1,3,38297,人生海海,录音室专辑,2001-07-06,7,永远的永远,人生海海,1.0,0.0
2703,386709,美夢,nz,1,3,38297,人生海海,录音室专辑,2001-07-06,7,永远的永远,人生海海,1.0,0.0
2704,386709,打拼,v,1,3,38297,人生海海,录音室专辑,2001-07-06,7,永远的永远,人生海海,1.0,0.0
2705,386709,一定,d,1,3,38297,人生海海,录音室专辑,2001-07-06,7,永远的永远,人生海海,1.0,0.0
2706,386709,有,v,1,3,38297,人生海海,录音室专辑,2001-07-06,7,永远的永远,人生海海,1.0,0.0
2707,386709,那天,r,1,3,38297,人生海海,录音室专辑,2001-07-06,7,永远的永远,人生海海,1.0,0.0
2708,386709,故鄉,n,1,3,38297,人生海海,录音室专辑,2001-07-06,7,永远的永远,人生海海,1.0,0.0
2709,386711,的,uj,19,3,38297,人生海海,录音室专辑,2001-07-06,8,彩虹,人生海海,1.0,0.0
2710,386711,你,r,12,3,38297,人生海海,录音室专辑,2001-07-06,8,彩虹,人生海海,1.0,0.0
2711,386711,我,r,11,3,38297,人生海海,录音室专辑,2001-07-06,8,彩虹,人生海海,1.0,0.0
2712,386711,像,v,11,3,38297,人生海海,录音室专辑,2001-07-06,8,彩虹,人生海海,1.0,0.0
2713,386711,就,d,10,3,38297,人生海海,录音室专辑,2001-07-06,8,彩虹,人生海海,1.0,0.0
2714,386711,爱,v,9,3,38297,人生海海,录音室专辑,2001-07-06,8,彩虹,人生海海,1.0,0.0
2715,386711,彩虹,nz,8,3,38297,人生海海,录音室专辑,2001-07-06,8,彩虹,人生海海,1.0,0.0
2716,386711,却,d,8,3,38297,人生海海,录音室专辑,2001-07-06,8,彩虹,人生海海,1.0,0.0
2717,386711,一层,m,6,3,38297,人生海海,录音室专辑,2001-07-06,8,彩虹,人生海海,1.0,0.0
2718,386711,雨后,t,4,3,38297,人生海海,录音室专辑,2001-07-06,8,彩虹,人生海海,1.0,0.0
2719,386711,天空,n,4,3,38297,人生海海,录音室专辑,2001-07-06,8,彩虹,人生海海,1.0,0.0
2720,386711,绚烂,a,4,3,38297,人生海海,录音室专辑,2001-07-06,8,彩虹,人生海海,1.0,0.0
2721,386711,人,n,4,3,38297,人生海海,录音室专辑,2001-07-06,8,彩虹,人生海海,1.0,0.0
2722,386711,迷惑,v,4,3,38297,人生海海,录音室专辑,2001-07-06,8,彩虹,人生海海,1.0,0.0
2723,386711,张开,nr,4,3,38297,人生海海,录音室专辑,2001-07-06,8,彩虹,人生海海,1.0,0.0
2724,386711,了手,v,4,3,38297,人生海海,录音室专辑,2001-07-06,8,彩虹,人生海海,1.0,0.0
2725,386711,只能,v,4,3,38297,人生海海,录音室专辑,2001-07-06,8,彩虹,人生海海,1.0,0.0
2726,386711,抱住,v,4,3,38297,人生海海,录音室专辑,2001-07-06,8,彩虹,人生海海,1.0,0.0
2727,386711,风,n,4,3,38297,人生海海,录音室专辑,2001-07-06,8,彩虹,人生海海,1.0,0.0
2728,386711,蓝绿,nr,3,3,38297,人生海海,录音室专辑,2001-07-06,8,彩虹,人生海海,1.0,0.0
2729,386711,黄红,nr,3,3,38297,人生海海,录音室专辑,2001-07-06,8,彩虹,人生海海,1.0,0.0
2730,386711,教,v,3,3,38297,人生海海,录音室专辑,2001-07-06,8,彩虹,人生海海,1.0,0.0
2731,386711,下雨,v,2,3,38297,人生海海,录音室专辑,2001-07-06,8,彩虹,人生海海,1.0,0.0
2732,386711,有没有,v,2,3,38297,人生海海,录音室专辑,2001-07-06,8,彩虹,人生海海,1.0,0.0
2733,386711,这,r,2,3,38297,人生海海,录音室专辑,2001-07-06,8,彩虹,人生海海,1.0,0.0
2734,386711,故事,n,2,3,38297,人生海海,录音室专辑,2001-07-06,8,彩虹,人生海海,1.0,0.0
2735,386711,越是,d,2,3,38297,人生海海,录音室专辑,2001-07-06,8,彩虹,人生海海,1.0,0.0
2736,386711,Oh,eng,2,3,38297,人生海海,录音室专辑,2001-07-06,8,彩虹,人生海海,1.0,0.0
2737,386711,坐在,v,1,3,38297,人生海海,录音室专辑,2001-07-06,8,彩虹,人生海海,1.0,0.0
2738,386711,浴缸,n,1,3,38297,人生海海,录音室专辑,2001-07-06,8,彩虹,人生海海,1.0,0.0
2739,386711,里,f,1,3,38297,人生海海,录音室专辑,2001-07-06,8,彩虹,人生海海,1.0,0.0
2740,386711,莲蓬头,n,1,3,38297,人生海海,录音室专辑,2001-07-06,8,彩虹,人生海海,1.0,0.0
2741,386711,代替,v,1,3,38297,人生海海,录音室专辑,2001-07-06,8,彩虹,人生海海,1.0,0.0
2742,386711,哭泣,v,1,3,38297,人生海海,录音室专辑,2001-07-06,8,彩虹,人生海海,1.0,0.0
2743,386711,其实,d,1,3,38297,人生海海,录音室专辑,2001-07-06,8,彩虹,人生海海,1.0,0.0
2744,386711,不,d,1,3,38297,人生海海,录音室专辑,2001-07-06,8,彩虹,人生海海,1.0,0.0
2745,386711,知道,v,1,3,38297,人生海海,录音室专辑,2001-07-06,8,彩虹,人生海海,1.0,0.0
2746,386711,眼泪,n,1,3,38297,人生海海,录音室专辑,2001-07-06,8,彩虹,人生海海,1.0,0.0
2747,386711,流,n,1,3,38297,人生海海,录音室专辑,2001-07-06,8,彩虹,人生海海,1.0,0.0
2748,386711,中,f,1,3,38297,人生海海,录音室专辑,2001-07-06,8,彩虹,人生海海,1.0,0.0
2749,386711,过,ug,1,3,38297,人生海海,录音室专辑,2001-07-06,8,彩虹,人生海海,1.0,0.0
2750,386711,虚弱,a,1,3,38297,人生海海,录音室专辑,2001-07-06,8,彩虹,人生海海,1.0,0.0
2751,386711,窗帘,n,1,3,38297,人生海海,录音室专辑,2001-07-06,8,彩虹,人生海海,1.0,0.0
2752,386711,留不住,v,1,3,38297,人生海海,录音室专辑,2001-07-06,8,彩虹,人生海海,1.0,0.0
2753,386711,房里,s,1,3,38297,人生海海,录音室专辑,2001-07-06,8,彩虹,人生海海,1.0,0.0
2754,386711,黑夜,n,1,3,38297,人生海海,录音室专辑,2001-07-06,8,彩虹,人生海海,1.0,0.0
2755,386711,也,d,1,3,38297,人生海海,录音室专辑,2001-07-06,8,彩虹,人生海海,1.0,0.0
2756,386711,要,v,1,3,38297,人生海海,录音室专辑,2001-07-06,8,彩虹,人生海海,1.0,0.0
2757,386711,走,v,1,3,38297,人生海海,录音室专辑,2001-07-06,8,彩虹,人生海海,1.0,0.0
2758,386711,清晨,t,1,3,38297,人生海海,录音室专辑,2001-07-06,8,彩虹,人生海海,1.0,0.0
2759,386711,唤醒,v,1,3,38297,人生海海,录音室专辑,2001-07-06,8,彩虹,人生海海,1.0,0.0
2760,386711,了,ul,1,3,38297,人生海海,录音室专辑,2001-07-06,8,彩虹,人生海海,1.0,0.0
2761,386711,照亮,v,1,3,38297,人生海海,录音室专辑,2001-07-06,8,彩虹,人生海海,1.0,0.0
2762,386711,昨夜,t,1,3,38297,人生海海,录音室专辑,2001-07-06,8,彩虹,人生海海,1.0,0.0
2763,386711,梦,n,1,3,38297,人生海海,录音室专辑,2001-07-06,8,彩虹,人生海海,1.0,0.0
2764,386711,一直,d,1,3,38297,人生海海,录音室专辑,2001-07-06,8,彩虹,人生海海,1.0,0.0
2765,386711,到,v,1,3,38297,人生海海,录音室专辑,2001-07-06,8,彩虹,人生海海,1.0,0.0
2766,386711,这时候,r,1,3,38297,人生海海,录音室专辑,2001-07-06,8,彩虹,人生海海,1.0,0.0
2767,386711,才,d,1,3,38297,人生海海,录音室专辑,2001-07-06,8,彩虹,人生海海,1.0,0.0
2768,386711,开始,v,1,3,38297,人生海海,录音室专辑,2001-07-06,8,彩虹,人生海海,1.0,0.0
2769,386711,有,v,1,3,38297,人生海海,录音室专辑,2001-07-06,8,彩虹,人生海海,1.0,0.0
2770,386711,一点,m,1,3,38297,人生海海,录音室专辑,2001-07-06,8,彩虹,人生海海,1.0,0.0
2771,386711,懂,v,1,3,38297,人生海海,录音室专辑,2001-07-06,8,彩虹,人生海海,1.0,0.0
2772,386711,叫,v,1,3,38297,人生海海,录音室专辑,2001-07-06,8,彩虹,人生海海,1.0,0.0
2773,386711,吻,v,1,3,38297,人生海海,录音室专辑,2001-07-06,8,彩虹,人生海海,1.0,0.0
2774,386711,离开,v,1,3,38297,人生海海,录音室专辑,2001-07-06,8,彩虹,人生海海,1.0,0.0
2775,386711,出,v,1,3,38297,人生海海,录音室专辑,2001-07-06,8,彩虹,人生海海,1.0,0.0
2776,386711,太阳,ns,1,3,38297,人生海海,录音室专辑,2001-07-06,8,彩虹,人生海海,1.0,0.0
2777,386711,难,a,1,3,38297,人生海海,录音室专辑,2001-07-06,8,彩虹,人生海海,1.0,0.0
2778,386711,捉摸,v,1,3,38297,人生海海,录音室专辑,2001-07-06,8,彩虹,人生海海,1.0,0.0
2779,386711,努力,ad,1,3,38297,人生海海,录音室专辑,2001-07-06,8,彩虹,人生海海,1.0,0.0
2780,386711,揣摩,v,1,3,38297,人生海海,录音室专辑,2001-07-06,8,彩虹,人生海海,1.0,0.0
2781,386711,搞不懂,l,1,3,38297,人生海海,录音室专辑,2001-07-06,8,彩虹,人生海海,1.0,0.0
2782,386711,只好,d,1,3,38297,人生海海,录音室专辑,2001-07-06,8,彩虹,人生海海,1.0,0.0
2783,386711,慢慢,d,1,3,38297,人生海海,录音室专辑,2001-07-06,8,彩虹,人生海海,1.0,0.0
2784,386711,承认,v,1,3,38297,人生海海,录音室专辑,2001-07-06,8,彩虹,人生海海,1.0,0.0
2785,386711,叫做,v,1,3,38297,人生海海,录音室专辑,2001-07-06,8,彩虹,人生海海,1.0,0.0
2786,386711,错,v,1,3,38297,人生海海,录音室专辑,2001-07-06,8,彩虹,人生海海,1.0,0.0
2787,386711,又,d,1,3,38297,人生海海,录音室专辑,2001-07-06,8,彩虹,人生海海,1.0,0.0
2788,386711,一层层,m,1,3,38297,人生海海,录音室专辑,2001-07-06,8,彩虹,人生海海,1.0,0.0
2789,386711,迷宫,n,1,3,38297,人生海海,录音室专辑,2001-07-06,8,彩虹,人生海海,1.0,0.0
2790,386711,来不及,v,1,3,38297,人生海海,录音室专辑,2001-07-06,8,彩虹,人生海海,1.0,0.0
2791,386711,回头,v,1,3,38297,人生海海,录音室专辑,2001-07-06,8,彩虹,人生海海,1.0,0.0
2792,386711,忽左忽右,l,1,3,38297,人生海海,录音室专辑,2001-07-06,8,彩虹,人生海海,1.0,0.0
2793,386711,忽上忽下,l,1,3,38297,人生海海,录音室专辑,2001-07-06,8,彩虹,人生海海,1.0,0.0
2794,386711,忽东忽西,l,1,3,38297,人生海海,录音室专辑,2001-07-06,8,彩虹,人生海海,1.0,0.0
2795,386711,忽前忽后,l,1,3,38297,人生海海,录音室专辑,2001-07-06,8,彩虹,人生海海,1.0,0.0
2796,386711,折磨,v,1,3,38297,人生海海,录音室专辑,2001-07-06,8,彩虹,人生海海,1.0,0.0
2797,386711,都,d,1,3,38297,人生海海,录音室专辑,2001-07-06,8,彩虹,人生海海,1.0,0.0
2798,386711,是,v,1,3,38297,人生海海,录音室专辑,2001-07-06,8,彩虹,人生海海,1.0,0.0
2799,386711,捉弄,v,1,3,38297,人生海海,录音室专辑,2001-07-06,8,彩虹,人生海海,1.0,0.0
2800,386711,轮廓,n,1,3,38297,人生海海,录音室专辑,2001-07-06,8,彩虹,人生海海,1.0,0.0
2801,386713,喔,o,18,3,38297,人生海海,录音室专辑,2001-07-06,9,啾啾啾,人生海海,1.0,0.0
2802,386713,的,uj,4,3,38297,人生海海,录音室专辑,2001-07-06,9,啾啾啾,人生海海,1.0,0.0
2803,386713,没,v,4,3,38297,人生海海,录音室专辑,2001-07-06,9,啾啾啾,人生海海,1.0,0.0
2804,386713,想要,v,3,3,38297,人生海海,录音室专辑,2001-07-06,9,啾啾啾,人生海海,1.0,0.0
2805,386713,来,v,3,3,38297,人生海海,录音室专辑,2001-07-06,9,啾啾啾,人生海海,1.0,0.0
2806,386713,耶耶耶,nr,3,3,38297,人生海海,录音室专辑,2001-07-06,9,啾啾啾,人生海海,1.0,0.0
2807,386713,里面,f,2,3,38297,人生海海,录音室专辑,2001-07-06,9,啾啾啾,人生海海,1.0,0.0
2808,386713,拢,v,2,3,38297,人生海海,录音室专辑,2001-07-06,9,啾啾啾,人生海海,1.0,0.0
2809,386713,着,uz,2,3,38297,人生海海,录音室专辑,2001-07-06,9,啾啾啾,人生海海,1.0,0.0
2810,386713,是,v,2,3,38297,人生海海,录音室专辑,2001-07-06,9,啾啾啾,人生海海,1.0,0.0
2811,386713,我,r,2,3,38297,人生海海,录音室专辑,2001-07-06,9,啾啾啾,人生海海,1.0,0.0
2812,386713,会,v,2,3,38297,人生海海,录音室专辑,2001-07-06,9,啾啾啾,人生海海,1.0,0.0
2813,386713,烦恼,a,2,3,38297,人生海海,录音室专辑,2001-07-06,9,啾啾啾,人生海海,1.0,0.0
2814,386713,忧愁,a,2,3,38297,人生海海,录音室专辑,2001-07-06,9,啾啾啾,人生海海,1.0,0.0
2815,386713,跳舞,v,2,3,38297,人生海海,录音室专辑,2001-07-06,9,啾啾啾,人生海海,1.0,0.0
2816,386713,变,v,2,3,38297,人生海海,录音室专辑,2001-07-06,9,啾啾啾,人生海海,1.0,0.0
2817,386713,头壳,n,1,3,38297,人生海海,录音室专辑,2001-07-06,9,啾啾啾,人生海海,1.0,0.0
2818,386713,装书,n,1,3,38297,人生海海,录音室专辑,2001-07-06,9,啾啾啾,人生海海,1.0,0.0
2819,386713,无,v,1,3,38297,人生海海,录音室专辑,2001-07-06,9,啾啾啾,人生海海,1.0,0.0
2820,386713,所在,b,1,3,38297,人生海海,录音室专辑,2001-07-06,9,啾啾啾,人生海海,1.0,0.0
2821,386713,装,v,1,3,38297,人生海海,录音室专辑,2001-07-06,9,啾啾啾,人生海海,1.0,0.0
2822,386713,阮,nr,1,3,38297,人生海海,录音室专辑,2001-07-06,9,啾啾啾,人生海海,1.0,0.0
2823,386713,灵魂,n,1,3,38297,人生海海,录音室专辑,2001-07-06,9,啾啾啾,人生海海,1.0,0.0
2824,386713,心肝,n,1,3,38297,人生海海,录音室专辑,2001-07-06,9,啾啾啾,人生海海,1.0,0.0
2825,386713,心事,n,1,3,38297,人生海海,录音室专辑,2001-07-06,9,啾啾啾,人生海海,1.0,0.0
2826,386713,不敢,d,1,3,38297,人生海海,录音室专辑,2001-07-06,9,啾啾啾,人生海海,1.0,0.0
2827,386713,想,v,1,3,38297,人生海海,录音室专辑,2001-07-06,9,啾啾啾,人生海海,1.0,0.0
2828,386713,眼泪,n,1,3,38297,人生海海,录音室专辑,2001-07-06,9,啾啾啾,人生海海,1.0,0.0
2829,386713,一直,d,1,3,38297,人生海海,录音室专辑,2001-07-06,9,啾啾啾,人生海海,1.0,0.0
2830,386713,喷,v,1,3,38297,人生海海,录音室专辑,2001-07-06,9,啾啾啾,人生海海,1.0,0.0
2831,386713,晃头,v,1,3,38297,人生海海,录音室专辑,2001-07-06,9,啾啾啾,人生海海,1.0,0.0
2832,386713,应该,v,1,3,38297,人生海海,录音室专辑,2001-07-06,9,啾啾啾,人生海海,1.0,0.0
2833,386713,彩色,n,1,3,38297,人生海海,录音室专辑,2001-07-06,9,啾啾啾,人生海海,1.0,0.0
2834,386713,人生,n,1,3,38297,人生海海,录音室专辑,2001-07-06,9,啾啾啾,人生海海,1.0,0.0
2835,386713,这个,r,1,3,38297,人生海海,录音室专辑,2001-07-06,9,啾啾啾,人生海海,1.0,0.0
2836,386713,时,ng,1,3,38297,人生海海,录音室专辑,2001-07-06,9,啾啾啾,人生海海,1.0,0.0
2837,386713,阵,ng,1,3,38297,人生海海,录音室专辑,2001-07-06,9,啾啾啾,人生海海,1.0,0.0
2838,386713,那,r,1,3,38297,人生海海,录音室专辑,2001-07-06,9,啾啾啾,人生海海,1.0,0.0
2839,386713,感觉,n,1,3,38297,人生海海,录音室专辑,2001-07-06,9,啾啾啾,人生海海,1.0,0.0
2840,386713,爱困,a,1,3,38297,人生海海,录音室专辑,2001-07-06,9,啾啾啾,人生海海,1.0,0.0
2841,386713,检查,vn,1,3,38297,人生海海,录音室专辑,2001-07-06,9,啾啾啾,人生海海,1.0,0.0
2842,386713,目珠,n,1,3,38297,人生海海,录音室专辑,2001-07-06,9,啾啾啾,人生海海,1.0,0.0
2843,386713,你,r,1,3,38297,人生海海,录音室专辑,2001-07-06,9,啾啾啾,人生海海,1.0,0.0
2844,386713,甘看,v,1,3,38297,人生海海,录音室专辑,2001-07-06,9,啾啾啾,人生海海,1.0,0.0
2845,386713,有,v,1,3,38297,人生海海,录音室专辑,2001-07-06,9,啾啾啾,人生海海,1.0,0.0
2846,386713,什么,r,1,3,38297,人生海海,录音室专辑,2001-07-06,9,啾啾啾,人生海海,1.0,0.0
2847,386713,色,ng,1,3,38297,人生海海,录音室专辑,2001-07-06,9,啾啾啾,人生海海,1.0,0.0
2848,386713,郁,nr,1,3,38297,人生海海,录音室专辑,2001-07-06,9,啾啾啾,人生海海,1.0,0.0
2849,386713,卒,ng,1,3,38297,人生海海,录音室专辑,2001-07-06,9,啾啾啾,人生海海,1.0,0.0
2850,386713,快乐,a,1,3,38297,人生海海,录音室专辑,2001-07-06,9,啾啾啾,人生海海,1.0,0.0
2851,386713,单纯,a,1,3,38297,人生海海,录音室专辑,2001-07-06,9,啾啾啾,人生海海,1.0,0.0
2852,386713,牵,v,1,3,38297,人生海海,录音室专辑,2001-07-06,9,啾啾啾,人生海海,1.0,0.0
2853,386713,伊,j,1,3,38297,人生海海,录音室专辑,2001-07-06,9,啾啾啾,人生海海,1.0,0.0
2854,386713,手,n,1,3,38297,人生海海,录音室专辑,2001-07-06,9,啾啾啾,人生海海,1.0,0.0
2855,386713,放,v,1,3,38297,人生海海,录音室专辑,2001-07-06,9,啾啾啾,人生海海,1.0,0.0
2856,386713,轻松,a,1,3,38297,人生海海,录音室专辑,2001-07-06,9,啾啾啾,人生海海,1.0,0.0
2857,386715,我,r,16,3,38297,人生海海,录音室专辑,2001-07-06,10,纯真,人生海海,1.0,0.0
2858,386715,你,r,14,3,38297,人生海海,录音室专辑,2001-07-06,10,纯真,人生海海,1.0,0.0
2859,386715,的,uj,13,3,38297,人生海海,录音室专辑,2001-07-06,10,纯真,人生海海,1.0,0.0
2860,386715,在,p,11,3,38297,人生海海,录音室专辑,2001-07-06,10,纯真,人生海海,1.0,0.0
2861,386715,了,ul,6,3,38297,人生海海,录音室专辑,2001-07-06,10,纯真,人生海海,1.0,0.0
2862,386715,怎么,r,6,3,38297,人生海海,录音室专辑,2001-07-06,10,纯真,人生海海,1.0,0.0
2863,386715,有,v,5,3,38297,人生海海,录音室专辑,2001-07-06,10,纯真,人生海海,1.0,0.0
2864,386715,不,d,4,3,38297,人生海海,录音室专辑,2001-07-06,10,纯真,人生海海,1.0,0.0
2865,386715,说,v,4,3,38297,人生海海,录音室专辑,2001-07-06,10,纯真,人生海海,1.0,0.0
2866,386715,手,n,4,3,38297,人生海海,录音室专辑,2001-07-06,10,纯真,人生海海,1.0,0.0
2867,386715,闪烁,v,4,3,38297,人生海海,录音室专辑,2001-07-06,10,纯真,人生海海,1.0,0.0
2868,386715,想,v,3,3,38297,人生海海,录音室专辑,2001-07-06,10,纯真,人生海海,1.0,0.0
2869,386715,是,v,3,3,38297,人生海海,录音室专辑,2001-07-06,10,纯真,人生海海,1.0,0.0
2870,386715,世界,n,3,3,38297,人生海海,录音室专辑,2001-07-06,10,纯真,人生海海,1.0,0.0
2871,386715,无声,d,3,3,38297,人生海海,录音室专辑,2001-07-06,10,纯真,人生海海,1.0,0.0
2872,386715,之中,r,3,3,38297,人生海海,录音室专辑,2001-07-06,10,纯真,人生海海,1.0,0.0
2873,386715,拉起,v,3,3,38297,人生海海,录音室专辑,2001-07-06,10,纯真,人生海海,1.0,0.0
2874,386715,感觉,n,3,3,38297,人生海海,录音室专辑,2001-07-06,10,纯真,人生海海,1.0,0.0
2875,386715,整个,b,3,3,38297,人生海海,录音室专辑,2001-07-06,10,纯真,人生海海,1.0,0.0
2876,386715,黑夜,n,3,3,38297,人生海海,录音室专辑,2001-07-06,10,纯真,人生海海,1.0,0.0
2877,386715,震动,vn,3,3,38297,人生海海,录音室专辑,2001-07-06,10,纯真,人生海海,1.0,0.0
2878,386715,耳朵,n,3,3,38297,人生海海,录音室专辑,2001-07-06,10,纯真,人生海海,1.0,0.0
2879,386715,里,f,3,3,38297,人生海海,录音室专辑,2001-07-06,10,纯真,人生海海,1.0,0.0
2880,386715,听到,v,3,3,38297,人生海海,录音室专辑,2001-07-06,10,纯真,人生海海,1.0,0.0
2881,386715,心跳,v,3,3,38297,人生海海,录音室专辑,2001-07-06,10,纯真,人生海海,1.0,0.0
2882,386715,节奏,n,3,3,38297,人生海海,录音室专辑,2001-07-06,10,纯真,人生海海,1.0,0.0
2883,386715,星星,nz,3,3,38297,人生海海,录音室专辑,2001-07-06,10,纯真,人生海海,1.0,0.0
2884,386715,总是,c,2,3,38297,人生海海,录音室专辑,2001-07-06,10,纯真,人生海海,1.0,0.0
2885,386715,绕,v,2,3,38297,人生海海,录音室专辑,2001-07-06,10,纯真,人生海海,1.0,0.0
2886,386715,地球,n,2,3,38297,人生海海,录音室专辑,2001-07-06,10,纯真,人生海海,1.0,0.0
2887,386715,着,uz,2,3,38297,人生海海,录音室专辑,2001-07-06,10,纯真,人生海海,1.0,0.0
2888,386715,座,q,2,3,38297,人生海海,录音室专辑,2001-07-06,10,纯真,人生海海,1.0,0.0
2889,386715,照,v,2,3,38297,人生海海,录音室专辑,2001-07-06,10,纯真,人生海海,1.0,0.0
2890,386715,会,v,2,3,38297,人生海海,录音室专辑,2001-07-06,10,纯真,人生海海,1.0,0.0
2891,386715,应该,v,2,3,38297,人生海海,录音室专辑,2001-07-06,10,纯真,人生海海,1.0,0.0
2892,386715,长长的,z,1,3,38297,人生海海,录音室专辑,2001-07-06,10,纯真,人生海海,1.0,0.0
2893,386715,路上,s,1,3,38297,人生海海,录音室专辑,2001-07-06,10,纯真,人生海海,1.0,0.0
2894,386715,我们,r,1,3,38297,人生海海,录音室专辑,2001-07-06,10,纯真,人生海海,1.0,0.0
2895,386715,朋友,n,1,3,38297,人生海海,录音室专辑,2001-07-06,10,纯真,人生海海,1.0,0.0
2896,386715,如果,c,1,3,38297,人生海海,录音室专辑,2001-07-06,10,纯真,人生海海,1.0,0.0
2897,386715,期待,vn,1,3,38297,人生海海,录音室专辑,2001-07-06,10,纯真,人生海海,1.0,0.0
2898,386715,最好,a,1,3,38297,人生海海,录音室专辑,2001-07-06,10,纯真,人生海海,1.0,0.0
2899,386715,微笑,vn,1,3,38297,人生海海,录音室专辑,2001-07-06,10,纯真,人生海海,1.0,0.0
2900,386715,开口,n,1,3,38297,人生海海,录音室专辑,2001-07-06,10,纯真,人生海海,1.0,0.0
2901,386715,被,p,1,3,38297,人生海海,录音室专辑,2001-07-06,10,纯真,人生海海,1.0,0.0
2902,386715,掌握,v,1,3,38297,人生海海,录音室专辑,2001-07-06,10,纯真,人生海海,1.0,0.0
2903,386715,月亮,n,1,3,38297,人生海海,录音室专辑,2001-07-06,10,纯真,人生海海,1.0,0.0
2904,386715,太阳,ns,1,3,38297,人生海海,录音室专辑,2001-07-06,10,纯真,人生海海,1.0,0.0
2905,386715,走,v,1,3,38297,人生海海,录音室专辑,2001-07-06,10,纯真,人生海海,1.0,0.0
2906,386715,以为,c,1,3,38297,人生海海,录音室专辑,2001-07-06,10,纯真,人生海海,1.0,0.0
2907,386715,宁静,nr,1,3,38297,人生海海,录音室专辑,2001-07-06,10,纯真,人生海海,1.0,0.0
2908,386715,宇宙,n,1,3,38297,人生海海,录音室专辑,2001-07-06,10,纯真,人生海海,1.0,0.0
2909,386715,今晚,t,1,3,38297,人生海海,录音室专辑,2001-07-06,10,纯真,人生海海,1.0,0.0
2910,386715,天空,n,1,3,38297,人生海海,录音室专辑,2001-07-06,10,纯真,人生海海,1.0,0.0
2911,386715,一颗,m,1,3,38297,人生海海,录音室专辑,2001-07-06,10,纯真,人生海海,1.0,0.0
2912,386715,流星,n,1,3,38297,人生海海,录音室专辑,2001-07-06,10,纯真,人生海海,1.0,0.0
2913,386715,划过,v,1,3,38297,人生海海,录音室专辑,2001-07-06,10,纯真,人生海海,1.0,0.0
2914,386715,预言,v,1,3,38297,人生海海,录音室专辑,2001-07-06,10,纯真,人生海海,1.0,0.0
2915,386715,什么,r,1,3,38297,人生海海,录音室专辑,2001-07-06,10,纯真,人生海海,1.0,0.0
2916,386715,心中,s,1,3,38297,人生海海,录音室专辑,2001-07-06,10,纯真,人生海海,1.0,0.0
2917,386715,一定,d,1,3,38297,人生海海,录音室专辑,2001-07-06,10,纯真,人生海海,1.0,0.0
2918,386715,浓雾,n,1,3,38297,人生海海,录音室专辑,2001-07-06,10,纯真,人生海海,1.0,0.0
2919,386715,湖泊,ns,1,3,38297,人生海海,录音室专辑,2001-07-06,10,纯真,人生海海,1.0,0.0
2920,386715,任凭,nr,1,3,38297,人生海海,录音室专辑,2001-07-06,10,纯真,人生海海,1.0,0.0
2921,386715,月光,n,1,3,38297,人生海海,录音室专辑,2001-07-06,10,纯真,人生海海,1.0,0.0
2922,386715,再,d,1,3,38297,人生海海,录音室专辑,2001-07-06,10,纯真,人生海海,1.0,0.0
2923,386715,皎洁,z,1,3,38297,人生海海,录音室专辑,2001-07-06,10,纯真,人生海海,1.0,0.0
2924,386715,也,d,1,3,38297,人生海海,录音室专辑,2001-07-06,10,纯真,人生海海,1.0,0.0
2925,386715,透,v,1,3,38297,人生海海,录音室专辑,2001-07-06,10,纯真,人生海海,1.0,0.0
2926,386715,眼中,s,1,3,38297,人生海海,录音室专辑,2001-07-06,10,纯真,人生海海,1.0,0.0
2927,386715,湖面,n,1,3,38297,人生海海,录音室专辑,2001-07-06,10,纯真,人生海海,1.0,0.0
2928,386715,无边,d,1,3,38297,人生海海,录音室专辑,2001-07-06,10,纯真,人生海海,1.0,0.0
2929,386715,温柔,nw,1,3,38297,人生海海,录音室专辑,2001-07-06,10,纯真,人生海海,1.0,0.0
2930,386715,那,r,1,3,38297,人生海海,录音室专辑,2001-07-06,10,纯真,人生海海,1.0,0.0
2931,386715,波光,nz,1,3,38297,人生海海,录音室专辑,2001-07-06,10,纯真,人生海海,1.0,0.0
2932,386715,诱惑,v,1,3,38297,人生海海,录音室专辑,2001-07-06,10,纯真,人生海海,1.0,0.0
2933,386715,已经,d,1,3,38297,人生海海,录音室专辑,2001-07-06,10,纯真,人生海海,1.0,0.0
2934,386715,他,r,1,3,38297,人生海海,录音室专辑,2001-07-06,10,纯真,人生海海,1.0,0.0
2935,386715,就,d,1,3,38297,人生海海,录音室专辑,2001-07-06,10,纯真,人生海海,1.0,0.0
2936,386715,再有,v,1,3,38297,人生海海,录音室专辑,2001-07-06,10,纯真,人生海海,1.0,0.0
2937,386715,纯真,a,1,3,38297,人生海海,录音室专辑,2001-07-06,10,纯真,人生海海,1.0,0.0
2938,386715,此刻,r,1,3,38297,人生海海,录音室专辑,2001-07-06,10,纯真,人生海海,1.0,0.0
2939,386715,为,p,1,3,38297,人生海海,录音室专辑,2001-07-06,10,纯真,人生海海,1.0,0.0
2940,386715,迷惑,v,1,3,38297,人生海海,录音室专辑,2001-07-06,10,纯真,人生海海,1.0,0.0
2941,386715,轻轻,d,1,3,38297,人生海海,录音室专辑,2001-07-06,10,纯真,人生海海,1.0,0.0
2942,386715,放开,v,1,3,38297,人生海海,录音室专辑,2001-07-06,10,纯真,人生海海,1.0,0.0
2943,386715,却,d,1,3,38297,人生海海,录音室专辑,2001-07-06,10,纯真,人生海海,1.0,0.0
2944,386715,没有,v,1,3,38297,人生海海,录音室专辑,2001-07-06,10,纯真,人生海海,1.0,0.0
2945,386715,力气,n,1,3,38297,人生海海,录音室专辑,2001-07-06,10,纯真,人生海海,1.0,0.0
2946,386715,这么,r,1,3,38297,人生海海,录音室专辑,2001-07-06,10,纯真,人生海海,1.0,0.0
2947,386715,做,v,1,3,38297,人生海海,录音室专辑,2001-07-06,10,纯真,人生海海,1.0,0.0
2948,386716,的,uj,19,3,38297,人生海海,录音室专辑,2001-07-06,11,候鸟,人生海海,1.0,0.0
2949,386716,我,r,15,3,38297,人生海海,录音室专辑,2001-07-06,11,候鸟,人生海海,1.0,0.0
2950,386716,那,r,6,3,38297,人生海海,录音室专辑,2001-07-06,11,候鸟,人生海海,1.0,0.0
2951,386716,得,ud,6,3,38297,人生海海,录音室专辑,2001-07-06,11,候鸟,人生海海,1.0,0.0
2952,386716,太,d,6,3,38297,人生海海,录音室专辑,2001-07-06,11,候鸟,人生海海,1.0,0.0
2953,386716,在,p,4,3,38297,人生海海,录音室专辑,2001-07-06,11,候鸟,人生海海,1.0,0.0
2954,386716,飞过,v,4,3,38297,人生海海,录音室专辑,2001-07-06,11,候鸟,人生海海,1.0,0.0
2955,386716,片,q,4,3,38297,人生海海,录音室专辑,2001-07-06,11,候鸟,人生海海,1.0,0.0
2956,386716,茫茫人海,i,4,3,38297,人生海海,录音室专辑,2001-07-06,11,候鸟,人生海海,1.0,0.0
2957,386716,猜,v,4,3,38297,人生海海,录音室专辑,2001-07-06,11,候鸟,人生海海,1.0,0.0
2958,386716,故事,n,4,3,38297,人生海海,录音室专辑,2001-07-06,11,候鸟,人生海海,1.0,0.0
2959,386716,被,p,4,3,38297,人生海海,录音室专辑,2001-07-06,11,候鸟,人生海海,1.0,0.0
2960,386716,风,n,4,3,38297,人生海海,录音室专辑,2001-07-06,11,候鸟,人生海海,1.0,0.0
2961,386716,吹散,v,4,3,38297,人生海海,录音室专辑,2001-07-06,11,候鸟,人生海海,1.0,0.0
2962,386716,最后,f,4,3,38297,人生海海,录音室专辑,2001-07-06,11,候鸟,人生海海,1.0,0.0
2963,386716,温暖,an,4,3,38297,人生海海,录音室专辑,2001-07-06,11,候鸟,人生海海,1.0,0.0
2964,386716,有,v,3,3,38297,人生海海,录音室专辑,2001-07-06,11,候鸟,人生海海,1.0,0.0
2965,386716,人,n,3,3,38297,人生海海,录音室专辑,2001-07-06,11,候鸟,人生海海,1.0,0.0
2966,386716,下,f,3,3,38297,人生海海,录音室专辑,2001-07-06,11,候鸟,人生海海,1.0,0.0
2967,386716,个,q,3,3,38297,人生海海,录音室专辑,2001-07-06,11,候鸟,人生海海,1.0,0.0
2968,386716,路口,s,3,3,38297,人生海海,录音室专辑,2001-07-06,11,候鸟,人生海海,1.0,0.0
2969,386716,直,d,3,3,38297,人生海海,录音室专辑,2001-07-06,11,候鸟,人生海海,1.0,0.0
2970,386716,走,v,3,3,38297,人生海海,录音室专辑,2001-07-06,11,候鸟,人生海海,1.0,0.0
2971,386716,或,c,3,3,38297,人生海海,录音室专辑,2001-07-06,11,候鸟,人生海海,1.0,0.0
2972,386716,转弯,v,3,3,38297,人生海海,录音室专辑,2001-07-06,11,候鸟,人生海海,1.0,0.0
2973,386716,长大,ns,3,3,38297,人生海海,录音室专辑,2001-07-06,11,候鸟,人生海海,1.0,0.0
2974,386716,太慢,a,3,3,38297,人生海海,录音室专辑,2001-07-06,11,候鸟,人生海海,1.0,0.0
2975,386716,老,a,3,3,38297,人生海海,录音室专辑,2001-07-06,11,候鸟,人生海海,1.0,0.0
2976,386716,快,a,3,3,38297,人生海海,录音室专辑,2001-07-06,11,候鸟,人生海海,1.0,0.0
2977,386716,等,u,3,3,38297,人生海海,录音室专辑,2001-07-06,11,候鸟,人生海海,1.0,0.0
2978,386716,太久,nr,3,3,38297,人生海海,录音室专辑,2001-07-06,11,候鸟,人生海海,1.0,0.0
2979,386716,结果,n,3,3,38297,人生海海,录音室专辑,2001-07-06,11,候鸟,人生海海,1.0,0.0
2980,386716,难,a,3,3,38297,人生海海,录音室专辑,2001-07-06,11,候鸟,人生海海,1.0,0.0
2981,386716,明天,t,3,3,38297,人生海海,录音室专辑,2001-07-06,11,候鸟,人生海海,1.0,0.0
2982,386716,从不,d,3,3,38297,人生海海,录音室专辑,2001-07-06,11,候鸟,人生海海,1.0,0.0
2983,386716,期待,vn,3,3,38297,人生海海,录音室专辑,2001-07-06,11,候鸟,人生海海,1.0,0.0
2984,386716,所以,c,3,3,38297,人生海海,录音室专辑,2001-07-06,11,候鸟,人生海海,1.0,0.0
2985,386716,现在,t,3,3,38297,人生海海,录音室专辑,2001-07-06,11,候鸟,人生海海,1.0,0.0
2986,386716,只,d,3,3,38297,人生海海,录音室专辑,2001-07-06,11,候鸟,人生海海,1.0,0.0
2987,386716,想要,v,3,3,38297,人生海海,录音室专辑,2001-07-06,11,候鸟,人生海海,1.0,0.0
2988,386716,寻找,v,3,3,38297,人生海海,录音室专辑,2001-07-06,11,候鸟,人生海海,1.0,0.0
2989,386716,一丝,m,3,3,38297,人生海海,录音室专辑,2001-07-06,11,候鸟,人生海海,1.0,0.0
2990,386716,里,f,2,3,38297,人生海海,录音室专辑,2001-07-06,11,候鸟,人生海海,1.0,0.0
2991,386716,而,c,2,3,38297,人生海海,录音室专辑,2001-07-06,11,候鸟,人生海海,1.0,0.0
2992,386716,哪里,r,2,3,38297,人生海海,录音室专辑,2001-07-06,11,候鸟,人生海海,1.0,0.0
2993,386716,要,v,2,3,38297,人生海海,录音室专辑,2001-07-06,11,候鸟,人生海海,1.0,0.0
2994,386716,到,v,2,3,38297,人生海海,录音室专辑,2001-07-06,11,候鸟,人生海海,1.0,0.0
2995,386716,啊,y,2,3,38297,人生海海,录音室专辑,2001-07-06,11,候鸟,人生海海,1.0,0.0
2996,386716,冰箱,n,1,3,38297,人生海海,录音室专辑,2001-07-06,11,候鸟,人生海海,1.0,0.0
2997,386716,上,f,1,3,38297,人生海海,录音室专辑,2001-07-06,11,候鸟,人生海海,1.0,0.0
2998,386716,字条,n,1,3,38297,人生海海,录音室专辑,2001-07-06,11,候鸟,人生海海,1.0,0.0
2999,386716,桌上,s,1,3,38297,人生海海,录音室专辑,2001-07-06,11,候鸟,人生海海,1.0,0.0
3000,386716,菜,n,1,3,38297,人生海海,录音室专辑,2001-07-06,11,候鸟,人生海海,1.0,0.0
3001,386716,电锅,n,1,3,38297,人生海海,录音室专辑,2001-07-06,11,候鸟,人生海海,1.0,0.0
3002,386716,里面,f,1,3,38297,人生海海,录音室专辑,2001-07-06,11,候鸟,人生海海,1.0,0.0
3003,386716,饭,n,1,3,38297,人生海海,录音室专辑,2001-07-06,11,候鸟,人生海海,1.0,0.0
3004,386716,没有,v,1,3,38297,人生海海,录音室专辑,2001-07-06,11,候鸟,人生海海,1.0,0.0
3005,386716,电话,n,1,3,38297,人生海海,录音室专辑,2001-07-06,11,候鸟,人生海海,1.0,0.0
3006,386716,独白,v,1,3,38297,人生海海,录音室专辑,2001-07-06,11,候鸟,人生海海,1.0,0.0
3007,386716,还,d,1,3,38297,人生海海,录音室专辑,2001-07-06,11,候鸟,人生海海,1.0,0.0
3008,386716,等待,vn,1,3,38297,人生海海,录音室专辑,2001-07-06,11,候鸟,人生海海,1.0,0.0
3009,386716,一个,m,1,3,38297,人生海海,录音室专辑,2001-07-06,11,候鸟,人生海海,1.0,0.0
3010,386716,表情,n,1,3,38297,人生海海,录音室专辑,2001-07-06,11,候鸟,人生海海,1.0,0.0
3011,386716,怎么,r,1,3,38297,人生海海,录音室专辑,2001-07-06,11,候鸟,人生海海,1.0,0.0
3012,386716,安排,v,1,3,38297,人生海海,录音室专辑,2001-07-06,11,候鸟,人生海海,1.0,0.0
3013,386716,到底,d,1,3,38297,人生海海,录音室专辑,2001-07-06,11,候鸟,人生海海,1.0,0.0
3014,386716,是,v,1,3,38297,人生海海,录音室专辑,2001-07-06,11,候鸟,人生海海,1.0,0.0
3015,386716,谁,r,1,3,38297,人生海海,录音室专辑,2001-07-06,11,候鸟,人生海海,1.0,0.0
3016,386716,从,p,1,3,38297,人生海海,录音室专辑,2001-07-06,11,候鸟,人生海海,1.0,0.0
3017,386716,来,v,1,3,38297,人生海海,录音室专辑,2001-07-06,11,候鸟,人生海海,1.0,0.0
3018,386716,又,d,1,3,38297,人生海海,录音室专辑,2001-07-06,11,候鸟,人生海海,1.0,0.0
3019,386716,去,v,1,3,38297,人生海海,录音室专辑,2001-07-06,11,候鸟,人生海海,1.0,0.0
3020,386716,给,p,1,3,38297,人生海海,录音室专辑,2001-07-06,11,候鸟,人生海海,1.0,0.0
3021,386716,答案,n,1,3,38297,人生海海,录音室专辑,2001-07-06,11,候鸟,人生海海,1.0,0.0
3022,386716,生命,vn,1,3,38297,人生海海,录音室专辑,2001-07-06,11,候鸟,人生海海,1.0,0.0
3023,386716,像,v,1,3,38297,人生海海,录音室专辑,2001-07-06,11,候鸟,人生海海,1.0,0.0
3024,386716,灾难,n,1,3,38297,人生海海,录音室专辑,2001-07-06,11,候鸟,人生海海,1.0,0.0
3025,386716,已经,d,1,3,38297,人生海海,录音室专辑,2001-07-06,11,候鸟,人生海海,1.0,0.0
3026,386716,习惯,n,1,3,38297,人生海海,录音室专辑,2001-07-06,11,候鸟,人生海海,1.0,0.0
3027,386716,无尽,d,1,3,38297,人生海海,录音室专辑,2001-07-06,11,候鸟,人生海海,1.0,0.0
3028,386716,白天,t,1,3,38297,人生海海,录音室专辑,2001-07-06,11,候鸟,人生海海,1.0,0.0
3029,386716,夜晚,t,1,3,38297,人生海海,录音室专辑,2001-07-06,11,候鸟,人生海海,1.0,0.0
3030,386716,永不,d,1,3,38297,人生海海,录音室专辑,2001-07-06,11,候鸟,人生海海,1.0,0.0
3031,386716,间断,d,1,3,38297,人生海海,录音室专辑,2001-07-06,11,候鸟,人生海海,1.0,0.0
3032,386716,包厢,n,1,3,38297,人生海海,录音室专辑,2001-07-06,11,候鸟,人生海海,1.0,0.0
3033,386716,狂欢,v,1,3,38297,人生海海,录音室专辑,2001-07-06,11,候鸟,人生海海,1.0,0.0
3034,386716,曲终人散,i,1,3,38297,人生海海,录音室专辑,2001-07-06,11,候鸟,人生海海,1.0,0.0
3035,386716,长,a,1,3,38297,人生海海,录音室专辑,2001-07-06,11,候鸟,人生海海,1.0,0.0
3036,386716,夜里,t,1,3,38297,人生海海,录音室专辑,2001-07-06,11,候鸟,人生海海,1.0,0.0
3037,386716,空白,n,1,3,38297,人生海海,录音室专辑,2001-07-06,11,候鸟,人生海海,1.0,0.0
3038,386716,消化,vn,1,3,38297,人生海海,录音室专辑,2001-07-06,11,候鸟,人生海海,1.0,0.0
3039,386716,不,d,1,3,38297,人生海海,录音室专辑,2001-07-06,11,候鸟,人生海海,1.0,0.0
3040,386716,完,v,1,3,38297,人生海海,录音室专辑,2001-07-06,11,候鸟,人生海海,1.0,0.0
3041,386716,灵魂,n,1,3,38297,人生海海,录音室专辑,2001-07-06,11,候鸟,人生海海,1.0,0.0
3042,386716,总是,c,1,3,38297,人生海海,录音室专辑,2001-07-06,11,候鸟,人生海海,1.0,0.0
3043,386716,贪,v,1,3,38297,人生海海,录音室专辑,2001-07-06,11,候鸟,人生海海,1.0,0.0
3044,386716,片刻,m,1,3,38297,人生海海,录音室专辑,2001-07-06,11,候鸟,人生海海,1.0,0.0
3045,386716,灿烂,a,1,3,38297,人生海海,录音室专辑,2001-07-06,11,候鸟,人生海海,1.0,0.0
3046,386716,双唇,n,1,3,38297,人生海海,录音室专辑,2001-07-06,11,候鸟,人生海海,1.0,0.0
3047,386716,孤单,a,1,3,38297,人生海海,录音室专辑,2001-07-06,11,候鸟,人生海海,1.0,0.0
3048,386716,变得,v,1,3,38297,人生海海,录音室专辑,2001-07-06,11,候鸟,人生海海,1.0,0.0
3049,386716,野蛮,a,1,3,38297,人生海海,录音室专辑,2001-07-06,11,候鸟,人生海海,1.0,0.0
3050,386716,陌生,n,1,3,38297,人生海海,录音室专辑,2001-07-06,11,候鸟,人生海海,1.0,0.0
3051,386716,阳光,nr,1,3,38297,人生海海,录音室专辑,2001-07-06,11,候鸟,人生海海,1.0,0.0
3052,386716,照,v,1,3,38297,人生海海,录音室专辑,2001-07-06,11,候鸟,人生海海,1.0,0.0
3053,386716,床单,n,1,3,38297,人生海海,录音室专辑,2001-07-06,11,候鸟,人生海海,1.0,0.0
3054,386716,昨夜,t,1,3,38297,人生海海,录音室专辑,2001-07-06,11,候鸟,人生海海,1.0,0.0
3055,386716,发生,v,1,3,38297,人生海海,录音室专辑,2001-07-06,11,候鸟,人生海海,1.0,0.0
3056,386716,事,n,1,3,38297,人生海海,录音室专辑,2001-07-06,11,候鸟,人生海海,1.0,0.0
3057,386716,不想,v,1,3,38297,人生海海,录音室专辑,2001-07-06,11,候鸟,人生海海,1.0,0.0
3058,386716,再,d,1,3,38297,人生海海,录音室专辑,2001-07-06,11,候鸟,人生海海,1.0,0.0
3059,386716,枕边,s,1,3,38297,人生海海,录音室专辑,2001-07-06,11,候鸟,人生海海,1.0,0.0
3060,386716,一直,d,1,3,38297,人生海海,录音室专辑,2001-07-06,11,候鸟,人生海海,1.0,0.0
3061,386716,换,v,1,3,38297,人生海海,录音室专辑,2001-07-06,11,候鸟,人生海海,1.0,0.0
3062,386716,每,zg,1,3,38297,人生海海,录音室专辑,2001-07-06,11,候鸟,人生海海,1.0,0.0
3063,386716,一次,m,1,3,38297,人生海海,录音室专辑,2001-07-06,11,候鸟,人生海海,1.0,0.0
3064,386716,都,d,1,3,38297,人生海海,录音室专辑,2001-07-06,11,候鸟,人生海海,1.0,0.0
3065,386716,以为,c,1,3,38297,人生海海,录音室专辑,2001-07-06,11,候鸟,人生海海,1.0,0.0
3066,386716,了,ul,1,3,38297,人生海海,录音室专辑,2001-07-06,11,候鸟,人生海海,1.0,0.0
3067,386716,终站,n,1,3,38297,人生海海,录音室专辑,2001-07-06,11,候鸟,人生海海,1.0,0.0
3068,386717,我,r,27,3,38297,人生海海,录音室专辑,2001-07-06,12,人生海海,人生海海,1.0,0.0
3069,386717,有,v,9,3,38297,人生海海,录音室专辑,2001-07-06,12,人生海海,人生海海,1.0,0.0
3070,386717,啦,y,6,3,38297,人生海海,录音室专辑,2001-07-06,12,人生海海,人生海海,1.0,0.0
3071,386717,说,v,5,3,38297,人生海海,录音室专辑,2001-07-06,12,人生海海,人生海海,1.0,0.0
3072,386717,决定,v,5,3,38297,人生海海,录音室专辑,2001-07-06,12,人生海海,人生海海,1.0,0.0
3073,386717,去,v,5,3,38297,人生海海,录音室专辑,2001-07-06,12,人生海海,人生海海,1.0,0.0
3074,386717,什么,r,4,3,38297,人生海海,录音室专辑,2001-07-06,12,人生海海,人生海海,1.0,0.0
3075,386717,而,c,4,3,38297,人生海海,录音室专辑,2001-07-06,12,人生海海,人生海海,1.0,0.0
3076,386717,至少,d,4,3,38297,人生海海,录音室专辑,2001-07-06,12,人生海海,人生海海,1.0,0.0
3077,386717,快乐,a,4,3,38297,人生海海,录音室专辑,2001-07-06,12,人生海海,人生海海,1.0,0.0
3078,386717,伤心,n,4,3,38297,人生海海,录音室专辑,2001-07-06,12,人生海海,人生海海,1.0,0.0
3079,386717,自己,r,4,3,38297,人生海海,录音室专辑,2001-07-06,12,人生海海,人生海海,1.0,0.0
3080,386717,所以,c,4,3,38297,人生海海,录音室专辑,2001-07-06,12,人生海海,人生海海,1.0,0.0
3081,386717,就让,v,4,3,38297,人生海海,录音室专辑,2001-07-06,12,人生海海,人生海海,1.0,0.0
3082,386717,他,r,4,3,38297,人生海海,录音室专辑,2001-07-06,12,人生海海,人生海海,1.0,0.0
3083,386717,知道,v,4,3,38297,人生海海,录音室专辑,2001-07-06,12,人生海海,人生海海,1.0,0.0
3084,386717,潮落,n,4,3,38297,人生海海,录音室专辑,2001-07-06,12,人生海海,人生海海,1.0,0.0
3085,386717,之后,f,4,3,38297,人生海海,录音室专辑,2001-07-06,12,人生海海,人生海海,1.0,0.0
3086,386717,一定,d,4,3,38297,人生海海,录音室专辑,2001-07-06,12,人生海海,人生海海,1.0,0.0
3087,386717,潮起,v,4,3,38297,人生海海,录音室专辑,2001-07-06,12,人生海海,人生海海,1.0,0.0
3088,386717,的,uj,4,3,38297,人生海海,录音室专辑,2001-07-06,12,人生海海,人生海海,1.0,0.0
3089,386717,在,p,3,3,38297,人生海海,录音室专辑,2001-07-06,12,人生海海,人生海海,1.0,0.0
3090,386717,却,d,3,3,38297,人生海海,录音室专辑,2001-07-06,12,人生海海,人生海海,1.0,0.0
3091,386717,就算,v,3,3,38297,人生海海,录音室专辑,2001-07-06,12,人生海海,人生海海,1.0,0.0
3092,386717,是,v,3,3,38297,人生海海,录音室专辑,2001-07-06,12,人生海海,人生海海,1.0,0.0
3093,386717,整个,b,3,3,38297,人生海海,录音室专辑,2001-07-06,12,人生海海,人生海海,1.0,0.0
3094,386717,世界,n,3,3,38297,人生海海,录音室专辑,2001-07-06,12,人生海海,人生海海,1.0,0.0
3095,386717,把,p,3,3,38297,人生海海,录音室专辑,2001-07-06,12,人生海海,人生海海,1.0,0.0
3096,386717,抛弃,v,3,3,38297,人生海海,录音室专辑,2001-07-06,12,人生海海,人生海海,1.0,0.0
3097,386717,了不起,v,3,3,38297,人生海海,录音室专辑,2001-07-06,12,人生海海,人生海海,1.0,0.0
3098,386717,东西,ns,2,3,38297,人生海海,录音室专辑,2001-07-06,12,人生海海,人生海海,1.0,0.0
3099,386717,就,d,2,3,38297,人生海海,录音室专辑,2001-07-06,12,人生海海,人生海海,1.0,0.0
3100,386717,都,d,2,3,38297,人生海海,录音室专辑,2001-07-06,12,人生海海,人生海海,1.0,0.0
3101,386717,从,p,2,3,38297,人生海海,录音室专辑,2001-07-06,12,人生海海,人生海海,1.0,0.0
3102,386717,每天,r,2,3,38297,人生海海,录音室专辑,2001-07-06,12,人生海海,人生海海,1.0,0.0
3103,386717,要,v,2,3,38297,人生海海,录音室专辑,2001-07-06,12,人生海海,人生海海,1.0,0.0
3104,386717,常常,d,2,3,38297,人生海海,录音室专辑,2001-07-06,12,人生海海,人生海海,1.0,0.0
3105,386717,没有,v,2,3,38297,人生海海,录音室专辑,2001-07-06,12,人生海海,人生海海,1.0,0.0
3106,386717,放弃,v,2,3,38297,人生海海,录音室专辑,2001-07-06,12,人生海海,人生海海,1.0,0.0
3107,386717,明天,t,2,3,38297,人生海海,录音室专辑,2001-07-06,12,人生海海,人生海海,1.0,0.0
3108,386717,哪里,r,2,3,38297,人生海海,录音室专辑,2001-07-06,12,人生海海,人生海海,1.0,0.0
3109,386717,一天,m,1,3,38297,人生海海,录音室专辑,2001-07-06,12,人生海海,人生海海,1.0,0.0
3110,386717,想,v,1,3,38297,人生海海,录音室专辑,2001-07-06,12,人生海海,人生海海,1.0,0.0
3111,386717,到底,d,1,3,38297,人生海海,录音室专辑,2001-07-06,12,人生海海,人生海海,1.0,0.0
3112,386717,算是,v,1,3,38297,人生海海,录音室专辑,2001-07-06,12,人生海海,人生海海,1.0,0.0
3113,386717,个,q,1,3,38297,人生海海,录音室专辑,2001-07-06,12,人生海海,人生海海,1.0,0.0
3114,386717,还是,c,1,3,38297,人生海海,录音室专辑,2001-07-06,12,人生海海,人生海海,1.0,0.0
3115,386717,我会,n,1,3,38297,人生海海,录音室专辑,2001-07-06,12,人生海海,人生海海,1.0,0.0
3116,386717,不会,v,1,3,38297,人生海海,录音室专辑,2001-07-06,12,人生海海,人生海海,1.0,0.0
3117,386717,根本,a,1,3,38297,人生海海,录音室专辑,2001-07-06,12,人生海海,人生海海,1.0,0.0
3118,386717,不算,v,1,3,38297,人生海海,录音室专辑,2001-07-06,12,人生海海,人生海海,1.0,0.0
3119,386717,天天,t,1,3,38297,人生海海,录音室专辑,2001-07-06,12,人生海海,人生海海,1.0,0.0
3120,386717,漫无目的,i,1,3,38297,人生海海,录音室专辑,2001-07-06,12,人生海海,人生海海,1.0,0.0
3121,386717,偏偏,d,1,3,38297,人生海海,录音室专辑,2001-07-06,12,人生海海,人生海海,1.0,0.0
3122,386717,又,d,1,3,38297,人生海海,录音室专辑,2001-07-06,12,人生海海,人生海海,1.0,0.0
3123,386717,想要,v,1,3,38297,人生海海,录音室专辑,2001-07-06,12,人生海海,人生海海,1.0,0.0
3124,386717,证明,n,1,3,38297,人生海海,录音室专辑,2001-07-06,12,人生海海,人生海海,1.0,0.0
3125,386717,真理,n,1,3,38297,人生海海,录音室专辑,2001-07-06,12,人生海海,人生海海,1.0,0.0
3126,386717,别人,r,1,3,38297,人生海海,录音室专辑,2001-07-06,12,人生海海,人生海海,1.0,0.0
3127,386717,屁股,n,1,3,38297,人生海海,录音室专辑,2001-07-06,12,人生海海,人生海海,1.0,0.0
3128,386717,放屁,v,1,3,38297,人生海海,录音室专辑,2001-07-06,12,人生海海,人生海海,1.0,0.0
3129,386717,革命,vn,1,3,38297,人生海海,录音室专辑,2001-07-06,12,人生海海,人生海海,1.0,0.0
3130,386717,豁出去,i,1,3,38297,人生海海,录音室专辑,2001-07-06,12,人生海海,人生海海,1.0,0.0
3131,386717,拼了命,l,1,3,38297,人生海海,录音室专辑,2001-07-06,12,人生海海,人生海海,1.0,0.0
3132,386717,走过,v,1,3,38297,人生海海,录音室专辑,2001-07-06,12,人生海海,人生海海,1.0,0.0
3133,386717,痕迹,n,1,3,38297,人生海海,录音室专辑,2001-07-06,12,人生海海,人生海海,1.0,0.0
3134,386717,可是,c,1,3,38297,人生海海,录音室专辑,2001-07-06,12,人生海海,人生海海,1.0,0.0
3135,386717,不怕,c,1,3,38297,人生海海,录音室专辑,2001-07-06,12,人生海海,人生海海,1.0,0.0
3136,386717,挖出,v,1,3,38297,人生海海,录音室专辑,2001-07-06,12,人生海海,人生海海,1.0,0.0
3137,386717,火热,n,1,3,38297,人生海海,录音室专辑,2001-07-06,12,人生海海,人生海海,1.0,0.0
3138,386717,心,n,1,3,38297,人生海海,录音室专辑,2001-07-06,12,人生海海,人生海海,1.0,0.0
3139,386717,手上,s,1,3,38297,人生海海,录音室专辑,2001-07-06,12,人生海海,人生海海,1.0,0.0
3140,386717,一个,m,1,3,38297,人生海海,录音室专辑,2001-07-06,12,人生海海,人生海海,1.0,0.0
3141,386717,硬币,n,1,3,38297,人生海海,录音室专辑,2001-07-06,12,人生海海,人生海海,1.0,0.0
3142,386717,反面,d,1,3,38297,人生海海,录音室专辑,2001-07-06,12,人生海海,人生海海,1.0,0.0
3143,386717,嗝屁,n,1,3,38297,人生海海,录音室专辑,2001-07-06,12,人生海海,人生海海,1.0,0.0
3144,386717,但是,c,1,3,38297,人生海海,录音室专辑,2001-07-06,12,人生海海,人生海海,1.0,0.0
3145,386717,啊,y,1,3,38297,人生海海,录音室专辑,2001-07-06,12,人生海海,人生海海,1.0,0.0
3146,386717,心底,s,1,3,38297,人生海海,录音室专辑,2001-07-06,12,人生海海,人生海海,1.0,0.0
3147,386717,完完全全,i,1,3,38297,人生海海,录音室专辑,2001-07-06,12,人生海海,人生海海,1.0,0.0
3148,386717,不想,v,1,3,38297,人生海海,录音室专辑,2001-07-06,12,人生海海,人生海海,1.0,0.0
3149,386717,闭上眼睛,i,1,3,38297,人生海海,录音室专辑,2001-07-06,12,人生海海,人生海海,1.0,0.0
3150,386717,听到,v,1,3,38297,人生海海,录音室专辑,2001-07-06,12,人生海海,人生海海,1.0,0.0
3151,386717,了,ul,1,3,38297,人生海海,录音室专辑,2001-07-06,12,人生海海,人生海海,1.0,0.0
3152,386717,海,n,1,3,38297,人生海海,录音室专辑,2001-07-06,12,人生海海,人生海海,1.0,0.0
3153,386717,呼吸,v,1,3,38297,人生海海,录音室专辑,2001-07-06,12,人生海海,人生海海,1.0,0.0
3154,386717,你,r,1,3,38297,人生海海,录音室专辑,2001-07-06,12,人生海海,人生海海,1.0,0.0
3155,386717,温柔,nw,1,3,38297,人生海海,录音室专辑,2001-07-06,12,人生海海,人生海海,1.0,0.0
3156,386717,蓝色,n,1,3,38297,人生海海,录音室专辑,2001-07-06,12,人生海海,人生海海,1.0,0.0
3157,386717,潮汐,n,1,3,38297,人生海海,录音室专辑,2001-07-06,12,人生海海,人生海海,1.0,0.0
3158,386717,告诉,v,1,3,38297,人生海海,录音室专辑,2001-07-06,12,人生海海,人生海海,1.0,0.0
3159,386717,关系,n,1,3,38297,人生海海,录音室专辑,2001-07-06,12,人生海海,人生海海,1.0,0.0
3160,386717,真的,d,1,3,38297,人生海海,录音室专辑,2001-07-06,12,人生海海,人生海海,1.0,0.0
3161,386717,不能,v,1,3,38297,人生海海,录音室专辑,2001-07-06,12,人生海海,人生海海,1.0,0.0
3162,386717,忘记,v,1,3,38297,人生海海,录音室专辑,2001-07-06,12,人生海海,人生海海,1.0,0.0
3163,386717,无论是,c,1,3,38297,人生海海,录音室专辑,2001-07-06,12,人生海海,人生海海,1.0,0.0
3164,386443,你,r,19,4,38276,时光机,录音室专辑,2003-11-11,1,轻功,时光机,1.0,0.0
3165,386443,多,m,10,4,38276,时光机,录音室专辑,2003-11-11,1,轻功,时光机,1.0,0.0
3166,386443,想要,v,10,4,38276,时光机,录音室专辑,2003-11-11,1,轻功,时光机,1.0,0.0
3167,386443,找到,v,10,4,38276,时光机,录音室专辑,2003-11-11,1,轻功,时光机,1.0,0.0
3168,386443,拥抱,v,5,4,38276,时光机,录音室专辑,2003-11-11,1,轻功,时光机,1.0,0.0
3169,386443,我,r,4,4,38276,时光机,录音室专辑,2003-11-11,1,轻功,时光机,1.0,0.0
3170,386443,能,v,4,4,38276,时光机,录音室专辑,2003-11-11,1,轻功,时光机,1.0,0.0
3171,386443,在,p,4,4,38276,时光机,录音室专辑,2003-11-11,1,轻功,时光机,1.0,0.0
3172,386443,了,ul,4,4,38276,时光机,录音室专辑,2003-11-11,1,轻功,时光机,1.0,0.0
3173,386443,飞檐走壁,i,3,4,38276,时光机,录音室专辑,2003-11-11,1,轻功,时光机,1.0,0.0
3174,386443,恨,v,3,4,38276,时光机,录音室专辑,2003-11-11,1,轻功,时光机,1.0,0.0
3175,386443,自己,r,3,4,38276,时光机,录音室专辑,2003-11-11,1,轻功,时光机,1.0,0.0
3176,386443,不能,v,3,4,38276,时光机,录音室专辑,2003-11-11,1,轻功,时光机,1.0,0.0
3177,386443,的,uj,3,4,38276,时光机,录音室专辑,2003-11-11,1,轻功,时光机,1.0,0.0
3178,386443,没,v,3,4,38276,时光机,录音室专辑,2003-11-11,1,轻功,时光机,1.0,0.0
3179,386443,这,r,2,4,38276,时光机,录音室专辑,2003-11-11,1,轻功,时光机,1.0,0.0
3180,386443,又,d,2,4,38276,时光机,录音室专辑,2003-11-11,1,轻功,时光机,1.0,0.0
3181,386443,哪里,r,2,4,38276,时光机,录音室专辑,2003-11-11,1,轻功,时光机,1.0,0.0
3182,386443,常常,d,2,4,38276,时光机,录音室专辑,2003-11-11,1,轻功,时光机,1.0,0.0
3183,386443,飞上,n,2,4,38276,时光机,录音室专辑,2003-11-11,1,轻功,时光机,1.0,0.0
3184,386443,天去,t,2,4,38276,时光机,录音室专辑,2003-11-11,1,轻功,时光机,1.0,0.0
3185,386443,地心,n,2,4,38276,时光机,录音室专辑,2003-11-11,1,轻功,时光机,1.0,0.0
3186,386443,引力,n,2,4,38276,时光机,录音室专辑,2003-11-11,1,轻功,时光机,1.0,0.0
3187,386443,再,d,2,4,38276,时光机,录音室专辑,2003-11-11,1,轻功,时光机,1.0,0.0
3188,386443,一步,m,2,4,38276,时光机,录音室专辑,2003-11-11,1,轻功,时光机,1.0,0.0
3189,386443,爱恨,a,2,4,38276,时光机,录音室专辑,2003-11-11,1,轻功,时光机,1.0,0.0
3190,386443,都,d,2,4,38276,时光机,录音室专辑,2003-11-11,1,轻功,时光机,1.0,0.0
3191,386443,脚底,n,2,4,38276,时光机,录音室专辑,2003-11-11,1,轻功,时光机,1.0,0.0
3192,386443,最近,f,1,4,38276,时光机,录音室专辑,2003-11-11,1,轻功,时光机,1.0,0.0
3193,386443,很,zg,1,4,38276,时光机,录音室专辑,2003-11-11,1,轻功,时光机,1.0,0.0
3194,386443,需要,v,1,4,38276,时光机,录音室专辑,2003-11-11,1,轻功,时光机,1.0,0.0
3195,386443,爱情,n,1,4,38276,时光机,录音室专辑,2003-11-11,1,轻功,时光机,1.0,0.0
3196,386443,让,v,1,4,38276,时光机,录音室专辑,2003-11-11,1,轻功,时光机,1.0,0.0
3197,386443,一生,m,1,4,38276,时光机,录音室专辑,2003-11-11,1,轻功,时光机,1.0,0.0
3198,386443,混乱,a,1,4,38276,时光机,录音室专辑,2003-11-11,1,轻功,时光机,1.0,0.0
3199,386443,平静,a,1,4,38276,时光机,录音室专辑,2003-11-11,1,轻功,时光机,1.0,0.0
3200,386443,人在江湖,l,1,4,38276,时光机,录音室专辑,2003-11-11,1,轻功,时光机,1.0,0.0
3201,386443,心,n,1,4,38276,时光机,录音室专辑,2003-11-11,1,轻功,时光机,1.0,0.0
3202,386443,不由,a,1,4,38276,时光机,录音室专辑,2003-11-11,1,轻功,时光机,1.0,0.0
3203,386443,己,r,1,4,38276,时光机,录音室专辑,2003-11-11,1,轻功,时光机,1.0,0.0
3204,386443,世界,n,1,4,38276,时光机,录音室专辑,2003-11-11,1,轻功,时光机,1.0,0.0
3205,386443,烦,v,1,4,38276,时光机,录音室专辑,2003-11-11,1,轻功,时光机,1.0,0.0
3206,386443,粘腻,a,1,4,38276,时光机,录音室专辑,2003-11-11,1,轻功,时光机,1.0,0.0
3207,386443,一双,m,1,4,38276,时光机,录音室专辑,2003-11-11,1,轻功,时光机,1.0,0.0
3208,386443,鞋,n,1,4,38276,时光机,录音室专辑,2003-11-11,1,轻功,时光机,1.0,0.0
3209,386443,踏破,v,1,4,38276,时光机,录音室专辑,2003-11-11,1,轻功,时光机,1.0,0.0
3210,386443,天地,n,1,4,38276,时光机,录音室专辑,2003-11-11,1,轻功,时光机,1.0,0.0
3211,386443,飞到,v,1,4,38276,时光机,录音室专辑,2003-11-11,1,轻功,时光机,1.0,0.0
3212,386443,天上,s,1,4,38276,时光机,录音室专辑,2003-11-11,1,轻功,时光机,1.0,0.0
3213,386443,去,v,1,4,38276,时光机,录音室专辑,2003-11-11,1,轻功,时光机,1.0,0.0
3214,386443,打,v,1,4,38276,时光机,录音室专辑,2003-11-11,1,轻功,时光机,1.0,0.0
3215,386443,手机,n,1,4,38276,时光机,录音室专辑,2003-11-11,1,轻功,时光机,1.0,0.0
3216,386443,像,v,1,4,38276,时光机,录音室专辑,2003-11-11,1,轻功,时光机,1.0,0.0
3217,386443,打到,v,1,4,38276,时光机,录音室专辑,2003-11-11,1,轻功,时光机,1.0,0.0
3218,386443,火星,n,1,4,38276,时光机,录音室专辑,2003-11-11,1,轻功,时光机,1.0,0.0
3219,386443,回应,v,1,4,38276,时光机,录音室专辑,2003-11-11,1,轻功,时光机,1.0,0.0
3220,386443,虽然,c,1,4,38276,时光机,录音室专辑,2003-11-11,1,轻功,时光机,1.0,0.0
3221,386443,科技,n,1,4,38276,时光机,录音室专辑,2003-11-11,1,轻功,时光机,1.0,0.0
3222,386443,始于,d,1,4,38276,时光机,录音室专辑,2003-11-11,1,轻功,时光机,1.0,0.0
3223,386443,人性,n,1,4,38276,时光机,录音室专辑,2003-11-11,1,轻功,时光机,1.0,0.0
3224,386443,可是,c,1,4,38276,时光机,录音室专辑,2003-11-11,1,轻功,时光机,1.0,0.0
3225,386443,要,v,1,4,38276,时光机,录音室专辑,2003-11-11,1,轻功,时光机,1.0,0.0
3226,386443,真实,d,1,4,38276,时光机,录音室专辑,2003-11-11,1,轻功,时光机,1.0,0.0
3227,386443,摸到,v,1,4,38276,时光机,录音室专辑,2003-11-11,1,轻功,时光机,1.0,0.0
3228,386443,云,ns,1,4,38276,时光机,录音室专辑,2003-11-11,1,轻功,时光机,1.0,0.0
3229,386443,离开,v,1,4,38276,时光机,录音室专辑,2003-11-11,1,轻功,时光机,1.0,0.0
3230,386443,地长,n,1,4,38276,时光机,录音室专辑,2003-11-11,1,轻功,时光机,1.0,0.0
3231,386443,出,v,1,4,38276,时光机,录音室专辑,2003-11-11,1,轻功,时光机,1.0,0.0
3232,386443,蚱蜢,n,1,4,38276,时光机,录音室专辑,2003-11-11,1,轻功,时光机,1.0,0.0
3233,386443,后劲,n,1,4,38276,时光机,录音室专辑,2003-11-11,1,轻功,时光机,1.0,0.0
3234,386443,MUSIC,eng,1,4,38276,时光机,录音室专辑,2003-11-11,1,轻功,时光机,1.0,0.0
3235,386443,OVER,eng,1,4,38276,时光机,录音室专辑,2003-11-11,1,轻功,时光机,1.0,0.0
3236,386445,你,r,17,4,38276,时光机,录音室专辑,2003-11-11,2,恒星的恒心,时光机,1.0,0.0
3237,386445,我,r,13,4,38276,时光机,录音室专辑,2003-11-11,2,恒星的恒心,时光机,1.0,0.0
3238,386445,的,uj,9,4,38276,时光机,录音室专辑,2003-11-11,2,恒星的恒心,时光机,1.0,0.0
3239,386445,等,u,6,4,38276,时光机,录音室专辑,2003-11-11,2,恒星的恒心,时光机,1.0,0.0
3240,386445,那,r,4,4,38276,时光机,录音室专辑,2003-11-11,2,恒星的恒心,时光机,1.0,0.0
3241,386445,在,p,4,4,38276,时光机,录音室专辑,2003-11-11,2,恒星的恒心,时光机,1.0,0.0
3242,386445,了,ul,4,4,38276,时光机,录音室专辑,2003-11-11,2,恒星的恒心,时光机,1.0,0.0
3243,386445,着,uz,4,4,38276,时光机,录音室专辑,2003-11-11,2,恒星的恒心,时光机,1.0,0.0
3244,386445,很,zg,3,4,38276,时光机,录音室专辑,2003-11-11,2,恒星的恒心,时光机,1.0,0.0
3245,386445,把,p,2,4,38276,时光机,录音室专辑,2003-11-11,2,恒星的恒心,时光机,1.0,0.0
3246,386445,因为,c,2,4,38276,时光机,录音室专辑,2003-11-11,2,恒星的恒心,时光机,1.0,0.0
3247,386445,要,v,2,4,38276,时光机,录音室专辑,2003-11-11,2,恒星的恒心,时光机,1.0,0.0
3248,386445,呼吸,v,2,4,38276,时光机,录音室专辑,2003-11-11,2,恒星的恒心,时光机,1.0,0.0
3249,386445,不会,v,2,4,38276,时光机,录音室专辑,2003-11-11,2,恒星的恒心,时光机,1.0,0.0
3250,386445,是,v,2,4,38276,时光机,录音室专辑,2003-11-11,2,恒星的恒心,时光机,1.0,0.0
3251,386445,和,c,1,4,38276,时光机,录音室专辑,2003-11-11,2,恒星的恒心,时光机,1.0,0.0
3252,386445,看,v,1,4,38276,时光机,录音室专辑,2003-11-11,2,恒星的恒心,时光机,1.0,0.0
3253,386445,星星,nz,1,4,38276,时光机,录音室专辑,2003-11-11,2,恒星的恒心,时光机,1.0,0.0
3254,386445,夜空,n,1,4,38276,时光机,录音室专辑,2003-11-11,2,恒星的恒心,时光机,1.0,0.0
3255,386445,多,m,1,4,38276,时光机,录音室专辑,2003-11-11,2,恒星的恒心,时光机,1.0,0.0
3256,386445,神秘,a,1,4,38276,时光机,录音室专辑,2003-11-11,2,恒星的恒心,时光机,1.0,0.0
3257,386445,天,q,1,4,38276,时光机,录音室专辑,2003-11-11,2,恒星的恒心,时光机,1.0,0.0
3258,386445,黑,a,1,4,38276,时光机,录音室专辑,2003-11-11,2,恒星的恒心,时光机,1.0,0.0
3259,386445,风,n,1,4,38276,时光机,录音室专辑,2003-11-11,2,恒星的恒心,时光机,1.0,0.0
3260,386445,急,v,1,4,38276,时光机,录音室专辑,2003-11-11,2,恒星的恒心,时光机,1.0,0.0
3261,386445,抱,v,1,4,38276,时光机,录音室专辑,2003-11-11,2,恒星的恒心,时光机,1.0,0.0
3262,386445,得,ud,1,4,38276,时光机,录音室专辑,2003-11-11,2,恒星的恒心,时光机,1.0,0.0
3263,386445,很紧,d,1,4,38276,时光机,录音室专辑,2003-11-11,2,恒星的恒心,时光机,1.0,0.0
3264,386445,沉默,a,1,4,38276,时光机,录音室专辑,2003-11-11,2,恒星的恒心,时光机,1.0,0.0
3265,386445,银河系,n,1,4,38276,时光机,录音室专辑,2003-11-11,2,恒星的恒心,时光机,1.0,0.0
3266,386445,有,v,1,4,38276,时光机,录音室专辑,2003-11-11,2,恒星的恒心,时光机,1.0,0.0
3267,386445,意义,n,1,4,38276,时光机,录音室专辑,2003-11-11,2,恒星的恒心,时光机,1.0,0.0
3268,386445,要是,c,1,4,38276,时光机,录音室专辑,2003-11-11,2,恒星的恒心,时光机,1.0,0.0
3269,386445,落泪,v,1,4,38276,时光机,录音室专辑,2003-11-11,2,恒星的恒心,时光机,1.0,0.0
3270,386445,滴,v,1,4,38276,时光机,录音室专辑,2003-11-11,2,恒星的恒心,时光机,1.0,0.0
3271,386445,世界,n,1,4,38276,时光机,录音室专辑,2003-11-11,2,恒星的恒心,时光机,1.0,0.0
3272,386445,都,d,1,4,38276,时光机,录音室专辑,2003-11-11,2,恒星的恒心,时光机,1.0,0.0
3273,386445,下雨,v,1,4,38276,时光机,录音室专辑,2003-11-11,2,恒星的恒心,时光机,1.0,0.0
3274,386445,雨,n,1,4,38276,时光机,录音室专辑,2003-11-11,2,恒星的恒心,时光机,1.0,0.0
3275,386445,降落,v,1,4,38276,时光机,录音室专辑,2003-11-11,2,恒星的恒心,时光机,1.0,0.0
3276,386445,大地,n,1,4,38276,时光机,录音室专辑,2003-11-11,2,恒星的恒心,时光机,1.0,0.0
3277,386445,安静,nr,1,4,38276,时光机,录音室专辑,2003-11-11,2,恒星的恒心,时光机,1.0,0.0
3278,386445,倾听,v,1,4,38276,时光机,录音室专辑,2003-11-11,2,恒星的恒心,时光机,1.0,0.0
3279,386445,却,d,1,4,38276,时光机,录音室专辑,2003-11-11,2,恒星的恒心,时光机,1.0,0.0
3280,386445,无法,n,1,4,38276,时光机,录音室专辑,2003-11-11,2,恒星的恒心,时光机,1.0,0.0
3281,386445,领悟,n,1,4,38276,时光机,录音室专辑,2003-11-11,2,恒星的恒心,时光机,1.0,0.0
3282,386445,为何,r,1,4,38276,时光机,录音室专辑,2003-11-11,2,恒星的恒心,时光机,1.0,0.0
3283,386445,放弃,v,1,4,38276,时光机,录音室专辑,2003-11-11,2,恒星的恒心,时光机,1.0,0.0
3284,386445,带走,v,1,4,38276,时光机,录音室专辑,2003-11-11,2,恒星的恒心,时光机,1.0,0.0
3285,386445,回荡,v,1,4,38276,时光机,录音室专辑,2003-11-11,2,恒星的恒心,时光机,1.0,0.0
3286,386445,回忆,v,1,4,38276,时光机,录音室专辑,2003-11-11,2,恒星的恒心,时光机,1.0,0.0
3287,386445,像,v,1,4,38276,时光机,录音室专辑,2003-11-11,2,恒星的恒心,时光机,1.0,0.0
3288,386445,流浪,v,1,4,38276,时光机,录音室专辑,2003-11-11,2,恒星的恒心,时光机,1.0,0.0
3289,386445,流星,n,1,4,38276,时光机,录音室专辑,2003-11-11,2,恒星的恒心,时光机,1.0,0.0
3290,386445,丢,v,1,4,38276,时光机,录音室专辑,2003-11-11,2,恒星的恒心,时光机,1.0,0.0
3291,386445,黑夜,n,1,4,38276,时光机,录音室专辑,2003-11-11,2,恒星的恒心,时光机,1.0,0.0
3292,386445,想着,v,1,4,38276,时光机,录音室专辑,2003-11-11,2,恒星的恒心,时光机,1.0,0.0
3293,386445,离开,v,1,4,38276,时光机,录音室专辑,2003-11-11,2,恒星的恒心,时光机,1.0,0.0
3294,386445,黎明,nr,1,4,38276,时光机,录音室专辑,2003-11-11,2,恒星的恒心,时光机,1.0,0.0
3295,386445,眼泪,n,1,4,38276,时光机,录音室专辑,2003-11-11,2,恒星的恒心,时光机,1.0,0.0
3296,386445,眼睛,n,1,4,38276,时光机,录音室专辑,2003-11-11,2,恒星的恒心,时光机,1.0,0.0
3297,386445,下定决心,l,1,4,38276,时光机,录音室专辑,2003-11-11,2,恒星的恒心,时光机,1.0,0.0
3298,386445,决定,v,1,4,38276,时光机,录音室专辑,2003-11-11,2,恒星的恒心,时光机,1.0,0.0
3299,386445,恒星,nz,1,4,38276,时光机,录音室专辑,2003-11-11,2,恒星的恒心,时光机,1.0,0.0
3300,386445,恒心,n,1,4,38276,时光机,录音室专辑,2003-11-11,2,恒星的恒心,时光机,1.0,0.0
3301,386445,一年,m,1,4,38276,时光机,录音室专辑,2003-11-11,2,恒星的恒心,时光机,1.0,0.0
3302,386445,花季,t,1,4,38276,时光机,录音室专辑,2003-11-11,2,恒星的恒心,时光机,1.0,0.0
3303,386445,那一刻,r,1,4,38276,时光机,录音室专辑,2003-11-11,2,恒星的恒心,时光机,1.0,0.0
3304,386445,一生,m,1,4,38276,时光机,录音室专辑,2003-11-11,2,恒星的恒心,时光机,1.0,0.0
3305,386445,旅行,vn,1,4,38276,时光机,录音室专辑,2003-11-11,2,恒星的恒心,时光机,1.0,0.0
3306,386445,动魄惊心,i,1,4,38276,时光机,录音室专辑,2003-11-11,2,恒星的恒心,时光机,1.0,0.0
3307,386445,不是,c,1,4,38276,时光机,录音室专辑,2003-11-11,2,恒星的恒心,时光机,1.0,0.0
3308,386445,聪明,a,1,4,38276,时光机,录音室专辑,2003-11-11,2,恒星的恒心,时光机,1.0,0.0
3309,386445,以为,c,1,4,38276,时光机,录音室专辑,2003-11-11,2,恒星的恒心,时光机,1.0,0.0
3310,386445,可以,c,1,4,38276,时光机,录音室专辑,2003-11-11,2,恒星的恒心,时光机,1.0,0.0
3311,386445,守护,v,1,4,38276,时光机,录音室专辑,2003-11-11,2,恒星的恒心,时光机,1.0,0.0
3312,386445,一直,d,1,4,38276,时光机,录音室专辑,2003-11-11,2,恒星的恒心,时光机,1.0,0.0
3313,386445,到,v,1,4,38276,时光机,录音室专辑,2003-11-11,2,恒星的恒心,时光机,1.0,0.0
3314,386445,最后,f,1,4,38276,时光机,录音室专辑,2003-11-11,2,恒星的恒心,时光机,1.0,0.0
3315,386445,一丝,m,1,4,38276,时光机,录音室专辑,2003-11-11,2,恒星的恒心,时光机,1.0,0.0
3316,386445,只是,c,1,4,38276,时光机,录音室专辑,2003-11-11,2,恒星的恒心,时光机,1.0,0.0
3317,386445,没,v,1,4,38276,时光机,录音室专辑,2003-11-11,2,恒星的恒心,时光机,1.0,0.0
3318,386445,发现,v,1,4,38276,时光机,录音室专辑,2003-11-11,2,恒星的恒心,时光机,1.0,0.0
3319,386445,故事,n,1,4,38276,时光机,录音室专辑,2003-11-11,2,恒星的恒心,时光机,1.0,0.0
3320,386445,已,d,1,4,38276,时光机,录音室专辑,2003-11-11,2,恒星的恒心,时光机,1.0,0.0
3321,386445,结局,n,1,4,38276,时光机,录音室专辑,2003-11-11,2,恒星的恒心,时光机,1.0,0.0
3322,386445,早已,d,1,4,38276,时光机,录音室专辑,2003-11-11,2,恒星的恒心,时光机,1.0,0.0
3323,386445,离去,v,1,4,38276,时光机,录音室专辑,2003-11-11,2,恒星的恒心,时光机,1.0,0.0
3324,386445,还,d,1,4,38276,时光机,录音室专辑,2003-11-11,2,恒星的恒心,时光机,1.0,0.0
3325,386445,坚定,a,1,4,38276,时光机,录音室专辑,2003-11-11,2,恒星的恒心,时光机,1.0,0.0
3326,386445,老,a,1,4,38276,时光机,录音室专辑,2003-11-11,2,恒星的恒心,时光机,1.0,0.0
3327,386445,累,a,1,4,38276,时光机,录音室专辑,2003-11-11,2,恒星的恒心,时光机,1.0,0.0
3328,386445,倦,a,1,4,38276,时光机,录音室专辑,2003-11-11,2,恒星的恒心,时光机,1.0,0.0
3329,386445,变,v,1,4,38276,时光机,录音室专辑,2003-11-11,2,恒星的恒心,时光机,1.0,0.0
3330,386447,我,r,24,4,38276,时光机,录音室专辑,2003-11-11,3,雌雄同体,时光机,1.0,0.0
3331,386447,你,r,22,4,38276,时光机,录音室专辑,2003-11-11,3,雌雄同体,时光机,1.0,0.0
3332,386447,的,uj,17,4,38276,时光机,录音室专辑,2003-11-11,3,雌雄同体,时光机,1.0,0.0
3333,386447,爱,v,8,4,38276,时光机,录音室专辑,2003-11-11,3,雌雄同体,时光机,1.0,0.0
3334,386447,可以,c,6,4,38276,时光机,录音室专辑,2003-11-11,3,雌雄同体,时光机,1.0,0.0
3335,386447,自己,r,5,4,38276,时光机,录音室专辑,2003-11-11,3,雌雄同体,时光机,1.0,0.0
3336,386447,要,v,5,4,38276,时光机,录音室专辑,2003-11-11,3,雌雄同体,时光机,1.0,0.0
3337,386447,是,v,5,4,38276,时光机,录音室专辑,2003-11-11,3,雌雄同体,时光机,1.0,0.0
3338,386447,上,f,4,4,38276,时光机,录音室专辑,2003-11-11,3,雌雄同体,时光机,1.0,0.0
3339,386447,不该,v,4,4,38276,时光机,录音室专辑,2003-11-11,3,雌雄同体,时光机,1.0,0.0
3340,386447,猜测,vn,4,4,38276,时光机,录音室专辑,2003-11-11,3,雌雄同体,时光机,1.0,0.0
3341,386447,应该,v,4,4,38276,时光机,录音室专辑,2003-11-11,3,雌雄同体,时光机,1.0,0.0
3342,386447,只要,c,4,4,38276,时光机,录音室专辑,2003-11-11,3,雌雄同体,时光机,1.0,0.0
3343,386447,一切,r,4,4,38276,时光机,录音室专辑,2003-11-11,3,雌雄同体,时光机,1.0,0.0
3344,386447,都,d,4,4,38276,时光机,录音室专辑,2003-11-11,3,雌雄同体,时光机,1.0,0.0
3345,386447,没,v,4,4,38276,时光机,录音室专辑,2003-11-11,3,雌雄同体,时光机,1.0,0.0
3346,386447,问题,n,4,4,38276,时光机,录音室专辑,2003-11-11,3,雌雄同体,时光机,1.0,0.0
3347,386447,和,c,3,4,38276,时光机,录音室专辑,2003-11-11,3,雌雄同体,时光机,1.0,0.0
3348,386447,七点,m,2,4,38276,时光机,录音室专辑,2003-11-11,3,雌雄同体,时光机,1.0,0.0
3349,386447,镜子,n,2,4,38276,时光机,录音室专辑,2003-11-11,3,雌雄同体,时光机,1.0,0.0
3350,386447,前,f,2,4,38276,时光机,录音室专辑,2003-11-11,3,雌雄同体,时光机,1.0,0.0
3351,386447,琢磨,v,2,4,38276,时光机,录音室专辑,2003-11-11,3,雌雄同体,时光机,1.0,0.0
3352,386447,属于,v,2,4,38276,时光机,录音室专辑,2003-11-11,3,雌雄同体,时光机,1.0,0.0
3353,386447,美丽,ns,2,4,38276,时光机,录音室专辑,2003-11-11,3,雌雄同体,时光机,1.0,0.0
3354,386447,轻轻,d,2,4,38276,时光机,录音室专辑,2003-11-11,3,雌雄同体,时光机,1.0,0.0
3355,386447,刮去,v,2,4,38276,时光机,录音室专辑,2003-11-11,3,雌雄同体,时光机,1.0,0.0
3356,386447,嘴角,n,2,4,38276,时光机,录音室专辑,2003-11-11,3,雌雄同体,时光机,1.0,0.0
3357,386447,胡青,nr,2,4,38276,时光机,录音室专辑,2003-11-11,3,雌雄同体,时光机,1.0,0.0
3358,386447,画,v,2,4,38276,时光机,录音室专辑,2003-11-11,3,雌雄同体,时光机,1.0,0.0
3359,386447,本性,n,2,4,38276,时光机,录音室专辑,2003-11-11,3,雌雄同体,时光机,1.0,0.0
3360,386447,淡紫色,n,2,4,38276,时光机,录音室专辑,2003-11-11,3,雌雄同体,时光机,1.0,0.0
3361,386447,眼影,n,2,4,38276,时光机,录音室专辑,2003-11-11,3,雌雄同体,时光机,1.0,0.0
3362,386447,粉色,n,2,4,38276,时光机,录音室专辑,2003-11-11,3,雌雄同体,时光机,1.0,0.0
3363,386447,双唇,n,2,4,38276,时光机,录音室专辑,2003-11-11,3,雌雄同体,时光机,1.0,0.0
3364,386447,喃喃自语,i,2,4,38276,时光机,录音室专辑,2003-11-11,3,雌雄同体,时光机,1.0,0.0
3365,386447,既使,c,2,4,38276,时光机,录音室专辑,2003-11-11,3,雌雄同体,时光机,1.0,0.0
3366,386447,到,v,2,4,38276,时光机,录音室专辑,2003-11-11,3,雌雄同体,时光机,1.0,0.0
3367,386447,最后,f,2,4,38276,时光机,录音室专辑,2003-11-11,3,雌雄同体,时光机,1.0,0.0
3368,386447,还是,c,2,4,38276,时光机,录音室专辑,2003-11-11,3,雌雄同体,时光机,1.0,0.0
3369,386447,看不清,v,2,4,38276,时光机,录音室专辑,2003-11-11,3,雌雄同体,时光机,1.0,0.0
3370,386447,看到,v,2,4,38276,时光机,录音室专辑,2003-11-11,3,雌雄同体,时光机,1.0,0.0
3371,386447,享受,v,2,4,38276,时光机,录音室专辑,2003-11-11,3,雌雄同体,时光机,1.0,0.0
3372,386447,男,b,2,4,38276,时光机,录音室专辑,2003-11-11,3,雌雄同体,时光机,1.0,0.0
3373,386447,女,n,2,4,38276,时光机,录音室专辑,2003-11-11,3,雌雄同体,时光机,1.0,0.0
3374,386447,飘移,v,2,4,38276,时光机,录音室专辑,2003-11-11,3,雌雄同体,时光机,1.0,0.0
3375,386447,不定,d,2,4,38276,时光机,录音室专辑,2003-11-11,3,雌雄同体,时光机,1.0,0.0
3376,386447,调整,vn,2,4,38276,时光机,录音室专辑,2003-11-11,3,雌雄同体,时光机,1.0,0.0
3377,386447,百分比,n,2,4,38276,时光机,录音室专辑,2003-11-11,3,雌雄同体,时光机,1.0,0.0
3378,386447,一个,m,2,4,38276,时光机,录音室专辑,2003-11-11,3,雌雄同体,时光机,1.0,0.0
3379,386447,游戏,n,2,4,38276,时光机,录音室专辑,2003-11-11,3,雌雄同体,时光机,1.0,0.0
3380,386447,也许,d,2,4,38276,时光机,录音室专辑,2003-11-11,3,雌雄同体,时光机,1.0,0.0
3381,386447,发现自己,l,2,4,38276,时光机,录音室专辑,2003-11-11,3,雌雄同体,时光机,1.0,0.0
3382,386447,原来,d,2,4,38276,时光机,录音室专辑,2003-11-11,3,雌雄同体,时光机,1.0,0.0
3383,386447,雌雄同体,l,2,4,38276,时光机,录音室专辑,2003-11-11,3,雌雄同体,时光机,1.0,0.0
3384,386447,领带,n,1,4,38276,时光机,录音室专辑,2003-11-11,3,雌雄同体,时光机,1.0,0.0
3385,386447,配,v,1,4,38276,时光机,录音室专辑,2003-11-11,3,雌雄同体,时光机,1.0,0.0
3386,386447,苏格兰,ns,1,4,38276,时光机,录音室专辑,2003-11-11,3,雌雄同体,时光机,1.0,0.0
3387,386447,裙,n,1,4,38276,时光机,录音室专辑,2003-11-11,3,雌雄同体,时光机,1.0,0.0
3388,386447,火,n,1,4,38276,时光机,录音室专辑,2003-11-11,3,雌雄同体,时光机,1.0,0.0
3389,386447,一般,a,1,4,38276,时光机,录音室专辑,2003-11-11,3,雌雄同体,时光机,1.0,0.0
3390,386447,羽毛,n,1,4,38276,时光机,录音室专辑,2003-11-11,3,雌雄同体,时光机,1.0,0.0
3391,386447,围巾,n,1,4,38276,时光机,录音室专辑,2003-11-11,3,雌雄同体,时光机,1.0,0.0
3392,386447,只是,c,1,4,38276,时光机,录音室专辑,2003-11-11,3,雌雄同体,时光机,1.0,0.0
3393,386447,仍,d,1,4,38276,时光机,录音室专辑,2003-11-11,3,雌雄同体,时光机,1.0,0.0
3394,386447,在,p,1,4,38276,时光机,录音室专辑,2003-11-11,3,雌雄同体,时光机,1.0,0.0
3395,386447,反复,v,1,4,38276,时光机,录音室专辑,2003-11-11,3,雌雄同体,时光机,1.0,0.0
3396,386447,考虑,v,1,4,38276,时光机,录音室专辑,2003-11-11,3,雌雄同体,时光机,1.0,0.0
3397,386447,搭配,v,1,4,38276,时光机,录音室专辑,2003-11-11,3,雌雄同体,时光机,1.0,0.0
3398,386447,几号,m,1,4,38276,时光机,录音室专辑,2003-11-11,3,雌雄同体,时光机,1.0,0.0
3399,386447,香精,n,1,4,38276,时光机,录音室专辑,2003-11-11,3,雌雄同体,时光机,1.0,0.0
3400,386447,做,v,1,4,38276,时光机,录音室专辑,2003-11-11,3,雌雄同体,时光机,1.0,0.0
3401,386447,今晚,t,1,4,38276,时光机,录音室专辑,2003-11-11,3,雌雄同体,时光机,1.0,0.0
3402,386447,内衣,n,1,4,38276,时光机,录音室专辑,2003-11-11,3,雌雄同体,时光机,1.0,0.0
3403,386447,与其,c,1,4,38276,时光机,录音室专辑,2003-11-11,3,雌雄同体,时光机,1.0,0.0
3404,386447,让,v,1,4,38276,时光机,录音室专辑,2003-11-11,3,雌雄同体,时光机,1.0,0.0
3405,386447,了解,v,1,4,38276,时光机,录音室专辑,2003-11-11,3,雌雄同体,时光机,1.0,0.0
3406,386447,宁愿,d,1,4,38276,时光机,录音室专辑,2003-11-11,3,雌雄同体,时光机,1.0,0.0
3407,386447,谜,n,1,4,38276,时光机,录音室专辑,2003-11-11,3,雌雄同体,时光机,1.0,0.0
3408,386447,解不开,v,1,4,38276,时光机,录音室专辑,2003-11-11,3,雌雄同体,时光机,1.0,0.0
3409,386447,难题,n,1,4,38276,时光机,录音室专辑,2003-11-11,3,雌雄同体,时光机,1.0,0.0
3410,386447,真,d,1,4,38276,时光机,录音室专辑,2003-11-11,3,雌雄同体,时光机,1.0,0.0
3411,386447,和假,a,1,4,38276,时光机,录音室专辑,2003-11-11,3,雌雄同体,时光机,1.0,0.0
3412,386447,秘密,n,1,4,38276,时光机,录音室专辑,2003-11-11,3,雌雄同体,时光机,1.0,0.0
3413,386447,扣,v,1,4,38276,时光机,录音室专辑,2003-11-11,3,雌雄同体,时光机,1.0,0.0
3414,386447,心弦,n,1,4,38276,时光机,录音室专辑,2003-11-11,3,雌雄同体,时光机,1.0,0.0
3415,386447,模仿,v,1,4,38276,时光机,录音室专辑,2003-11-11,3,雌雄同体,时光机,1.0,0.0
3416,386447,或,c,1,4,38276,时光机,录音室专辑,2003-11-11,3,雌雄同体,时光机,1.0,0.0
3417,386447,变成,v,1,4,38276,时光机,录音室专辑,2003-11-11,3,雌雄同体,时光机,1.0,0.0
3418,386447,对比,v,1,4,38276,时光机,录音室专辑,2003-11-11,3,雌雄同体,时光机,1.0,0.0
3419,386447,参加,v,1,4,38276,时光机,录音室专辑,2003-11-11,3,雌雄同体,时光机,1.0,0.0
3420,386447,理想,n,1,4,38276,时光机,录音室专辑,2003-11-11,3,雌雄同体,时光机,1.0,0.0
3421,386447,爱情,n,1,4,38276,时光机,录音室专辑,2003-11-11,3,雌雄同体,时光机,1.0,0.0
3422,386447,避,v,1,4,38276,时光机,录音室专辑,2003-11-11,3,雌雄同体,时光机,1.0,0.0
3423,386447,唯恐,v,1,4,38276,时光机,录音室专辑,2003-11-11,3,雌雄同体,时光机,1.0,0.0
3424,386447,不及,c,1,4,38276,时光机,录音室专辑,2003-11-11,3,雌雄同体,时光机,1.0,0.0
3425,386447,把,p,1,4,38276,时光机,录音室专辑,2003-11-11,3,雌雄同体,时光机,1.0,0.0
3426,386447,当作,v,1,4,38276,时光机,录音室专辑,2003-11-11,3,雌雄同体,时光机,1.0,0.0
3427,386447,异形,n,1,4,38276,时光机,录音室专辑,2003-11-11,3,雌雄同体,时光机,1.0,0.0
3428,386447,可是,c,1,4,38276,时光机,录音室专辑,2003-11-11,3,雌雄同体,时光机,1.0,0.0
3429,386447,如何,r,1,4,38276,时光机,录音室专辑,2003-11-11,3,雌雄同体,时光机,1.0,0.0
3430,386447,真的,d,1,4,38276,时光机,录音室专辑,2003-11-11,3,雌雄同体,时光机,1.0,0.0
3431,386447,确定,v,1,4,38276,时光机,录音室专辑,2003-11-11,3,雌雄同体,时光机,1.0,0.0
3432,386447,灵魂,n,1,4,38276,时光机,录音室专辑,2003-11-11,3,雌雄同体,时光机,1.0,0.0
3433,386447,找到,v,1,4,38276,时光机,录音室专辑,2003-11-11,3,雌雄同体,时光机,1.0,0.0
3434,386447,样貌,n,1,4,38276,时光机,录音室专辑,2003-11-11,3,雌雄同体,时光机,1.0,0.0
3435,386447,身体,n,1,4,38276,时光机,录音室专辑,2003-11-11,3,雌雄同体,时光机,1.0,0.0
3436,386449,喔,o,40,4,38276,时光机,录音室专辑,2003-11-11,4,阿姆斯壮,时光机,1.0,0.0
3437,386449,我,r,17,4,38276,时光机,录音室专辑,2003-11-11,4,阿姆斯壮,时光机,1.0,0.0
3438,386449,的,uj,10,4,38276,时光机,录音室专辑,2003-11-11,4,阿姆斯壮,时光机,1.0,0.0
3439,386449,你,r,7,4,38276,时光机,录音室专辑,2003-11-11,4,阿姆斯壮,时光机,1.0,0.0
3440,386449,再,d,7,4,38276,时光机,录音室专辑,2003-11-11,4,阿姆斯壮,时光机,1.0,0.0
3441,386449,不要,df,5,4,38276,时光机,录音室专辑,2003-11-11,4,阿姆斯壮,时光机,1.0,0.0
3442,386449,请,v,5,4,38276,时光机,录音室专辑,2003-11-11,4,阿姆斯壮,时光机,1.0,0.0
3443,386449,忍受,v,4,4,38276,时光机,录音室专辑,2003-11-11,4,阿姆斯壮,时光机,1.0,0.0
3444,386449,阿姆斯壮,nr,3,4,38276,时光机,录音室专辑,2003-11-11,4,阿姆斯壮,时光机,1.0,0.0
3445,386449,是,v,3,4,38276,时光机,录音室专辑,2003-11-11,4,阿姆斯壮,时光机,1.0,0.0
3446,386449,离开,v,3,4,38276,时光机,录音室专辑,2003-11-11,4,阿姆斯壮,时光机,1.0,0.0
3447,386449,无聊,a,3,4,38276,时光机,录音室专辑,2003-11-11,4,阿姆斯壮,时光机,1.0,0.0
3448,386449,地球,n,3,4,38276,时光机,录音室专辑,2003-11-11,4,阿姆斯壮,时光机,1.0,0.0
3449,386449,给,p,3,4,38276,时光机,录音室专辑,2003-11-11,4,阿姆斯壮,时光机,1.0,0.0
3450,386449,活著,v,3,4,38276,时光机,录音室专辑,2003-11-11,4,阿姆斯壮,时光机,1.0,0.0
3451,386449,藉口,nr,3,4,38276,时光机,录音室专辑,2003-11-11,4,阿姆斯壮,时光机,1.0,0.0
3452,386449,Mayday,eng,2,4,38276,时光机,录音室专辑,2003-11-11,4,阿姆斯壮,时光机,1.0,0.0
3453,386449,problem,eng,2,4,38276,时光机,录音室专辑,2003-11-11,4,阿姆斯壮,时光机,1.0,0.0
3454,386449,登陆,v,2,4,38276,时光机,录音室专辑,2003-11-11,4,阿姆斯壮,时光机,1.0,0.0
3455,386449,月球,n,2,4,38276,时光机,录音室专辑,2003-11-11,4,阿姆斯壮,时光机,1.0,0.0
3456,386449,我心,n,2,4,38276,时光机,录音室专辑,2003-11-11,4,阿姆斯壮,时光机,1.0,0.0
3457,386449,感动,v,2,4,38276,时光机,录音室专辑,2003-11-11,4,阿姆斯壮,时光机,1.0,0.0
3458,386449,终于,d,2,4,38276,时光机,录音室专辑,2003-11-11,4,阿姆斯壮,时光机,1.0,0.0
3459,386449,心上,s,2,4,38276,时光机,录音室专辑,2003-11-11,4,阿姆斯壮,时光机,1.0,0.0
3460,386449,安全,an,2,4,38276,时光机,录音室专辑,2003-11-11,4,阿姆斯壮,时光机,1.0,0.0
3461,386449,降落,v,2,4,38276,时光机,录音室专辑,2003-11-11,4,阿姆斯壮,时光机,1.0,0.0
3462,386449,过,ug,2,4,38276,时光机,录音室专辑,2003-11-11,4,阿姆斯壮,时光机,1.0,0.0
3463,386449,这,r,2,4,38276,时光机,录音室专辑,2003-11-11,4,阿姆斯壮,时光机,1.0,0.0
3464,386449,大,a,2,4,38276,时光机,录音室专辑,2003-11-11,4,阿姆斯壮,时光机,1.0,0.0
3465,386449,突破,vn,2,4,38276,时光机,录音室专辑,2003-11-11,4,阿姆斯壮,时光机,1.0,0.0
3466,386449,了,ul,2,4,38276,时光机,录音室专辑,2003-11-11,4,阿姆斯壮,时光机,1.0,0.0
3467,386449,为,p,2,4,38276,时光机,录音室专辑,2003-11-11,4,阿姆斯壮,时光机,1.0,0.0
3468,386449,不能,v,2,4,38276,时光机,录音室专辑,2003-11-11,4,阿姆斯壮,时光机,1.0,0.0
3469,386449,软弱,a,2,4,38276,时光机,录音室专辑,2003-11-11,4,阿姆斯壮,时光机,1.0,0.0
3470,386449,爱,v,2,4,38276,时光机,录音室专辑,2003-11-11,4,阿姆斯壮,时光机,1.0,0.0
3471,386449,We,eng,1,4,38276,时光机,录音室专辑,2003-11-11,4,阿姆斯壮,时光机,1.0,0.0
3472,386449,got,eng,1,4,38276,时光机,录音室专辑,2003-11-11,4,阿姆斯壮,时光机,1.0,0.0
3473,386449,hey,eng,1,4,38276,时光机,录音室专辑,2003-11-11,4,阿姆斯壮,时光机,1.0,0.0
3474,386449,boy,eng,1,4,38276,时光机,录音室专辑,2003-11-11,4,阿姆斯壮,时光机,1.0,0.0
3475,386449,it,eng,1,4,38276,时光机,录音室专辑,2003-11-11,4,阿姆斯壮,时光机,1.0,0.0
3476,386449,your,eng,1,4,38276,时光机,录音室专辑,2003-11-11,4,阿姆斯壮,时光机,1.0,0.0
3477,386449,那个,r,1,4,38276,时光机,录音室专辑,2003-11-11,4,阿姆斯壮,时光机,1.0,0.0
3478,386449,家伙,n,1,4,38276,时光机,录音室专辑,2003-11-11,4,阿姆斯壮,时光机,1.0,0.0
3479,386449,他,r,1,4,38276,时光机,录音室专辑,2003-11-11,4,阿姆斯壮,时光机,1.0,0.0
3480,386449,好像,v,1,4,38276,时光机,录音室专辑,2003-11-11,4,阿姆斯壮,时光机,1.0,0.0
3481,386449,有,v,1,4,38276,时光机,录音室专辑,2003-11-11,4,阿姆斯壮,时光机,1.0,0.0
3482,386449,说,v,1,4,38276,时光机,录音室专辑,2003-11-11,4,阿姆斯壮,时光机,1.0,0.0
3483,386449,一步,m,1,4,38276,时光机,录音室专辑,2003-11-11,4,阿姆斯壮,时光机,1.0,0.0
3484,386449,虽,c,1,4,38276,时光机,录音室专辑,2003-11-11,4,阿姆斯壮,时光机,1.0,0.0
3485,386449,小,n,1,4,38276,时光机,录音室专辑,2003-11-11,4,阿姆斯壮,时光机,1.0,0.0
3486,386449,对,p,1,4,38276,时光机,录音室专辑,2003-11-11,4,阿姆斯壮,时光机,1.0,0.0
3487,386449,来说,u,1,4,38276,时光机,录音室专辑,2003-11-11,4,阿姆斯壮,时光机,1.0,0.0
3488,386449,却是,d,1,4,38276,时光机,录音室专辑,2003-11-11,4,阿姆斯壮,时光机,1.0,0.0
3489,386449,柔道,n,1,4,38276,时光机,录音室专辑,2003-11-11,4,阿姆斯壮,时光机,1.0,0.0
3490,386449,插花,n,1,4,38276,时光机,录音室专辑,2003-11-11,4,阿姆斯壮,时光机,1.0,0.0
3491,386449,街舞,n,1,4,38276,时光机,录音室专辑,2003-11-11,4,阿姆斯壮,时光机,1.0,0.0
3492,386449,调酒,vn,1,4,38276,时光机,录音室专辑,2003-11-11,4,阿姆斯壮,时光机,1.0,0.0
3493,386449,这些,r,1,4,38276,时光机,录音室专辑,2003-11-11,4,阿姆斯壮,时光机,1.0,0.0
3494,386449,都,d,1,4,38276,时光机,录音室专辑,2003-11-11,4,阿姆斯壮,时光机,1.0,0.0
3495,386449,学,v,1,4,38276,时光机,录音室专辑,2003-11-11,4,阿姆斯壮,时光机,1.0,0.0
3496,386449,还,d,1,4,38276,时光机,录音室专辑,2003-11-11,4,阿姆斯壮,时光机,1.0,0.0
3497,386449,练,v,1,4,38276,时光机,录音室专辑,2003-11-11,4,阿姆斯壮,时光机,1.0,0.0
3498,386449,肌肉,n,1,4,38276,时光机,录音室专辑,2003-11-11,4,阿姆斯壮,时光机,1.0,0.0
3499,386449,加强,v,1,4,38276,时光机,录音室专辑,2003-11-11,4,阿姆斯壮,时光机,1.0,0.0
3500,386449,幽默,a,1,4,38276,时光机,录音室专辑,2003-11-11,4,阿姆斯壮,时光机,1.0,0.0
3501,386449,而,c,1,4,38276,时光机,录音室专辑,2003-11-11,4,阿姆斯壮,时光机,1.0,0.0
3502,386449,笑,v,1,4,38276,时光机,录音室专辑,2003-11-11,4,阿姆斯壮,时光机,1.0,0.0
3503,386449,发疯,v,1,4,38276,时光机,录音室专辑,2003-11-11,4,阿姆斯壮,时光机,1.0,0.0
3504,386449,叹气,v,1,4,38276,时光机,录音室专辑,2003-11-11,4,阿姆斯壮,时光机,1.0,0.0
3505,386449,刮风,n,1,4,38276,时光机,录音室专辑,2003-11-11,4,阿姆斯壮,时光机,1.0,0.0
3506,386449,爱情,n,1,4,38276,时光机,录音室专辑,2003-11-11,4,阿姆斯壮,时光机,1.0,0.0
3507,386449,不,d,1,4,38276,时光机,录音室专辑,2003-11-11,4,阿姆斯壮,时光机,1.0,0.0
3508,386449,自由,a,1,4,38276,时光机,录音室专辑,2003-11-11,4,阿姆斯壮,时光机,1.0,0.0
3509,386449,没有,v,1,4,38276,时光机,录音室专辑,2003-11-11,4,阿姆斯壮,时光机,1.0,0.0
3510,386449,关系,n,1,4,38276,时光机,录音室专辑,2003-11-11,4,阿姆斯壮,时光机,1.0,0.0
3511,386449,可以,c,1,4,38276,时光机,录音室专辑,2003-11-11,4,阿姆斯壮,时光机,1.0,0.0
3512,386449,接受,v,1,4,38276,时光机,录音室专辑,2003-11-11,4,阿姆斯壮,时光机,1.0,0.0
3513,386449,MUSIC,eng,1,4,38276,时光机,录音室专辑,2003-11-11,4,阿姆斯壮,时光机,1.0,0.0
3514,386451,我,r,30,4,38276,时光机,录音室专辑,2003-11-11,5,而我知道,时光机,1.0,0.0
3515,386451,知道,v,25,4,38276,时光机,录音室专辑,2003-11-11,5,而我知道,时光机,1.0,0.0
3516,386451,而,c,17,4,38276,时光机,录音室专辑,2003-11-11,5,而我知道,时光机,1.0,0.0
3517,386451,你,r,14,4,38276,时光机,录音室专辑,2003-11-11,5,而我知道,时光机,1.0,0.0
3518,386451,这么,r,8,4,38276,时光机,录音室专辑,2003-11-11,5,而我知道,时光机,1.0,0.0
3519,386451,吧,y,6,4,38276,时光机,录音室专辑,2003-11-11,5,而我知道,时光机,1.0,0.0
3520,386451,就,d,6,4,38276,时光机,录音室专辑,2003-11-11,5,而我知道,时光机,1.0,0.0
3521,386451,却,d,6,4,38276,时光机,录音室专辑,2003-11-11,5,而我知道,时光机,1.0,0.0
3522,386451,还是,c,6,4,38276,时光机,录音室专辑,2003-11-11,5,而我知道,时光机,1.0,0.0
3523,386451,难熬,a,6,4,38276,时光机,录音室专辑,2003-11-11,5,而我知道,时光机,1.0,0.0
3524,386451,的,uj,5,4,38276,时光机,录音室专辑,2003-11-11,5,而我知道,时光机,1.0,0.0
3525,386451,不,d,5,4,38276,时光机,录音室专辑,2003-11-11,5,而我知道,时光机,1.0,0.0
3526,386451,笑,v,4,4,38276,时光机,录音室专辑,2003-11-11,5,而我知道,时光机,1.0,0.0
3527,386451,说,v,4,4,38276,时光机,录音室专辑,2003-11-11,5,而我知道,时光机,1.0,0.0
3528,386451,了,ul,4,4,38276,时光机,录音室专辑,2003-11-11,5,而我知道,时光机,1.0,0.0
3529,386451,我们,r,4,4,38276,时光机,录音室专辑,2003-11-11,5,而我知道,时光机,1.0,0.0
3530,386451,这样,r,4,4,38276,时光机,录音室专辑,2003-11-11,5,而我知道,时光机,1.0,0.0
3531,386451,想,v,3,4,38276,时光机,录音室专辑,2003-11-11,5,而我知道,时光机,1.0,0.0
3532,386451,有,v,3,4,38276,时光机,录音室专辑,2003-11-11,5,而我知道,时光机,1.0,0.0
3533,386451,这,r,3,4,38276,时光机,录音室专辑,2003-11-11,5,而我知道,时光机,1.0,0.0
3534,386451,一切,r,3,4,38276,时光机,录音室专辑,2003-11-11,5,而我知道,时光机,1.0,0.0
3535,386451,全都,n,3,4,38276,时光机,录音室专辑,2003-11-11,5,而我知道,时光机,1.0,0.0
3536,386451,曾,d,3,4,38276,时光机,录音室专辑,2003-11-11,5,而我知道,时光机,1.0,0.0
3537,386451,天真,nz,3,4,38276,时光机,录音室专辑,2003-11-11,5,而我知道,时光机,1.0,0.0
3538,386451,地,uv,3,4,38276,时光机,录音室专辑,2003-11-11,5,而我知道,时光机,1.0,0.0
3539,386451,一起,m,3,4,38276,时光机,录音室专辑,2003-11-11,5,而我知道,时光机,1.0,0.0
3540,386451,哭,v,3,4,38276,时光机,录音室专辑,2003-11-11,5,而我知道,时光机,1.0,0.0
3541,386451,和,c,3,4,38276,时光机,录音室专辑,2003-11-11,5,而我知道,时光机,1.0,0.0
3542,386451,放开手,l,3,4,38276,时光机,录音室专辑,2003-11-11,5,而我知道,时光机,1.0,0.0
3543,386451,但,c,3,4,38276,时光机,录音室专辑,2003-11-11,5,而我知道,时光机,1.0,0.0
3544,386451,怎么,r,3,4,38276,时光机,录音室专辑,2003-11-11,5,而我知道,时光机,1.0,0.0
3545,386451,忘掉,v,3,4,38276,时光机,录音室专辑,2003-11-11,5,而我知道,时光机,1.0,0.0
3546,386451,走,v,3,4,38276,时光机,录音室专辑,2003-11-11,5,而我知道,时光机,1.0,0.0
3547,386451,以后,f,3,4,38276,时光机,录音室专辑,2003-11-11,5,而我知道,时光机,1.0,0.0
3548,386451,每,r,3,4,38276,时光机,录音室专辑,2003-11-11,5,而我知道,时光机,1.0,0.0
3549,386451,一分一秒,m,3,4,38276,时光机,录音室专辑,2003-11-11,5,而我知道,时光机,1.0,0.0
3550,386451,在,p,2,4,38276,时光机,录音室专辑,2003-11-11,5,而我知道,时光机,1.0,0.0
3551,386451,很,d,2,4,38276,时光机,录音室专辑,2003-11-11,5,而我知道,时光机,1.0,0.0
3552,386451,的话,u,2,4,38276,时光机,录音室专辑,2003-11-11,5,而我知道,时光机,1.0,0.0
3553,386451,那,r,2,4,38276,时光机,录音室专辑,2003-11-11,5,而我知道,时光机,1.0,0.0
3554,386451,真,d,2,4,38276,时光机,录音室专辑,2003-11-11,5,而我知道,时光机,1.0,0.0
3555,386451,爱,v,2,4,38276,时光机,录音室专辑,2003-11-11,5,而我知道,时光机,1.0,0.0
3556,386451,一定,d,2,4,38276,时光机,录音室专辑,2003-11-11,5,而我知道,时光机,1.0,0.0
3557,386451,能,v,2,4,38276,时光机,录音室专辑,2003-11-11,5,而我知道,时光机,1.0,0.0
3558,386451,白头到老,i,2,4,38276,时光机,录音室专辑,2003-11-11,5,而我知道,时光机,1.0,0.0
3559,386451,一天,m,2,4,38276,时光机,录音室专辑,2003-11-11,5,而我知道,时光机,1.0,0.0
3560,386451,可能,v,2,4,38276,时光机,录音室专辑,2003-11-11,5,而我知道,时光机,1.0,0.0
3561,386451,走掉,v,2,4,38276,时光机,录音室专辑,2003-11-11,5,而我知道,时光机,1.0,0.0
3562,386451,就是,d,2,4,38276,时光机,录音室专辑,2003-11-11,5,而我知道,时光机,1.0,0.0
3563,386451,受不了,l,2,4,38276,时光机,录音室专辑,2003-11-11,5,而我知道,时光机,1.0,0.0
3564,386451,冰块,n,1,4,38276,时光机,录音室专辑,2003-11-11,5,而我知道,时光机,1.0,0.0
3565,386451,还,d,1,4,38276,时光机,录音室专辑,2003-11-11,5,而我知道,时光机,1.0,0.0
3566,386451,没,v,1,4,38276,时光机,录音室专辑,2003-11-11,5,而我知道,时光机,1.0,0.0
3567,386451,融化,vn,1,4,38276,时光机,录音室专辑,2003-11-11,5,而我知道,时光机,1.0,0.0
3568,386451,看表,v,1,4,38276,时光机,录音室专辑,2003-11-11,5,而我知道,时光机,1.0,0.0
3569,386451,尴尬,a,1,4,38276,时光机,录音室专辑,2003-11-11,5,而我知道,时光机,1.0,0.0
3570,386451,最近,f,1,4,38276,时光机,录音室专辑,2003-11-11,5,而我知道,时光机,1.0,0.0
3571,386451,忙,v,1,4,38276,时光机,录音室专辑,2003-11-11,5,而我知道,时光机,1.0,0.0
3572,386451,改天,v,1,4,38276,时光机,录音室专辑,2003-11-11,5,而我知道,时光机,1.0,0.0
3573,386451,聊,v,1,4,38276,时光机,录音室专辑,2003-11-11,5,而我知道,时光机,1.0,0.0
3574,386451,那天,r,1,4,38276,时光机,录音室专辑,2003-11-11,5,而我知道,时光机,1.0,0.0
3575,386451,楼下,s,1,4,38276,时光机,录音室专辑,2003-11-11,5,而我知道,时光机,1.0,0.0
3576,386451,很久,m,1,4,38276,时光机,录音室专辑,2003-11-11,5,而我知道,时光机,1.0,0.0
3577,386451,爱情,n,1,4,38276,时光机,录音室专辑,2003-11-11,5,而我知道,时光机,1.0,0.0
3578,386451,很窄,a,1,4,38276,时光机,录音室专辑,2003-11-11,5,而我知道,时光机,1.0,0.0
3579,386451,世界,n,1,4,38276,时光机,录音室专辑,2003-11-11,5,而我知道,时光机,1.0,0.0
3580,386451,很大,a,1,4,38276,时光机,录音室专辑,2003-11-11,5,而我知道,时光机,1.0,0.0
3581,386451,应该,v,1,4,38276,时光机,录音室专辑,2003-11-11,5,而我知道,时光机,1.0,0.0
3582,386451,长大,ns,1,4,38276,时光机,录音室专辑,2003-11-11,5,而我知道,时光机,1.0,0.0
3583,386451,听懂,v,1,4,38276,时光机,录音室专辑,2003-11-11,5,而我知道,时光机,1.0,0.0
3584,386451,话,n,1,4,38276,时光机,录音室专辑,2003-11-11,5,而我知道,时光机,1.0,0.0
3585,386451,中,f,1,4,38276,时光机,录音室专辑,2003-11-11,5,而我知道,时光机,1.0,0.0
3586,386451,微笑,vn,1,4,38276,时光机,录音室专辑,2003-11-11,5,而我知道,时光机,1.0,0.0
3587,386451,紧紧,d,1,4,38276,时光机,录音室专辑,2003-11-11,5,而我知道,时光机,1.0,0.0
3588,386451,咬牙,v,1,4,38276,时光机,录音室专辑,2003-11-11,5,而我知道,时光机,1.0,0.0
3589,386451,给,p,1,4,38276,时光机,录音室专辑,2003-11-11,5,而我知道,时光机,1.0,0.0
3590,386451,祝福,nr,1,4,38276,时光机,录音室专辑,2003-11-11,5,而我知道,时光机,1.0,0.0
3591,386451,自由,a,1,4,38276,时光机,录音室专辑,2003-11-11,5,而我知道,时光机,1.0,0.0
3592,386451,飞,v,1,4,38276,时光机,录音室专辑,2003-11-11,5,而我知道,时光机,1.0,0.0
3593,386451,温室,n,1,4,38276,时光机,录音室专辑,2003-11-11,5,而我知道,时光机,1.0,0.0
3594,386451,没有,v,1,4,38276,时光机,录音室专辑,2003-11-11,5,而我知道,时光机,1.0,0.0
3595,386451,灿烂,a,1,4,38276,时光机,录音室专辑,2003-11-11,5,而我知道,时光机,1.0,0.0
3596,386451,花,n,1,4,38276,时光机,录音室专辑,2003-11-11,5,而我知道,时光机,1.0,0.0
3597,386451,总是,c,1,4,38276,时光机,录音室专辑,2003-11-11,5,而我知道,时光机,1.0,0.0
3598,386451,想法,v,1,4,38276,时光机,录音室专辑,2003-11-11,5,而我知道,时光机,1.0,0.0
3599,386451,同意,d,1,4,38276,时光机,录音室专辑,2003-11-11,5,而我知道,时光机,1.0,0.0
3600,386451,可是,c,1,4,38276,时光机,录音室专辑,2003-11-11,5,而我知道,时光机,1.0,0.0
3601,386451,泪如雨下,l,1,4,38276,时光机,录音室专辑,2003-11-11,5,而我知道,时光机,1.0,0.0
3602,386453,我,r,19,4,38276,时光机,录音室专辑,2003-11-11,6,赌神,时光机,1.0,0.0
3603,386453,在,p,10,4,38276,时光机,录音室专辑,2003-11-11,6,赌神,时光机,1.0,0.0
3604,386453,的,uj,9,4,38276,时光机,录音室专辑,2003-11-11,6,赌神,时光机,1.0,0.0
3605,386453,说,v,4,4,38276,时光机,录音室专辑,2003-11-11,6,赌神,时光机,1.0,0.0
3606,386453,要,v,4,4,38276,时光机,录音室专辑,2003-11-11,6,赌神,时光机,1.0,0.0
3607,386453,去,v,4,4,38276,时光机,录音室专辑,2003-11-11,6,赌神,时光机,1.0,0.0
3608,386453,烂泥,n,4,4,38276,时光机,录音室专辑,2003-11-11,6,赌神,时光机,1.0,0.0
3609,386453,手心,n,4,4,38276,时光机,录音室专辑,2003-11-11,6,赌神,时光机,1.0,0.0
3610,386453,传奇,n,3,4,38276,时光机,录音室专辑,2003-11-11,6,赌神,时光机,1.0,0.0
3611,386453,拼,v,3,4,38276,时光机,录音室专辑,2003-11-11,6,赌神,时光机,1.0,0.0
3612,386453,一张,m,3,4,38276,时光机,录音室专辑,2003-11-11,6,赌神,时光机,1.0,0.0
3613,386453,好胜,v,3,4,38276,时光机,录音室专辑,2003-11-11,6,赌神,时光机,1.0,0.0
3614,386453,自尊,v,3,4,38276,时光机,录音室专辑,2003-11-11,6,赌神,时光机,1.0,0.0
3615,386453,又,d,3,4,38276,时光机,录音室专辑,2003-11-11,6,赌神,时光机,1.0,0.0
3616,386453,放,v,3,4,38276,时光机,录音室专辑,2003-11-11,6,赌神,时光机,1.0,0.0
3617,386453,不,d,3,4,38276,时光机,录音室专辑,2003-11-11,6,赌神,时光机,1.0,0.0
3618,386453,低,a,3,4,38276,时光机,录音室专辑,2003-11-11,6,赌神,时光机,1.0,0.0
3619,386453,冷静,a,3,4,38276,时光机,录音室专辑,2003-11-11,6,赌神,时光机,1.0,0.0
3620,386453,沉住气,n,3,4,38276,时光机,录音室专辑,2003-11-11,6,赌神,时光机,1.0,0.0
3621,386453,幸运,a,3,4,38276,时光机,录音室专辑,2003-11-11,6,赌神,时光机,1.0,0.0
3622,386453,无法,n,3,4,38276,时光机,录音室专辑,2003-11-11,6,赌神,时光机,1.0,0.0
3623,386453,想,v,3,4,38276,时光机,录音室专辑,2003-11-11,6,赌神,时光机,1.0,0.0
3624,386453,明天,t,3,4,38276,时光机,录音室专辑,2003-11-11,6,赌神,时光机,1.0,0.0
3625,386453,哪,r,3,4,38276,时光机,录音室专辑,2003-11-11,6,赌神,时光机,1.0,0.0
3626,386453,昨天,t,3,4,38276,时光机,录音室专辑,2003-11-11,6,赌神,时光机,1.0,0.0
3627,386453,回不去,v,3,4,38276,时光机,录音室专辑,2003-11-11,6,赌神,时光机,1.0,0.0
3628,386453,了,ul,2,4,38276,时光机,录音室专辑,2003-11-11,6,赌神,时光机,1.0,0.0
3629,386453,一个,m,2,4,38276,时光机,录音室专辑,2003-11-11,6,赌神,时光机,1.0,0.0
3630,386453,嘛,y,2,4,38276,时光机,录音室专辑,2003-11-11,6,赌神,时光机,1.0,0.0
3631,386453,底牌,n,2,4,38276,时光机,录音室专辑,2003-11-11,6,赌神,时光机,1.0,0.0
3632,386453,决定,v,2,4,38276,时光机,录音室专辑,2003-11-11,6,赌神,时光机,1.0,0.0
3633,386453,一生,m,2,4,38276,时光机,录音室专辑,2003-11-11,6,赌神,时光机,1.0,0.0
3634,386453,或,c,2,4,38276,时光机,录音室专辑,2003-11-11,6,赌神,时光机,1.0,0.0
3635,386453,一身,m,2,4,38276,时光机,录音室专辑,2003-11-11,6,赌神,时光机,1.0,0.0
3636,386453,不过,c,2,4,38276,时光机,录音室专辑,2003-11-11,6,赌神,时光机,1.0,0.0
3637,386453,就是,d,2,4,38276,时光机,录音室专辑,2003-11-11,6,赌神,时光机,1.0,0.0
3638,386453,一条,m,2,4,38276,时光机,录音室专辑,2003-11-11,6,赌神,时光机,1.0,0.0
3639,386453,命,n,2,4,38276,时光机,录音室专辑,2003-11-11,6,赌神,时光机,1.0,0.0
3640,386453,一,m,2,4,38276,时光机,录音室专辑,2003-11-11,6,赌神,时光机,1.0,0.0
3641,386453,狮子山,ns,1,4,38276,时光机,录音室专辑,2003-11-11,6,赌神,时光机,1.0,0.0
3642,386453,下,f,1,4,38276,时光机,录音室专辑,2003-11-11,6,赌神,时光机,1.0,0.0
3643,386453,一间,m,1,4,38276,时光机,录音室专辑,2003-11-11,6,赌神,时光机,1.0,0.0
3644,386453,破屋,n,1,4,38276,时光机,录音室专辑,2003-11-11,6,赌神,时光机,1.0,0.0
3645,386453,发现,v,1,4,38276,时光机,录音室专辑,2003-11-11,6,赌神,时光机,1.0,0.0
3646,386453,沉睡,v,1,4,38276,时光机,录音室专辑,2003-11-11,6,赌神,时光机,1.0,0.0
3647,386453,箱子,n,1,4,38276,时光机,录音室专辑,2003-11-11,6,赌神,时光机,1.0,0.0
3648,386453,一笔,m,1,4,38276,时光机,录音室专辑,2003-11-11,6,赌神,时光机,1.0,0.0
3649,386453,天文数字,n,1,4,38276,时光机,录音室专辑,2003-11-11,6,赌神,时光机,1.0,0.0
3650,386453,一本,m,1,4,38276,时光机,录音室专辑,2003-11-11,6,赌神,时光机,1.0,0.0
3651,386453,斑驳,z,1,4,38276,时光机,录音室专辑,2003-11-11,6,赌神,时光机,1.0,0.0
3652,386453,公海,n,1,4,38276,时光机,录音室专辑,2003-11-11,6,赌神,时光机,1.0,0.0
3653,386453,领域,n,1,4,38276,时光机,录音室专辑,2003-11-11,6,赌神,时光机,1.0,0.0
3654,386453,无,v,1,4,38276,时光机,录音室专辑,2003-11-11,6,赌神,时光机,1.0,0.0
3655,386453,风,n,1,4,38276,时光机,录音室专辑,2003-11-11,6,赌神,时光机,1.0,0.0
3656,386453,邮轮,n,1,4,38276,时光机,录音室专辑,2003-11-11,6,赌神,时光机,1.0,0.0
3657,386453,静,nr,1,4,38276,时光机,录音室专辑,2003-11-11,6,赌神,时光机,1.0,0.0
3658,386453,命运,n,1,4,38276,时光机,录音室专辑,2003-11-11,6,赌神,时光机,1.0,0.0
3659,386453,与,p,1,4,38276,时光机,录音室专辑,2003-11-11,6,赌神,时光机,1.0,0.0
3660,386453,隔,v,1,4,38276,时光机,录音室专辑,2003-11-11,6,赌神,时光机,1.0,0.0
3661,386453,桌,ng,1,4,38276,时光机,录音室专辑,2003-11-11,6,赌神,时光机,1.0,0.0
3662,386453,对立,v,1,4,38276,时光机,录音室专辑,2003-11-11,6,赌神,时光机,1.0,0.0
3663,386453,烟雾弥漫,l,1,4,38276,时光机,录音室专辑,2003-11-11,6,赌神,时光机,1.0,0.0
3664,386453,隐藏,v,1,4,38276,时光机,录音室专辑,2003-11-11,6,赌神,时光机,1.0,0.0
3665,386453,杀机,n,1,4,38276,时光机,录音室专辑,2003-11-11,6,赌神,时光机,1.0,0.0
3666,386453,微笑,vn,1,4,38276,时光机,录音室专辑,2003-11-11,6,赌神,时光机,1.0,0.0
3667,386453,回忆,v,1,4,38276,时光机,录音室专辑,2003-11-11,6,赌神,时光机,1.0,0.0
3668,386453,逃离,v,1,4,38276,时光机,录音室专辑,2003-11-11,6,赌神,时光机,1.0,0.0
3669,386453,家门,n,1,4,38276,时光机,录音室专辑,2003-11-11,6,赌神,时光机,1.0,0.0
3670,386453,一九三,m,1,4,38276,时光机,录音室专辑,2003-11-11,6,赌神,时光机,1.0,0.0
3671,386453,七,m,1,4,38276,时光机,录音室专辑,2003-11-11,6,赌神,时光机,1.0,0.0
3672,386453,老人,n,1,4,38276,时光机,录音室专辑,2003-11-11,6,赌神,时光机,1.0,0.0
3673,386453,陪,v,1,4,38276,时光机,录音室专辑,2003-11-11,6,赌神,时光机,1.0,0.0
3674,386453,一直,d,1,4,38276,时光机,录音室专辑,2003-11-11,6,赌神,时光机,1.0,0.0
3675,386453,淋雨,n,1,4,38276,时光机,录音室专辑,2003-11-11,6,赌神,时光机,1.0,0.0
3676,386453,他,r,1,4,38276,时光机,录音室专辑,2003-11-11,6,赌神,时光机,1.0,0.0
3677,386453,滚回,v,1,4,38276,时光机,录音室专辑,2003-11-11,6,赌神,时光机,1.0,0.0
3678,386453,家里,s,1,4,38276,时光机,录音室专辑,2003-11-11,6,赌神,时光机,1.0,0.0
3679,386453,就,d,1,4,38276,时光机,录音室专辑,2003-11-11,6,赌神,时光机,1.0,0.0
3680,386453,烧饼,n,1,4,38276,时光机,录音室专辑,2003-11-11,6,赌神,时光机,1.0,0.0
3681,386453,和,c,1,4,38276,时光机,录音室专辑,2003-11-11,6,赌神,时光机,1.0,0.0
3682,386453,一路,m,1,4,38276,时光机,录音室专辑,2003-11-11,6,赌神,时光机,1.0,0.0
3683,386453,痴迷,v,1,4,38276,时光机,录音室专辑,2003-11-11,6,赌神,时光机,1.0,0.0
3684,386453,一种,m,1,4,38276,时光机,录音室专辑,2003-11-11,6,赌神,时光机,1.0,0.0
3685,386453,吉普赛,nr,1,4,38276,时光机,录音室专辑,2003-11-11,6,赌神,时光机,1.0,0.0
3686,386453,式,k,1,4,38276,时光机,录音室专辑,2003-11-11,6,赌神,时光机,1.0,0.0
3687,386453,寻觅,v,1,4,38276,时光机,录音室专辑,2003-11-11,6,赌神,时光机,1.0,0.0
3688,386453,人,n,1,4,38276,时光机,录音室专辑,2003-11-11,6,赌神,时光机,1.0,0.0
3689,386453,江湖,ns,1,4,38276,时光机,录音室专辑,2003-11-11,6,赌神,时光机,1.0,0.0
3690,386453,一场,m,1,4,38276,时光机,录音室专辑,2003-11-11,6,赌神,时光机,1.0,0.0
3691,386453,风景,n,1,4,38276,时光机,录音室专辑,2003-11-11,6,赌神,时光机,1.0,0.0
3692,386453,一件,m,1,4,38276,时光机,录音室专辑,2003-11-11,6,赌神,时光机,1.0,0.0
3693,386453,风衣,n,1,4,38276,时光机,录音室专辑,2003-11-11,6,赌神,时光机,1.0,0.0
3694,386453,繁华,a,1,4,38276,时光机,录音室专辑,2003-11-11,6,赌神,时光机,1.0,0.0
3695,386453,背面,f,1,4,38276,时光机,录音室专辑,2003-11-11,6,赌神,时光机,1.0,0.0
3696,386453,黑街,ns,1,4,38276,时光机,录音室专辑,2003-11-11,6,赌神,时光机,1.0,0.0
3697,386453,场景,n,1,4,38276,时光机,录音室专辑,2003-11-11,6,赌神,时光机,1.0,0.0
3698,386453,跟,p,1,4,38276,时光机,录音室专辑,2003-11-11,6,赌神,时光机,1.0,0.0
3699,386453,良心,a,1,4,38276,时光机,录音室专辑,2003-11-11,6,赌神,时光机,1.0,0.0
3700,386453,演,v,1,4,38276,时光机,录音室专辑,2003-11-11,6,赌神,时光机,1.0,0.0
3701,386453,对手戏,l,1,4,38276,时光机,录音室专辑,2003-11-11,6,赌神,时光机,1.0,0.0
3702,386453,上帝,n,1,4,38276,时光机,录音室专辑,2003-11-11,6,赌神,时光机,1.0,0.0
3703,386453,怎么,r,1,4,38276,时光机,录音室专辑,2003-11-11,6,赌神,时光机,1.0,0.0
3704,386453,能,v,1,4,38276,时光机,录音室专辑,2003-11-11,6,赌神,时光机,1.0,0.0
3705,386453,抵挡,v,1,4,38276,时光机,录音室专辑,2003-11-11,6,赌神,时光机,1.0,0.0
3706,386453,一万种,m,1,4,38276,时光机,录音室专辑,2003-11-11,6,赌神,时光机,1.0,0.0
3707,386453,贪欲,v,1,4,38276,时光机,录音室专辑,2003-11-11,6,赌神,时光机,1.0,0.0
3708,386457,我,r,43,4,38276,时光机,录音室专辑,2003-11-11,7,别惹我,时光机,1.0,0.0
3709,386457,惹,v,23,4,38276,时光机,录音室专辑,2003-11-11,7,别惹我,时光机,1.0,0.0
3710,386457,不要,df,17,4,38276,时光机,录音室专辑,2003-11-11,7,别惹我,时光机,1.0,0.0
3711,386457,别,r,12,4,38276,时光机,录音室专辑,2003-11-11,7,别惹我,时光机,1.0,0.0
3712,386457,告诉,v,10,4,38276,时光机,录音室专辑,2003-11-11,7,别惹我,时光机,1.0,0.0
3713,386457,你,r,10,4,38276,时光机,录音室专辑,2003-11-11,7,别惹我,时光机,1.0,0.0
3714,386457,自由,a,7,4,38276,时光机,录音室专辑,2003-11-11,7,别惹我,时光机,1.0,0.0
3715,386457,的,uj,5,4,38276,时光机,录音室专辑,2003-11-11,7,别惹我,时光机,1.0,0.0
3716,386457,今,zg,5,4,38276,时光机,录音室专辑,2003-11-11,7,别惹我,时光机,1.0,0.0
3717,386457,天,q,5,4,38276,时光机,录音室专辑,2003-11-11,7,别惹我,时光机,1.0,0.0
3718,386457,在,p,5,4,38276,时光机,录音室专辑,2003-11-11,7,别惹我,时光机,1.0,0.0
3719,386457,今天,t,5,4,38276,时光机,录音室专辑,2003-11-11,7,别惹我,时光机,1.0,0.0
3720,386457,自,p,5,4,38276,时光机,录音室专辑,2003-11-11,7,别惹我,时光机,1.0,0.0
3721,386457,由,p,5,4,38276,时光机,录音室专辑,2003-11-11,7,别惹我,时光机,1.0,0.0
3722,386457,让,v,5,4,38276,时光机,录音室专辑,2003-11-11,7,别惹我,时光机,1.0,0.0
3723,386457,多少,m,5,4,38276,时光机,录音室专辑,2003-11-11,7,别惹我,时光机,1.0,0.0
3724,386457,次,q,5,4,38276,时光机,录音室专辑,2003-11-11,7,别惹我,时光机,1.0,0.0
3725,386457,烂,v,4,4,38276,时光机,录音室专辑,2003-11-11,7,别惹我,时光机,1.0,0.0
3726,386457,忍,v,2,4,38276,时光机,录音室专辑,2003-11-11,7,别惹我,时光机,1.0,0.0
3727,386457,了,ul,2,4,38276,时光机,录音室专辑,2003-11-11,7,别惹我,时光机,1.0,0.0
3728,386457,很久,m,2,4,38276,时光机,录音室专辑,2003-11-11,7,别惹我,时光机,1.0,0.0
3729,386457,靠近,v,2,4,38276,时光机,录音室专辑,2003-11-11,7,别惹我,时光机,1.0,0.0
3730,386457,放纵,v,2,4,38276,时光机,录音室专辑,2003-11-11,7,别惹我,时光机,1.0,0.0
3731,386457,堕落,v,2,4,38276,时光机,录音室专辑,2003-11-11,7,别惹我,时光机,1.0,0.0
3732,386457,是,v,2,4,38276,时光机,录音室专辑,2003-11-11,7,别惹我,时光机,1.0,0.0
3733,386457,插手,v,2,4,38276,时光机,录音室专辑,2003-11-11,7,别惹我,时光机,1.0,0.0
3734,386457,啰嗦,z,2,4,38276,时光机,录音室专辑,2003-11-11,7,别惹我,时光机,1.0,0.0
3735,386457,管,v,2,4,38276,时光机,录音室专辑,2003-11-11,7,别惹我,时光机,1.0,0.0
3736,386457,真多,d,2,4,38276,时光机,录音室专辑,2003-11-11,7,别惹我,时光机,1.0,0.0
3737,386457,机车,n,1,4,38276,时光机,录音室专辑,2003-11-11,7,别惹我,时光机,1.0,0.0
3738,386457,又,d,1,4,38276,时光机,录音室专辑,2003-11-11,7,别惹我,时光机,1.0,0.0
3739,386457,熄火,v,1,4,38276,时光机,录音室专辑,2003-11-11,7,别惹我,时光机,1.0,0.0
3740,386457,电话,n,1,4,38276,时光机,录音室专辑,2003-11-11,7,别惹我,时光机,1.0,0.0
3741,386457,不通,a,1,4,38276,时光机,录音室专辑,2003-11-11,7,别惹我,时光机,1.0,0.0
3742,386457,藉口,nr,1,4,38276,时光机,录音室专辑,2003-11-11,7,别惹我,时光机,1.0,0.0
3743,386457,朋友,n,1,4,38276,时光机,录音室专辑,2003-11-11,7,别惹我,时光机,1.0,0.0
3744,386457,好烂,a,1,4,38276,时光机,录音室专辑,2003-11-11,7,别惹我,时光机,1.0,0.0
3745,386457,生活,vn,1,4,38276,时光机,录音室专辑,2003-11-11,7,别惹我,时光机,1.0,0.0
3746,386457,没钱,v,1,4,38276,时光机,录音室专辑,2003-11-11,7,别惹我,时光机,1.0,0.0
3747,386457,没,v,1,4,38276,时光机,录音室专辑,2003-11-11,7,别惹我,时光机,1.0,0.0
3748,386457,成就,n,1,4,38276,时光机,录音室专辑,2003-11-11,7,别惹我,时光机,1.0,0.0
3749,386457,但是,c,1,4,38276,时光机,录音室专辑,2003-11-11,7,别惹我,时光机,1.0,0.0
3750,386457,有,v,1,4,38276,时光机,录音室专辑,2003-11-11,7,别惹我,时光机,1.0,0.0
3751,386457,梦,n,1,4,38276,时光机,录音室专辑,2003-11-11,7,别惹我,时光机,1.0,0.0
3752,386457,很狂,a,1,4,38276,时光机,录音室专辑,2003-11-11,7,别惹我,时光机,1.0,0.0
3753,386457,很,d,1,4,38276,时光机,录音室专辑,2003-11-11,7,别惹我,时光机,1.0,0.0
3754,386457,疯,a,1,4,38276,时光机,录音室专辑,2003-11-11,7,别惹我,时光机,1.0,0.0
3755,386457,为,p,1,4,38276,时光机,录音室专辑,2003-11-11,7,别惹我,时光机,1.0,0.0
3756,386457,自己,r,1,4,38276,时光机,录音室专辑,2003-11-11,7,别惹我,时光机,1.0,0.0
3757,386457,活,vn,1,4,38276,时光机,录音室专辑,2003-11-11,7,别惹我,时光机,1.0,0.0
3758,386457,Music,eng,1,4,38276,时光机,录音室专辑,2003-11-11,7,别惹我,时光机,1.0,0.0
3759,386461,我,r,23,4,38276,时光机,录音室专辑,2003-11-11,8,九号球,时光机,1.0,0.0
3760,386461,在,p,16,4,38276,时光机,录音室专辑,2003-11-11,8,九号球,时光机,1.0,0.0
3761,386461,谁,r,9,4,38276,时光机,录音室专辑,2003-11-11,8,九号球,时光机,1.0,0.0
3762,386461,也许,d,8,4,38276,时光机,录音室专辑,2003-11-11,8,九号球,时光机,1.0,0.0
3763,386461,这,r,8,4,38276,时光机,录音室专辑,2003-11-11,8,九号球,时光机,1.0,0.0
3764,386461,了,ul,8,4,38276,时光机,录音室专辑,2003-11-11,8,九号球,时光机,1.0,0.0
3765,386461,却,d,7,4,38276,时光机,录音室专辑,2003-11-11,8,九号球,时光机,1.0,0.0
3766,386461,忘,v,7,4,38276,时光机,录音室专辑,2003-11-11,8,九号球,时光机,1.0,0.0
3767,386461,是,v,7,4,38276,时光机,录音室专辑,2003-11-11,8,九号球,时光机,1.0,0.0
3768,386461,的,uj,6,4,38276,时光机,录音室专辑,2003-11-11,8,九号球,时光机,1.0,0.0
3769,386461,就,d,5,4,38276,时光机,录音室专辑,2003-11-11,8,九号球,时光机,1.0,0.0
3770,386461,像,v,5,4,38276,时光机,录音室专辑,2003-11-11,8,九号球,时光机,1.0,0.0
3771,386461,着,uz,4,4,38276,时光机,录音室专辑,2003-11-11,8,九号球,时光机,1.0,0.0
3772,386461,一杆,m,4,4,38276,时光机,录音室专辑,2003-11-11,8,九号球,时光机,1.0,0.0
3773,386461,又,d,4,4,38276,时光机,录音室专辑,2003-11-11,8,九号球,时光机,1.0,0.0
3774,386461,没,v,4,4,38276,时光机,录音室专辑,2003-11-11,8,九号球,时光机,1.0,0.0
3775,386461,办法,n,4,4,38276,时光机,录音室专辑,2003-11-11,8,九号球,时光机,1.0,0.0
3776,386461,进球,n,4,4,38276,时光机,录音室专辑,2003-11-11,8,九号球,时光机,1.0,0.0
3777,386461,生活,vn,4,4,38276,时光机,录音室专辑,2003-11-11,8,九号球,时光机,1.0,0.0
3778,386461,一直,d,4,4,38276,时光机,录音室专辑,2003-11-11,8,九号球,时光机,1.0,0.0
3779,386461,出差错,i,4,4,38276,时光机,录音室专辑,2003-11-11,8,九号球,时光机,1.0,0.0
3780,386461,一生,m,4,4,38276,时光机,录音室专辑,2003-11-11,8,九号球,时光机,1.0,0.0
3781,386461,始终,d,4,4,38276,时光机,录音室专辑,2003-11-11,8,九号球,时光机,1.0,0.0
3782,386461,追逐,v,4,4,38276,时光机,录音室专辑,2003-11-11,8,九号球,时光机,1.0,0.0
3783,386461,那,r,4,4,38276,时光机,录音室专辑,2003-11-11,8,九号球,时光机,1.0,0.0
3784,386461,颗,q,4,4,38276,时光机,录音室专辑,2003-11-11,8,九号球,时光机,1.0,0.0
3785,386461,九号,m,4,4,38276,时光机,录音室专辑,2003-11-11,8,九号球,时光机,1.0,0.0
3786,386461,球,n,4,4,38276,时光机,录音室专辑,2003-11-11,8,九号球,时光机,1.0,0.0
3787,386461,爱,v,4,4,38276,时光机,录音室专辑,2003-11-11,8,九号球,时光机,1.0,0.0
3788,386461,罩,v,3,4,38276,时光机,录音室专辑,2003-11-11,8,九号球,时光机,1.0,0.0
3789,386461,逃走,v,2,4,38276,时光机,录音室专辑,2003-11-11,8,九号球,时光机,1.0,0.0
3790,386461,翻过,v,1,4,38276,时光机,录音室专辑,2003-11-11,8,九号球,时光机,1.0,0.0
3791,386461,围墙,n,1,4,38276,时光机,录音室专辑,2003-11-11,8,九号球,时光机,1.0,0.0
3792,386461,只能,v,1,4,38276,时光机,录音室专辑,2003-11-11,8,九号球,时光机,1.0,0.0
3793,386461,从,p,1,4,38276,时光机,录音室专辑,2003-11-11,8,九号球,时光机,1.0,0.0
3794,386461,教室,n,1,4,38276,时光机,录音室专辑,2003-11-11,8,九号球,时光机,1.0,0.0
3795,386461,里头,f,1,4,38276,时光机,录音室专辑,2003-11-11,8,九号球,时光机,1.0,0.0
3796,386461,奔,zg,1,4,38276,时光机,录音室专辑,2003-11-11,8,九号球,时光机,1.0,0.0
3797,386461,向,p,1,4,38276,时光机,录音室专辑,2003-11-11,8,九号球,时光机,1.0,0.0
3798,386461,自由,a,1,4,38276,时光机,录音室专辑,2003-11-11,8,九号球,时光机,1.0,0.0
3799,386461,熟悉,v,1,4,38276,时光机,录音室专辑,2003-11-11,8,九号球,时光机,1.0,0.0
3800,386461,角落,n,1,4,38276,时光机,录音室专辑,2003-11-11,8,九号球,时光机,1.0,0.0
3801,386461,有人,r,1,4,38276,时光机,录音室专辑,2003-11-11,8,九号球,时光机,1.0,0.0
3802,386461,等,u,1,4,38276,时光机,录音室专辑,2003-11-11,8,九号球,时光机,1.0,0.0
3803,386461,有,v,1,4,38276,时光机,录音室专辑,2003-11-11,8,九号球,时光机,1.0,0.0
3804,386461,挑衅,v,1,4,38276,时光机,录音室专辑,2003-11-11,8,九号球,时光机,1.0,0.0
3805,386461,笑容,n,1,4,38276,时光机,录音室专辑,2003-11-11,8,九号球,时光机,1.0,0.0
3806,386461,今天,t,1,4,38276,时光机,录音室专辑,2003-11-11,8,九号球,时光机,1.0,0.0
3807,386461,先,d,1,4,38276,时光机,录音室专辑,2003-11-11,8,九号球,时光机,1.0,0.0
3808,386461,开球,n,1,4,38276,时光机,录音室专辑,2003-11-11,8,九号球,时光机,1.0,0.0
3809,386461,让,v,1,4,38276,时光机,录音室专辑,2003-11-11,8,九号球,时光机,1.0,0.0
3810,386461,尝点,v,1,4,38276,时光机,录音室专辑,2003-11-11,8,九号球,时光机,1.0,0.0
3811,386461,苦头,n,1,4,38276,时光机,录音室专辑,2003-11-11,8,九号球,时光机,1.0,0.0
3812,386461,绿色,n,1,4,38276,时光机,录音室专辑,2003-11-11,8,九号球,时光机,1.0,0.0
3813,386461,地平线,n,1,4,38276,时光机,录音室专辑,2003-11-11,8,九号球,时光机,1.0,0.0
3814,386461,上,f,1,4,38276,时光机,录音室专辑,2003-11-11,8,九号球,时光机,1.0,0.0
3815,386461,撞,v,1,4,38276,时光机,录音室专辑,2003-11-11,8,九号球,时光机,1.0,0.0
3816,386461,彩色,n,1,4,38276,时光机,录音室专辑,2003-11-11,8,九号球,时光机,1.0,0.0
3817,386461,堕落,v,1,4,38276,时光机,录音室专辑,2003-11-11,8,九号球,时光机,1.0,0.0
3818,386461,从前,t,1,4,38276,时光机,录音室专辑,2003-11-11,8,九号球,时光机,1.0,0.0
3819,386461,书包,n,1,4,38276,时光机,录音室专辑,2003-11-11,8,九号球,时光机,1.0,0.0
3820,386461,很,d,1,4,38276,时光机,录音室专辑,2003-11-11,8,九号球,时光机,1.0,0.0
3821,386461,满,a,1,4,38276,时光机,录音室专辑,2003-11-11,8,九号球,时光机,1.0,0.0
3822,386461,装不下,v,1,4,38276,时光机,录音室专辑,2003-11-11,8,九号球,时光机,1.0,0.0
3823,386461,梦,n,1,4,38276,时光机,录音室专辑,2003-11-11,8,九号球,时光机,1.0,0.0
3824,386461,丢,v,1,4,38276,时光机,录音室专辑,2003-11-11,8,九号球,时光机,1.0,0.0
3825,386461,一些,m,1,4,38276,时光机,录音室专辑,2003-11-11,8,九号球,时光机,1.0,0.0
3826,386461,未来,t,1,4,38276,时光机,录音室专辑,2003-11-11,8,九号球,时光机,1.0,0.0
3827,386461,我们,r,1,4,38276,时光机,录音室专辑,2003-11-11,8,九号球,时光机,1.0,0.0
3828,386461,要,v,1,4,38276,时光机,录音室专辑,2003-11-11,8,九号球,时光机,1.0,0.0
3829,386461,怎么,r,1,4,38276,时光机,录音室专辑,2003-11-11,8,九号球,时光机,1.0,0.0
3830,386461,活,vn,1,4,38276,时光机,录音室专辑,2003-11-11,8,九号球,时光机,1.0,0.0
3831,386461,凝视着,n,1,4,38276,时光机,录音室专辑,2003-11-11,8,九号球,时光机,1.0,0.0
3832,386461,白球,n,1,4,38276,时光机,录音室专辑,2003-11-11,8,九号球,时光机,1.0,0.0
3833,386461,暂时,d,1,4,38276,时光机,录音室专辑,2003-11-11,8,九号球,时光机,1.0,0.0
3834,386461,不,d,1,4,38276,时光机,录音室专辑,2003-11-11,8,九号球,时光机,1.0,0.0
3835,386461,去,v,1,4,38276,时光机,录音室专辑,2003-11-11,8,九号球,时光机,1.0,0.0
3836,386461,想,v,1,4,38276,时光机,录音室专辑,2003-11-11,8,九号球,时光机,1.0,0.0
3837,386461,天空,n,1,4,38276,时光机,录音室专辑,2003-11-11,8,九号球,时光机,1.0,0.0
3838,386461,渐渐,d,1,4,38276,时光机,录音室专辑,2003-11-11,8,九号球,时光机,1.0,0.0
3839,386461,变,v,1,4,38276,时光机,录音室专辑,2003-11-11,8,九号球,时光机,1.0,0.0
3840,386461,红,a,1,4,38276,时光机,录音室专辑,2003-11-11,8,九号球,时光机,1.0,0.0
3841,386461,影子,n,1,4,38276,时光机,录音室专辑,2003-11-11,8,九号球,时光机,1.0,0.0
3842,386461,爬满,v,1,4,38276,时光机,录音室专辑,2003-11-11,8,九号球,时光机,1.0,0.0
3843,386461,球桌,n,1,4,38276,时光机,录音室专辑,2003-11-11,8,九号球,时光机,1.0,0.0
3844,386461,输赢,v,1,4,38276,时光机,录音室专辑,2003-11-11,8,九号球,时光机,1.0,0.0
3845,386461,没有,v,1,4,38276,时光机,录音室专辑,2003-11-11,8,九号球,时光机,1.0,0.0
3846,386461,结果,n,1,4,38276,时光机,录音室专辑,2003-11-11,8,九号球,时光机,1.0,0.0
3847,386461,人生,n,1,4,38276,时光机,录音室专辑,2003-11-11,8,九号球,时光机,1.0,0.0
3848,386461,难以捉摸,i,1,4,38276,时光机,录音室专辑,2003-11-11,8,九号球,时光机,1.0,0.0
3849,386465,我,r,21,4,38276,时光机,录音室专辑,2003-11-11,9,武装,时光机,1.0,0.0
3850,386465,的,uj,11,4,38276,时光机,录音室专辑,2003-11-11,9,武装,时光机,1.0,0.0
3851,386465,自己,r,10,4,38276,时光机,录音室专辑,2003-11-11,9,武装,时光机,1.0,0.0
3852,386465,最后,f,8,4,38276,时光机,录音室专辑,2003-11-11,9,武装,时光机,1.0,0.0
3853,386465,开始,v,8,4,38276,时光机,录音室专辑,2003-11-11,9,武装,时光机,1.0,0.0
3854,386465,武装,n,8,4,38276,时光机,录音室专辑,2003-11-11,9,武装,时光机,1.0,0.0
3855,386465,学,v,6,4,38276,时光机,录音室专辑,2003-11-11,9,武装,时光机,1.0,0.0
3856,386465,着,uz,6,4,38276,时光机,录音室专辑,2003-11-11,9,武装,时光机,1.0,0.0
3857,386465,没有,v,5,4,38276,时光机,录音室专辑,2003-11-11,9,武装,时光机,1.0,0.0
3858,386465,忘,v,4,4,38276,时光机,录音室专辑,2003-11-11,9,武装,时光机,1.0,0.0
3859,386465,了,ul,4,4,38276,时光机,录音室专辑,2003-11-11,9,武装,时光机,1.0,0.0
3860,386465,回忆,v,4,4,38276,时光机,录音室专辑,2003-11-11,9,武装,时光机,1.0,0.0
3861,386465,过,ug,4,4,38276,时光机,录音室专辑,2003-11-11,9,武装,时光机,1.0,0.0
3862,386465,再,d,3,4,38276,时光机,录音室专辑,2003-11-11,9,武装,时光机,1.0,0.0
3863,386465,爱,v,3,4,38276,时光机,录音室专辑,2003-11-11,9,武装,时光机,1.0,0.0
3864,386465,用,p,3,4,38276,时光机,录音室专辑,2003-11-11,9,武装,时光机,1.0,0.0
3865,386465,要,v,3,4,38276,时光机,录音室专辑,2003-11-11,9,武装,时光机,1.0,0.0
3866,386465,恐惧,an,3,4,38276,时光机,录音室专辑,2003-11-11,9,武装,时光机,1.0,0.0
3867,386465,珍惜,a,2,4,38276,时光机,录音室专辑,2003-11-11,9,武装,时光机,1.0,0.0
3868,386465,摔坏,v,2,4,38276,时光机,录音室专辑,2003-11-11,9,武装,时光机,1.0,0.0
3869,386465,心爱,n,2,4,38276,时光机,录音室专辑,2003-11-11,9,武装,时光机,1.0,0.0
3870,386465,玩具,n,2,4,38276,时光机,录音室专辑,2003-11-11,9,武装,时光机,1.0,0.0
3871,386465,远离,v,2,4,38276,时光机,录音室专辑,2003-11-11,9,武装,时光机,1.0,0.0
3872,386465,放弃,v,2,4,38276,时光机,录音室专辑,2003-11-11,9,武装,时光机,1.0,0.0
3873,386465,天空,n,2,4,38276,时光机,录音室专辑,2003-11-11,9,武装,时光机,1.0,0.0
3874,386465,城,n,2,4,38276,时光机,录音室专辑,2003-11-11,9,武装,时光机,1.0,0.0
3875,386465,在,p,2,4,38276,时光机,录音室专辑,2003-11-11,9,武装,时光机,1.0,0.0
3876,386465,解体,n,2,4,38276,时光机,录音室专辑,2003-11-11,9,武装,时光机,1.0,0.0
3877,386465,所以,c,2,4,38276,时光机,录音室专辑,2003-11-11,9,武装,时光机,1.0,0.0
3878,386465,特别,d,2,4,38276,时光机,录音室专辑,2003-11-11,9,武装,时光机,1.0,0.0
3879,386465,伤心,n,2,4,38276,时光机,录音室专辑,2003-11-11,9,武装,时光机,1.0,0.0
3880,386465,眼泪,n,2,4,38276,时光机,录音室专辑,2003-11-11,9,武装,时光机,1.0,0.0
3881,386465,洗,v,2,4,38276,时光机,录音室专辑,2003-11-11,9,武装,时光机,1.0,0.0
3882,386465,强化,v,2,4,38276,时光机,录音室专辑,2003-11-11,9,武装,时光机,1.0,0.0
3883,386465,软弱,a,2,4,38276,时光机,录音室专辑,2003-11-11,9,武装,时光机,1.0,0.0
3884,386465,心,n,2,4,38276,时光机,录音室专辑,2003-11-11,9,武装,时光机,1.0,0.0
3885,386465,有,v,2,4,38276,时光机,录音室专辑,2003-11-11,9,武装,时光机,1.0,0.0
3886,386465,名字,n,2,4,38276,时光机,录音室专辑,2003-11-11,9,武装,时光机,1.0,0.0
3887,386465,个性,n,2,4,38276,时光机,录音室专辑,2003-11-11,9,武装,时光机,1.0,0.0
3888,386465,活着,v,2,4,38276,时光机,录音室专辑,2003-11-11,9,武装,时光机,1.0,0.0
3889,386465,逻辑,n,1,4,38276,时光机,录音室专辑,2003-11-11,9,武装,时光机,1.0,0.0
3890,386465,收藏,v,1,4,38276,时光机,录音室专辑,2003-11-11,9,武装,时光机,1.0,0.0
3891,386465,上,f,1,4,38276,时光机,录音室专辑,2003-11-11,9,武装,时光机,1.0,0.0
3892,386465,那,r,1,4,38276,时光机,录音室专辑,2003-11-11,9,武装,时光机,1.0,0.0
3893,386465,就,d,1,4,38276,时光机,录音室专辑,2003-11-11,9,武装,时光机,1.0,0.0
3894,386465,谁,r,1,4,38276,时光机,录音室专辑,2003-11-11,9,武装,时光机,1.0,0.0
3895,386465,忍受,v,1,4,38276,时光机,录音室专辑,2003-11-11,9,武装,时光机,1.0,0.0
3896,386465,给,p,1,4,38276,时光机,录音室专辑,2003-11-11,9,武装,时光机,1.0,0.0
3897,386465,生命,vn,1,4,38276,时光机,录音室专辑,2003-11-11,9,武装,时光机,1.0,0.0
3898,386465,是,v,1,4,38276,时光机,录音室专辑,2003-11-11,9,武装,时光机,1.0,0.0
3899,386465,谁给了,l,1,4,38276,时光机,录音室专辑,2003-11-11,9,武装,时光机,1.0,0.0
3900,386465,血液,n,1,4,38276,时光机,录音室专辑,2003-11-11,9,武装,时光机,1.0,0.0
3901,386465,流出,v,1,4,38276,时光机,录音室专辑,2003-11-11,9,武装,时光机,1.0,0.0
3902,386465,身体,n,1,4,38276,时光机,录音室专辑,2003-11-11,9,武装,时光机,1.0,0.0
3903,386465,声音,n,1,4,38276,时光机,录音室专辑,2003-11-11,9,武装,时光机,1.0,0.0
3904,386465,还,d,1,4,38276,时光机,录音室专辑,2003-11-11,9,武装,时光机,1.0,0.0
3905,386465,你,r,1,4,38276,时光机,录音室专辑,2003-11-11,9,武装,时光机,1.0,0.0
3906,386465,不,d,1,4,38276,时光机,录音室专辑,2003-11-11,9,武装,时光机,1.0,0.0
3907,386465,稀罕,a,1,4,38276,时光机,录音室专辑,2003-11-11,9,武装,时光机,1.0,0.0
3908,386465,东西,ns,1,4,38276,时光机,录音室专辑,2003-11-11,9,武装,时光机,1.0,0.0
3909,386465,杀出,v,1,4,38276,时光机,录音室专辑,2003-11-11,9,武装,时光机,1.0,0.0
3910,386465,命运,n,1,4,38276,时光机,录音室专辑,2003-11-11,9,武装,时光机,1.0,0.0
3911,386469,的,uj,11,4,38276,时光机,录音室专辑,2003-11-11,10,时光机,时光机,1.0,0.0
3912,386469,我,r,10,4,38276,时光机,录音室专辑,2003-11-11,10,时光机,时光机,1.0,0.0
3913,386469,好,a,9,4,38276,时光机,录音室专辑,2003-11-11,10,时光机,时光机,1.0,0.0
3914,386469,又,d,5,4,38276,时光机,录音室专辑,2003-11-11,10,时光机,时光机,1.0,0.0
3915,386469,谁,r,4,4,38276,时光机,录音室专辑,2003-11-11,10,时光机,时光机,1.0,0.0
3916,386469,后悔,v,4,4,38276,时光机,录音室专辑,2003-11-11,10,时光机,时光机,1.0,0.0
3917,386469,伤心,n,4,4,38276,时光机,录音室专辑,2003-11-11,10,时光机,时光机,1.0,0.0
3918,386469,在,p,3,4,38276,时光机,录音室专辑,2003-11-11,10,时光机,时光机,1.0,0.0
3919,386469,一个,m,3,4,38276,时光机,录音室专辑,2003-11-11,10,时光机,时光机,1.0,0.0
3920,386469,人,n,3,4,38276,时光机,录音室专辑,2003-11-11,10,时光机,时光机,1.0,0.0
3921,386469,就,d,3,4,38276,时光机,录音室专辑,2003-11-11,10,时光机,时光机,1.0,0.0
3922,386469,没,d,3,4,38276,时光机,录音室专辑,2003-11-11,10,时光机,时光机,1.0,0.0
3923,386469,最后,f,3,4,38276,时光机,录音室专辑,2003-11-11,10,时光机,时光机,1.0,0.0
3924,386469,是,v,3,4,38276,时光机,录音室专辑,2003-11-11,10,时光机,时光机,1.0,0.0
3925,386469,孤单,a,3,4,38276,时光机,录音室专辑,2003-11-11,10,时光机,时光机,1.0,0.0
3926,386469,到,v,3,4,38276,时光机,录音室专辑,2003-11-11,10,时光机,时光机,1.0,0.0
3927,386469,天明,nz,3,4,38276,时光机,录音室专辑,2003-11-11,10,时光机,时光机,1.0,0.0
3928,386469,那,r,2,4,38276,时光机,录音室专辑,2003-11-11,10,时光机,时光机,1.0,0.0
3929,386469,好像,v,2,4,38276,时光机,录音室专辑,2003-11-11,10,时光机,时光机,1.0,0.0
3930,386469,像,v,2,4,38276,时光机,录音室专辑,2003-11-11,10,时光机,时光机,1.0,0.0
3931,386469,想,v,2,4,38276,时光机,录音室专辑,2003-11-11,10,时光机,时光机,1.0,0.0
3932,386469,重来,v,2,4,38276,时光机,录音室专辑,2003-11-11,10,时光机,时光机,1.0,0.0
3933,386469,行不行,v,2,4,38276,时光机,录音室专辑,2003-11-11,10,时光机,时光机,1.0,0.0
3934,386469,再,d,2,4,38276,时光机,录音室专辑,2003-11-11,10,时光机,时光机,1.0,0.0
3935,386469,一次,m,2,4,38276,时光机,录音室专辑,2003-11-11,10,时光机,时光机,1.0,0.0
3936,386469,不会,v,2,4,38276,时光机,录音室专辑,2003-11-11,10,时光机,时光机,1.0,0.0
3937,386469,走向,v,2,4,38276,时光机,录音室专辑,2003-11-11,10,时光机,时光机,1.0,0.0
3938,386469,这样,r,2,4,38276,时光机,录音室专辑,2003-11-11,10,时光机,时光机,1.0,0.0
3939,386469,结局,n,2,4,38276,时光机,录音室专辑,2003-11-11,10,时光机,时光机,1.0,0.0
3940,386469,把,p,2,4,38276,时光机,录音室专辑,2003-11-11,10,时光机,时光机,1.0,0.0
3941,386469,放,v,2,4,38276,时光机,录音室专辑,2003-11-11,10,时光机,时光机,1.0,0.0
3942,386469,回去,v,2,4,38276,时光机,录音室专辑,2003-11-11,10,时光机,时光机,1.0,0.0
3943,386469,愿意,v,2,4,38276,时光机,录音室专辑,2003-11-11,10,时光机,时光机,1.0,0.0
3944,386469,付出,v,2,4,38276,时光机,录音室专辑,2003-11-11,10,时光机,时光机,1.0,0.0
3945,386469,所有,b,2,4,38276,时光机,录音室专辑,2003-11-11,10,时光机,时光机,1.0,0.0
3946,386469,来换,v,2,4,38276,时光机,录音室专辑,2003-11-11,10,时光机,时光机,1.0,0.0
3947,386469,时光机,nw,2,4,38276,时光机,录音室专辑,2003-11-11,10,时光机,时光机,1.0,0.0
3948,386469,对不起,l,2,4,38276,时光机,录音室专辑,2003-11-11,10,时光机,时光机,1.0,0.0
3949,386469,独自,d,2,4,38276,时光机,录音室专辑,2003-11-11,10,时光机,时光机,1.0,0.0
3950,386469,回荡,v,2,4,38276,时光机,录音室专辑,2003-11-11,10,时光机,时光机,1.0,0.0
3951,386469,空气,n,2,4,38276,时光机,录音室专辑,2003-11-11,10,时光机,时光机,1.0,0.0
3952,386469,听,v,2,4,38276,时光机,录音室专辑,2003-11-11,10,时光机,时光机,1.0,0.0
3953,386469,你,r,2,4,38276,时光机,录音室专辑,2003-11-11,10,时光机,时光机,1.0,0.0
3954,386469,阳光,nr,1,4,38276,时光机,录音室专辑,2003-11-11,10,时光机,时光机,1.0,0.0
3955,386469,碎裂,v,1,4,38276,时光机,录音室专辑,2003-11-11,10,时光机,时光机,1.0,0.0
3956,386469,熟悉,v,1,4,38276,时光机,录音室专辑,2003-11-11,10,时光机,时光机,1.0,0.0
3957,386469,场景,n,1,4,38276,时光机,录音室专辑,2003-11-11,10,时光机,时光机,1.0,0.0
3958,386469,安静,nr,1,4,38276,时光机,录音室专辑,2003-11-11,10,时光机,时光机,1.0,0.0
3959,386469,能,v,1,4,38276,时光机,录音室专辑,2003-11-11,10,时光机,时光机,1.0,0.0
3960,386469,背,v,1,4,38276,时光机,录音室专辑,2003-11-11,10,时光机,时光机,1.0,0.0
3961,386469,多少,m,1,4,38276,时光机,录音室专辑,2003-11-11,10,时光机,时光机,1.0,0.0
3962,386469,往事,v,1,4,38276,时光机,录音室专辑,2003-11-11,10,时光机,时光机,1.0,0.0
3963,386469,真不轻,d,1,4,38276,时光机,录音室专辑,2003-11-11,10,时光机,时光机,1.0,0.0
3964,386469,笑,n,1,4,38276,时光机,录音室专辑,2003-11-11,10,时光机,时光机,1.0,0.0
3965,386469,温暖,an,1,4,38276,时光机,录音室专辑,2003-11-11,10,时光机,时光机,1.0,0.0
3966,386469,手心,n,1,4,38276,时光机,录音室专辑,2003-11-11,10,时光机,时光机,1.0,0.0
3967,386469,着迷,v,1,4,38276,时光机,录音室专辑,2003-11-11,10,时光机,时光机,1.0,0.0
3968,386469,伤痕,n,1,4,38276,时光机,录音室专辑,2003-11-11,10,时光机,时光机,1.0,0.0
3969,386469,都,d,1,4,38276,时光机,录音室专辑,2003-11-11,10,时光机,时光机,1.0,0.0
3970,386469,变成,v,1,4,38276,时光机,录音室专辑,2003-11-11,10,时光机,时光机,1.0,0.0
3971,386469,了,ul,1,4,38276,时光机,录音室专辑,2003-11-11,10,时光机,时光机,1.0,0.0
3972,386469,曾经,d,1,4,38276,时光机,录音室专辑,2003-11-11,10,时光机,时光机,1.0,0.0
3973,386469,全剧,n,1,4,38276,时光机,录音室专辑,2003-11-11,10,时光机,时光机,1.0,0.0
3974,386469,终,d,1,4,38276,时光机,录音室专辑,2003-11-11,10,时光机,时光机,1.0,0.0
3975,386469,看见,v,1,4,38276,时光机,录音室专辑,2003-11-11,10,时光机,时光机,1.0,0.0
3976,386469,满场,n,1,4,38276,时光机,录音室专辑,2003-11-11,10,时光机,时光机,1.0,0.0
3977,386469,空,n,1,4,38276,时光机,录音室专辑,2003-11-11,10,时光机,时光机,1.0,0.0
3978,386469,座椅,n,1,4,38276,时光机,录音室专辑,2003-11-11,10,时光机,时光机,1.0,0.0
3979,386469,灯亮,n,1,4,38276,时光机,录音室专辑,2003-11-11,10,时光机,时光机,1.0,0.0
3980,386469,起,v,1,4,38276,时光机,录音室专辑,2003-11-11,10,时光机,时光机,1.0,0.0
3981,386469,这,r,1,4,38276,时光机,录音室专辑,2003-11-11,10,时光机,时光机,1.0,0.0
3982,386469,故事,n,1,4,38276,时光机,录音室专辑,2003-11-11,10,时光机,时光机,1.0,0.0
3983,386469,真实,d,1,4,38276,时光机,录音室专辑,2003-11-11,10,时光机,时光机,1.0,0.0
3984,386469,虚幻,n,1,4,38276,时光机,录音室专辑,2003-11-11,10,时光机,时光机,1.0,0.0
3985,386469,情境,n,1,4,38276,时光机,录音室专辑,2003-11-11,10,时光机,时光机,1.0,0.0
3986,386469,只是,c,1,4,38276,时光机,录音室专辑,2003-11-11,10,时光机,时光机,1.0,0.0
3987,386469,好不容易,l,1,4,38276,时光机,录音室专辑,2003-11-11,10,时光机,时光机,1.0,0.0
3988,386469,被,p,1,4,38276,时光机,录音室专辑,2003-11-11,10,时光机,时光机,1.0,0.0
3989,386469,说服,v,1,4,38276,时光机,录音室专辑,2003-11-11,10,时光机,时光机,1.0,0.0
3990,386469,自己,r,1,4,38276,时光机,录音室专辑,2003-11-11,10,时光机,时光机,1.0,0.0
3991,386469,借口,n,1,4,38276,时光机,录音室专辑,2003-11-11,10,时光机,时光机,1.0,0.0
3992,386469,顶不住,v,1,4,38276,时光机,录音室专辑,2003-11-11,10,时光机,时光机,1.0,0.0
3993,386469,懊恼,v,1,4,38276,时光机,录音室专辑,2003-11-11,10,时光机,时光机,1.0,0.0
3994,386469,侵袭,v,1,4,38276,时光机,录音室专辑,2003-11-11,10,时光机,时光机,1.0,0.0
3995,386469,真的,d,1,4,38276,时光机,录音室专辑,2003-11-11,10,时光机,时光机,1.0,0.0
3996,386469,痛,a,1,4,38276,时光机,录音室专辑,2003-11-11,10,时光机,时光机,1.0,0.0
3997,386469,总是,c,1,4,38276,时光机,录音室专辑,2003-11-11,10,时光机,时光机,1.0,0.0
3998,386469,来,v,1,4,38276,时光机,录音室专辑,2003-11-11,10,时光机,时光机,1.0,0.0
3999,386469,很,a,1,4,38276,时光机,录音室专辑,2003-11-11,10,时光机,时光机,1.0,0.0
4000,386469,轻盈,z,1,4,38276,时光机,录音室专辑,2003-11-11,10,时光机,时光机,1.0,0.0
4001,386469,声音,n,1,4,38276,时光机,录音室专辑,2003-11-11,10,时光机,时光机,1.0,0.0
4002,386469,从,p,1,4,38276,时光机,录音室专辑,2003-11-11,10,时光机,时光机,1.0,0.0
4003,386469,背后,f,1,4,38276,时光机,录音室专辑,2003-11-11,10,时光机,时光机,1.0,0.0
4004,386469,慢慢,d,1,4,38276,时光机,录音室专辑,2003-11-11,10,时光机,时光机,1.0,0.0
4005,386469,缓缓,d,1,4,38276,时光机,录音室专辑,2003-11-11,10,时光机,时光机,1.0,0.0
4006,386469,抱,v,1,4,38276,时光机,录音室专辑,2003-11-11,10,时光机,时光机,1.0,0.0
4007,386469,着,uz,1,4,38276,时光机,录音室专辑,2003-11-11,10,时光机,时光机,1.0,0.0
4008,386469,和,c,1,4,38276,时光机,录音室专辑,2003-11-11,10,时光机,时光机,1.0,0.0
4009,386469,还有,v,1,4,38276,时光机,录音室专辑,2003-11-11,10,时光机,时光机,1.0,0.0
4010,386469,很多,m,1,4,38276,时光机,录音室专辑,2003-11-11,10,时光机,时光机,1.0,0.0
4011,386469,地方,n,1,4,38276,时光机,录音室专辑,2003-11-11,10,时光机,时光机,1.0,0.0
4012,386469,还,d,1,4,38276,时光机,录音室专辑,2003-11-11,10,时光机,时光机,1.0,0.0
4013,386469,没去,v,1,4,38276,时光机,录音室专辑,2003-11-11,10,时光机,时光机,1.0,0.0
4014,386469,为何,r,1,4,38276,时光机,录音室专辑,2003-11-11,10,时光机,时光机,1.0,0.0
4015,386469,留,v,1,4,38276,时光机,录音室专辑,2003-11-11,10,时光机,时光机,1.0,0.0
4016,386469,荒唐,a,1,4,38276,时光机,录音室专辑,2003-11-11,10,时光机,时光机,1.0,0.0
4017,386469,地,uv,1,4,38276,时光机,录音室专辑,2003-11-11,10,时光机,时光机,1.0,0.0
4018,386469,坐在,v,1,4,38276,时光机,录音室专辑,2003-11-11,10,时光机,时光机,1.0,0.0
4019,386469,这里,r,1,4,38276,时光机,录音室专辑,2003-11-11,10,时光机,时光机,1.0,0.0
4020,386473,我,r,14,4,38276,时光机,录音室专辑,2003-11-11,11,我们 (时时刻刻),时光机,1.0,0.0
4021,386473,我们,r,14,4,38276,时光机,录音室专辑,2003-11-11,11,我们 (时时刻刻),时光机,1.0,0.0
4022,386473,最后,f,10,4,38276,时光机,录音室专辑,2003-11-11,11,我们 (时时刻刻),时光机,1.0,0.0
4023,386473,要,v,8,4,38276,时光机,录音室专辑,2003-11-11,11,我们 (时时刻刻),时光机,1.0,0.0
4024,386473,曾经,d,8,4,38276,时光机,录音室专辑,2003-11-11,11,我们 (时时刻刻),时光机,1.0,0.0
4025,386473,那么,r,8,4,38276,时光机,录音室专辑,2003-11-11,11,我们 (时时刻刻),时光机,1.0,0.0
4026,386473,为何,r,6,4,38276,时光机,录音室专辑,2003-11-11,11,我们 (时时刻刻),时光机,1.0,0.0
4027,386473,你,r,6,4,38276,时光机,录音室专辑,2003-11-11,11,我们 (时时刻刻),时光机,1.0,0.0
4028,386473,这么,r,6,4,38276,时光机,录音室专辑,2003-11-11,11,我们 (时时刻刻),时光机,1.0,0.0
4029,386473,精彩,n,4,4,38276,时光机,录音室专辑,2003-11-11,11,我们 (时时刻刻),时光机,1.0,0.0
4030,386473,期待,vn,4,4,38276,时光机,录音室专辑,2003-11-11,11,我们 (时时刻刻),时光机,1.0,0.0
4031,386473,把,p,4,4,38276,时光机,录音室专辑,2003-11-11,11,我们 (时时刻刻),时光机,1.0,0.0
4032,386473,回忆,v,4,4,38276,时光机,录音室专辑,2003-11-11,11,我们 (时时刻刻),时光机,1.0,0.0
4033,386473,还,d,4,4,38276,时光机,录音室专辑,2003-11-11,11,我们 (时时刻刻),时光机,1.0,0.0
4034,386473,好好,d,4,4,38276,时光机,录音室专辑,2003-11-11,11,我们 (时时刻刻),时光机,1.0,0.0
4035,386473,过,ug,4,4,38276,时光机,录音室专辑,2003-11-11,11,我们 (时时刻刻),时光机,1.0,0.0
4036,386473,遗憾,a,3,4,38276,时光机,录音室专辑,2003-11-11,11,我们 (时时刻刻),时光机,1.0,0.0
4037,386473,无关,v,3,4,38276,时光机,录音室专辑,2003-11-11,11,我们 (时时刻刻),时光机,1.0,0.0
4038,386473,时时刻刻,l,3,4,38276,时光机,录音室专辑,2003-11-11,11,我们 (时时刻刻),时光机,1.0,0.0
4039,386473,每个,r,3,4,38276,时光机,录音室专辑,2003-11-11,11,我们 (时时刻刻),时光机,1.0,0.0
4040,386473,现在,t,3,4,38276,时光机,录音室专辑,2003-11-11,11,我们 (时时刻刻),时光机,1.0,0.0
4041,386473,都,d,3,4,38276,时光机,录音室专辑,2003-11-11,11,我们 (时时刻刻),时光机,1.0,0.0
4042,386473,在,p,3,4,38276,时光机,录音室专辑,2003-11-11,11,我们 (时时刻刻),时光机,1.0,0.0
4043,386473,嘲笑,v,3,4,38276,时光机,录音室专辑,2003-11-11,11,我们 (时时刻刻),时光机,1.0,0.0
4044,386473,的,uj,2,4,38276,时光机,录音室专辑,2003-11-11,11,我们 (时时刻刻),时光机,1.0,0.0
4045,386473,存在,v,1,4,38276,时光机,录音室专辑,2003-11-11,11,我们 (时时刻刻),时光机,1.0,0.0
4046,386473,感慨,v,1,4,38276,时光机,录音室专辑,2003-11-11,11,我们 (时时刻刻),时光机,1.0,0.0
4047,386473,颤抖,v,1,4,38276,时光机,录音室专辑,2003-11-11,11,我们 (时时刻刻),时光机,1.0,0.0
4048,386473,停不下来,v,1,4,38276,时光机,录音室专辑,2003-11-11,11,我们 (时时刻刻),时光机,1.0,0.0
4049,386473,推翻,v,1,4,38276,时光机,录音室专辑,2003-11-11,11,我们 (时时刻刻),时光机,1.0,0.0
4050,386473,离开,v,1,4,38276,时光机,录音室专辑,2003-11-11,11,我们 (时时刻刻),时光机,1.0,0.0
4051,386473,给,p,1,4,38276,时光机,录音室专辑,2003-11-11,11,我们 (时时刻刻),时光机,1.0,0.0
4052,386473,这个,r,1,4,38276,时光机,录音室专辑,2003-11-11,11,我们 (时时刻刻),时光机,1.0,0.0
4053,386473,答案,n,1,4,38276,时光机,录音室专辑,2003-11-11,11,我们 (时时刻刻),时光机,1.0,0.0
4054,386473,话,n,1,4,38276,时光机,录音室专辑,2003-11-11,11,我们 (时时刻刻),时光机,1.0,0.0
4055,386473,中,f,1,4,38276,时光机,录音室专辑,2003-11-11,11,我们 (时时刻刻),时光机,1.0,0.0
4056,386473,计算,v,1,4,38276,时光机,录音室专辑,2003-11-11,11,我们 (时时刻刻),时光机,1.0,0.0
4057,386473,准确,a,1,4,38276,时光机,录音室专辑,2003-11-11,11,我们 (时时刻刻),时光机,1.0,0.0
4058,386473,地,uv,1,4,38276,时光机,录音室专辑,2003-11-11,11,我们 (时时刻刻),时光机,1.0,0.0
4059,386473,伤害,a,1,4,38276,时光机,录音室专辑,2003-11-11,11,我们 (时时刻刻),时光机,1.0,0.0
4060,386473,像,v,1,4,38276,时光机,录音室专辑,2003-11-11,11,我们 (时时刻刻),时光机,1.0,0.0
4061,386473,精心,n,1,4,38276,时光机,录音室专辑,2003-11-11,11,我们 (时时刻刻),时光机,1.0,0.0
4062,386473,打造,v,1,4,38276,时光机,录音室专辑,2003-11-11,11,我们 (时时刻刻),时光机,1.0,0.0
4063,386473,对白,v,1,4,38276,时光机,录音室专辑,2003-11-11,11,我们 (时时刻刻),时光机,1.0,0.0
4064,386473,划开,v,1,4,38276,时光机,录音室专辑,2003-11-11,11,我们 (时时刻刻),时光机,1.0,0.0
4065,386473,了,ul,1,4,38276,时光机,录音室专辑,2003-11-11,11,我们 (时时刻刻),时光机,1.0,0.0
4066,386473,动脉,n,1,4,38276,时光机,录音室专辑,2003-11-11,11,我们 (时时刻刻),时光机,1.0,0.0
4067,386473,也许,d,1,4,38276,时光机,录音室专辑,2003-11-11,11,我们 (时时刻刻),时光机,1.0,0.0
4068,386473,不,d,1,4,38276,时光机,录音室专辑,2003-11-11,11,我们 (时时刻刻),时光机,1.0,0.0
4069,386473,醒来,v,1,4,38276,时光机,录音室专辑,2003-11-11,11,我们 (时时刻刻),时光机,1.0,0.0
4070,386473,至少,d,1,4,38276,时光机,录音室专辑,2003-11-11,11,我们 (时时刻刻),时光机,1.0,0.0
4071,386473,昨天,t,1,4,38276,时光机,录音室专辑,2003-11-11,11,我们 (时时刻刻),时光机,1.0,0.0
4072,386473,无法,n,1,4,38276,时光机,录音室专辑,2003-11-11,11,我们 (时时刻刻),时光机,1.0,0.0
4073,386473,毁坏,v,1,4,38276,时光机,录音室专辑,2003-11-11,11,我们 (时时刻刻),时光机,1.0,0.0
4074,386476,一秒,m,6,4,38276,时光机,录音室专辑,2003-11-11,12,在这一秒,时光机,1.0,0.0
4075,386476,我,r,5,4,38276,时光机,录音室专辑,2003-11-11,12,在这一秒,时光机,1.0,0.0
4076,386476,这,r,5,4,38276,时光机,录音室专辑,2003-11-11,12,在这一秒,时光机,1.0,0.0
4077,386476,的,uj,5,4,38276,时光机,录音室专辑,2003-11-11,12,在这一秒,时光机,1.0,0.0
4078,386476,重要,a,5,4,38276,时光机,录音室专辑,2003-11-11,12,在这一秒,时光机,1.0,0.0
4079,386476,在,p,4,4,38276,时光机,录音室专辑,2003-11-11,12,在这一秒,时光机,1.0,0.0
4080,386476,知道,v,4,4,38276,时光机,录音室专辑,2003-11-11,12,在这一秒,时光机,1.0,0.0
4081,386476,快乐,a,4,4,38276,时光机,录音室专辑,2003-11-11,12,在这一秒,时光机,1.0,0.0
4082,386476,最,d,4,4,38276,时光机,录音室专辑,2003-11-11,12,在这一秒,时光机,1.0,0.0
4083,386476,人,n,3,4,38276,时光机,录音室专辑,2003-11-11,12,在这一秒,时光机,1.0,0.0
4084,386476,了,ul,3,4,38276,时光机,录音室专辑,2003-11-11,12,在这一秒,时光机,1.0,0.0
4085,386476,前,f,2,4,38276,时光机,录音室专辑,2003-11-11,12,在这一秒,时光机,1.0,0.0
4086,386476,突然,ad,2,4,38276,时光机,录音室专辑,2003-11-11,12,在这一秒,时光机,1.0,0.0
4087,386476,找,v,2,4,38276,时光机,录音室专辑,2003-11-11,12,在这一秒,时光机,1.0,0.0
4088,386476,眼泪,n,2,4,38276,时光机,录音室专辑,2003-11-11,12,在这一秒,时光机,1.0,0.0
4089,386476,到,v,2,4,38276,时光机,录音室专辑,2003-11-11,12,在这一秒,时光机,1.0,0.0
4090,386476,哪里,r,2,4,38276,时光机,录音室专辑,2003-11-11,12,在这一秒,时光机,1.0,0.0
4091,386476,去,v,2,4,38276,时光机,录音室专辑,2003-11-11,12,在这一秒,时光机,1.0,0.0
4092,386476,不,d,2,4,38276,时光机,录音室专辑,2003-11-11,12,在这一秒,时光机,1.0,0.0
4093,386476,从,p,2,4,38276,时光机,录音室专辑,2003-11-11,12,在这一秒,时光机,1.0,0.0
4094,386476,多,m,2,4,38276,时光机,录音室专辑,2003-11-11,12,在这一秒,时光机,1.0,0.0
4095,386476,想要,v,2,4,38276,时光机,录音室专辑,2003-11-11,12,在这一秒,时光机,1.0,0.0
4096,386476,尽情,d,2,4,38276,时光机,录音室专辑,2003-11-11,12,在这一秒,时光机,1.0,0.0
4097,386476,胡闹,nr,2,4,38276,时光机,录音室专辑,2003-11-11,12,在这一秒,时光机,1.0,0.0
4098,386476,跳,v,2,4,38276,时光机,录音室专辑,2003-11-11,12,在这一秒,时光机,1.0,0.0
4099,386476,更,d,2,4,38276,时光机,录音室专辑,2003-11-11,12,在这一秒,时光机,1.0,0.0
4100,386476,高,a,2,4,38276,时光机,录音室专辑,2003-11-11,12,在这一秒,时光机,1.0,0.0
4101,386476,虽然,c,2,4,38276,时光机,录音室专辑,2003-11-11,12,在这一秒,时光机,1.0,0.0
4102,386476,为什么,r,1,4,38276,时光机,录音室专辑,2003-11-11,12,在这一秒,时光机,1.0,0.0
4103,386476,看着,v,1,4,38276,时光机,录音室专辑,2003-11-11,12,在这一秒,时光机,1.0,0.0
4104,386476,笑,v,1,4,38276,时光机,录音室专辑,2003-11-11,12,在这一秒,时光机,1.0,0.0
4105,386476,又,d,1,4,38276,时光机,录音室专辑,2003-11-11,12,在这一秒,时光机,1.0,0.0
4106,386476,给,p,1,4,38276,时光机,录音室专辑,2003-11-11,12,在这一秒,时光机,1.0,0.0
4107,386476,一个,m,1,4,38276,时光机,录音室专辑,2003-11-11,12,在这一秒,时光机,1.0,0.0
4108,386476,拥抱,v,1,4,38276,时光机,录音室专辑,2003-11-11,12,在这一秒,时光机,1.0,0.0
4109,386476,明明,t,1,4,38276,时光机,录音室专辑,2003-11-11,12,在这一秒,时光机,1.0,0.0
4110,386476,心情,n,1,4,38276,时光机,录音室专辑,2003-11-11,12,在这一秒,时光机,1.0,0.0
4111,386476,糟,v,1,4,38276,时光机,录音室专辑,2003-11-11,12,在这一秒,时光机,1.0,0.0
4112,386476,变,v,1,4,38276,时光机,录音室专辑,2003-11-11,12,在这一秒,时光机,1.0,0.0
4113,386476,好,a,1,4,38276,时光机,录音室专辑,2003-11-11,12,在这一秒,时光机,1.0,0.0
4114,386476,好多,m,1,4,38276,时光机,录音室专辑,2003-11-11,12,在这一秒,时光机,1.0,0.0
4115,386476,一直,d,1,4,38276,时光机,录音室专辑,2003-11-11,12,在这一秒,时光机,1.0,0.0
4116,386476,什么,r,1,4,38276,时光机,录音室专辑,2003-11-11,12,在这一秒,时光机,1.0,0.0
4117,386476,没,v,1,4,38276,时光机,录音室专辑,2003-11-11,12,在这一秒,时光机,1.0,0.0
4118,386476,他们,r,1,4,38276,时光机,录音室专辑,2003-11-11,12,在这一秒,时光机,1.0,0.0
4119,386476,眼神,n,1,4,38276,时光机,录音室专辑,2003-11-11,12,在这一秒,时光机,1.0,0.0
4120,386476,咆哮,v,1,4,38276,时光机,录音室专辑,2003-11-11,12,在这一秒,时光机,1.0,0.0
4121,386476,其实,d,1,4,38276,时光机,录音室专辑,2003-11-11,12,在这一秒,时光机,1.0,0.0
4122,386476,解药,v,1,4,38276,时光机,录音室专辑,2003-11-11,12,在这一秒,时光机,1.0,0.0
4123,386476,时间,n,1,4,38276,时光机,录音室专辑,2003-11-11,12,在这一秒,时光机,1.0,0.0
4124,386476,它,r,1,4,38276,时光机,录音室专辑,2003-11-11,12,在这一秒,时光机,1.0,0.0
4125,386476,也,d,1,4,38276,时光机,录音室专辑,2003-11-11,12,在这一秒,时光机,1.0,0.0
4126,386476,不必,d,1,4,38276,时光机,录音室专辑,2003-11-11,12,在这一秒,时光机,1.0,0.0
4127,386476,抓,v,1,4,38276,时光机,录音室专辑,2003-11-11,12,在这一秒,时光机,1.0,0.0
4128,386476,太牢,n,1,4,38276,时光机,录音室专辑,2003-11-11,12,在这一秒,时光机,1.0,0.0
4129,386476,才,d,1,4,38276,时光机,录音室专辑,2003-11-11,12,在这一秒,时光机,1.0,0.0
4130,386476,切,v,1,4,38276,时光机,录音室专辑,2003-11-11,12,在这一秒,时光机,1.0,0.0
4131,386476,过,ug,1,4,38276,时光机,录音室专辑,2003-11-11,12,在这一秒,时光机,1.0,0.0
4132,386476,二十岁,m,1,4,38276,时光机,录音室专辑,2003-11-11,12,在这一秒,时光机,1.0,0.0
4133,386476,蛋糕,n,1,4,38276,时光机,录音室专辑,2003-11-11,12,在这一秒,时光机,1.0,0.0
4134,386476,怎么,r,1,4,38276,时光机,录音室专辑,2003-11-11,12,在这一秒,时光机,1.0,0.0
4135,386476,就,d,1,4,38276,时光机,录音室专辑,2003-11-11,12,在这一秒,时光机,1.0,0.0
4136,386476,觉得,v,1,4,38276,时光机,录音室专辑,2003-11-11,12,在这一秒,时光机,1.0,0.0
4137,386476,变老,vn,1,4,38276,时光机,录音室专辑,2003-11-11,12,在这一秒,时光机,1.0,0.0
4138,386476,终点,n,1,4,38276,时光机,录音室专辑,2003-11-11,12,在这一秒,时光机,1.0,0.0
4139,386476,跌倒,v,1,4,38276,时光机,录音室专辑,2003-11-11,12,在这一秒,时光机,1.0,0.0
4140,386476,还,d,1,4,38276,时光机,录音室专辑,2003-11-11,12,在这一秒,时光机,1.0,0.0
4141,386476,被,p,1,4,38276,时光机,录音室专辑,2003-11-11,12,在这一秒,时光机,1.0,0.0
4142,386476,踩,v,1,4,38276,时光机,录音室专辑,2003-11-11,12,在这一秒,时光机,1.0,0.0
4143,386476,一脚,mq,1,4,38276,时光机,录音室专辑,2003-11-11,12,在这一秒,时光机,1.0,0.0
4144,386476,人生,n,1,4,38276,时光机,录音室专辑,2003-11-11,12,在这一秒,时光机,1.0,0.0
4145,386476,像是,v,1,4,38276,时光机,录音室专辑,2003-11-11,12,在这一秒,时光机,1.0,0.0
4146,386476,赛跑,v,1,4,38276,时光机,录音室专辑,2003-11-11,12,在这一秒,时光机,1.0,0.0
4147,386476,过程,n,1,4,38276,时光机,录音室专辑,2003-11-11,12,在这一秒,时光机,1.0,0.0
4148,386476,比,p,1,4,38276,时光机,录音室专辑,2003-11-11,12,在这一秒,时光机,1.0,0.0
4149,386476,名次,n,1,4,38276,时光机,录音室专辑,2003-11-11,12,在这一秒,时光机,1.0,0.0
4150,386476,美妙,a,1,4,38276,时光机,录音室专辑,2003-11-11,12,在这一秒,时光机,1.0,0.0
4151,386479,我,r,20,4,38276,时光机,录音室专辑,2003-11-11,13,生命有一种绝对,时光机,1.0,0.0
4152,386479,的,uj,14,4,38276,时光机,录音室专辑,2003-11-11,13,生命有一种绝对,时光机,1.0,0.0
4153,386479,等待,vn,8,4,38276,时光机,录音室专辑,2003-11-11,13,生命有一种绝对,时光机,1.0,0.0
4154,386479,生命,vn,7,4,38276,时光机,录音室专辑,2003-11-11,13,生命有一种绝对,时光机,1.0,0.0
4155,386479,中,f,7,4,38276,时光机,录音室专辑,2003-11-11,13,生命有一种绝对,时光机,1.0,0.0
4156,386479,那,r,7,4,38276,时光机,录音室专辑,2003-11-11,13,生命有一种绝对,时光机,1.0,0.0
4157,386479,请,v,6,4,38276,时光机,录音室专辑,2003-11-11,13,生命有一种绝对,时光机,1.0,0.0
4158,386479,都,d,5,4,38276,时光机,录音室专辑,2003-11-11,13,生命有一种绝对,时光机,1.0,0.0
4159,386479,绝对,d,5,4,38276,时光机,录音室专辑,2003-11-11,13,生命有一种绝对,时光机,1.0,0.0
4160,386479,直到,v,5,4,38276,时光机,录音室专辑,2003-11-11,13,生命有一种绝对,时光机,1.0,0.0
4161,386479,想要,v,4,4,38276,时光机,录音室专辑,2003-11-11,13,生命有一种绝对,时光机,1.0,0.0
4162,386479,征服,v,4,4,38276,时光机,录音室专辑,2003-11-11,13,生命有一种绝对,时光机,1.0,0.0
4163,386479,世界,n,4,4,38276,时光机,录音室专辑,2003-11-11,13,生命有一种绝对,时光机,1.0,0.0
4164,386479,始终,d,4,4,38276,时光机,录音室专辑,2003-11-11,13,生命有一种绝对,时光机,1.0,0.0
4165,386479,没有,v,4,4,38276,时光机,录音室专辑,2003-11-11,13,生命有一种绝对,时光机,1.0,0.0
4166,386479,改变,v,4,4,38276,时光机,录音室专辑,2003-11-11,13,生命有一种绝对,时光机,1.0,0.0
4167,386479,地上,s,4,4,38276,时光机,录音室专辑,2003-11-11,13,生命有一种绝对,时光机,1.0,0.0
4168,386479,无声,d,4,4,38276,时光机,录音室专辑,2003-11-11,13,生命有一种绝对,时光机,1.0,0.0
4169,386479,蒸发,v,4,4,38276,时光机,录音室专辑,2003-11-11,13,生命有一种绝对,时光机,1.0,0.0
4170,386479,泪,n,4,4,38276,时光机,录音室专辑,2003-11-11,13,生命有一种绝对,时光机,1.0,0.0
4171,386479,黑暗,z,4,4,38276,时光机,录音室专辑,2003-11-11,13,生命有一种绝对,时光机,1.0,0.0
4172,386479,期待,vn,4,4,38276,时光机,录音室专辑,2003-11-11,13,生命有一种绝对,时光机,1.0,0.0
4173,386479,光线,n,4,4,38276,时光机,录音室专辑,2003-11-11,13,生命有一种绝对,时光机,1.0,0.0
4174,386479,有,v,4,4,38276,时光机,录音室专辑,2003-11-11,13,生命有一种绝对,时光机,1.0,0.0
4175,386479,一种,m,4,4,38276,时光机,录音室专辑,2003-11-11,13,生命有一种绝对,时光机,1.0,0.0
4176,386479,约定,v,4,4,38276,时光机,录音室专辑,2003-11-11,13,生命有一种绝对,时光机,1.0,0.0
4177,386479,融化,vn,4,4,38276,时光机,录音室专辑,2003-11-11,13,生命有一种绝对,时光机,1.0,0.0
4178,386479,成,n,4,4,38276,时光机,录音室专辑,2003-11-11,13,生命有一种绝对,时光机,1.0,0.0
4179,386479,笑颜,n,4,4,38276,时光机,录音室专辑,2003-11-11,13,生命有一种绝对,时光机,1.0,0.0
4180,386479,不要,df,3,4,38276,时光机,录音室专辑,2003-11-11,13,生命有一种绝对,时光机,1.0,0.0
4181,386479,和,c,2,4,38276,时光机,录音室专辑,2003-11-11,13,生命有一种绝对,时光机,1.0,0.0
4182,386479,回忆,v,2,4,38276,时光机,录音室专辑,2003-11-11,13,生命有一种绝对,时光机,1.0,0.0
4183,386479,靠近,v,2,4,38276,时光机,录音室专辑,2003-11-11,13,生命有一种绝对,时光机,1.0,0.0
4184,386479,再,d,2,4,38276,时光机,录音室专辑,2003-11-11,13,生命有一种绝对,时光机,1.0,0.0
4185,386479,拥抱,v,2,4,38276,时光机,录音室专辑,2003-11-11,13,生命有一种绝对,时光机,1.0,0.0
4186,386479,走,v,2,4,38276,时光机,录音室专辑,2003-11-11,13,生命有一种绝对,时光机,1.0,0.0
4187,386479,如果,c,1,4,38276,时光机,录音室专辑,2003-11-11,13,生命有一种绝对,时光机,1.0,0.0
4188,386479,不曾,d,1,4,38276,时光机,录音室专辑,2003-11-11,13,生命有一种绝对,时光机,1.0,0.0
4189,386479,走过,v,1,4,38276,时光机,录音室专辑,2003-11-11,13,生命有一种绝对,时光机,1.0,0.0
4190,386479,这,r,1,4,38276,时光机,录音室专辑,2003-11-11,13,生命有一种绝对,时光机,1.0,0.0
4191,386479,一遍,m,1,4,38276,时光机,录音室专辑,2003-11-11,13,生命有一种绝对,时光机,1.0,0.0
4192,386479,还有,v,1,4,38276,时光机,录音室专辑,2003-11-11,13,生命有一种绝对,时光机,1.0,0.0
4193,386479,多少,m,1,4,38276,时光机,录音室专辑,2003-11-11,13,生命有一种绝对,时光机,1.0,0.0
4194,386479,苦,a,1,4,38276,时光机,录音室专辑,2003-11-11,13,生命有一种绝对,时光机,1.0,0.0
4195,386479,甜美,a,1,4,38276,时光机,录音室专辑,2003-11-11,13,生命有一种绝对,时光机,1.0,0.0
4196,386479,风,n,1,4,38276,时光机,录音室专辑,2003-11-11,13,生命有一种绝对,时光机,1.0,0.0
4197,386479,歌声,n,1,4,38276,时光机,录音室专辑,2003-11-11,13,生命有一种绝对,时光机,1.0,0.0
4198,386479,孤单,a,1,4,38276,时光机,录音室专辑,2003-11-11,13,生命有一种绝对,时光机,1.0,0.0
4199,386479,哽咽,v,1,4,38276,时光机,录音室专辑,2003-11-11,13,生命有一种绝对,时光机,1.0,0.0
4200,386479,声音,n,1,4,38276,时光机,录音室专辑,2003-11-11,13,生命有一种绝对,时光机,1.0,0.0
4201,386479,是,v,1,4,38276,时光机,录音室专辑,2003-11-11,13,生命有一种绝对,时光机,1.0,0.0
4202,386479,谁,r,1,4,38276,时光机,录音室专辑,2003-11-11,13,生命有一种绝对,时光机,1.0,0.0
4203,386479,那个,r,1,4,38276,时光机,录音室专辑,2003-11-11,13,生命有一种绝对,时光机,1.0,0.0
4204,386479,少年,m,1,4,38276,时光机,录音室专辑,2003-11-11,13,生命有一种绝对,时光机,1.0,0.0
4205,386479,为何,r,1,4,38276,时光机,录音室专辑,2003-11-11,13,生命有一种绝对,时光机,1.0,0.0
4206,386479,依然,d,1,4,38276,时光机,录音室专辑,2003-11-11,13,生命有一种绝对,时光机,1.0,0.0
4207,386479,不停,d,1,4,38276,时光机,录音室专辑,2003-11-11,13,生命有一种绝对,时光机,1.0,0.0
4208,386479,追,v,1,4,38276,时光机,录音室专辑,2003-11-11,13,生命有一种绝对,时光机,1.0,0.0
4209,386479,灿烂,a,1,4,38276,时光机,录音室专辑,2003-11-11,13,生命有一种绝对,时光机,1.0,0.0
4210,386479,烟火,n,1,4,38276,时光机,录音室专辑,2003-11-11,13,生命有一种绝对,时光机,1.0,0.0
4211,386479,般,u,1,4,38276,时光机,录音室专辑,2003-11-11,13,生命有一种绝对,时光机,1.0,0.0
4212,386479,上演,v,1,4,38276,时光机,录音室专辑,2003-11-11,13,生命有一种绝对,时光机,1.0,0.0
4213,386479,你,r,1,4,38276,时光机,录音室专辑,2003-11-11,13,生命有一种绝对,时光机,1.0,0.0
4214,386479,最后,f,1,4,38276,时光机,录音室专辑,2003-11-11,13,生命有一种绝对,时光机,1.0,0.0
4215,386479,要,v,1,4,38276,时光机,录音室专辑,2003-11-11,13,生命有一种绝对,时光机,1.0,0.0
4216,386479,回归,v,1,4,38276,时光机,录音室专辑,2003-11-11,13,生命有一种绝对,时光机,1.0,0.0
4217,386479,地平线,n,1,4,38276,时光机,录音室专辑,2003-11-11,13,生命有一种绝对,时光机,1.0,0.0
4218,386479,留下,v,1,4,38276,时光机,录音室专辑,2003-11-11,13,生命有一种绝对,时光机,1.0,0.0
4219,386479,足迹,n,1,4,38276,时光机,录音室专辑,2003-11-11,13,生命有一种绝对,时光机,1.0,0.0
4220,386479,浪花,n,1,4,38276,时光机,录音室专辑,2003-11-11,13,生命有一种绝对,时光机,1.0,0.0
4221,386479,冲走,v,1,4,38276,时光机,录音室专辑,2003-11-11,13,生命有一种绝对,时光机,1.0,0.0
4222,386479,海岸线,n,1,4,38276,时光机,录音室专辑,2003-11-11,13,生命有一种绝对,时光机,1.0,0.0
4223,386479,让,v,1,4,38276,时光机,录音室专辑,2003-11-11,13,生命有一种绝对,时光机,1.0,0.0
4224,386479,心,n,1,4,38276,时光机,录音室专辑,2003-11-11,13,生命有一种绝对,时光机,1.0,0.0
4225,386479,冷却,v,1,4,38276,时光机,录音室专辑,2003-11-11,13,生命有一种绝对,时光机,1.0,0.0
4226,386479,看见,v,1,4,38276,时光机,录音室专辑,2003-11-11,13,生命有一种绝对,时光机,1.0,0.0
4227,386482,谁,r,24,4,38276,时光机,录音室专辑,2003-11-11,14,王子面,时光机,1.0,0.0
4228,386482,我,r,17,4,38276,时光机,录音室专辑,2003-11-11,14,王子面,时光机,1.0,0.0
4229,386482,的,uj,9,4,38276,时光机,录音室专辑,2003-11-11,14,王子面,时光机,1.0,0.0
4230,386482,在乎,v,8,4,38276,时光机,录音室专辑,2003-11-11,14,王子面,时光机,1.0,0.0
4231,386482,变成,v,8,4,38276,时光机,录音室专辑,2003-11-11,14,王子面,时光机,1.0,0.0
4232,386482,有,v,6,4,38276,时光机,录音室专辑,2003-11-11,14,王子面,时光机,1.0,0.0
4233,386482,check,eng,6,4,38276,时光机,录音室专辑,2003-11-11,14,王子面,时光机,1.0,0.0
4234,386482,在,p,5,4,38276,时光机,录音室专辑,2003-11-11,14,王子面,时光机,1.0,0.0
4235,386482,陪,v,5,4,38276,时光机,录音室专辑,2003-11-11,14,王子面,时光机,1.0,0.0
4236,386482,王子,nr,5,4,38276,时光机,录音室专辑,2003-11-11,14,王子面,时光机,1.0,0.0
4237,386482,yo,eng,5,4,38276,时光机,录音室专辑,2003-11-11,14,王子面,时光机,1.0,0.0
4238,386482,期待,vn,4,4,38276,时光机,录音室专辑,2003-11-11,14,王子面,时光机,1.0,0.0
4239,386482,对,p,4,4,38276,时光机,录音室专辑,2003-11-11,14,王子面,时光机,1.0,0.0
4240,386482,自己,r,4,4,38276,时光机,录音室专辑,2003-11-11,14,王子面,时光机,1.0,0.0
4241,386482,抱歉,v,4,4,38276,时光机,录音室专辑,2003-11-11,14,王子面,时光机,1.0,0.0
4242,386482,幻觉,n,4,4,38276,时光机,录音室专辑,2003-11-11,14,王子面,时光机,1.0,0.0
4243,386482,就算,v,4,4,38276,时光机,录音室专辑,2003-11-11,14,王子面,时光机,1.0,0.0
4244,386482,错觉,n,4,4,38276,时光机,录音室专辑,2003-11-11,14,王子面,时光机,1.0,0.0
4245,386482,也,d,4,4,38276,时光机,录音室专辑,2003-11-11,14,王子面,时光机,1.0,0.0
4246,386482,算是,v,4,4,38276,时光机,录音室专辑,2003-11-11,14,王子面,时光机,1.0,0.0
4247,386482,体验,n,4,4,38276,时光机,录音室专辑,2003-11-11,14,王子面,时光机,1.0,0.0
4248,386482,过,ug,4,4,38276,时光机,录音室专辑,2003-11-11,14,王子面,时光机,1.0,0.0
4249,386482,一遍,m,4,4,38276,时光机,录音室专辑,2003-11-11,14,王子面,时光机,1.0,0.0
4250,386482,离开,v,4,4,38276,时光机,录音室专辑,2003-11-11,14,王子面,时光机,1.0,0.0
4251,386482,身边,s,4,4,38276,时光机,录音室专辑,2003-11-11,14,王子面,时光机,1.0,0.0
4252,386482,信念,n,4,4,38276,时光机,录音室专辑,2003-11-11,14,王子面,时光机,1.0,0.0
4253,386482,万一,m,4,4,38276,时光机,录音室专辑,2003-11-11,14,王子面,时光机,1.0,0.0
4254,386482,残念,n,4,4,38276,时光机,录音室专辑,2003-11-11,14,王子面,时光机,1.0,0.0
4255,386482,还是,c,4,4,38276,时光机,录音室专辑,2003-11-11,14,王子面,时光机,1.0,0.0
4256,386482,破,v,4,4,38276,时光机,录音室专辑,2003-11-11,14,王子面,时光机,1.0,0.0
4257,386482,T恤,n,4,4,38276,时光机,录音室专辑,2003-11-11,14,王子面,时光机,1.0,0.0
4258,386482,同样,d,4,4,38276,时光机,录音室专辑,2003-11-11,14,王子面,时光机,1.0,0.0
4259,386482,一件,m,4,4,38276,时光机,录音室专辑,2003-11-11,14,王子面,时光机,1.0,0.0
4260,386482,又,d,4,4,38276,时光机,录音室专辑,2003-11-11,14,王子面,时光机,1.0,0.0
4261,386482,现在,t,3,4,38276,时光机,录音室专辑,2003-11-11,14,王子面,时光机,1.0,0.0
4262,386482,面,n,3,4,38276,时光机,录音室专辑,2003-11-11,14,王子面,时光机,1.0,0.0
4263,386482,man,eng,3,4,38276,时光机,录音室专辑,2003-11-11,14,王子面,时光机,1.0,0.0
4264,386482,着,uz,3,4,38276,时光机,录音室专辑,2003-11-11,14,王子面,时光机,1.0,0.0
4265,386482,蛇,n,2,4,38276,时光机,录音室专辑,2003-11-11,14,王子面,时光机,1.0,0.0
4266,386482,给,p,2,4,38276,时光机,录音室专辑,2003-11-11,14,王子面,时光机,1.0,0.0
4267,386482,决定,v,2,4,38276,时光机,录音室专辑,2003-11-11,14,王子面,时光机,1.0,0.0
4268,386482,瞬间,t,2,4,38276,时光机,录音室专辑,2003-11-11,14,王子面,时光机,1.0,0.0
4269,386482,幸福,a,2,4,38276,时光机,录音室专辑,2003-11-11,14,王子面,时光机,1.0,0.0
4270,386482,不远,d,2,4,38276,时光机,录音室专辑,2003-11-11,14,王子面,时光机,1.0,0.0
4271,386482,吃,v,2,4,38276,时光机,录音室专辑,2003-11-11,14,王子面,时光机,1.0,0.0
4272,386482,时间,n,2,4,38276,时光机,录音室专辑,2003-11-11,14,王子面,时光机,1.0,0.0
4273,386482,倒,v,2,4,38276,时光机,录音室专辑,2003-11-11,14,王子面,时光机,1.0,0.0
4274,386482,带,v,2,4,38276,时光机,录音室专辑,2003-11-11,14,王子面,时光机,1.0,0.0
4275,386482,喔,e,2,4,38276,时光机,录音室专辑,2003-11-11,14,王子面,时光机,1.0,0.0
4276,386482,苏格兰,ns,1,4,38276,时光机,录音室专辑,2003-11-11,14,王子面,时光机,1.0,0.0
4277,386482,笛声,n,1,4,38276,时光机,录音室专辑,2003-11-11,14,王子面,时光机,1.0,0.0
4278,386482,印度,ns,1,4,38276,时光机,录音室专辑,2003-11-11,14,王子面,时光机,1.0,0.0
4279,386482,式,k,1,4,38276,时光机,录音室专辑,2003-11-11,14,王子面,时光机,1.0,0.0
4280,386482,颓废,a,1,4,38276,时光机,录音室专辑,2003-11-11,14,王子面,时光机,1.0,0.0
4281,386482,弄,v,1,4,38276,时光机,录音室专辑,2003-11-11,14,王子面,时光机,1.0,0.0
4282,386482,人,n,1,4,38276,时光机,录音室专辑,2003-11-11,14,王子面,时光机,1.0,0.0
4283,386482,被,p,1,4,38276,时光机,录音室专辑,2003-11-11,14,王子面,时光机,1.0,0.0
4284,386482,捆,v,1,4,38276,时光机,录音室专辑,2003-11-11,14,王子面,时光机,1.0,0.0
4285,386482,很,d,1,4,38276,时光机,录音室专辑,2003-11-11,14,王子面,时光机,1.0,0.0
4286,386482,可怜,v,1,4,38276,时光机,录音室专辑,2003-11-11,14,王子面,时光机,1.0,0.0
4287,386482,心情,n,1,4,38276,时光机,录音室专辑,2003-11-11,14,王子面,时光机,1.0,0.0
4288,386482,苦涩,a,1,4,38276,时光机,录音室专辑,2003-11-11,14,王子面,时光机,1.0,0.0
4289,386482,失眠,v,1,4,38276,时光机,录音室专辑,2003-11-11,14,王子面,时光机,1.0,0.0
4290,386482,忧郁,a,1,4,38276,时光机,录音室专辑,2003-11-11,14,王子面,时光机,1.0,0.0
4291,386482,血丝,n,1,4,38276,时光机,录音室专辑,2003-11-11,14,王子面,时光机,1.0,0.0
4292,386482,蔓延,v,1,4,38276,时光机,录音室专辑,2003-11-11,14,王子面,时光机,1.0,0.0
4293,386482,喝,vg,1,4,38276,时光机,录音室专辑,2003-11-11,14,王子面,时光机,1.0,0.0
4294,386482,黑,a,1,4,38276,时光机,录音室专辑,2003-11-11,14,王子面,时光机,1.0,0.0
4295,386482,咖啡,n,1,4,38276,时光机,录音室专辑,2003-11-11,14,王子面,时光机,1.0,0.0
4296,386482,造成,v,1,4,38276,时光机,录音室专辑,2003-11-11,14,王子面,时光机,1.0,0.0
4297,386482,了,ul,1,4,38276,时光机,录音室专辑,2003-11-11,14,王子面,时光机,1.0,0.0
4298,386482,黑眼圈,n,1,4,38276,时光机,录音室专辑,2003-11-11,14,王子面,时光机,1.0,0.0
4299,386482,与其,c,1,4,38276,时光机,录音室专辑,2003-11-11,14,王子面,时光机,1.0,0.0
4300,386482,誓言,n,1,4,38276,时光机,录音室专辑,2003-11-11,14,王子面,时光机,1.0,0.0
4301,386482,不如,c,1,4,38276,时光机,录音室专辑,2003-11-11,14,王子面,时光机,1.0,0.0
4302,386482,消遣,v,1,4,38276,时光机,录音室专辑,2003-11-11,14,王子面,时光机,1.0,0.0
4303,386482,倒不如,v,1,4,38276,时光机,录音室专辑,2003-11-11,14,王子面,时光机,1.0,0.0
4304,386482,笛卡尔,nr,1,4,38276,时光机,录音室专辑,2003-11-11,14,王子面,时光机,1.0,0.0
4305,386482,将,d,1,4,38276,时光机,录音室专辑,2003-11-11,14,王子面,时光机,1.0,0.0
4306,386482,逻辑,n,1,4,38276,时光机,录音室专辑,2003-11-11,14,王子面,时光机,1.0,0.0
4307,386482,重新排列,j,1,4,38276,时光机,录音室专辑,2003-11-11,14,王子面,时光机,1.0,0.0
4308,386482,要,v,1,4,38276,时光机,录音室专辑,2003-11-11,14,王子面,时光机,1.0,0.0
4309,386482,改变,v,1,4,38276,时光机,录音室专辑,2003-11-11,14,王子面,时光机,1.0,0.0
4310,386482,永远,d,1,4,38276,时光机,录音室专辑,2003-11-11,14,王子面,时光机,1.0,0.0
4311,386482,不再,d,1,4,38276,时光机,录音室专辑,2003-11-11,14,王子面,时光机,1.0,0.0
4312,386482,愁眉苦脸,i,1,4,38276,时光机,录音室专辑,2003-11-11,14,王子面,时光机,1.0,0.0
4313,386482,用,p,1,4,38276,时光机,录音室专辑,2003-11-11,14,王子面,时光机,1.0,0.0
4314,386482,意大利式,n,1,4,38276,时光机,录音室专辑,2003-11-11,14,王子面,时光机,1.0,0.0
4315,386482,浪费时间,n,1,4,38276,时光机,录音室专辑,2003-11-11,14,王子面,时光机,1.0,0.0
4316,386482,美好事物,nt,1,4,38276,时光机,录音室专辑,2003-11-11,14,王子面,时光机,1.0,0.0
4317,386482,青春,n,1,4,38276,时光机,录音室专辑,2003-11-11,14,王子面,时光机,1.0,0.0
4318,386482,像,v,1,4,38276,时光机,录音室专辑,2003-11-11,14,王子面,时光机,1.0,0.0
4319,386482,凡尔赛,nr,1,4,38276,时光机,录音室专辑,2003-11-11,14,王子面,时光机,1.0,0.0
4320,386482,玫瑰,n,1,4,38276,时光机,录音室专辑,2003-11-11,14,王子面,时光机,1.0,0.0
4321,386482,爽,nr,1,4,38276,时光机,录音室专辑,2003-11-11,14,王子面,时光机,1.0,0.0
4322,386482,痛,a,1,4,38276,时光机,录音室专辑,2003-11-11,14,王子面,时光机,1.0,0.0
4323,386482,多,m,1,4,38276,时光机,录音室专辑,2003-11-11,14,王子面,时光机,1.0,0.0
4324,386482,刺,v,1,4,38276,时光机,录音室专辑,2003-11-11,14,王子面,时光机,1.0,0.0
4325,386482,鲜艳,a,1,4,38276,时光机,录音室专辑,2003-11-11,14,王子面,时光机,1.0,0.0
4326,386482,威廉,nrt,1,4,38276,时光机,录音室专辑,2003-11-11,14,王子面,时光机,1.0,0.0
4327,386482,古堡,ns,1,4,38276,时光机,录音室专辑,2003-11-11,14,王子面,时光机,1.0,0.0
4328,386482,旁边,f,1,4,38276,时光机,录音室专辑,2003-11-11,14,王子面,时光机,1.0,0.0
4329,386482,结局,n,1,4,38276,时光机,录音室专辑,2003-11-11,14,王子面,时光机,1.0,0.0
4330,386482,公主,n,1,4,38276,时光机,录音室专辑,2003-11-11,14,王子面,时光机,1.0,0.0
4331,386482,一起,m,1,4,38276,时光机,录音室专辑,2003-11-11,14,王子面,时光机,1.0,0.0
4332,386482,RAP,eng,1,4,38276,时光机,录音室专辑,2003-11-11,14,王子面,时光机,1.0,0.0
4333,386482,什么,r,1,4,38276,时光机,录音室专辑,2003-11-11,14,王子面,时光机,1.0,0.0
4334,386482,闭上眼睛,i,1,4,38276,时光机,录音室专辑,2003-11-11,14,王子面,时光机,1.0,0.0
4335,386482,拖,v,1,4,38276,时光机,录音室专辑,2003-11-11,14,王子面,时光机,1.0,0.0
4336,386482,鼻涕,n,1,4,38276,时光机,录音室专辑,2003-11-11,14,王子面,时光机,1.0,0.0
4337,386482,童年,t,1,4,38276,时光机,录音室专辑,2003-11-11,14,王子面,时光机,1.0,0.0
4338,386482,快乐,a,1,4,38276,时光机,录音室专辑,2003-11-11,14,王子面,时光机,1.0,0.0
4339,386482,简单,a,1,4,38276,时光机,录音室专辑,2003-11-11,14,王子面,时光机,1.0,0.0
4340,386482,那,r,1,4,38276,时光机,录音室专辑,2003-11-11,14,王子面,时光机,1.0,0.0
4341,386482,并,c,1,4,38276,时光机,录音室专辑,2003-11-11,14,王子面,时光机,1.0,0.0
4342,386482,手上,s,1,4,38276,时光机,录音室专辑,2003-11-11,14,王子面,时光机,1.0,0.0
4343,386482,拿,v,1,4,38276,时光机,录音室专辑,2003-11-11,14,王子面,时光机,1.0,0.0
4344,386482,五块,m,1,4,38276,时光机,录音室专辑,2003-11-11,14,王子面,时光机,1.0,0.0
4345,386482,来到,v,1,4,38276,时光机,录音室专辑,2003-11-11,14,王子面,时光机,1.0,0.0
4346,386482,巷口,s,1,4,38276,时光机,录音室专辑,2003-11-11,14,王子面,时光机,1.0,0.0
4347,386482,杂货店,n,1,4,38276,时光机,录音室专辑,2003-11-11,14,王子面,时光机,1.0,0.0
4348,386482,老板,n,1,4,38276,时光机,录音室专辑,2003-11-11,14,王子面,时光机,1.0,0.0
4349,386482,手中,s,1,4,38276,时光机,录音室专辑,2003-11-11,14,王子面,时光机,1.0,0.0
4350,386482,接下,v,1,4,38276,时光机,录音室专辑,2003-11-11,14,王子面,时光机,1.0,0.0
4351,386482,期待已久,i,1,4,38276,时光机,录音室专辑,2003-11-11,14,王子面,时光机,1.0,0.0
4352,386482,滋味,n,1,4,38276,时光机,录音室专辑,2003-11-11,14,王子面,时光机,1.0,0.0
4353,386482,有关,vn,1,4,38276,时光机,录音室专辑,2003-11-11,14,王子面,时光机,1.0,0.0
4354,386482,人生,n,1,4,38276,时光机,录音室专辑,2003-11-11,14,王子面,时光机,1.0,0.0
4355,386482,道理,n,1,4,38276,时光机,录音室专辑,2003-11-11,14,王子面,时光机,1.0,0.0
4356,386482,为,p,1,4,38276,时光机,录音室专辑,2003-11-11,14,王子面,时光机,1.0,0.0
4357,386482,您,r,1,4,38276,时光机,录音室专辑,2003-11-11,14,王子面,时光机,1.0,0.0
4358,386482,讲解,v,1,4,38276,时光机,录音室专辑,2003-11-11,14,王子面,时光机,1.0,0.0
4359,386482,麦克风,nr,1,4,38276,时光机,录音室专辑,2003-11-11,14,王子面,时光机,1.0,0.0
4360,386482,one,eng,1,4,38276,时光机,录音室专辑,2003-11-11,14,王子面,时光机,1.0,0.0
4361,386482,two,eng,1,4,38276,时光机,录音室专辑,2003-11-11,14,王子面,时光机,1.0,0.0
4362,386482,只,d,1,4,38276,时光机,录音室专辑,2003-11-11,14,王子面,时光机,1.0,0.0
4363,386482,剩下,v,1,4,38276,时光机,录音室专辑,2003-11-11,14,王子面,时光机,1.0,0.0
4364,386482,一,m,1,4,38276,时光机,录音室专辑,2003-11-11,14,王子面,时光机,1.0,0.0
4365,386482,小节,n,1,4,38276,时光机,录音室专辑,2003-11-11,14,王子面,时光机,1.0,0.0
4366,386485,的,uj,11,4,38276,时光机,录音室专辑,2003-11-11,15,小时候,时光机,1.0,0.0
4367,386485,我,r,7,4,38276,时光机,录音室专辑,2003-11-11,15,小时候,时光机,1.0,0.0
4368,386485,你,r,5,4,38276,时光机,录音室专辑,2003-11-11,15,小时候,时光机,1.0,0.0
4369,386485,小时候,n,3,4,38276,时光机,录音室专辑,2003-11-11,15,小时候,时光机,1.0,0.0
4370,386485,有,v,3,4,38276,时光机,录音室专辑,2003-11-11,15,小时候,时光机,1.0,0.0
4371,386485,有没有,v,3,4,38276,时光机,录音室专辑,2003-11-11,15,小时候,时光机,1.0,0.0
4372,386485,在,p,3,4,38276,时光机,录音室专辑,2003-11-11,15,小时候,时光机,1.0,0.0
4373,386485,一直,d,2,4,38276,时光机,录音室专辑,2003-11-11,15,小时候,时光机,1.0,0.0
4374,386485,有个,r,2,4,38276,时光机,录音室专辑,2003-11-11,15,小时候,时光机,1.0,0.0
4375,386485,梦,n,2,4,38276,时光机,录音室专辑,2003-11-11,15,小时候,时光机,1.0,0.0
4376,386485,一天,m,2,4,38276,时光机,录音室专辑,2003-11-11,15,小时候,时光机,1.0,0.0
4377,386485,要,v,2,4,38276,时光机,录音室专辑,2003-11-11,15,小时候,时光机,1.0,0.0
4378,386485,飞上,n,2,4,38276,时光机,录音室专辑,2003-11-11,15,小时候,时光机,1.0,0.0
4379,386485,外太空,n,2,4,38276,时光机,录音室专辑,2003-11-11,15,小时候,时光机,1.0,0.0
4380,386485,过,ug,2,4,38276,时光机,录音室专辑,2003-11-11,15,小时候,时光机,1.0,0.0
4381,386485,世界,n,2,4,38276,时光机,录音室专辑,2003-11-11,15,小时候,时光机,1.0,0.0
4382,386485,当,p,2,4,38276,时光机,录音室专辑,2003-11-11,15,小时候,时光机,1.0,0.0
4383,386485,已,d,2,4,38276,时光机,录音室专辑,2003-11-11,15,小时候,时光机,1.0,0.0
4384,386485,以为,c,2,4,38276,时光机,录音室专辑,2003-11-11,15,小时候,时光机,1.0,0.0
4385,386485,其实,d,2,4,38276,时光机,录音室专辑,2003-11-11,15,小时候,时光机,1.0,0.0
4386,386485,等,u,2,4,38276,时光机,录音室专辑,2003-11-11,15,小时候,时光机,1.0,0.0
4387,386485,前面,f,2,4,38276,时光机,录音室专辑,2003-11-11,15,小时候,时光机,1.0,0.0
4388,386485,还有,v,2,4,38276,时光机,录音室专辑,2003-11-11,15,小时候,时光机,1.0,0.0
4389,386485,一,m,2,4,38276,时光机,录音室专辑,2003-11-11,15,小时候,时光机,1.0,0.0
4390,386485,整个,b,2,4,38276,时光机,录音室专辑,2003-11-11,15,小时候,时光机,1.0,0.0
4391,386485,新,a,2,4,38276,时光机,录音室专辑,2003-11-11,15,小时候,时光机,1.0,0.0
4392,386485,越来越,d,2,4,38276,时光机,录音室专辑,2003-11-11,15,小时候,时光机,1.0,0.0
4393,386485,就,d,1,4,38276,时光机,录音室专辑,2003-11-11,15,小时候,时光机,1.0,0.0
4394,386485,像,v,1,4,38276,时光机,录音室专辑,2003-11-11,15,小时候,时光机,1.0,0.0
4395,386485,夏夜,t,1,4,38276,时光机,录音室专辑,2003-11-11,15,小时候,时光机,1.0,0.0
4396,386485,繁星,n,1,4,38276,时光机,录音室专辑,2003-11-11,15,小时候,时光机,1.0,0.0
4397,386485,闪烁,v,1,4,38276,时光机,录音室专辑,2003-11-11,15,小时候,时光机,1.0,0.0
4398,386485,幻想,n,1,4,38276,时光机,录音室专辑,2003-11-11,15,小时候,时光机,1.0,0.0
4399,386485,能,v,1,4,38276,时光机,录音室专辑,2003-11-11,15,小时候,时光机,1.0,0.0
4400,386485,穿梭,v,1,4,38276,时光机,录音室专辑,2003-11-11,15,小时候,时光机,1.0,0.0
4401,386485,其中,r,1,4,38276,时光机,录音室专辑,2003-11-11,15,小时候,时光机,1.0,0.0
4402,386485,渴望,v,1,4,38276,时光机,录音室专辑,2003-11-11,15,小时候,时光机,1.0,0.0
4403,386485,硕壮,a,1,4,38276,时光机,录音室专辑,2003-11-11,15,小时候,时光机,1.0,0.0
4404,386485,成熟,a,1,4,38276,时光机,录音室专辑,2003-11-11,15,小时候,时光机,1.0,0.0
4405,386485,长大,ns,1,4,38276,时光机,录音室专辑,2003-11-11,15,小时候,时光机,1.0,0.0
4406,386485,后,f,1,4,38276,时光机,录音室专辑,2003-11-11,15,小时候,时光机,1.0,0.0
4407,386485,雪亮,nr,1,4,38276,时光机,录音室专辑,2003-11-11,15,小时候,时光机,1.0,0.0
4408,386485,天空,n,1,4,38276,时光机,录音室专辑,2003-11-11,15,小时候,时光机,1.0,0.0
4409,386485,风雨,n,1,4,38276,时光机,录音室专辑,2003-11-11,15,小时候,时光机,1.0,0.0
4410,386485,却,d,1,4,38276,时光机,录音室专辑,2003-11-11,15,小时候,时光机,1.0,0.0
4411,386485,让,v,1,4,38276,时光机,录音室专辑,2003-11-11,15,小时候,时光机,1.0,0.0
4412,386485,不同,a,1,4,38276,时光机,录音室专辑,2003-11-11,15,小时候,时光机,1.0,0.0
4413,386485,面对,v,1,4,38276,时光机,录音室专辑,2003-11-11,15,小时候,时光机,1.0,0.0
4414,386485,遍体鳞伤,i,1,4,38276,时光机,录音室专辑,2003-11-11,15,小时候,时光机,1.0,0.0
4415,386485,痛,an,1,4,38276,时光机,录音室专辑,2003-11-11,15,小时候,时光机,1.0,0.0
4416,386485,放弃,v,1,4,38276,时光机,录音室专辑,2003-11-11,15,小时候,时光机,1.0,0.0
4417,386485,梦想,n,1,4,38276,时光机,录音室专辑,2003-11-11,15,小时候,时光机,1.0,0.0
4418,386485,冲动,vn,1,4,38276,时光机,录音室专辑,2003-11-11,15,小时候,时光机,1.0,0.0
4419,386485,心,n,1,4,38276,时光机,录音室专辑,2003-11-11,15,小时候,时光机,1.0,0.0
4420,386485,累,v,1,4,38276,时光机,录音室专辑,2003-11-11,15,小时候,时光机,1.0,0.0
4421,386485,失去,v,1,4,38276,时光机,录音室专辑,2003-11-11,15,小时候,时光机,1.0,0.0
4422,386485,了,ul,1,4,38276,时光机,录音室专辑,2003-11-11,15,小时候,时光机,1.0,0.0
4423,386485,一切,r,1,4,38276,时光机,录音室专辑,2003-11-11,15,小时候,时光机,1.0,0.0
4424,386485,爱,v,1,4,38276,时光机,录音室专辑,2003-11-11,15,小时候,时光机,1.0,0.0
4425,386485,碎,a,1,4,38276,时光机,录音室专辑,2003-11-11,15,小时候,时光机,1.0,0.0
4426,386485,纯真,a,1,4,38276,时光机,录音室专辑,2003-11-11,15,小时候,时光机,1.0,0.0
4427,386485,会,v,1,4,38276,时光机,录音室专辑,2003-11-11,15,小时候,时光机,1.0,0.0
4428,386485,幻灭,v,1,4,38276,时光机,录音室专辑,2003-11-11,15,小时候,时光机,1.0,0.0
4429,386485,视野,n,1,4,38276,时光机,录音室专辑,2003-11-11,15,小时候,时光机,1.0,0.0
4430,386485,起点,n,1,4,38276,时光机,录音室专辑,2003-11-11,15,小时候,时光机,1.0,0.0
4431,386485,music,eng,1,4,38276,时光机,录音室专辑,2003-11-11,15,小时候,时光机,1.0,0.0
4432,386485,即使,c,1,4,38276,时光机,录音室专辑,2003-11-11,15,小时候,时光机,1.0,0.0
4433,386485,淡,a,1,4,38276,时光机,录音室专辑,2003-11-11,15,小时候,时光机,1.0,0.0
4434,386485,星座,n,1,4,38276,时光机,录音室专辑,2003-11-11,15,小时候,时光机,1.0,0.0
4435,386485,远,a,1,4,38276,时光机,录音室专辑,2003-11-11,15,小时候,时光机,1.0,0.0
4436,386485,神话传说,l,1,4,38276,时光机,录音室专辑,2003-11-11,15,小时候,时光机,1.0,0.0
4437,386485,不会,v,1,4,38276,时光机,录音室专辑,2003-11-11,15,小时候,时光机,1.0,0.0
4438,386485,忘记,v,1,4,38276,时光机,录音室专辑,2003-11-11,15,小时候,时光机,1.0,0.0
4439,386485,夏,t,1,4,38276,时光机,录音室专辑,2003-11-11,15,小时候,时光机,1.0,0.0
4440,386485,夜里,t,1,4,38276,时光机,录音室专辑,2003-11-11,15,小时候,时光机,1.0,0.0
4441,386485,时空,n,1,4,38276,时光机,录音室专辑,2003-11-11,15,小时候,时光机,1.0,0.0
4442,386485,遨游,v,1,4,38276,时光机,录音室专辑,2003-11-11,15,小时候,时光机,1.0,0.0
4443,386173,我,r,26,5,38259,神的孩子都在跳舞,录音室专辑,2004-11-05,1,孙悟空,神的孩子都在跳舞,1.0,0.0
4444,386173,的,uj,10,5,38259,神的孩子都在跳舞,录音室专辑,2004-11-05,1,孙悟空,神的孩子都在跳舞,1.0,0.0
4445,386173,有,v,9,5,38259,神的孩子都在跳舞,录音室专辑,2004-11-05,1,孙悟空,神的孩子都在跳舞,1.0,0.0
4446,386173,如果,c,8,5,38259,神的孩子都在跳舞,录音室专辑,2004-11-05,1,孙悟空,神的孩子都在跳舞,1.0,0.0
4447,386173,让,v,8,5,38259,神的孩子都在跳舞,录音室专辑,2004-11-05,1,孙悟空,神的孩子都在跳舞,1.0,0.0
4448,386173,活,vn,7,5,38259,神的孩子都在跳舞,录音室专辑,2004-11-05,1,孙悟空,神的孩子都在跳舞,1.0,0.0
4449,386173,过,ug,6,5,38259,神的孩子都在跳舞,录音室专辑,2004-11-05,1,孙悟空,神的孩子都在跳舞,1.0,0.0
4450,386173,好,a,6,5,38259,神的孩子都在跳舞,录音室专辑,2004-11-05,1,孙悟空,神的孩子都在跳舞,1.0,0.0
4451,386173,了,ul,5,5,38259,神的孩子都在跳舞,录音室专辑,2004-11-05,1,孙悟空,神的孩子都在跳舞,1.0,0.0
4452,386173,能,v,5,5,38259,神的孩子都在跳舞,录音室专辑,2004-11-05,1,孙悟空,神的孩子都在跳舞,1.0,0.0
4453,386173,再,d,5,5,38259,神的孩子都在跳舞,录音室专辑,2004-11-05,1,孙悟空,神的孩子都在跳舞,1.0,0.0
4454,386173,记得,v,5,5,38259,神的孩子都在跳舞,录音室专辑,2004-11-05,1,孙悟空,神的孩子都在跳舞,1.0,0.0
4455,386173,找,v,5,5,38259,神的孩子都在跳舞,录音室专辑,2004-11-05,1,孙悟空,神的孩子都在跳舞,1.0,0.0
4456,386173,朋友,n,5,5,38259,神的孩子都在跳舞,录音室专辑,2004-11-05,1,孙悟空,神的孩子都在跳舞,1.0,0.0
4457,386173,要,v,4,5,38259,神的孩子都在跳舞,录音室专辑,2004-11-05,1,孙悟空,神的孩子都在跳舞,1.0,0.0
4458,386173,从,p,4,5,38259,神的孩子都在跳舞,录音室专辑,2004-11-05,1,孙悟空,神的孩子都在跳舞,1.0,0.0
4459,386173,不怕,c,4,5,38259,神的孩子都在跳舞,录音室专辑,2004-11-05,1,孙悟空,神的孩子都在跳舞,1.0,0.0
4460,386173,爱错,a,4,5,38259,神的孩子都在跳舞,录音室专辑,2004-11-05,1,孙悟空,神的孩子都在跳舞,1.0,0.0
4461,386173,就怕,d,4,5,38259,神的孩子都在跳舞,录音室专辑,2004-11-05,1,孙悟空,神的孩子都在跳舞,1.0,0.0
4462,386173,没爱,v,4,5,38259,神的孩子都在跳舞,录音室专辑,2004-11-05,1,孙悟空,神的孩子都在跳舞,1.0,0.0
4463,386173,一天,m,4,5,38259,神的孩子都在跳舞,录音室专辑,2004-11-05,1,孙悟空,神的孩子都在跳舞,1.0,0.0
4464,386173,一次,m,4,5,38259,神的孩子都在跳舞,录音室专辑,2004-11-05,1,孙悟空,神的孩子都在跳舞,1.0,0.0
4465,386173,重返,v,4,5,38259,神的孩子都在跳舞,录音室专辑,2004-11-05,1,孙悟空,神的孩子都在跳舞,1.0,0.0
4466,386173,光荣,nr,4,5,38259,神的孩子都在跳舞,录音室专辑,2004-11-05,1,孙悟空,神的孩子都在跳舞,1.0,0.0
4467,386173,多,m,3,5,38259,神的孩子都在跳舞,录音室专辑,2004-11-05,1,孙悟空,神的孩子都在跳舞,1.0,0.0
4468,386173,希望,v,3,5,38259,神的孩子都在跳舞,录音室专辑,2004-11-05,1,孙悟空,神的孩子都在跳舞,1.0,0.0
4469,386173,来,v,2,5,38259,神的孩子都在跳舞,录音室专辑,2004-11-05,1,孙悟空,神的孩子都在跳舞,1.0,0.0
4470,386173,没,d,2,5,38259,神的孩子都在跳舞,录音室专辑,2004-11-05,1,孙悟空,神的孩子都在跳舞,1.0,0.0
4471,386173,西天,t,2,5,38259,神的孩子都在跳舞,录音室专辑,2004-11-05,1,孙悟空,神的孩子都在跳舞,1.0,0.0
4472,386173,都,d,2,5,38259,神的孩子都在跳舞,录音室专辑,2004-11-05,1,孙悟空,神的孩子都在跳舞,1.0,0.0
4473,386173,卡片,nz,2,5,38259,神的孩子都在跳舞,录音室专辑,2004-11-05,1,孙悟空,神的孩子都在跳舞,1.0,0.0
4474,386173,是,v,2,5,38259,神的孩子都在跳舞,录音室专辑,2004-11-05,1,孙悟空,神的孩子都在跳舞,1.0,0.0
4475,386173,兵荒马乱,i,1,5,38259,神的孩子都在跳舞,录音室专辑,2004-11-05,1,孙悟空,神的孩子都在跳舞,1.0,0.0
4476,386173,五百年,m,1,5,38259,神的孩子都在跳舞,录音室专辑,2004-11-05,1,孙悟空,神的孩子都在跳舞,1.0,0.0
4477,386173,改变,v,1,5,38259,神的孩子都在跳舞,录音室专辑,2004-11-05,1,孙悟空,神的孩子都在跳舞,1.0,0.0
4478,386173,花果山,nr,1,5,38259,神的孩子都在跳舞,录音室专辑,2004-11-05,1,孙悟空,神的孩子都在跳舞,1.0,0.0
4479,386173,下,f,1,5,38259,神的孩子都在跳舞,录音室专辑,2004-11-05,1,孙悟空,神的孩子都在跳舞,1.0,0.0
4480,386173,满天,t,1,5,38259,神的孩子都在跳舞,录音室专辑,2004-11-05,1,孙悟空,神的孩子都在跳舞,1.0,0.0
4481,386173,烽火,n,1,5,38259,神的孩子都在跳舞,录音室专辑,2004-11-05,1,孙悟空,神的孩子都在跳舞,1.0,0.0
4482,386173,人类,n,1,5,38259,神的孩子都在跳舞,录音室专辑,2004-11-05,1,孙悟空,神的孩子都在跳舞,1.0,0.0
4483,386173,累不累,v,1,5,38259,神的孩子都在跳舞,录音室专辑,2004-11-05,1,孙悟空,神的孩子都在跳舞,1.0,0.0
4484,386173,啊,zg,1,5,38259,神的孩子都在跳舞,录音室专辑,2004-11-05,1,孙悟空,神的孩子都在跳舞,1.0,0.0
4485,386173,还,d,1,5,38259,神的孩子都在跳舞,录音室专辑,2004-11-05,1,孙悟空,神的孩子都在跳舞,1.0,0.0
4486,386173,在,p,1,5,38259,神的孩子都在跳舞,录音室专辑,2004-11-05,1,孙悟空,神的孩子都在跳舞,1.0,0.0
4487,386173,你争我夺,l,1,5,38259,神的孩子都在跳舞,录音室专辑,2004-11-05,1,孙悟空,神的孩子都在跳舞,1.0,0.0
4488,386173,取经,v,1,5,38259,神的孩子都在跳舞,录音室专辑,2004-11-05,1,孙悟空,神的孩子都在跳舞,1.0,0.0
4489,386173,回来,v,1,5,38259,神的孩子都在跳舞,录音室专辑,2004-11-05,1,孙悟空,神的孩子都在跳舞,1.0,0.0
4490,386173,后,f,1,5,38259,神的孩子都在跳舞,录音室专辑,2004-11-05,1,孙悟空,神的孩子都在跳舞,1.0,0.0
4491,386173,有没有,v,1,5,38259,神的孩子都在跳舞,录音室专辑,2004-11-05,1,孙悟空,神的孩子都在跳舞,1.0,0.0
4492,386173,人,n,1,5,38259,神的孩子都在跳舞,录音室专辑,2004-11-05,1,孙悟空,神的孩子都在跳舞,1.0,0.0
4493,386173,读,v,1,5,38259,神的孩子都在跳舞,录音室专辑,2004-11-05,1,孙悟空,神的孩子都在跳舞,1.0,0.0
4494,386173,师父,n,1,5,38259,神的孩子都在跳舞,录音室专辑,2004-11-05,1,孙悟空,神的孩子都在跳舞,1.0,0.0
4495,386173,每年,r,1,5,38259,神的孩子都在跳舞,录音室专辑,2004-11-05,1,孙悟空,神的孩子都在跳舞,1.0,0.0
4496,386173,会,v,1,5,38259,神的孩子都在跳舞,录音室专辑,2004-11-05,1,孙悟空,神的孩子都在跳舞,1.0,0.0
4497,386173,寄,v,1,5,38259,神的孩子都在跳舞,录音室专辑,2004-11-05,1,孙悟空,神的孩子都在跳舞,1.0,0.0
4498,386173,问候,n,1,5,38259,神的孩子都在跳舞,录音室专辑,2004-11-05,1,孙悟空,神的孩子都在跳舞,1.0,0.0
4499,386173,五百,m,1,5,38259,神的孩子都在跳舞,录音室专辑,2004-11-05,1,孙悟空,神的孩子都在跳舞,1.0,0.0
4500,386173,张,q,1,5,38259,神的孩子都在跳舞,录音室专辑,2004-11-05,1,孙悟空,神的孩子都在跳舞,1.0,0.0
4501,386173,算,v,1,5,38259,神的孩子都在跳舞,录音室专辑,2004-11-05,1,孙悟空,神的孩子都在跳舞,1.0,0.0
4502,386173,不算,v,1,5,38259,神的孩子都在跳舞,录音室专辑,2004-11-05,1,孙悟空,神的孩子都在跳舞,1.0,0.0
4503,386173,看到,v,1,5,38259,神的孩子都在跳舞,录音室专辑,2004-11-05,1,孙悟空,神的孩子都在跳舞,1.0,0.0
4504,386173,想起,v,1,5,38259,神的孩子都在跳舞,录音室专辑,2004-11-05,1,孙悟空,神的孩子都在跳舞,1.0,0.0
4505,386173,那段,r,1,5,38259,神的孩子都在跳舞,录音室专辑,2004-11-05,1,孙悟空,神的孩子都在跳舞,1.0,0.0
4506,386173,奋斗,v,1,5,38259,神的孩子都在跳舞,录音室专辑,2004-11-05,1,孙悟空,神的孩子都在跳舞,1.0,0.0
4507,386173,金箍棒,n,1,5,38259,神的孩子都在跳舞,录音室专辑,2004-11-05,1,孙悟空,神的孩子都在跳舞,1.0,0.0
4508,386173,那么,r,1,5,38259,神的孩子都在跳舞,录音室专辑,2004-11-05,1,孙悟空,神的孩子都在跳舞,1.0,0.0
4509,386173,神勇,nr,1,5,38259,神的孩子都在跳舞,录音室专辑,2004-11-05,1,孙悟空,神的孩子都在跳舞,1.0,0.0
4510,386173,现在,t,1,5,38259,神的孩子都在跳舞,录音室专辑,2004-11-05,1,孙悟空,神的孩子都在跳舞,1.0,0.0
4511,386173,只能,v,1,5,38259,神的孩子都在跳舞,录音室专辑,2004-11-05,1,孙悟空,神的孩子都在跳舞,1.0,0.0
4512,386173,掏,zg,1,5,38259,神的孩子都在跳舞,录音室专辑,2004-11-05,1,孙悟空,神的孩子都在跳舞,1.0,0.0
4513,386173,掏耳朵,q,1,5,38259,神的孩子都在跳舞,录音室专辑,2004-11-05,1,孙悟空,神的孩子都在跳舞,1.0,0.0
4514,386173,齐天大圣,nr,1,5,38259,神的孩子都在跳舞,录音室专辑,2004-11-05,1,孙悟空,神的孩子都在跳舞,1.0,0.0
4515,386173,谁,r,1,5,38259,神的孩子都在跳舞,录音室专辑,2004-11-05,1,孙悟空,神的孩子都在跳舞,1.0,0.0
4516,386173,奈何,v,1,5,38259,神的孩子都在跳舞,录音室专辑,2004-11-05,1,孙悟空,神的孩子都在跳舞,1.0,0.0
4517,386173,但是,c,1,5,38259,神的孩子都在跳舞,录音室专辑,2004-11-05,1,孙悟空,神的孩子都在跳舞,1.0,0.0
4518,386173,却,d,1,5,38259,神的孩子都在跳舞,录音室专辑,2004-11-05,1,孙悟空,神的孩子都在跳舞,1.0,0.0
4519,386173,依然,d,1,5,38259,神的孩子都在跳舞,录音室专辑,2004-11-05,1,孙悟空,神的孩子都在跳舞,1.0,0.0
4520,386173,不,d,1,5,38259,神的孩子都在跳舞,录音室专辑,2004-11-05,1,孙悟空,神的孩子都在跳舞,1.0,0.0
4521,386173,小心,n,1,5,38259,神的孩子都在跳舞,录音室专辑,2004-11-05,1,孙悟空,神的孩子都在跳舞,1.0,0.0
4522,386173,败给,v,1,5,38259,神的孩子都在跳舞,录音室专辑,2004-11-05,1,孙悟空,神的孩子都在跳舞,1.0,0.0
4523,386173,寂寞,a,1,5,38259,神的孩子都在跳舞,录音室专辑,2004-11-05,1,孙悟空,神的孩子都在跳舞,1.0,0.0
4524,386173,听说,v,1,5,38259,神的孩子都在跳舞,录音室专辑,2004-11-05,1,孙悟空,神的孩子都在跳舞,1.0,0.0
4525,386173,悟,v,1,5,38259,神的孩子都在跳舞,录音室专辑,2004-11-05,1,孙悟空,神的孩子都在跳舞,1.0,0.0
4526,386173,净,n,1,5,38259,神的孩子都在跳舞,录音室专辑,2004-11-05,1,孙悟空,神的孩子都在跳舞,1.0,0.0
4527,386173,已经,d,1,5,38259,神的孩子都在跳舞,录音室专辑,2004-11-05,1,孙悟空,神的孩子都在跳舞,1.0,0.0
4528,386173,植发治,n,1,5,38259,神的孩子都在跳舞,录音室专辑,2004-11-05,1,孙悟空,神的孩子都在跳舞,1.0,0.0
4529,386173,秃头,n,1,5,38259,神的孩子都在跳舞,录音室专辑,2004-11-05,1,孙悟空,神的孩子都在跳舞,1.0,0.0
4530,386173,论及,v,1,5,38259,神的孩子都在跳舞,录音室专辑,2004-11-05,1,孙悟空,神的孩子都在跳舞,1.0,0.0
4531,386173,婚嫁,n,1,5,38259,神的孩子都在跳舞,录音室专辑,2004-11-05,1,孙悟空,神的孩子都在跳舞,1.0,0.0
4532,386173,女友,n,1,5,38259,神的孩子都在跳舞,录音室专辑,2004-11-05,1,孙悟空,神的孩子都在跳舞,1.0,0.0
4533,386173,八戒,n,1,5,38259,神的孩子都在跳舞,录音室专辑,2004-11-05,1,孙悟空,神的孩子都在跳舞,1.0,0.0
4534,386173,这个,r,1,5,38259,神的孩子都在跳舞,录音室专辑,2004-11-05,1,孙悟空,神的孩子都在跳舞,1.0,0.0
4535,386173,猪头,n,1,5,38259,神的孩子都在跳舞,录音室专辑,2004-11-05,1,孙悟空,神的孩子都在跳舞,1.0,0.0
4536,386173,手机,n,1,5,38259,神的孩子都在跳舞,录音室专辑,2004-11-05,1,孙悟空,神的孩子都在跳舞,1.0,0.0
4537,386173,老,a,1,5,38259,神的孩子都在跳舞,录音室专辑,2004-11-05,1,孙悟空,神的孩子都在跳舞,1.0,0.0
4538,386173,不通,a,1,5,38259,神的孩子都在跳舞,录音室专辑,2004-11-05,1,孙悟空,神的孩子都在跳舞,1.0,0.0
4539,386173,好色,n,1,5,38259,神的孩子都在跳舞,录音室专辑,2004-11-05,1,孙悟空,神的孩子都在跳舞,1.0,0.0
4540,386173,本性,n,1,5,38259,神的孩子都在跳舞,录音室专辑,2004-11-05,1,孙悟空,神的孩子都在跳舞,1.0,0.0
4541,386173,隽永,a,1,5,38259,神的孩子都在跳舞,录音室专辑,2004-11-05,1,孙悟空,神的孩子都在跳舞,1.0,0.0
4542,386173,好像,v,1,5,38259,神的孩子都在跳舞,录音室专辑,2004-11-05,1,孙悟空,神的孩子都在跳舞,1.0,0.0
4543,386173,时间,n,1,5,38259,神的孩子都在跳舞,录音室专辑,2004-11-05,1,孙悟空,神的孩子都在跳舞,1.0,0.0
4544,386173,从来,d,1,5,38259,神的孩子都在跳舞,录音室专辑,2004-11-05,1,孙悟空,神的孩子都在跳舞,1.0,0.0
4545,386173,走,v,1,5,38259,神的孩子都在跳舞,录音室专辑,2004-11-05,1,孙悟空,神的孩子都在跳舞,1.0,0.0
4546,386173,取完,v,1,5,38259,神的孩子都在跳舞,录音室专辑,2004-11-05,1,孙悟空,神的孩子都在跳舞,1.0,0.0
4547,386173,经,n,1,5,38259,神的孩子都在跳舞,录音室专辑,2004-11-05,1,孙悟空,神的孩子都在跳舞,1.0,0.0
4548,386173,东边,s,1,5,38259,神的孩子都在跳舞,录音室专辑,2004-11-05,1,孙悟空,神的孩子都在跳舞,1.0,0.0
4549,386173,应该,v,1,5,38259,神的孩子都在跳舞,录音室专辑,2004-11-05,1,孙悟空,神的孩子都在跳舞,1.0,0.0
4550,386173,还有,v,1,5,38259,神的孩子都在跳舞,录音室专辑,2004-11-05,1,孙悟空,神的孩子都在跳舞,1.0,0.0
4551,386173,伙伴,n,1,5,38259,神的孩子都在跳舞,录音室专辑,2004-11-05,1,孙悟空,神的孩子都在跳舞,1.0,0.0
4552,386173,们,k,1,5,38259,神的孩子都在跳舞,录音室专辑,2004-11-05,1,孙悟空,神的孩子都在跳舞,1.0,0.0
4553,386173,好不好,l,1,5,38259,神的孩子都在跳舞,录音室专辑,2004-11-05,1,孙悟空,神的孩子都在跳舞,1.0,0.0
4554,386173,我们,r,1,5,38259,神的孩子都在跳舞,录音室专辑,2004-11-05,1,孙悟空,神的孩子都在跳舞,1.0,0.0
4555,386173,拯救,v,1,5,38259,神的孩子都在跳舞,录音室专辑,2004-11-05,1,孙悟空,神的孩子都在跳舞,1.0,0.0
4556,386173,地球,n,1,5,38259,神的孩子都在跳舞,录音室专辑,2004-11-05,1,孙悟空,神的孩子都在跳舞,1.0,0.0
4557,386173,请,v,1,5,38259,神的孩子都在跳舞,录音室专辑,2004-11-05,1,孙悟空,神的孩子都在跳舞,1.0,0.0
4558,386173,给,p,1,5,38259,神的孩子都在跳舞,录音室专辑,2004-11-05,1,孙悟空,神的孩子都在跳舞,1.0,0.0
4559,386173,快乐,a,1,5,38259,神的孩子都在跳舞,录音室专辑,2004-11-05,1,孙悟空,神的孩子都在跳舞,1.0,0.0
4560,386173,苦痛,a,1,5,38259,神的孩子都在跳舞,录音室专辑,2004-11-05,1,孙悟空,神的孩子都在跳舞,1.0,0.0
4561,386175,啦,y,48,5,38259,神的孩子都在跳舞,录音室专辑,2004-11-05,2,倔强,神的孩子都在跳舞,1.0,0.0
4562,386175,我,r,38,5,38259,神的孩子都在跳舞,录音室专辑,2004-11-05,2,倔强,神的孩子都在跳舞,1.0,0.0
4563,386175,的,uj,21,5,38259,神的孩子都在跳舞,录音室专辑,2004-11-05,2,倔强,神的孩子都在跳舞,1.0,0.0
4564,386175,和,c,11,5,38259,神的孩子都在跳舞,录音室专辑,2004-11-05,2,倔强,神的孩子都在跳舞,1.0,0.0
4565,386175,倔强,nw,10,5,38259,神的孩子都在跳舞,录音室专辑,2004-11-05,2,倔强,神的孩子都在跳舞,1.0,0.0
4566,386175,这,r,8,5,38259,神的孩子都在跳舞,录音室专辑,2004-11-05,2,倔强,神的孩子都在跳舞,1.0,0.0
4567,386175,一次,m,8,5,38259,神的孩子都在跳舞,录音室专辑,2004-11-05,2,倔强,神的孩子都在跳舞,1.0,0.0
4568,386175,自己,r,7,5,38259,神的孩子都在跳舞,录音室专辑,2004-11-05,2,倔强,神的孩子都在跳舞,1.0,0.0
4569,386175,不,d,5,5,38259,神的孩子都在跳舞,录音室专辑,2004-11-05,2,倔强,神的孩子都在跳舞,1.0,0.0
4570,386175,不能,v,5,5,38259,神的孩子都在跳舞,录音室专辑,2004-11-05,2,倔强,神的孩子都在跳舞,1.0,0.0
4571,386175,就,d,5,5,38259,神的孩子都在跳舞,录音室专辑,2004-11-05,2,倔强,神的孩子都在跳舞,1.0,0.0
4572,386175,对,p,4,5,38259,神的孩子都在跳舞,录音室专辑,2004-11-05,2,倔强,神的孩子都在跳舞,1.0,0.0
4573,386175,疯狂,a,4,5,38259,神的孩子都在跳舞,录音室专辑,2004-11-05,2,倔强,神的孩子都在跳舞,1.0,0.0
4574,386175,在,p,4,5,38259,神的孩子都在跳舞,录音室专辑,2004-11-05,2,倔强,神的孩子都在跳舞,1.0,0.0
4575,386175,就算,v,4,5,38259,神的孩子都在跳舞,录音室专辑,2004-11-05,2,倔强,神的孩子都在跳舞,1.0,0.0
4576,386175,失望,v,4,5,38259,神的孩子都在跳舞,录音室专辑,2004-11-05,2,倔强,神的孩子都在跳舞,1.0,0.0
4577,386175,绝望,v,4,5,38259,神的孩子都在跳舞,录音室专辑,2004-11-05,2,倔强,神的孩子都在跳舞,1.0,0.0
4578,386175,大声,m,4,5,38259,神的孩子都在跳舞,录音室专辑,2004-11-05,2,倔强,神的孩子都在跳舞,1.0,0.0
4579,386175,最后,f,3,5,38259,神的孩子都在跳舞,录音室专辑,2004-11-05,2,倔强,神的孩子都在跳舞,1.0,0.0
4580,386175,握紧,v,3,5,38259,神的孩子都在跳舞,录音室专辑,2004-11-05,2,倔强,神的孩子都在跳舞,1.0,0.0
4581,386175,双手,n,3,5,38259,神的孩子都在跳舞,录音室专辑,2004-11-05,2,倔强,神的孩子都在跳舞,1.0,0.0
4582,386175,绝对,d,3,5,38259,神的孩子都在跳舞,录音室专辑,2004-11-05,2,倔强,神的孩子都在跳舞,1.0,0.0
4583,386175,放,v,3,5,38259,神的孩子都在跳舞,录音室专辑,2004-11-05,2,倔强,神的孩子都在跳舞,1.0,0.0
4584,386175,下,f,3,5,38259,神的孩子都在跳舞,录音室专辑,2004-11-05,2,倔强,神的孩子都在跳舞,1.0,0.0
4585,386175,一站,m,3,5,38259,神的孩子都在跳舞,录音室专辑,2004-11-05,2,倔强,神的孩子都在跳舞,1.0,0.0
4586,386175,是不是,l,3,5,38259,神的孩子都在跳舞,录音室专辑,2004-11-05,2,倔强,神的孩子都在跳舞,1.0,0.0
4587,386175,天堂,n,3,5,38259,神的孩子都在跳舞,录音室专辑,2004-11-05,2,倔强,神的孩子都在跳舞,1.0,0.0
4588,386175,骄傲,a,3,5,38259,神的孩子都在跳舞,录音室专辑,2004-11-05,2,倔强,神的孩子都在跳舞,1.0,0.0
4589,386175,风,n,3,5,38259,神的孩子都在跳舞,录音室专辑,2004-11-05,2,倔强,神的孩子都在跳舞,1.0,0.0
4590,386175,中,f,3,5,38259,神的孩子都在跳舞,录音室专辑,2004-11-05,2,倔强,神的孩子都在跳舞,1.0,0.0
4591,386175,为,p,3,5,38259,神的孩子都在跳舞,录音室专辑,2004-11-05,2,倔强,神的孩子都在跳舞,1.0,0.0
4592,386175,唱,v,3,5,38259,神的孩子都在跳舞,录音室专辑,2004-11-05,2,倔强,神的孩子都在跳舞,1.0,0.0
4593,386175,一样,r,2,5,38259,神的孩子都在跳舞,录音室专辑,2004-11-05,2,倔强,神的孩子都在跳舞,1.0,0.0
4594,386175,就是,d,2,5,38259,神的孩子都在跳舞,录音室专辑,2004-11-05,2,倔强,神的孩子都在跳舞,1.0,0.0
4595,386175,如果,c,2,5,38259,神的孩子都在跳舞,录音室专辑,2004-11-05,2,倔强,神的孩子都在跳舞,1.0,0.0
4596,386175,原谅,nr,2,5,38259,神的孩子都在跳舞,录音室专辑,2004-11-05,2,倔强,神的孩子都在跳舞,1.0,0.0
4597,386175,你,r,2,5,38259,神的孩子都在跳舞,录音室专辑,2004-11-05,2,倔强,神的孩子都在跳舞,1.0,0.0
4598,386175,当,t,1,5,38259,神的孩子都在跳舞,录音室专辑,2004-11-05,2,倔强,神的孩子都在跳舞,1.0,0.0
4599,386175,世界,n,1,5,38259,神的孩子都在跳舞,录音室专辑,2004-11-05,2,倔强,神的孩子都在跳舞,1.0,0.0
4600,386175,那,r,1,5,38259,神的孩子都在跳舞,录音室专辑,2004-11-05,2,倔强,神的孩子都在跳舞,1.0,0.0
4601,386175,就让,v,1,5,38259,神的孩子都在跳舞,录音室专辑,2004-11-05,2,倔强,神的孩子都在跳舞,1.0,0.0
4602,386175,坚持,v,1,5,38259,神的孩子都在跳舞,录音室专辑,2004-11-05,2,倔强,神的孩子都在跳舞,1.0,0.0
4603,386175,来说,u,1,5,38259,神的孩子都在跳舞,录音室专辑,2004-11-05,2,倔强,神的孩子都在跳舞,1.0,0.0
4604,386175,以,p,1,5,38259,神的孩子都在跳舞,录音室专辑,2004-11-05,2,倔强,神的孩子都在跳舞,1.0,0.0
4605,386175,刚克刚,nr,1,5,38259,神的孩子都在跳舞,录音室专辑,2004-11-05,2,倔强,神的孩子都在跳舞,1.0,0.0
4606,386175,妥协,v,1,5,38259,神的孩子都在跳舞,录音室专辑,2004-11-05,2,倔强,神的孩子都在跳舞,1.0,0.0
4607,386175,说谎,v,1,5,38259,神的孩子都在跳舞,录音室专辑,2004-11-05,2,倔强,神的孩子都在跳舞,1.0,0.0
4608,386175,即使,c,1,5,38259,神的孩子都在跳舞,录音室专辑,2004-11-05,2,倔强,神的孩子都在跳舞,1.0,0.0
4609,386175,别人,r,1,5,38259,神的孩子都在跳舞,录音室专辑,2004-11-05,2,倔强,神的孩子都在跳舞,1.0,0.0
4610,386175,也,d,1,5,38259,神的孩子都在跳舞,录音室专辑,2004-11-05,2,倔强,神的孩子都在跳舞,1.0,0.0
4611,386175,最美,a,1,5,38259,神的孩子都在跳舞,录音室专辑,2004-11-05,2,倔强,神的孩子都在跳舞,1.0,0.0
4612,386175,愿望,v,1,5,38259,神的孩子都在跳舞,录音室专辑,2004-11-05,2,倔强,神的孩子都在跳舞,1.0,0.0
4613,386175,一定,d,1,5,38259,神的孩子都在跳舞,录音室专辑,2004-11-05,2,倔强,神的孩子都在跳舞,1.0,0.0
4614,386175,最,d,1,5,38259,神的孩子都在跳舞,录音室专辑,2004-11-05,2,倔强,神的孩子都在跳舞,1.0,0.0
4615,386175,神,n,1,5,38259,神的孩子都在跳舞,录音室专辑,2004-11-05,2,倔强,神的孩子都在跳舞,1.0,0.0
4616,386175,活,n,1,5,38259,神的孩子都在跳舞,录音室专辑,2004-11-05,2,倔强,神的孩子都在跳舞,1.0,0.0
4617,386175,地方,n,1,5,38259,神的孩子都在跳舞,录音室专辑,2004-11-05,2,倔强,神的孩子都在跳舞,1.0,0.0
4618,386175,地唱,n,1,5,38259,神的孩子都在跳舞,录音室专辑,2004-11-05,2,倔强,神的孩子都在跳舞,1.0,0.0
4619,386175,爱,v,1,5,38259,神的孩子都在跳舞,录音室专辑,2004-11-05,2,倔强,神的孩子都在跳舞,1.0,0.0
4620,386175,人别,n,1,5,38259,神的孩子都在跳舞,录音室专辑,2004-11-05,2,倔强,神的孩子都在跳舞,1.0,0.0
4621,386175,紧张,a,1,5,38259,神的孩子都在跳舞,录音室专辑,2004-11-05,2,倔强,神的孩子都在跳舞,1.0,0.0
4622,386175,固执,a,1,5,38259,神的孩子都在跳舞,录音室专辑,2004-11-05,2,倔强,神的孩子都在跳舞,1.0,0.0
4623,386175,很,zg,1,5,38259,神的孩子都在跳舞,录音室专辑,2004-11-05,2,倔强,神的孩子都在跳舞,1.0,0.0
4624,386175,善良,a,1,5,38259,神的孩子都在跳舞,录音室专辑,2004-11-05,2,倔强,神的孩子都在跳舞,1.0,0.0
4625,386175,手,n,1,5,38259,神的孩子都在跳舞,录音室专辑,2004-11-05,2,倔强,神的孩子都在跳舞,1.0,0.0
4626,386175,越,d,1,5,38259,神的孩子都在跳舞,录音室专辑,2004-11-05,2,倔强,神的孩子都在跳舞,1.0,0.0
4627,386175,肮脏,a,1,5,38259,神的孩子都在跳舞,录音室专辑,2004-11-05,2,倔强,神的孩子都在跳舞,1.0,0.0
4628,386175,眼神,n,1,5,38259,神的孩子都在跳舞,录音室专辑,2004-11-05,2,倔强,神的孩子都在跳舞,1.0,0.0
4629,386175,越是,d,1,5,38259,神的孩子都在跳舞,录音室专辑,2004-11-05,2,倔强,神的孩子都在跳舞,1.0,0.0
4630,386175,发光,v,1,5,38259,神的孩子都在跳舞,录音室专辑,2004-11-05,2,倔强,神的孩子都在跳舞,1.0,0.0
4631,386175,不在乎,i,1,5,38259,神的孩子都在跳舞,录音室专辑,2004-11-05,2,倔强,神的孩子都在跳舞,1.0,0.0
4632,386175,过往,t,1,5,38259,神的孩子都在跳舞,录音室专辑,2004-11-05,2,倔强,神的孩子都在跳舞,1.0,0.0
4633,386175,看到,v,1,5,38259,神的孩子都在跳舞,录音室专辑,2004-11-05,2,倔强,神的孩子都在跳舞,1.0,0.0
4634,386175,了,ul,1,5,38259,神的孩子都在跳舞,录音室专辑,2004-11-05,2,倔强,神的孩子都在跳舞,1.0,0.0
4635,386175,翅膀,n,1,5,38259,神的孩子都在跳舞,录音室专辑,2004-11-05,2,倔强,神的孩子都在跳舞,1.0,0.0
4636,386175,说,v,1,5,38259,神的孩子都在跳舞,录音室专辑,2004-11-05,2,倔强,神的孩子都在跳舞,1.0,0.0
4637,386175,被,p,1,5,38259,神的孩子都在跳舞,录音室专辑,2004-11-05,2,倔强,神的孩子都在跳舞,1.0,0.0
4638,386175,火烧,n,1,5,38259,神的孩子都在跳舞,录音室专辑,2004-11-05,2,倔强,神的孩子都在跳舞,1.0,0.0
4639,386175,过,ug,1,5,38259,神的孩子都在跳舞,录音室专辑,2004-11-05,2,倔强,神的孩子都在跳舞,1.0,0.0
4640,386175,才能,v,1,5,38259,神的孩子都在跳舞,录音室专辑,2004-11-05,2,倔强,神的孩子都在跳舞,1.0,0.0
4641,386175,出现,v,1,5,38259,神的孩子都在跳舞,录音室专辑,2004-11-05,2,倔强,神的孩子都在跳舞,1.0,0.0
4642,386175,凤凰,nr,1,5,38259,神的孩子都在跳舞,录音室专辑,2004-11-05,2,倔强,神的孩子都在跳舞,1.0,0.0
4643,386175,逆风,d,1,5,38259,神的孩子都在跳舞,录音室专辑,2004-11-05,2,倔强,神的孩子都在跳舞,1.0,0.0
4644,386175,方向,n,1,5,38259,神的孩子都在跳舞,录音室专辑,2004-11-05,2,倔强,神的孩子都在跳舞,1.0,0.0
4645,386175,更,d,1,5,38259,神的孩子都在跳舞,录音室专辑,2004-11-05,2,倔强,神的孩子都在跳舞,1.0,0.0
4646,386175,适合,v,1,5,38259,神的孩子都在跳舞,录音室专辑,2004-11-05,2,倔强,神的孩子都在跳舞,1.0,0.0
4647,386175,飞翔,nz,1,5,38259,神的孩子都在跳舞,录音室专辑,2004-11-05,2,倔强,神的孩子都在跳舞,1.0,0.0
4648,386175,不怕,c,1,5,38259,神的孩子都在跳舞,录音室专辑,2004-11-05,2,倔强,神的孩子都在跳舞,1.0,0.0
4649,386175,千万,m,1,5,38259,神的孩子都在跳舞,录音室专辑,2004-11-05,2,倔强,神的孩子都在跳舞,1.0,0.0
4650,386175,人,n,1,5,38259,神的孩子都在跳舞,录音室专辑,2004-11-05,2,倔强,神的孩子都在跳舞,1.0,0.0
4651,386175,阻挡,v,1,5,38259,神的孩子都在跳舞,录音室专辑,2004-11-05,2,倔强,神的孩子都在跳舞,1.0,0.0
4652,386175,只怕,c,1,5,38259,神的孩子都在跳舞,录音室专辑,2004-11-05,2,倔强,神的孩子都在跳舞,1.0,0.0
4653,386175,投降,v,1,5,38259,神的孩子都在跳舞,录音室专辑,2004-11-05,2,倔强,神的孩子都在跳舞,1.0,0.0
4654,386175,让,v,1,5,38259,神的孩子都在跳舞,录音室专辑,2004-11-05,2,倔强,神的孩子都在跳舞,1.0,0.0
4655,386177,你,r,39,5,38259,神的孩子都在跳舞,录音室专辑,2004-11-05,3,垃圾车,神的孩子都在跳舞,1.0,0.0
4656,386177,我,r,27,5,38259,神的孩子都在跳舞,录音室专辑,2004-11-05,3,垃圾车,神的孩子都在跳舞,1.0,0.0
4657,386177,有,v,20,5,38259,神的孩子都在跳舞,录音室专辑,2004-11-05,3,垃圾车,神的孩子都在跳舞,1.0,0.0
4658,386177,的,uj,17,5,38259,神的孩子都在跳舞,录音室专辑,2004-11-05,3,垃圾车,神的孩子都在跳舞,1.0,0.0
4659,386177,才,d,12,5,38259,神的孩子都在跳舞,录音室专辑,2004-11-05,3,垃圾车,神的孩子都在跳舞,1.0,0.0
4660,386177,若,c,7,5,38259,神的孩子都在跳舞,录音室专辑,2004-11-05,3,垃圾车,神的孩子都在跳舞,1.0,0.0
4661,386177,未,d,6,5,38259,神的孩子都在跳舞,录音室专辑,2004-11-05,3,垃圾车,神的孩子都在跳舞,1.0,0.0
4662,386177,孤单,a,6,5,38259,神的孩子都在跳舞,录音室专辑,2004-11-05,3,垃圾车,神的孩子都在跳舞,1.0,0.0
4663,386177,陪伴,n,6,5,38259,神的孩子都在跳舞,录音室专辑,2004-11-05,3,垃圾车,神的孩子都在跳舞,1.0,0.0
4664,386177,靠山,n,6,5,38259,神的孩子都在跳舞,录音室专辑,2004-11-05,3,垃圾车,神的孩子都在跳舞,1.0,0.0
4665,386177,是,v,6,5,38259,神的孩子都在跳舞,录音室专辑,2004-11-05,3,垃圾车,神的孩子都在跳舞,1.0,0.0
4666,386177,垃圾车,n,6,5,38259,神的孩子都在跳舞,录音室专辑,2004-11-05,3,垃圾车,神的孩子都在跳舞,1.0,0.0
4667,386177,每天,r,6,5,38259,神的孩子都在跳舞,录音室专辑,2004-11-05,3,垃圾车,神的孩子都在跳舞,1.0,0.0
4668,386177,欢喜,v,4,5,38259,神的孩子都在跳舞,录音室专辑,2004-11-05,3,垃圾车,神的孩子都在跳舞,1.0,0.0
4669,386177,为,p,4,5,38259,神的孩子都在跳舞,录音室专辑,2004-11-05,3,垃圾车,神的孩子都在跳舞,1.0,0.0
4670,386177,唱歌,n,4,5,38259,神的孩子都在跳舞,录音室专辑,2004-11-05,3,垃圾车,神的孩子都在跳舞,1.0,0.0
4671,386177,又,d,3,5,38259,神的孩子都在跳舞,录音室专辑,2004-11-05,3,垃圾车,神的孩子都在跳舞,1.0,0.0
4672,386177,爱,v,3,5,38259,神的孩子都在跳舞,录音室专辑,2004-11-05,3,垃圾车,神的孩子都在跳舞,1.0,0.0
4673,386177,到,v,3,5,38259,神的孩子都在跳舞,录音室专辑,2004-11-05,3,垃圾车,神的孩子都在跳舞,1.0,0.0
4674,386177,不爽,a,3,5,38259,神的孩子都在跳舞,录音室专辑,2004-11-05,3,垃圾车,神的孩子都在跳舞,1.0,0.0
4675,386177,听,v,3,5,38259,神的孩子都在跳舞,录音室专辑,2004-11-05,3,垃圾车,神的孩子都在跳舞,1.0,0.0
4676,386177,心声,n,3,5,38259,神的孩子都在跳舞,录音室专辑,2004-11-05,3,垃圾车,神的孩子都在跳舞,1.0,0.0
4677,386177,la,eng,3,5,38259,神的孩子都在跳舞,录音室专辑,2004-11-05,3,垃圾车,神的孩子都在跳舞,1.0,0.0
4678,386177,虽然,c,1,5,38259,神的孩子都在跳舞,录音室专辑,2004-11-05,3,垃圾车,神的孩子都在跳舞,1.0,0.0
4679,386177,脾气坏,n,1,5,38259,神的孩子都在跳舞,录音室专辑,2004-11-05,3,垃圾车,神的孩子都在跳舞,1.0,0.0
4680,386177,对待,v,1,5,38259,神的孩子都在跳舞,录音室专辑,2004-11-05,3,垃圾车,神的孩子都在跳舞,1.0,0.0
4681,386177,朋友,n,1,5,38259,神的孩子都在跳舞,录音室专辑,2004-11-05,3,垃圾车,神的孩子都在跳舞,1.0,0.0
4682,386177,差,a,1,5,38259,神的孩子都在跳舞,录音室专辑,2004-11-05,3,垃圾车,神的孩子都在跳舞,1.0,0.0
4683,386177,凸,ag,1,5,38259,神的孩子都在跳舞,录音室专辑,2004-11-05,3,垃圾车,神的孩子都在跳舞,1.0,0.0
4684,386177,槌,ng,1,5,38259,神的孩子都在跳舞,录音室专辑,2004-11-05,3,垃圾车,神的孩子都在跳舞,1.0,0.0
4685,386177,更,d,1,5,38259,神的孩子都在跳舞,录音室专辑,2004-11-05,3,垃圾车,神的孩子都在跳舞,1.0,0.0
4686,386177,牵,v,1,5,38259,神的孩子都在跳舞,录音室专辑,2004-11-05,3,垃圾车,神的孩子都在跳舞,1.0,0.0
4687,386177,拖,v,1,5,38259,神的孩子都在跳舞,录音室专辑,2004-11-05,3,垃圾车,神的孩子都在跳舞,1.0,0.0
4688,386177,佳,a,1,5,38259,神的孩子都在跳舞,录音室专辑,2004-11-05,3,垃圾车,神的孩子都在跳舞,1.0,0.0
4689,386177,在,p,1,5,38259,神的孩子都在跳舞,录音室专辑,2004-11-05,3,垃圾车,神的孩子都在跳舞,1.0,0.0
4690,386177,遇到,v,1,5,38259,神的孩子都在跳舞,录音室专辑,2004-11-05,3,垃圾车,神的孩子都在跳舞,1.0,0.0
4691,386177,不,d,1,5,38259,神的孩子都在跳舞,录音室专辑,2004-11-05,3,垃圾车,神的孩子都在跳舞,1.0,0.0
4692,386177,计较,v,1,5,38259,神的孩子都在跳舞,录音室专辑,2004-11-05,3,垃圾车,神的孩子都在跳舞,1.0,0.0
4693,386177,算,v,1,5,38259,神的孩子都在跳舞,录音室专辑,2004-11-05,3,垃圾车,神的孩子都在跳舞,1.0,0.0
4694,386177,坏人,n,1,5,38259,神的孩子都在跳舞,录音室专辑,2004-11-05,3,垃圾车,神的孩子都在跳舞,1.0,0.0
4695,386177,好,a,1,5,38259,神的孩子都在跳舞,录音室专辑,2004-11-05,3,垃圾车,神的孩子都在跳舞,1.0,0.0
4696,386177,命,n,1,5,38259,神的孩子都在跳舞,录音室专辑,2004-11-05,3,垃圾车,神的孩子都在跳舞,1.0,0.0
4697,386177,走路,n,1,5,38259,神的孩子都在跳舞,录音室专辑,2004-11-05,3,垃圾车,神的孩子都在跳舞,1.0,0.0
4698,386177,坐车,v,1,5,38259,神的孩子都在跳舞,录音室专辑,2004-11-05,3,垃圾车,神的孩子都在跳舞,1.0,0.0
4699,386177,吃饭,v,1,5,38259,神的孩子都在跳舞,录音室专辑,2004-11-05,3,垃圾车,神的孩子都在跳舞,1.0,0.0
4700,386177,洗碗,n,1,5,38259,神的孩子都在跳舞,录音室专辑,2004-11-05,3,垃圾车,神的孩子都在跳舞,1.0,0.0
4701,386177,被,p,1,5,38259,神的孩子都在跳舞,录音室专辑,2004-11-05,3,垃圾车,神的孩子都在跳舞,1.0,0.0
4702,386177,欺负,v,1,5,38259,神的孩子都在跳舞,录音室专辑,2004-11-05,3,垃圾车,神的孩子都在跳舞,1.0,0.0
4703,386177,拼命,v,1,5,38259,神的孩子都在跳舞,录音室专辑,2004-11-05,3,垃圾车,神的孩子都在跳舞,1.0,0.0
4704,386177,为了,p,1,5,38259,神的孩子都在跳舞,录音室专辑,2004-11-05,3,垃圾车,神的孩子都在跳舞,1.0,0.0
4705,386177,爽,nr,1,5,38259,神的孩子都在跳舞,录音室专辑,2004-11-05,3,垃圾车,神的孩子都在跳舞,1.0,0.0
4706,386177,可以,c,1,5,38259,神的孩子都在跳舞,录音室专辑,2004-11-05,3,垃圾车,神的孩子都在跳舞,1.0,0.0
4707,386177,艰苦,a,1,5,38259,神的孩子都在跳舞,录音室专辑,2004-11-05,3,垃圾车,神的孩子都在跳舞,1.0,0.0
4708,386177,因为,c,1,5,38259,神的孩子都在跳舞,录音室专辑,2004-11-05,3,垃圾车,神的孩子都在跳舞,1.0,0.0
4709,386177,咱,r,1,5,38259,神的孩子都在跳舞,录音室专辑,2004-11-05,3,垃圾车,神的孩子都在跳舞,1.0,0.0
4710,386177,缘分,n,1,5,38259,神的孩子都在跳舞,录音室专辑,2004-11-05,3,垃圾车,神的孩子都在跳舞,1.0,0.0
4711,386177,不可,v,1,5,38259,神的孩子都在跳舞,录音室专辑,2004-11-05,3,垃圾车,神的孩子都在跳舞,1.0,0.0
4712,386177,散,v,1,5,38259,神的孩子都在跳舞,录音室专辑,2004-11-05,3,垃圾车,神的孩子都在跳舞,1.0,0.0
4713,386177,爱情,n,1,5,38259,神的孩子都在跳舞,录音室专辑,2004-11-05,3,垃圾车,神的孩子都在跳舞,1.0,0.0
4714,386177,影伤,vn,1,5,38259,神的孩子都在跳舞,录音室专辑,2004-11-05,3,垃圾车,神的孩子都在跳舞,1.0,0.0
4715,386177,肝,n,1,5,38259,神的孩子都在跳舞,录音室专辑,2004-11-05,3,垃圾车,神的孩子都在跳舞,1.0,0.0
4716,386177,想到,v,1,5,38259,神的孩子都在跳舞,录音室专辑,2004-11-05,3,垃圾车,神的孩子都在跳舞,1.0,0.0
4717,386177,就,d,1,5,38259,神的孩子都在跳舞,录音室专辑,2004-11-05,3,垃圾车,神的孩子都在跳舞,1.0,0.0
4718,386177,会,v,1,5,38259,神的孩子都在跳舞,录音室专辑,2004-11-05,3,垃圾车,神的孩子都在跳舞,1.0,0.0
4719,386177,惊,v,1,5,38259,神的孩子都在跳舞,录音室专辑,2004-11-05,3,垃圾车,神的孩子都在跳舞,1.0,0.0
4720,386177,亲像,n,1,5,38259,神的孩子都在跳舞,录音室专辑,2004-11-05,3,垃圾车,神的孩子都在跳舞,1.0,0.0
4721,386177,热天,n,1,5,38259,神的孩子都在跳舞,录音室专辑,2004-11-05,3,垃圾车,神的孩子都在跳舞,1.0,0.0
4722,386177,洗,v,1,5,38259,神的孩子都在跳舞,录音室专辑,2004-11-05,3,垃圾车,神的孩子都在跳舞,1.0,0.0
4723,386177,温泉,nr,1,5,38259,神的孩子都在跳舞,录音室专辑,2004-11-05,3,垃圾车,神的孩子都在跳舞,1.0,0.0
4724,386177,头晕,n,1,5,38259,神的孩子都在跳舞,录音室专辑,2004-11-05,3,垃圾车,神的孩子都在跳舞,1.0,0.0
4725,386177,目暗,n,1,5,38259,神的孩子都在跳舞,录音室专辑,2004-11-05,3,垃圾车,神的孩子都在跳舞,1.0,0.0
4726,386177,整,n,1,5,38259,神的孩子都在跳舞,录音室专辑,2004-11-05,3,垃圾车,神的孩子都在跳舞,1.0,0.0
4727,386177,身躯,n,1,5,38259,神的孩子都在跳舞,录音室专辑,2004-11-05,3,垃圾车,神的孩子都在跳舞,1.0,0.0
4728,386177,汗,zg,1,5,38259,神的孩子都在跳舞,录音室专辑,2004-11-05,3,垃圾车,神的孩子都在跳舞,1.0,0.0
4729,386177,搁,v,1,5,38259,神的孩子都在跳舞,录音室专辑,2004-11-05,3,垃圾车,神的孩子都在跳舞,1.0,0.0
4730,386177,甘愿,n,1,5,38259,神的孩子都在跳舞,录音室专辑,2004-11-05,3,垃圾车,神的孩子都在跳舞,1.0,0.0
4731,386177,给,p,1,5,38259,神的孩子都在跳舞,录音室专辑,2004-11-05,3,垃圾车,神的孩子都在跳舞,1.0,0.0
4732,386177,快活,d,1,5,38259,神的孩子都在跳舞,录音室专辑,2004-11-05,3,垃圾车,神的孩子都在跳舞,1.0,0.0
4733,386179,我,r,13,5,38259,神的孩子都在跳舞,录音室专辑,2004-11-05,4,小护士,神的孩子都在跳舞,1.0,0.0
4734,386179,你,r,8,5,38259,神的孩子都在跳舞,录音室专辑,2004-11-05,4,小护士,神的孩子都在跳舞,1.0,0.0
4735,386179,的,uj,7,5,38259,神的孩子都在跳舞,录音室专辑,2004-11-05,4,小护士,神的孩子都在跳舞,1.0,0.0
4736,386179,好想,v,6,5,38259,神的孩子都在跳舞,录音室专辑,2004-11-05,4,小护士,神的孩子都在跳舞,1.0,0.0
4737,386179,她,r,5,5,38259,神的孩子都在跳舞,录音室专辑,2004-11-05,4,小护士,神的孩子都在跳舞,1.0,0.0
4738,386179,健康,a,4,5,38259,神的孩子都在跳舞,录音室专辑,2004-11-05,4,小护士,神的孩子都在跳舞,1.0,0.0
4739,386179,好象,n,4,5,38259,神的孩子都在跳舞,录音室专辑,2004-11-05,4,小护士,神的孩子都在跳舞,1.0,0.0
4740,386179,来,v,3,5,38259,神的孩子都在跳舞,录音室专辑,2004-11-05,4,小护士,神的孩子都在跳舞,1.0,0.0
4741,386179,小护士,n,3,5,38259,神的孩子都在跳舞,录音室专辑,2004-11-05,4,小护士,神的孩子都在跳舞,1.0,0.0
4742,386179,啊,y,3,5,38259,神的孩子都在跳舞,录音室专辑,2004-11-05,4,小护士,神的孩子都在跳舞,1.0,0.0
4743,386179,又,d,3,5,38259,神的孩子都在跳舞,录音室专辑,2004-11-05,4,小护士,神的孩子都在跳舞,1.0,0.0
4744,386179,矛盾,an,3,5,38259,神的孩子都在跳舞,录音室专辑,2004-11-05,4,小护士,神的孩子都在跳舞,1.0,0.0
4745,386179,医生,n,2,5,38259,神的孩子都在跳舞,录音室专辑,2004-11-05,4,小护士,神的孩子都在跳舞,1.0,0.0
4746,386179,让,v,2,5,38259,神的孩子都在跳舞,录音室专辑,2004-11-05,4,小护士,神的孩子都在跳舞,1.0,0.0
4747,386179,我们,r,2,5,38259,神的孩子都在跳舞,录音室专辑,2004-11-05,4,小护士,神的孩子都在跳舞,1.0,0.0
4748,386179,但,c,2,5,38259,神的孩子都在跳舞,录音室专辑,2004-11-05,4,小护士,神的孩子都在跳舞,1.0,0.0
4749,386179,太,n,2,5,38259,神的孩子都在跳舞,录音室专辑,2004-11-05,4,小护士,神的孩子都在跳舞,1.0,0.0
4750,386179,怕,v,2,5,38259,神的孩子都在跳舞,录音室专辑,2004-11-05,4,小护士,神的孩子都在跳舞,1.0,0.0
4751,386179,离开,v,2,5,38259,神的孩子都在跳舞,录音室专辑,2004-11-05,4,小护士,神的孩子都在跳舞,1.0,0.0
4752,386179,身旁,s,2,5,38259,神的孩子都在跳舞,录音室专辑,2004-11-05,4,小护士,神的孩子都在跳舞,1.0,0.0
4753,386179,再为,c,2,5,38259,神的孩子都在跳舞,录音室专辑,2004-11-05,4,小护士,神的孩子都在跳舞,1.0,0.0
4754,386179,受点伤,v,2,5,38259,神的孩子都在跳舞,录音室专辑,2004-11-05,4,小护士,神的孩子都在跳舞,1.0,0.0
4755,386179,说,v,2,5,38259,神的孩子都在跳舞,录音室专辑,2004-11-05,4,小护士,神的孩子都在跳舞,1.0,0.0
4756,386179,预防,v,2,5,38259,神的孩子都在跳舞,录音室专辑,2004-11-05,4,小护士,神的孩子都在跳舞,1.0,0.0
4757,386179,心,n,2,5,38259,神的孩子都在跳舞,录音室专辑,2004-11-05,4,小护士,神的孩子都在跳舞,1.0,0.0
4758,386179,刚,d,1,5,38259,神的孩子都在跳舞,录音室专辑,2004-11-05,4,小护士,神的孩子都在跳舞,1.0,0.0
4759,386179,走,v,1,5,38259,神的孩子都在跳舞,录音室专辑,2004-11-05,4,小护士,神的孩子都在跳舞,1.0,0.0
4760,386179,刚刚,d,1,5,38259,神的孩子都在跳舞,录音室专辑,2004-11-05,4,小护士,神的孩子都在跳舞,1.0,0.0
4761,386179,把门,n,1,5,38259,神的孩子都在跳舞,录音室专辑,2004-11-05,4,小护士,神的孩子都在跳舞,1.0,0.0
4762,386179,关上,s,1,5,38259,神的孩子都在跳舞,录音室专辑,2004-11-05,4,小护士,神的孩子都在跳舞,1.0,0.0
4763,386179,整个,b,1,5,38259,神的孩子都在跳舞,录音室专辑,2004-11-05,4,小护士,神的孩子都在跳舞,1.0,0.0
4764,386179,病房,n,1,5,38259,神的孩子都在跳舞,录音室专辑,2004-11-05,4,小护士,神的孩子都在跳舞,1.0,0.0
4765,386179,突然,ad,1,5,38259,神的孩子都在跳舞,录音室专辑,2004-11-05,4,小护士,神的孩子都在跳舞,1.0,0.0
4766,386179,party,eng,1,5,38259,神的孩子都在跳舞,录音室专辑,2004-11-05,4,小护士,神的孩子都在跳舞,1.0,0.0
4767,386179,一样,r,1,5,38259,神的孩子都在跳舞,录音室专辑,2004-11-05,4,小护士,神的孩子都在跳舞,1.0,0.0
4768,386179,走进,v,1,5,38259,神的孩子都在跳舞,录音室专辑,2004-11-05,4,小护士,神的孩子都在跳舞,1.0,0.0
4769,386179,像,v,1,5,38259,神的孩子都在跳舞,录音室专辑,2004-11-05,4,小护士,神的孩子都在跳舞,1.0,0.0
4770,386179,天使,n,1,5,38259,神的孩子都在跳舞,录音室专辑,2004-11-05,4,小护士,神的孩子都在跳舞,1.0,0.0
4771,386179,放光芒,n,1,5,38259,神的孩子都在跳舞,录音室专辑,2004-11-05,4,小护士,神的孩子都在跳舞,1.0,0.0
4772,386179,各位,r,1,5,38259,神的孩子都在跳舞,录音室专辑,2004-11-05,4,小护士,神的孩子都在跳舞,1.0,0.0
4773,386179,色狼,n,1,5,38259,神的孩子都在跳舞,录音室专辑,2004-11-05,4,小护士,神的孩子都在跳舞,1.0,0.0
4774,386179,不要,df,1,5,38259,神的孩子都在跳舞,录音室专辑,2004-11-05,4,小护士,神的孩子都在跳舞,1.0,0.0
4775,386179,对,p,1,5,38259,神的孩子都在跳舞,录音室专辑,2004-11-05,4,小护士,神的孩子都在跳舞,1.0,0.0
4776,386179,幻想,n,1,5,38259,神的孩子都在跳舞,录音室专辑,2004-11-05,4,小护士,神的孩子都在跳舞,1.0,0.0
4777,386179,都,d,1,5,38259,神的孩子都在跳舞,录音室专辑,2004-11-05,4,小护士,神的孩子都在跳舞,1.0,0.0
4778,386179,治疗,v,1,5,38259,神的孩子都在跳舞,录音室专辑,2004-11-05,4,小护士,神的孩子都在跳舞,1.0,0.0
4779,386179,不如,c,1,5,38259,神的孩子都在跳舞,录音室专辑,2004-11-05,4,小护士,神的孩子都在跳舞,1.0,0.0
4780,386179,自从,p,1,5,38259,神的孩子都在跳舞,录音室专辑,2004-11-05,4,小护士,神的孩子都在跳舞,1.0,0.0
4781,386179,没人,v,1,5,38259,神的孩子都在跳舞,录音室专辑,2004-11-05,4,小护士,神的孩子都在跳舞,1.0,0.0
4782,386179,想要,v,1,5,38259,神的孩子都在跳舞,录音室专辑,2004-11-05,4,小护士,神的孩子都在跳舞,1.0,0.0
4783,386179,爱,v,1,5,38259,神的孩子都在跳舞,录音室专辑,2004-11-05,4,小护士,神的孩子都在跳舞,1.0,0.0
4784,386179,喝酒,v,1,5,38259,神的孩子都在跳舞,录音室专辑,2004-11-05,4,小护士,神的孩子都在跳舞,1.0,0.0
4785,386179,叫,v,1,5,38259,神的孩子都在跳舞,录音室专辑,2004-11-05,4,小护士,神的孩子都在跳舞,1.0,0.0
4786,386179,小,n,1,5,38259,神的孩子都在跳舞,录音室专辑,2004-11-05,4,小护士,神的孩子都在跳舞,1.0,0.0
4787,386179,心肝,n,1,5,38259,神的孩子都在跳舞,录音室专辑,2004-11-05,4,小护士,神的孩子都在跳舞,1.0,0.0
4788,386179,太软,a,1,5,38259,神的孩子都在跳舞,录音室专辑,2004-11-05,4,小护士,神的孩子都在跳舞,1.0,0.0
4789,386179,要,v,1,5,38259,神的孩子都在跳舞,录音室专辑,2004-11-05,4,小护士,神的孩子都在跳舞,1.0,0.0
4790,386179,坚强,v,1,5,38259,神的孩子都在跳舞,录音室专辑,2004-11-05,4,小护士,神的孩子都在跳舞,1.0,0.0
4791,386179,想,v,1,5,38259,神的孩子都在跳舞,录音室专辑,2004-11-05,4,小护士,神的孩子都在跳舞,1.0,0.0
4792,386179,对我讲,l,1,5,38259,神的孩子都在跳舞,录音室专辑,2004-11-05,4,小护士,神的孩子都在跳舞,1.0,0.0
4793,386179,不能,v,1,5,38259,神的孩子都在跳舞,录音室专辑,2004-11-05,4,小护士,神的孩子都在跳舞,1.0,0.0
4794,386179,讲,v,1,5,38259,神的孩子都在跳舞,录音室专辑,2004-11-05,4,小护士,神的孩子都在跳舞,1.0,0.0
4795,386179,没事,v,1,5,38259,神的孩子都在跳舞,录音室专辑,2004-11-05,4,小护士,神的孩子都在跳舞,1.0,0.0
4796,386179,就常,d,1,5,38259,神的孩子都在跳舞,录音室专辑,2004-11-05,4,小护士,神的孩子都在跳舞,1.0,0.0
4797,386179,逛逛,v,1,5,38259,神的孩子都在跳舞,录音室专辑,2004-11-05,4,小护士,神的孩子都在跳舞,1.0,0.0
4798,386179,已经,d,1,5,38259,神的孩子都在跳舞,录音室专辑,2004-11-05,4,小护士,神的孩子都在跳舞,1.0,0.0
4799,386179,病入膏肓,i,1,5,38259,神的孩子都在跳舞,录音室专辑,2004-11-05,4,小护士,神的孩子都在跳舞,1.0,0.0
4800,386179,多情,n,1,5,38259,神的孩子都在跳舞,录音室专辑,2004-11-05,4,小护士,神的孩子都在跳舞,1.0,0.0
4801,386179,人,n,1,5,38259,神的孩子都在跳舞,录音室专辑,2004-11-05,4,小护士,神的孩子都在跳舞,1.0,0.0
4802,386179,队伍,n,1,5,38259,神的孩子都在跳舞,录音室专辑,2004-11-05,4,小护士,神的孩子都在跳舞,1.0,0.0
4803,386179,排,v,1,5,38259,神的孩子都在跳舞,录音室专辑,2004-11-05,4,小护士,神的孩子都在跳舞,1.0,0.0
4804,386179,到,v,1,5,38259,神的孩子都在跳舞,录音室专辑,2004-11-05,4,小护士,神的孩子都在跳舞,1.0,0.0
4805,386179,街上,s,1,5,38259,神的孩子都在跳舞,录音室专辑,2004-11-05,4,小护士,神的孩子都在跳舞,1.0,0.0
4806,386179,他,r,1,5,38259,神的孩子都在跳舞,录音室专辑,2004-11-05,4,小护士,神的孩子都在跳舞,1.0,0.0
4807,386179,头发,n,1,5,38259,神的孩子都在跳舞,录音室专辑,2004-11-05,4,小护士,神的孩子都在跳舞,1.0,0.0
4808,386179,痛,a,1,5,38259,神的孩子都在跳舞,录音室专辑,2004-11-05,4,小护士,神的孩子都在跳舞,1.0,0.0
4809,386179,也好,y,1,5,38259,神的孩子都在跳舞,录音室专辑,2004-11-05,4,小护士,神的孩子都在跳舞,1.0,0.0
4810,386179,烫,v,1,5,38259,神的孩子都在跳舞,录音室专辑,2004-11-05,4,小护士,神的孩子都在跳舞,1.0,0.0
4811,386181,你,r,29,5,38259,神的孩子都在跳舞,录音室专辑,2004-11-05,5,让我照顾你,神的孩子都在跳舞,1.0,0.0
4812,386181,我,r,24,5,38259,神的孩子都在跳舞,录音室专辑,2004-11-05,5,让我照顾你,神的孩子都在跳舞,1.0,0.0
4813,386181,让,v,16,5,38259,神的孩子都在跳舞,录音室专辑,2004-11-05,5,让我照顾你,神的孩子都在跳舞,1.0,0.0
4814,386181,的,uj,14,5,38259,神的孩子都在跳舞,录音室专辑,2004-11-05,5,让我照顾你,神的孩子都在跳舞,1.0,0.0
4815,386181,为,p,8,5,38259,神的孩子都在跳舞,录音室专辑,2004-11-05,5,让我照顾你,神的孩子都在跳舞,1.0,0.0
4816,386181,照顾,v,6,5,38259,神的孩子都在跳舞,录音室专辑,2004-11-05,5,让我照顾你,神的孩子都在跳舞,1.0,0.0
4817,386181,也,d,4,5,38259,神的孩子都在跳舞,录音室专辑,2004-11-05,5,让我照顾你,神的孩子都在跳舞,1.0,0.0
4818,386181,太阳,ns,4,5,38259,神的孩子都在跳舞,录音室专辑,2004-11-05,5,让我照顾你,神的孩子都在跳舞,1.0,0.0
4819,386181,更,d,4,5,38259,神的孩子都在跳舞,录音室专辑,2004-11-05,5,让我照顾你,神的孩子都在跳舞,1.0,0.0
4820,386181,是,v,3,5,38259,神的孩子都在跳舞,录音室专辑,2004-11-05,5,让我照顾你,神的孩子都在跳舞,1.0,0.0
4821,386181,爱,v,3,5,38259,神的孩子都在跳舞,录音室专辑,2004-11-05,5,让我照顾你,神的孩子都在跳舞,1.0,0.0
4822,386181,变,v,3,5,38259,神的孩子都在跳舞,录音室专辑,2004-11-05,5,让我照顾你,神的孩子都在跳舞,1.0,0.0
4823,386181,强,a,3,5,38259,神的孩子都在跳舞,录音室专辑,2004-11-05,5,让我照顾你,神的孩子都在跳舞,1.0,0.0
4824,386181,战斗,vn,3,5,38259,神的孩子都在跳舞,录音室专辑,2004-11-05,5,让我照顾你,神的孩子都在跳舞,1.0,0.0
4825,386181,永不,d,3,5,38259,神的孩子都在跳舞,录音室专辑,2004-11-05,5,让我照顾你,神的孩子都在跳舞,1.0,0.0
4826,386181,投降,v,3,5,38259,神的孩子都在跳舞,录音室专辑,2004-11-05,5,让我照顾你,神的孩子都在跳舞,1.0,0.0
4827,386181,要,v,3,5,38259,神的孩子都在跳舞,录音室专辑,2004-11-05,5,让我照顾你,神的孩子都在跳舞,1.0,0.0
4828,386181,雨,n,3,5,38259,神的孩子都在跳舞,录音室专辑,2004-11-05,5,让我照顾你,神的孩子都在跳舞,1.0,0.0
4829,386181,超越,v,3,5,38259,神的孩子都在跳舞,录音室专辑,2004-11-05,5,让我照顾你,神的孩子都在跳舞,1.0,0.0
4830,386181,自己,r,3,5,38259,神的孩子都在跳舞,录音室专辑,2004-11-05,5,让我照顾你,神的孩子都在跳舞,1.0,0.0
4831,386181,想象,n,3,5,38259,神的孩子都在跳舞,录音室专辑,2004-11-05,5,让我照顾你,神的孩子都在跳舞,1.0,0.0
4832,386181,风雨,n,3,5,38259,神的孩子都在跳舞,录音室专辑,2004-11-05,5,让我照顾你,神的孩子都在跳舞,1.0,0.0
4833,386181,刀枪,n,3,5,38259,神的孩子都在跳舞,录音室专辑,2004-11-05,5,让我照顾你,神的孩子都在跳舞,1.0,0.0
4834,386181,能,v,3,5,38259,神的孩子都在跳舞,录音室专辑,2004-11-05,5,让我照顾你,神的孩子都在跳舞,1.0,0.0
4835,386181,挡,v,3,5,38259,神的孩子都在跳舞,录音室专辑,2004-11-05,5,让我照顾你,神的孩子都在跳舞,1.0,0.0
4836,386181,未来,t,3,5,38259,神的孩子都在跳舞,录音室专辑,2004-11-05,5,让我照顾你,神的孩子都在跳舞,1.0,0.0
4837,386181,着,uz,2,5,38259,神的孩子都在跳舞,录音室专辑,2004-11-05,5,让我照顾你,神的孩子都在跳舞,1.0,0.0
4838,386181,放在,v,2,5,38259,神的孩子都在跳舞,录音室专辑,2004-11-05,5,让我照顾你,神的孩子都在跳舞,1.0,0.0
4839,386181,肩上,s,2,5,38259,神的孩子都在跳舞,录音室专辑,2004-11-05,5,让我照顾你,神的孩子都在跳舞,1.0,0.0
4840,386181,话,n,2,5,38259,神的孩子都在跳舞,录音室专辑,2004-11-05,5,让我照顾你,神的孩子都在跳舞,1.0,0.0
4841,386181,这,r,2,5,38259,神的孩子都在跳舞,录音室专辑,2004-11-05,5,让我照顾你,神的孩子都在跳舞,1.0,0.0
4842,386181,停,v,2,5,38259,神的孩子都在跳舞,录音室专辑,2004-11-05,5,让我照顾你,神的孩子都在跳舞,1.0,0.0
4843,386181,出,v,2,5,38259,神的孩子都在跳舞,录音室专辑,2004-11-05,5,让我照顾你,神的孩子都在跳舞,1.0,0.0
4844,386181,坐在,v,1,5,38259,神的孩子都在跳舞,录音室专辑,2004-11-05,5,让我照顾你,神的孩子都在跳舞,1.0,0.0
4845,386181,身旁,s,1,5,38259,神的孩子都在跳舞,录音室专辑,2004-11-05,5,让我照顾你,神的孩子都在跳舞,1.0,0.0
4846,386181,心伤,n,1,5,38259,神的孩子都在跳舞,录音室专辑,2004-11-05,5,让我照顾你,神的孩子都在跳舞,1.0,0.0
4847,386181,不,d,1,5,38259,神的孩子都在跳舞,录音室专辑,2004-11-05,5,让我照顾你,神的孩子都在跳舞,1.0,0.0
4848,386181,懂,v,1,5,38259,神的孩子都在跳舞,录音室专辑,2004-11-05,5,让我照顾你,神的孩子都在跳舞,1.0,0.0
4849,386181,不想,v,1,5,38259,神的孩子都在跳舞,录音室专辑,2004-11-05,5,让我照顾你,神的孩子都在跳舞,1.0,0.0
4850,386181,但,c,1,5,38259,神的孩子都在跳舞,录音室专辑,2004-11-05,5,让我照顾你,神的孩子都在跳舞,1.0,0.0
4851,386181,眼泪,n,1,5,38259,神的孩子都在跳舞,录音室专辑,2004-11-05,5,让我照顾你,神的孩子都在跳舞,1.0,0.0
4852,386181,下在,t,1,5,38259,神的孩子都在跳舞,录音室专辑,2004-11-05,5,让我照顾你,神的孩子都在跳舞,1.0,0.0
4853,386181,心脏,n,1,5,38259,神的孩子都在跳舞,录音室专辑,2004-11-05,5,让我照顾你,神的孩子都在跳舞,1.0,0.0
4854,386181,回家,n,1,5,38259,神的孩子都在跳舞,录音室专辑,2004-11-05,5,让我照顾你,神的孩子都在跳舞,1.0,0.0
4855,386181,红,a,1,5,38259,神的孩子都在跳舞,录音室专辑,2004-11-05,5,让我照顾你,神的孩子都在跳舞,1.0,0.0
4856,386181,眼眶,n,1,5,38259,神的孩子都在跳舞,录音室专辑,2004-11-05,5,让我照顾你,神的孩子都在跳舞,1.0,0.0
4857,386181,心疼,a,1,5,38259,神的孩子都在跳舞,录音室专辑,2004-11-05,5,让我照顾你,神的孩子都在跳舞,1.0,0.0
4858,386181,模样,n,1,5,38259,神的孩子都在跳舞,录音室专辑,2004-11-05,5,让我照顾你,神的孩子都在跳舞,1.0,0.0
4859,386181,影子,n,1,5,38259,神的孩子都在跳舞,录音室专辑,2004-11-05,5,让我照顾你,神的孩子都在跳舞,1.0,0.0
4860,386181,悲伤,a,1,5,38259,神的孩子都在跳舞,录音室专辑,2004-11-05,5,让我照顾你,神的孩子都在跳舞,1.0,0.0
4861,386181,变得,v,1,5,38259,神的孩子都在跳舞,录音室专辑,2004-11-05,5,让我照顾你,神的孩子都在跳舞,1.0,0.0
4862,386181,长,a,1,5,38259,神的孩子都在跳舞,录音室专辑,2004-11-05,5,让我照顾你,神的孩子都在跳舞,1.0,0.0
4863,386181,昨天,t,1,5,38259,神的孩子都在跳舞,录音室专辑,2004-11-05,5,让我照顾你,神的孩子都在跳舞,1.0,0.0
4864,386181,谁,r,1,5,38259,神的孩子都在跳舞,录音室专辑,2004-11-05,5,让我照顾你,神的孩子都在跳舞,1.0,0.0
4865,386181,受过伤,l,1,5,38259,神的孩子都在跳舞,录音室专辑,2004-11-05,5,让我照顾你,神的孩子都在跳舞,1.0,0.0
4866,386181,今天,t,1,5,38259,神的孩子都在跳舞,录音室专辑,2004-11-05,5,让我照顾你,神的孩子都在跳舞,1.0,0.0
4867,386181,想要,v,1,5,38259,神的孩子都在跳舞,录音室专辑,2004-11-05,5,让我照顾你,神的孩子都在跳舞,1.0,0.0
4868,386181,都,d,1,5,38259,神的孩子都在跳舞,录音室专辑,2004-11-05,5,让我照顾你,神的孩子都在跳舞,1.0,0.0
4869,386181,遗忘,v,1,5,38259,神的孩子都在跳舞,录音室专辑,2004-11-05,5,让我照顾你,神的孩子都在跳舞,1.0,0.0
4870,386181,停出,v,1,5,38259,神的孩子都在跳舞,录音室专辑,2004-11-05,5,让我照顾你,神的孩子都在跳舞,1.0,0.0
4871,386181,新,a,1,5,38259,神的孩子都在跳舞,录音室专辑,2004-11-05,5,让我照顾你,神的孩子都在跳舞,1.0,0.0
4872,386181,冷笑,nr,1,5,38259,神的孩子都在跳舞,录音室专辑,2004-11-05,5,让我照顾你,神的孩子都在跳舞,1.0,0.0
4873,386181,巧克力糖,nr,1,5,38259,神的孩子都在跳舞,录音室专辑,2004-11-05,5,让我照顾你,神的孩子都在跳舞,1.0,0.0
4874,386181,开始,v,1,5,38259,神的孩子都在跳舞,录音室专辑,2004-11-05,5,让我照顾你,神的孩子都在跳舞,1.0,0.0
4875,386181,收藏,v,1,5,38259,神的孩子都在跳舞,录音室专辑,2004-11-05,5,让我照顾你,神的孩子都在跳舞,1.0,0.0
4876,386181,最近,f,1,5,38259,神的孩子都在跳舞,录音室专辑,2004-11-05,5,让我照顾你,神的孩子都在跳舞,1.0,0.0
4877,386181,连,nr,1,5,38259,神的孩子都在跳舞,录音室专辑,2004-11-05,5,让我照顾你,神的孩子都在跳舞,1.0,0.0
4878,386181,睡觉,v,1,5,38259,神的孩子都在跳舞,录音室专辑,2004-11-05,5,让我照顾你,神的孩子都在跳舞,1.0,0.0
4879,386181,手机,n,1,5,38259,神的孩子都在跳舞,录音室专辑,2004-11-05,5,让我照顾你,神的孩子都在跳舞,1.0,0.0
4880,386181,在,p,1,5,38259,神的孩子都在跳舞,录音室专辑,2004-11-05,5,让我照顾你,神的孩子都在跳舞,1.0,0.0
4881,386181,手上,s,1,5,38259,神的孩子都在跳舞,录音室专辑,2004-11-05,5,让我照顾你,神的孩子都在跳舞,1.0,0.0
4882,386181,幻想,n,1,5,38259,神的孩子都在跳舞,录音室专辑,2004-11-05,5,让我照顾你,神的孩子都在跳舞,1.0,0.0
4883,386181,满头白发,i,1,5,38259,神的孩子都在跳舞,录音室专辑,2004-11-05,5,让我照顾你,神的孩子都在跳舞,1.0,0.0
4884,386181,公园,n,1,5,38259,神的孩子都在跳舞,录音室专辑,2004-11-05,5,让我照顾你,神的孩子都在跳舞,1.0,0.0
4885,386181,长椅,n,1,5,38259,神的孩子都在跳舞,录音室专辑,2004-11-05,5,让我照顾你,神的孩子都在跳舞,1.0,0.0
4886,386181,上,f,1,5,38259,神的孩子都在跳舞,录音室专辑,2004-11-05,5,让我照顾你,神的孩子都在跳舞,1.0,0.0
4887,386181,也许,d,1,5,38259,神的孩子都在跳舞,录音室专辑,2004-11-05,5,让我照顾你,神的孩子都在跳舞,1.0,0.0
4888,386181,会,v,1,5,38259,神的孩子都在跳舞,录音室专辑,2004-11-05,5,让我照顾你,神的孩子都在跳舞,1.0,0.0
4889,386181,说,v,1,5,38259,神的孩子都在跳舞,录音室专辑,2004-11-05,5,让我照顾你,神的孩子都在跳舞,1.0,0.0
4890,386181,一声,m,1,5,38259,神的孩子都在跳舞,录音室专辑,2004-11-05,5,让我照顾你,神的孩子都在跳舞,1.0,0.0
4891,386181,谢谢,nr,1,5,38259,神的孩子都在跳舞,录音室专辑,2004-11-05,5,让我照顾你,神的孩子都在跳舞,1.0,0.0
4892,386181,如果,c,1,5,38259,神的孩子都在跳舞,录音室专辑,2004-11-05,5,让我照顾你,神的孩子都在跳舞,1.0,0.0
4893,386181,一生,m,1,5,38259,神的孩子都在跳舞,录音室专辑,2004-11-05,5,让我照顾你,神的孩子都在跳舞,1.0,0.0
4894,386181,到,v,1,5,38259,神的孩子都在跳舞,录音室专辑,2004-11-05,5,让我照顾你,神的孩子都在跳舞,1.0,0.0
4895,386181,尽头,d,1,5,38259,神的孩子都在跳舞,录音室专辑,2004-11-05,5,让我照顾你,神的孩子都在跳舞,1.0,0.0
4896,386181,换,v,1,5,38259,神的孩子都在跳舞,录音室专辑,2004-11-05,5,让我照顾你,神的孩子都在跳舞,1.0,0.0
4897,386181,句,q,1,5,38259,神的孩子都在跳舞,录音室专辑,2004-11-05,5,让我照顾你,神的孩子都在跳舞,1.0,0.0
4898,386181,很,zg,1,5,38259,神的孩子都在跳舞,录音室专辑,2004-11-05,5,让我照顾你,神的孩子都在跳舞,1.0,0.0
4899,386181,足够,v,1,5,38259,神的孩子都在跳舞,录音室专辑,2004-11-05,5,让我照顾你,神的孩子都在跳舞,1.0,0.0
4900,386181,失去,v,1,5,38259,神的孩子都在跳舞,录音室专辑,2004-11-05,5,让我照顾你,神的孩子都在跳舞,1.0,0.0
4901,386181,生命,vn,1,5,38259,神的孩子都在跳舞,录音室专辑,2004-11-05,5,让我照顾你,神的孩子都在跳舞,1.0,0.0
4902,386181,辉煌,a,1,5,38259,神的孩子都在跳舞,录音室专辑,2004-11-05,5,让我照顾你,神的孩子都在跳舞,1.0,0.0
4903,386183,的,uj,24,5,38259,神的孩子都在跳舞,录音室专辑,2004-11-05,6,约翰蓝侬,神的孩子都在跳舞,1.0,0.0
4904,386183,我,r,14,5,38259,神的孩子都在跳舞,录音室专辑,2004-11-05,6,约翰蓝侬,神的孩子都在跳舞,1.0,0.0
4905,386183,你,r,9,5,38259,神的孩子都在跳舞,录音室专辑,2004-11-05,6,约翰蓝侬,神的孩子都在跳舞,1.0,0.0
4906,386183,在,p,7,5,38259,神的孩子都在跳舞,录音室专辑,2004-11-05,6,约翰蓝侬,神的孩子都在跳舞,1.0,0.0
4907,386183,给,p,6,5,38259,神的孩子都在跳舞,录音室专辑,2004-11-05,6,约翰蓝侬,神的孩子都在跳舞,1.0,0.0
4908,386183,能,v,5,5,38259,神的孩子都在跳舞,录音室专辑,2004-11-05,6,约翰蓝侬,神的孩子都在跳舞,1.0,0.0
4909,386183,不能,v,5,5,38259,神的孩子都在跳舞,录音室专辑,2004-11-05,6,约翰蓝侬,神的孩子都在跳舞,1.0,0.0
4910,386183,暂时,d,5,5,38259,神的孩子都在跳舞,录音室专辑,2004-11-05,6,约翰蓝侬,神的孩子都在跳舞,1.0,0.0
4911,386183,把,p,5,5,38259,神的孩子都在跳舞,录音室专辑,2004-11-05,6,约翰蓝侬,神的孩子都在跳舞,1.0,0.0
4912,386183,勇气,n,5,5,38259,神的孩子都在跳舞,录音室专辑,2004-11-05,6,约翰蓝侬,神的孩子都在跳舞,1.0,0.0
4913,386183,梦想,n,5,5,38259,神的孩子都在跳舞,录音室专辑,2004-11-05,6,约翰蓝侬,神的孩子都在跳舞,1.0,0.0
4914,386183,快,a,5,5,38259,神的孩子都在跳舞,录音室专辑,2004-11-05,6,约翰蓝侬,神的孩子都在跳舞,1.0,0.0
4915,386183,消失,v,5,5,38259,神的孩子都在跳舞,录音室专辑,2004-11-05,6,约翰蓝侬,神的孩子都在跳舞,1.0,0.0
4916,386183,时候,n,5,5,38259,神的孩子都在跳舞,录音室专辑,2004-11-05,6,约翰蓝侬,神的孩子都在跳舞,1.0,0.0
4917,386183,为,p,4,5,38259,神的孩子都在跳舞,录音室专辑,2004-11-05,6,约翰蓝侬,神的孩子都在跳舞,1.0,0.0
4918,386183,要,v,4,5,38259,神的孩子都在跳舞,录音室专辑,2004-11-05,6,约翰蓝侬,神的孩子都在跳舞,1.0,0.0
4919,386183,了,ul,3,5,38259,神的孩子都在跳舞,录音室专辑,2004-11-05,6,约翰蓝侬,神的孩子都在跳舞,1.0,0.0
4920,386183,没,v,3,5,38259,神的孩子都在跳舞,录音室专辑,2004-11-05,6,约翰蓝侬,神的孩子都在跳舞,1.0,0.0
4921,386183,人们,n,3,5,38259,神的孩子都在跳舞,录音室专辑,2004-11-05,6,约翰蓝侬,神的孩子都在跳舞,1.0,0.0
4922,386183,让,v,3,5,38259,神的孩子都在跳舞,录音室专辑,2004-11-05,6,约翰蓝侬,神的孩子都在跳舞,1.0,0.0
4923,386183,歌,n,3,5,38259,神的孩子都在跳舞,录音室专辑,2004-11-05,6,约翰蓝侬,神的孩子都在跳舞,1.0,0.0
4924,386183,用力,n,3,5,38259,神的孩子都在跳舞,录音室专辑,2004-11-05,6,约翰蓝侬,神的孩子都在跳舞,1.0,0.0
4925,386183,穿过,v,3,5,38259,神的孩子都在跳舞,录音室专辑,2004-11-05,6,约翰蓝侬,神的孩子都在跳舞,1.0,0.0
4926,386183,天空,n,3,5,38259,神的孩子都在跳舞,录音室专辑,2004-11-05,6,约翰蓝侬,神的孩子都在跳舞,1.0,0.0
4927,386183,爱,v,3,5,38259,神的孩子都在跳舞,录音室专辑,2004-11-05,6,约翰蓝侬,神的孩子都在跳舞,1.0,0.0
4928,386183,人,n,3,5,38259,神的孩子都在跳舞,录音室专辑,2004-11-05,6,约翰蓝侬,神的孩子都在跳舞,1.0,0.0
4929,386183,做,v,3,5,38259,神的孩子都在跳舞,录音室专辑,2004-11-05,6,约翰蓝侬,神的孩子都在跳舞,1.0,0.0
4930,386183,一秒,m,3,5,38259,神的孩子都在跳舞,录音室专辑,2004-11-05,6,约翰蓝侬,神的孩子都在跳舞,1.0,0.0
4931,386183,英雄,ns,3,5,38259,神的孩子都在跳舞,录音室专辑,2004-11-05,6,约翰蓝侬,神的孩子都在跳舞,1.0,0.0
4932,386183,最美,a,3,5,38259,神的孩子都在跳舞,录音室专辑,2004-11-05,6,约翰蓝侬,神的孩子都在跳舞,1.0,0.0
4933,386183,梦,n,3,5,38259,神的孩子都在跳舞,录音室专辑,2004-11-05,6,约翰蓝侬,神的孩子都在跳舞,1.0,0.0
4934,386183,会,v,2,5,38259,神的孩子都在跳舞,录音室专辑,2004-11-05,6,约翰蓝侬,神的孩子都在跳舞,1.0,0.0
4935,386183,世界,n,2,5,38259,神的孩子都在跳舞,录音室专辑,2004-11-05,6,约翰蓝侬,神的孩子都在跳舞,1.0,0.0
4936,386183,都,d,2,5,38259,神的孩子都在跳舞,录音室专辑,2004-11-05,6,约翰蓝侬,神的孩子都在跳舞,1.0,0.0
4937,386183,总有一天,l,2,5,38259,神的孩子都在跳舞,录音室专辑,2004-11-05,6,约翰蓝侬,神的孩子都在跳舞,1.0,0.0
4938,386183,叫,v,2,5,38259,神的孩子都在跳舞,录音室专辑,2004-11-05,6,约翰蓝侬,神的孩子都在跳舞,1.0,0.0
4939,386183,披头,v,2,5,38259,神的孩子都在跳舞,录音室专辑,2004-11-05,6,约翰蓝侬,神的孩子都在跳舞,1.0,0.0
4940,386183,最后,f,2,5,38259,神的孩子都在跳舞,录音室专辑,2004-11-05,6,约翰蓝侬,神的孩子都在跳舞,1.0,0.0
4941,386183,成功,a,2,5,38259,神的孩子都在跳舞,录音室专辑,2004-11-05,6,约翰蓝侬,神的孩子都在跳舞,1.0,0.0
4942,386183,也,d,2,5,38259,神的孩子都在跳舞,录音室专辑,2004-11-05,6,约翰蓝侬,神的孩子都在跳舞,1.0,0.0
4943,386183,作过,v,2,5,38259,神的孩子都在跳舞,录音室专辑,2004-11-05,6,约翰蓝侬,神的孩子都在跳舞,1.0,0.0
4944,386183,那年,r,1,5,38259,神的孩子都在跳舞,录音室专辑,2004-11-05,6,约翰蓝侬,神的孩子都在跳舞,1.0,0.0
4945,386183,冬天,t,1,5,38259,神的孩子都在跳舞,录音室专辑,2004-11-05,6,约翰蓝侬,神的孩子都在跳舞,1.0,0.0
4946,386183,子弹,n,1,5,38259,神的孩子都在跳舞,录音室专辑,2004-11-05,6,约翰蓝侬,神的孩子都在跳舞,1.0,0.0
4947,386183,它,r,1,5,38259,神的孩子都在跳舞,录音室专辑,2004-11-05,6,约翰蓝侬,神的孩子都在跳舞,1.0,0.0
4948,386183,自由,a,1,5,38259,神的孩子都在跳舞,录音室专辑,2004-11-05,6,约翰蓝侬,神的孩子都在跳舞,1.0,0.0
4949,386183,躯壳,n,1,5,38259,神的孩子都在跳舞,录音室专辑,2004-11-05,6,约翰蓝侬,神的孩子都在跳舞,1.0,0.0
4950,386183,就,d,1,5,38259,神的孩子都在跳舞,录音室专辑,2004-11-05,6,约翰蓝侬,神的孩子都在跳舞,1.0,0.0
4951,386183,活在,v,1,5,38259,神的孩子都在跳舞,录音室专辑,2004-11-05,6,约翰蓝侬,神的孩子都在跳舞,1.0,0.0
4952,386183,心中,s,1,5,38259,神的孩子都在跳舞,录音室专辑,2004-11-05,6,约翰蓝侬,神的孩子都在跳舞,1.0,0.0
4953,386183,看着,v,1,5,38259,神的孩子都在跳舞,录音室专辑,2004-11-05,6,约翰蓝侬,神的孩子都在跳舞,1.0,0.0
4954,386183,今天,t,1,5,38259,神的孩子都在跳舞,录音室专辑,2004-11-05,6,约翰蓝侬,神的孩子都在跳舞,1.0,0.0
4955,386183,笑,v,1,5,38259,神的孩子都在跳舞,录音室专辑,2004-11-05,6,约翰蓝侬,神的孩子都在跳舞,1.0,0.0
4956,386183,还是,c,1,5,38259,神的孩子都在跳舞,录音室专辑,2004-11-05,6,约翰蓝侬,神的孩子都在跳舞,1.0,0.0
4957,386183,摇头,v,1,5,38259,神的孩子都在跳舞,录音室专辑,2004-11-05,6,约翰蓝侬,神的孩子都在跳舞,1.0,0.0
4958,386183,整个,b,1,5,38259,神的孩子都在跳舞,录音室专辑,2004-11-05,6,约翰蓝侬,神的孩子都在跳舞,1.0,0.0
4959,386183,曾经,d,1,5,38259,神的孩子都在跳舞,录音室专辑,2004-11-05,6,约翰蓝侬,神的孩子都在跳舞,1.0,0.0
4960,386183,跟着,v,1,5,38259,神的孩子都在跳舞,录音室专辑,2004-11-05,6,约翰蓝侬,神的孩子都在跳舞,1.0,0.0
4961,386183,作梦,n,1,5,38259,神的孩子都在跳舞,录音室专辑,2004-11-05,6,约翰蓝侬,神的孩子都在跳舞,1.0,0.0
4962,386183,如今,t,1,5,38259,神的孩子都在跳舞,录音室专辑,2004-11-05,6,约翰蓝侬,神的孩子都在跳舞,1.0,0.0
4963,386183,和平,nz,1,5,38259,神的孩子都在跳舞,录音室专辑,2004-11-05,6,约翰蓝侬,神的孩子都在跳舞,1.0,0.0
4964,386183,依然,d,1,5,38259,神的孩子都在跳舞,录音室专辑,2004-11-05,6,约翰蓝侬,神的孩子都在跳舞,1.0,0.0
4965,386183,歌曲,n,1,5,38259,神的孩子都在跳舞,录音室专辑,2004-11-05,6,约翰蓝侬,神的孩子都在跳舞,1.0,0.0
4966,386183,里头,f,1,5,38259,神的孩子都在跳舞,录音室专辑,2004-11-05,6,约翰蓝侬,神的孩子都在跳舞,1.0,0.0
4967,386183,猜忌,v,1,5,38259,神的孩子都在跳舞,录音室专辑,2004-11-05,6,约翰蓝侬,神的孩子都在跳舞,1.0,0.0
4968,386183,战火,n,1,5,38259,神的孩子都在跳舞,录音室专辑,2004-11-05,6,约翰蓝侬,神的孩子都在跳舞,1.0,0.0
4969,386183,还跟着,v,1,5,38259,神的孩子都在跳舞,录音室专辑,2004-11-05,6,约翰蓝侬,神的孩子都在跳舞,1.0,0.0
4970,386183,一起,m,1,5,38259,神的孩子都在跳舞,录音室专辑,2004-11-05,6,约翰蓝侬,神的孩子都在跳舞,1.0,0.0
4971,386183,生活,vn,1,5,38259,神的孩子都在跳舞,录音室专辑,2004-11-05,6,约翰蓝侬,神的孩子都在跳舞,1.0,0.0
4972,386183,woh,eng,1,5,38259,神的孩子都在跳舞,录音室专辑,2004-11-05,6,约翰蓝侬,神的孩子都在跳舞,1.0,0.0
4973,386183,一颗,m,1,5,38259,神的孩子都在跳舞,录音室专辑,2004-11-05,6,约翰蓝侬,神的孩子都在跳舞,1.0,0.0
4974,386183,红豆,n,1,5,38259,神的孩子都在跳舞,录音室专辑,2004-11-05,6,约翰蓝侬,神的孩子都在跳舞,1.0,0.0
4975,386183,为何,r,1,5,38259,神的孩子都在跳舞,录音室专辑,2004-11-05,6,约翰蓝侬,神的孩子都在跳舞,1.0,0.0
4976,386183,想,v,1,5,38259,神的孩子都在跳舞,录音室专辑,2004-11-05,6,约翰蓝侬,神的孩子都在跳舞,1.0,0.0
4977,386183,单挑,a,1,5,38259,神的孩子都在跳舞,录音室专辑,2004-11-05,6,约翰蓝侬,神的孩子都在跳舞,1.0,0.0
4978,386183,这,r,1,5,38259,神的孩子都在跳舞,录音室专辑,2004-11-05,6,约翰蓝侬,神的孩子都在跳舞,1.0,0.0
4979,386183,宇宙,n,1,5,38259,神的孩子都在跳舞,录音室专辑,2004-11-05,6,约翰蓝侬,神的孩子都在跳舞,1.0,0.0
4980,386183,怪,v,1,5,38259,神的孩子都在跳舞,录音室专辑,2004-11-05,6,约翰蓝侬,神的孩子都在跳舞,1.0,0.0
4981,386183,在我心中,i,1,5,38259,神的孩子都在跳舞,录音室专辑,2004-11-05,6,约翰蓝侬,神的孩子都在跳舞,1.0,0.0
4982,386183,播,v,1,5,38259,神的孩子都在跳舞,录音室专辑,2004-11-05,6,约翰蓝侬,神的孩子都在跳舞,1.0,0.0
4983,386183,种,q,1,5,38259,神的孩子都在跳舞,录音室专辑,2004-11-05,6,约翰蓝侬,神的孩子都在跳舞,1.0,0.0
4984,386183,玩,v,1,5,38259,神的孩子都在跳舞,录音室专辑,2004-11-05,6,约翰蓝侬,神的孩子都在跳舞,1.0,0.0
4985,386183,着,uz,1,5,38259,神的孩子都在跳舞,录音室专辑,2004-11-05,6,约翰蓝侬,神的孩子都在跳舞,1.0,0.0
4986,386183,游戏,n,1,5,38259,神的孩子都在跳舞,录音室专辑,2004-11-05,6,约翰蓝侬,神的孩子都在跳舞,1.0,0.0
4987,386183,出,v,1,5,38259,神的孩子都在跳舞,录音室专辑,2004-11-05,6,约翰蓝侬,神的孩子都在跳舞,1.0,0.0
4988,386183,糗,g,1,5,38259,神的孩子都在跳舞,录音室专辑,2004-11-05,6,约翰蓝侬,神的孩子都在跳舞,1.0,0.0
4989,386183,喧闹,v,1,5,38259,神的孩子都在跳舞,录音室专辑,2004-11-05,6,约翰蓝侬,神的孩子都在跳舞,1.0,0.0
4990,386183,摄影棚,n,1,5,38259,神的孩子都在跳舞,录音室专辑,2004-11-05,6,约翰蓝侬,神的孩子都在跳舞,1.0,0.0
4991,386183,怪兽,n,1,5,38259,神的孩子都在跳舞,录音室专辑,2004-11-05,6,约翰蓝侬,神的孩子都在跳舞,1.0,0.0
4992,386183,石头,n,1,5,38259,神的孩子都在跳舞,录音室专辑,2004-11-05,6,约翰蓝侬,神的孩子都在跳舞,1.0,0.0
4993,386183,默默,d,1,5,38259,神的孩子都在跳舞,录音室专辑,2004-11-05,6,约翰蓝侬,神的孩子都在跳舞,1.0,0.0
4994,386183,吐,v,1,5,38259,神的孩子都在跳舞,录音室专辑,2004-11-05,6,约翰蓝侬,神的孩子都在跳舞,1.0,0.0
4995,386183,厕所,n,1,5,38259,神的孩子都在跳舞,录音室专辑,2004-11-05,6,约翰蓝侬,神的孩子都在跳舞,1.0,0.0
4996,386183,Ok,eng,1,5,38259,神的孩子都在跳舞,录音室专辑,2004-11-05,6,约翰蓝侬,神的孩子都在跳舞,1.0,0.0
4997,386183,再,d,1,5,38259,神的孩子都在跳舞,录音室专辑,2004-11-05,6,约翰蓝侬,神的孩子都在跳舞,1.0,0.0
4998,386183,来,v,1,5,38259,神的孩子都在跳舞,录音室专辑,2004-11-05,6,约翰蓝侬,神的孩子都在跳舞,1.0,0.0
4999,386183,我们,r,1,5,38259,神的孩子都在跳舞,录音室专辑,2004-11-05,6,约翰蓝侬,神的孩子都在跳舞,1.0,0.0
5000,386183,感动,v,1,5,38259,神的孩子都在跳舞,录音室专辑,2004-11-05,6,约翰蓝侬,神的孩子都在跳舞,1.0,0.0
5001,386183,没有,v,1,5,38259,神的孩子都在跳舞,录音室专辑,2004-11-05,6,约翰蓝侬,神的孩子都在跳舞,1.0,0.0
5002,386183,遗憾,a,1,5,38259,神的孩子都在跳舞,录音室专辑,2004-11-05,6,约翰蓝侬,神的孩子都在跳舞,1.0,0.0
5003,386185,回来,v,13,5,38259,神的孩子都在跳舞,录音室专辑,2004-11-05,7,回来吧,神的孩子都在跳舞,1.0,0.0
5004,386185,吧,y,13,5,38259,神的孩子都在跳舞,录音室专辑,2004-11-05,7,回来吧,神的孩子都在跳舞,1.0,0.0
5005,386185,在,p,12,5,38259,神的孩子都在跳舞,录音室专辑,2004-11-05,7,回来吧,神的孩子都在跳舞,1.0,0.0
5006,386185,你,r,11,5,38259,神的孩子都在跳舞,录音室专辑,2004-11-05,7,回来吧,神的孩子都在跳舞,1.0,0.0
5007,386185,啊,y,10,5,38259,神的孩子都在跳舞,录音室专辑,2004-11-05,7,回来吧,神的孩子都在跳舞,1.0,0.0
5008,386185,我,r,9,5,38259,神的孩子都在跳舞,录音室专辑,2004-11-05,7,回来吧,神的孩子都在跳舞,1.0,0.0
5009,386185,一直,d,8,5,38259,神的孩子都在跳舞,录音室专辑,2004-11-05,7,回来吧,神的孩子都在跳舞,1.0,0.0
5010,386185,等,u,8,5,38259,神的孩子都在跳舞,录音室专辑,2004-11-05,7,回来吧,神的孩子都在跳舞,1.0,0.0
5011,386185,说,v,7,5,38259,神的孩子都在跳舞,录音室专辑,2004-11-05,7,回来吧,神的孩子都在跳舞,1.0,0.0
5012,386185,吗,y,7,5,38259,神的孩子都在跳舞,录音室专辑,2004-11-05,7,回来吧,神的孩子都在跳舞,1.0,0.0
5013,386185,的,uj,6,5,38259,神的孩子都在跳舞,录音室专辑,2004-11-05,7,回来吧,神的孩子都在跳舞,1.0,0.0
5014,386185,我们,r,5,5,38259,神的孩子都在跳舞,录音室专辑,2004-11-05,7,回来吧,神的孩子都在跳舞,1.0,0.0
5015,386185,难道,d,5,5,38259,神的孩子都在跳舞,录音室专辑,2004-11-05,7,回来吧,神的孩子都在跳舞,1.0,0.0
5016,386185,最深,d,5,5,38259,神的孩子都在跳舞,录音室专辑,2004-11-05,7,回来吧,神的孩子都在跳舞,1.0,0.0
5017,386185,爱,v,5,5,38259,神的孩子都在跳舞,录音室专辑,2004-11-05,7,回来吧,神的孩子都在跳舞,1.0,0.0
5018,386185,不,d,4,5,38259,神的孩子都在跳舞,录音室专辑,2004-11-05,7,回来吧,神的孩子都在跳舞,1.0,0.0
5019,386185,怀念,v,4,5,38259,神的孩子都在跳舞,录音室专辑,2004-11-05,7,回来吧,神的孩子都在跳舞,1.0,0.0
5020,386185,时,ng,4,5,38259,神的孩子都在跳舞,录音室专辑,2004-11-05,7,回来吧,神的孩子都在跳舞,1.0,0.0
5021,386185,曾,d,4,5,38259,神的孩子都在跳舞,录音室专辑,2004-11-05,7,回来吧,神的孩子都在跳舞,1.0,0.0
5022,386185,过,ug,4,5,38259,神的孩子都在跳舞,录音室专辑,2004-11-05,7,回来吧,神的孩子都在跳舞,1.0,0.0
5023,386185,就是,d,4,5,38259,神的孩子都在跳舞,录音室专辑,2004-11-05,7,回来吧,神的孩子都在跳舞,1.0,0.0
5024,386185,童话,n,4,5,38259,神的孩子都在跳舞,录音室专辑,2004-11-05,7,回来吧,神的孩子都在跳舞,1.0,0.0
5025,386185,还,d,4,5,38259,神的孩子都在跳舞,录音室专辑,2004-11-05,7,回来吧,神的孩子都在跳舞,1.0,0.0
5026,386185,幸福,a,3,5,38259,神的孩子都在跳舞,录音室专辑,2004-11-05,7,回来吧,神的孩子都在跳舞,1.0,0.0
5027,386185,他,r,3,5,38259,神的孩子都在跳舞,录音室专辑,2004-11-05,7,回来吧,神的孩子都在跳舞,1.0,0.0
5028,386185,都,d,3,5,38259,神的孩子都在跳舞,录音室专辑,2004-11-05,7,回来吧,神的孩子都在跳舞,1.0,0.0
5029,386185,我会,n,3,5,38259,神的孩子都在跳舞,录音室专辑,2004-11-05,7,回来吧,神的孩子都在跳舞,1.0,0.0
5030,386185,永远,d,3,5,38259,神的孩子都在跳舞,录音室专辑,2004-11-05,7,回来吧,神的孩子都在跳舞,1.0,0.0
5031,386185,这里,r,3,5,38259,神的孩子都在跳舞,录音室专辑,2004-11-05,7,回来吧,神的孩子都在跳舞,1.0,0.0
5032,386185,只要,c,3,5,38259,神的孩子都在跳舞,录音室专辑,2004-11-05,7,回来吧,神的孩子都在跳舞,1.0,0.0
5033,386185,着,uz,2,5,38259,神的孩子都在跳舞,录音室专辑,2004-11-05,7,回来吧,神的孩子都在跳舞,1.0,0.0
5034,386185,回忆,v,2,5,38259,神的孩子都在跳舞,录音室专辑,2004-11-05,7,回来吧,神的孩子都在跳舞,1.0,0.0
5035,386185,挣扎,v,2,5,38259,神的孩子都在跳舞,录音室专辑,2004-11-05,7,回来吧,神的孩子都在跳舞,1.0,0.0
5036,386185,期待,vn,2,5,38259,神的孩子都在跳舞,录音室专辑,2004-11-05,7,回来吧,神的孩子都在跳舞,1.0,0.0
5037,386185,未来,t,2,5,38259,神的孩子都在跳舞,录音室专辑,2004-11-05,7,回来吧,神的孩子都在跳舞,1.0,0.0
5038,386185,这么,r,2,5,38259,神的孩子都在跳舞,录音室专辑,2004-11-05,7,回来吧,神的孩子都在跳舞,1.0,0.0
5039,386185,算了,v,2,5,38259,神的孩子都在跳舞,录音室专辑,2004-11-05,7,回来吧,神的孩子都在跳舞,1.0,0.0
5040,386185,快,a,2,5,38259,神的孩子都在跳舞,录音室专辑,2004-11-05,7,回来吧,神的孩子都在跳舞,1.0,0.0
5041,386185,那年,r,1,5,38259,神的孩子都在跳舞,录音室专辑,2004-11-05,7,回来吧,神的孩子都在跳舞,1.0,0.0
5042,386185,烟花,n,1,5,38259,神的孩子都在跳舞,录音室专辑,2004-11-05,7,回来吧,神的孩子都在跳舞,1.0,0.0
5043,386185,满天,t,1,5,38259,神的孩子都在跳舞,录音室专辑,2004-11-05,7,回来吧,神的孩子都在跳舞,1.0,0.0
5044,386185,爆炸,v,1,5,38259,神的孩子都在跳舞,录音室专辑,2004-11-05,7,回来吧,神的孩子都在跳舞,1.0,0.0
5045,386185,看,v,1,5,38259,神的孩子都在跳舞,录音室专辑,2004-11-05,7,回来吧,神的孩子都在跳舞,1.0,0.0
5046,386185,眼睛,n,1,5,38259,神的孩子都在跳舞,录音室专辑,2004-11-05,7,回来吧,神的孩子都在跳舞,1.0,0.0
5047,386185,舍不得,v,1,5,38259,神的孩子都在跳舞,录音室专辑,2004-11-05,7,回来吧,神的孩子都在跳舞,1.0,0.0
5048,386185,眨,zg,1,5,38259,神的孩子都在跳舞,录音室专辑,2004-11-05,7,回来吧,神的孩子都在跳舞,1.0,0.0
5049,386185,倒映,v,1,5,38259,神的孩子都在跳舞,录音室专辑,2004-11-05,7,回来吧,神的孩子都在跳舞,1.0,0.0
5050,386185,火花,n,1,5,38259,神的孩子都在跳舞,录音室专辑,2004-11-05,7,回来吧,神的孩子都在跳舞,1.0,0.0
5051,386185,笑,v,1,5,38259,神的孩子都在跳舞,录音室专辑,2004-11-05,7,回来吧,神的孩子都在跳舞,1.0,0.0
5052,386185,相爱,v,1,5,38259,神的孩子都在跳舞,录音室专辑,2004-11-05,7,回来吧,神的孩子都在跳舞,1.0,0.0
5053,386185,就要,d,1,5,38259,神的孩子都在跳舞,录音室专辑,2004-11-05,7,回来吧,神的孩子都在跳舞,1.0,0.0
5054,386185,懂,v,1,5,38259,神的孩子都在跳舞,录音室专辑,2004-11-05,7,回来吧,神的孩子都在跳舞,1.0,0.0
5055,386185,但是,c,1,5,38259,神的孩子都在跳舞,录音室专辑,2004-11-05,7,回来吧,神的孩子都在跳舞,1.0,0.0
5056,386185,把,p,1,5,38259,神的孩子都在跳舞,录音室专辑,2004-11-05,7,回来吧,神的孩子都在跳舞,1.0,0.0
5057,386185,挥霍,v,1,5,38259,神的孩子都在跳舞,录音室专辑,2004-11-05,7,回来吧,神的孩子都在跳舞,1.0,0.0
5058,386185,完,v,1,5,38259,神的孩子都在跳舞,录音室专辑,2004-11-05,7,回来吧,神的孩子都在跳舞,1.0,0.0
5059,386185,了,ul,1,5,38259,神的孩子都在跳舞,录音室专辑,2004-11-05,7,回来吧,神的孩子都在跳舞,1.0,0.0
5060,386185,越美越,nr,1,5,38259,神的孩子都在跳舞,录音室专辑,2004-11-05,7,回来吧,神的孩子都在跳舞,1.0,0.0
5061,386185,可怕,c,1,5,38259,神的孩子都在跳舞,录音室专辑,2004-11-05,7,回来吧,神的孩子都在跳舞,1.0,0.0
5062,386185,越,d,1,5,38259,神的孩子都在跳舞,录音室专辑,2004-11-05,7,回来吧,神的孩子都在跳舞,1.0,0.0
5063,386185,眼泪,n,1,5,38259,神的孩子都在跳舞,录音室专辑,2004-11-05,7,回来吧,神的孩子都在跳舞,1.0,0.0
5064,386185,越是,d,1,5,38259,神的孩子都在跳舞,录音室专辑,2004-11-05,7,回来吧,神的孩子都在跳舞,1.0,0.0
5065,386185,要,v,1,5,38259,神的孩子都在跳舞,录音室专辑,2004-11-05,7,回来吧,神的孩子都在跳舞,1.0,0.0
5066,386185,落下,v,1,5,38259,神的孩子都在跳舞,录音室专辑,2004-11-05,7,回来吧,神的孩子都在跳舞,1.0,0.0
5067,386185,所有,b,1,5,38259,神的孩子都在跳舞,录音室专辑,2004-11-05,7,回来吧,神的孩子都在跳舞,1.0,0.0
5068,386185,人,n,1,5,38259,神的孩子都在跳舞,录音室专辑,2004-11-05,7,回来吧,神的孩子都在跳舞,1.0,0.0
5069,386185,时间,n,1,5,38259,神的孩子都在跳舞,录音室专辑,2004-11-05,7,回来吧,神的孩子都在跳舞,1.0,0.0
5070,386185,是,v,1,5,38259,神的孩子都在跳舞,录音室专辑,2004-11-05,7,回来吧,神的孩子都在跳舞,1.0,0.0
5071,386185,魔法,n,1,5,38259,神的孩子都在跳舞,录音室专辑,2004-11-05,7,回来吧,神的孩子都在跳舞,1.0,0.0
5072,386185,总有一天,l,1,5,38259,神的孩子都在跳舞,录音室专辑,2004-11-05,7,回来吧,神的孩子都在跳舞,1.0,0.0
5073,386185,能,v,1,5,38259,神的孩子都在跳舞,录音室专辑,2004-11-05,7,回来吧,神的孩子都在跳舞,1.0,0.0
5074,386185,忘记,v,1,5,38259,神的孩子都在跳舞,录音室专辑,2004-11-05,7,回来吧,神的孩子都在跳舞,1.0,0.0
5075,386185,为什么,r,1,5,38259,神的孩子都在跳舞,录音室专辑,2004-11-05,7,回来吧,神的孩子都在跳舞,1.0,0.0
5076,386185,呢,y,1,5,38259,神的孩子都在跳舞,录音室专辑,2004-11-05,7,回来吧,神的孩子都在跳舞,1.0,0.0
5077,386185,想念,v,1,5,38259,神的孩子都在跳舞,录音室专辑,2004-11-05,7,回来吧,神的孩子都在跳舞,1.0,0.0
5078,386185,每天,r,1,5,38259,神的孩子都在跳舞,录音室专辑,2004-11-05,7,回来吧,神的孩子都在跳舞,1.0,0.0
5079,386185,增加,v,1,5,38259,神的孩子都在跳舞,录音室专辑,2004-11-05,7,回来吧,神的孩子都在跳舞,1.0,0.0
5080,386185,痛,a,1,5,38259,神的孩子都在跳舞,录音室专辑,2004-11-05,7,回来吧,神的孩子都在跳舞,1.0,0.0
5081,386185,钻进,v,1,5,38259,神的孩子都在跳舞,录音室专辑,2004-11-05,7,回来吧,神的孩子都在跳舞,1.0,0.0
5082,386185,灵魂,n,1,5,38259,神的孩子都在跳舞,录音室专辑,2004-11-05,7,回来吧,神的孩子都在跳舞,1.0,0.0
5083,386185,占据,v,1,5,38259,神的孩子都在跳舞,录音室专辑,2004-11-05,7,回来吧,神的孩子都在跳舞,1.0,0.0
5084,386185,生命,vn,1,5,38259,神的孩子都在跳舞,录音室专辑,2004-11-05,7,回来吧,神的孩子都在跳舞,1.0,0.0
5085,386185,发芽,v,1,5,38259,神的孩子都在跳舞,录音室专辑,2004-11-05,7,回来吧,神的孩子都在跳舞,1.0,0.0
5086,386185,呐喊,v,1,5,38259,神的孩子都在跳舞,录音室专辑,2004-11-05,7,回来吧,神的孩子都在跳舞,1.0,0.0
5087,386185,不管,c,1,5,38259,神的孩子都在跳舞,录音室专辑,2004-11-05,7,回来吧,神的孩子都在跳舞,1.0,0.0
5088,386185,有,v,1,5,38259,神的孩子都在跳舞,录音室专辑,2004-11-05,7,回来吧,神的孩子都在跳舞,1.0,0.0
5089,386185,什么,r,1,5,38259,神的孩子都在跳舞,录音室专辑,2004-11-05,7,回来吧,神的孩子都在跳舞,1.0,0.0
5090,386185,代价,n,1,5,38259,神的孩子都在跳舞,录音室专辑,2004-11-05,7,回来吧,神的孩子都在跳舞,1.0,0.0
5091,386187,的,uj,11,5,38259,神的孩子都在跳舞,录音室专辑,2004-11-05,8,错错错,神的孩子都在跳舞,1.0,0.0
5092,386187,你,r,8,5,38259,神的孩子都在跳舞,录音室专辑,2004-11-05,8,错错错,神的孩子都在跳舞,1.0,0.0
5093,386187,我,r,8,5,38259,神的孩子都在跳舞,录音室专辑,2004-11-05,8,错错错,神的孩子都在跳舞,1.0,0.0
5094,386187,错错错,i,7,5,38259,神的孩子都在跳舞,录音室专辑,2004-11-05,8,错错错,神的孩子都在跳舞,1.0,0.0
5095,386187,错错错错错,i,7,5,38259,神的孩子都在跳舞,录音室专辑,2004-11-05,8,错错错,神的孩子都在跳舞,1.0,0.0
5096,386187,什么,r,5,5,38259,神的孩子都在跳舞,录音室专辑,2004-11-05,8,错错错,神的孩子都在跳舞,1.0,0.0
5097,386187,不,d,4,5,38259,神的孩子都在跳舞,录音室专辑,2004-11-05,8,错错错,神的孩子都在跳舞,1.0,0.0
5098,386187,过,ug,4,5,38259,神的孩子都在跳舞,录音室专辑,2004-11-05,8,错错错,神的孩子都在跳舞,1.0,0.0
5099,386187,是,v,3,5,38259,神的孩子都在跳舞,录音室专辑,2004-11-05,8,错错错,神的孩子都在跳舞,1.0,0.0
5100,386187,说,v,3,5,38259,神的孩子都在跳舞,录音室专辑,2004-11-05,8,错错错,神的孩子都在跳舞,1.0,0.0
5101,386187,最后,f,3,5,38259,神的孩子都在跳舞,录音室专辑,2004-11-05,8,错错错,神的孩子都在跳舞,1.0,0.0
5102,386187,心,n,3,5,38259,神的孩子都在跳舞,录音室专辑,2004-11-05,8,错错错,神的孩子都在跳舞,1.0,0.0
5103,386187,改变,v,3,5,38259,神的孩子都在跳舞,录音室专辑,2004-11-05,8,错错错,神的孩子都在跳舞,1.0,0.0
5104,386187,从,p,3,5,38259,神的孩子都在跳舞,录音室专辑,2004-11-05,8,错错错,神的孩子都在跳舞,1.0,0.0
5105,386187,时候,n,3,5,38259,神的孩子都在跳舞,录音室专辑,2004-11-05,8,错错错,神的孩子都在跳舞,1.0,0.0
5106,386187,接受,v,3,5,38259,神的孩子都在跳舞,录音室专辑,2004-11-05,8,错错错,神的孩子都在跳舞,1.0,0.0
5107,386187,这样,r,3,5,38259,神的孩子都在跳舞,录音室专辑,2004-11-05,8,错错错,神的孩子都在跳舞,1.0,0.0
5108,386187,全剧,n,3,5,38259,神的孩子都在跳舞,录音室专辑,2004-11-05,8,错错错,神的孩子都在跳舞,1.0,0.0
5109,386187,终,d,3,5,38259,神的孩子都在跳舞,录音室专辑,2004-11-05,8,错错错,神的孩子都在跳舞,1.0,0.0
5110,386187,告诉,v,2,5,38259,神的孩子都在跳舞,录音室专辑,2004-11-05,8,错错错,神的孩子都在跳舞,1.0,0.0
5111,386187,这,r,2,5,38259,神的孩子都在跳舞,录音室专辑,2004-11-05,8,错错错,神的孩子都在跳舞,1.0,0.0
5112,386187,为何,r,2,5,38259,神的孩子都在跳舞,录音室专辑,2004-11-05,8,错错错,神的孩子都在跳舞,1.0,0.0
5113,386187,我们,r,2,5,38259,神的孩子都在跳舞,录音室专辑,2004-11-05,8,错错错,神的孩子都在跳舞,1.0,0.0
5114,386187,为什么,r,1,5,38259,神的孩子都在跳舞,录音室专辑,2004-11-05,8,错错错,神的孩子都在跳舞,1.0,0.0
5115,386187,能,v,1,5,38259,神的孩子都在跳舞,录音室专辑,2004-11-05,8,错错错,神的孩子都在跳舞,1.0,0.0
5116,386187,同时,c,1,5,38259,神的孩子都在跳舞,录音室专辑,2004-11-05,8,错错错,神的孩子都在跳舞,1.0,0.0
5117,386187,那么,r,1,5,38259,神的孩子都在跳舞,录音室专辑,2004-11-05,8,错错错,神的孩子都在跳舞,1.0,0.0
5118,386187,残酷,a,1,5,38259,神的孩子都在跳舞,录音室专辑,2004-11-05,8,错错错,神的孩子都在跳舞,1.0,0.0
5119,386187,又,d,1,5,38259,神的孩子都在跳舞,录音室专辑,2004-11-05,8,错错错,神的孩子都在跳舞,1.0,0.0
5120,386187,温柔,nw,1,5,38259,神的孩子都在跳舞,录音室专辑,2004-11-05,8,错错错,神的孩子都在跳舞,1.0,0.0
5121,386187,当,p,1,5,38259,神的孩子都在跳舞,录音室专辑,2004-11-05,8,错错错,神的孩子都在跳舞,1.0,0.0
5122,386187,微笑,vn,1,5,38259,神的孩子都在跳舞,录音室专辑,2004-11-05,8,错错错,神的孩子都在跳舞,1.0,0.0
5123,386187,好,a,1,5,38259,神的孩子都在跳舞,录音室专辑,2004-11-05,8,错错错,神的孩子都在跳舞,1.0,0.0
5124,386187,结果,n,1,5,38259,神的孩子都在跳舞,录音室专辑,2004-11-05,8,错错错,神的孩子都在跳舞,1.0,0.0
5125,386187,一时之间,l,1,5,38259,神的孩子都在跳舞,录音室专辑,2004-11-05,8,错错错,神的孩子都在跳舞,1.0,0.0
5126,386187,知道,v,1,5,38259,神的孩子都在跳舞,录音室专辑,2004-11-05,8,错错错,神的孩子都在跳舞,1.0,0.0
5127,386187,应该,v,1,5,38259,神的孩子都在跳舞,录音室专辑,2004-11-05,8,错错错,神的孩子都在跳舞,1.0,0.0
5128,386187,些,q,1,5,38259,神的孩子都在跳舞,录音室专辑,2004-11-05,8,错错错,神的孩子都在跳舞,1.0,0.0
5129,386187,笑,v,1,5,38259,神的孩子都在跳舞,录音室专辑,2004-11-05,8,错错错,神的孩子都在跳舞,1.0,0.0
5130,386187,哭,v,1,5,38259,神的孩子都在跳舞,录音室专辑,2004-11-05,8,错错错,神的孩子都在跳舞,1.0,0.0
5131,386187,没,d,1,5,38259,神的孩子都在跳舞,录音室专辑,2004-11-05,8,错错错,神的孩子都在跳舞,1.0,0.0
5132,386187,想,v,1,5,38259,神的孩子都在跳舞,录音室专辑,2004-11-05,8,错错错,神的孩子都在跳舞,1.0,0.0
5133,386187,要,v,1,5,38259,神的孩子都在跳舞,录音室专辑,2004-11-05,8,错错错,神的孩子都在跳舞,1.0,0.0
5134,386187,寂寞,a,1,5,38259,神的孩子都在跳舞,录音室专辑,2004-11-05,8,错错错,神的孩子都在跳舞,1.0,0.0
5135,386187,多少,m,1,5,38259,神的孩子都在跳舞,录音室专辑,2004-11-05,8,错错错,神的孩子都在跳舞,1.0,0.0
5136,386187,风雨,n,1,5,38259,神的孩子都在跳舞,录音室专辑,2004-11-05,8,错错错,神的孩子都在跳舞,1.0,0.0
5137,386187,之中,r,1,5,38259,神的孩子都在跳舞,录音室专辑,2004-11-05,8,错错错,神的孩子都在跳舞,1.0,0.0
5138,386187,一起,m,1,5,38259,神的孩子都在跳舞,录音室专辑,2004-11-05,8,错错错,神的孩子都在跳舞,1.0,0.0
5139,386187,走过,v,1,5,38259,神的孩子都在跳舞,录音室专辑,2004-11-05,8,错错错,神的孩子都在跳舞,1.0,0.0
5140,386187,现在,t,1,5,38259,神的孩子都在跳舞,录音室专辑,2004-11-05,8,错错错,神的孩子都在跳舞,1.0,0.0
5141,386187,突然,ad,1,5,38259,神的孩子都在跳舞,录音室专辑,2004-11-05,8,错错错,神的孩子都在跳舞,1.0,0.0
5142,386187,放手,v,1,5,38259,神的孩子都在跳舞,录音室专辑,2004-11-05,8,错错错,神的孩子都在跳舞,1.0,0.0
5143,386187,如果说,c,1,5,38259,神的孩子都在跳舞,录音室专辑,2004-11-05,8,错错错,神的孩子都在跳舞,1.0,0.0
5144,386187,宜静,a,1,5,38259,神的孩子都在跳舞,录音室专辑,2004-11-05,8,错错错,神的孩子都在跳舞,1.0,0.0
5145,386187,不是,c,1,5,38259,神的孩子都在跳舞,录音室专辑,2004-11-05,8,错错错,神的孩子都在跳舞,1.0,0.0
5146,386187,嫁给,v,1,5,38259,神的孩子都在跳舞,录音室专辑,2004-11-05,8,错错错,神的孩子都在跳舞,1.0,0.0
5147,386187,了,ul,1,5,38259,神的孩子都在跳舞,录音室专辑,2004-11-05,8,错错错,神的孩子都在跳舞,1.0,0.0
5148,386187,大雄,n,1,5,38259,神的孩子都在跳舞,录音室专辑,2004-11-05,8,错错错,神的孩子都在跳舞,1.0,0.0
5149,386187,一生,m,1,5,38259,神的孩子都在跳舞,录音室专辑,2004-11-05,8,错错错,神的孩子都在跳舞,1.0,0.0
5150,386187,相信,v,1,5,38259,神的孩子都在跳舞,录音室专辑,2004-11-05,8,错错错,神的孩子都在跳舞,1.0,0.0
5151,386187,执着,v,1,5,38259,神的孩子都在跳舞,录音室专辑,2004-11-05,8,错错错,神的孩子都在跳舞,1.0,0.0
5152,386187,一秒,m,1,5,38259,神的孩子都在跳舞,录音室专辑,2004-11-05,8,错错错,神的孩子都在跳舞,1.0,0.0
5153,386187,就,d,1,5,38259,神的孩子都在跳舞,录音室专辑,2004-11-05,8,错错错,神的孩子都在跳舞,1.0,0.0
5154,386187,崩落,v,1,5,38259,神的孩子都在跳舞,录音室专辑,2004-11-05,8,错错错,神的孩子都在跳舞,1.0,0.0
5155,386187,该,r,1,5,38259,神的孩子都在跳舞,录音室专辑,2004-11-05,8,错错错,神的孩子都在跳舞,1.0,0.0
5156,386187,同意,d,1,5,38259,神的孩子都在跳舞,录音室专辑,2004-11-05,8,错错错,神的孩子都在跳舞,1.0,0.0
5157,386187,吗,y,1,5,38259,神的孩子都在跳舞,录音室专辑,2004-11-05,8,错错错,神的孩子都在跳舞,1.0,0.0
5158,386187,拥有,v,1,5,38259,神的孩子都在跳舞,录音室专辑,2004-11-05,8,错错错,神的孩子都在跳舞,1.0,0.0
5159,386187,不如,c,1,5,38259,神的孩子都在跳舞,录音室专辑,2004-11-05,8,错错错,神的孩子都在跳舞,1.0,0.0
5160,386187,精彩,n,1,5,38259,神的孩子都在跳舞,录音室专辑,2004-11-05,8,错错错,神的孩子都在跳舞,1.0,0.0
5161,386187,还,d,1,5,38259,神的孩子都在跳舞,录音室专辑,2004-11-05,8,错错错,神的孩子都在跳舞,1.0,0.0
5162,386187,今后,t,1,5,38259,神的孩子都在跳舞,录音室专辑,2004-11-05,8,错错错,神的孩子都在跳舞,1.0,0.0
5163,386187,最好,a,1,5,38259,神的孩子都在跳舞,录音室专辑,2004-11-05,8,错错错,神的孩子都在跳舞,1.0,0.0
5164,386187,朋友,n,1,5,38259,神的孩子都在跳舞,录音室专辑,2004-11-05,8,错错错,神的孩子都在跳舞,1.0,0.0
5165,386187,脸上,s,1,5,38259,神的孩子都在跳舞,录音室专辑,2004-11-05,8,错错错,神的孩子都在跳舞,1.0,0.0
5166,386187,还有,v,1,5,38259,神的孩子都在跳舞,录音室专辑,2004-11-05,8,错错错,神的孩子都在跳舞,1.0,0.0
5167,386187,笑容,n,1,5,38259,神的孩子都在跳舞,录音室专辑,2004-11-05,8,错错错,神的孩子都在跳舞,1.0,0.0
5168,386187,最深,d,1,5,38259,神的孩子都在跳舞,录音室专辑,2004-11-05,8,错错错,神的孩子都在跳舞,1.0,0.0
5169,386187,痛,a,1,5,38259,神的孩子都在跳舞,录音室专辑,2004-11-05,8,错错错,神的孩子都在跳舞,1.0,0.0
5170,386187,也,d,1,5,38259,神的孩子都在跳舞,录音室专辑,2004-11-05,8,错错错,神的孩子都在跳舞,1.0,0.0
5171,386187,只能,v,1,5,38259,神的孩子都在跳舞,录音室专辑,2004-11-05,8,错错错,神的孩子都在跳舞,1.0,0.0
5172,386187,沉默,a,1,5,38259,神的孩子都在跳舞,录音室专辑,2004-11-05,8,错错错,神的孩子都在跳舞,1.0,0.0
5173,386187,开玩笑,v,1,5,38259,神的孩子都在跳舞,录音室专辑,2004-11-05,8,错错错,神的孩子都在跳舞,1.0,0.0
5174,386187,吧,y,1,5,38259,神的孩子都在跳舞,录音室专辑,2004-11-05,8,错错错,神的孩子都在跳舞,1.0,0.0
5175,386187,在,p,1,5,38259,神的孩子都在跳舞,录音室专辑,2004-11-05,8,错错错,神的孩子都在跳舞,1.0,0.0
5176,386187,幽默,a,1,5,38259,神的孩子都在跳舞,录音室专辑,2004-11-05,8,错错错,神的孩子都在跳舞,1.0,0.0
5177,386187,快,a,1,5,38259,神的孩子都在跳舞,录音室专辑,2004-11-05,8,错错错,神的孩子都在跳舞,1.0,0.0
5178,386187,全部,n,1,5,38259,神的孩子都在跳舞,录音室专辑,2004-11-05,8,错错错,神的孩子都在跳舞,1.0,0.0
5179,386187,都,d,1,5,38259,神的孩子都在跳舞,录音室专辑,2004-11-05,8,错错错,神的孩子都在跳舞,1.0,0.0
5180,386187,搞错,v,1,5,38259,神的孩子都在跳舞,录音室专辑,2004-11-05,8,错错错,神的孩子都在跳舞,1.0,0.0
5181,386187,爱到,v,1,5,38259,神的孩子都在跳舞,录音室专辑,2004-11-05,8,错错错,神的孩子都在跳舞,1.0,0.0
5182,386187,算,v,1,5,38259,神的孩子都在跳舞,录音室专辑,2004-11-05,8,错错错,神的孩子都在跳舞,1.0,0.0
5183,386189,的,uj,13,5,38259,神的孩子都在跳舞,录音室专辑,2004-11-05,9,晚安，地球人,神的孩子都在跳舞,1.0,0.0
5184,386189,在,p,4,5,38259,神的孩子都在跳舞,录音室专辑,2004-11-05,9,晚安，地球人,神的孩子都在跳舞,1.0,0.0
5185,386189,我,r,4,5,38259,神的孩子都在跳舞,录音室专辑,2004-11-05,9,晚安，地球人,神的孩子都在跳舞,1.0,0.0
5186,386189,爱,v,4,5,38259,神的孩子都在跳舞,录音室专辑,2004-11-05,9,晚安，地球人,神的孩子都在跳舞,1.0,0.0
5187,386189,人,n,3,5,38259,神的孩子都在跳舞,录音室专辑,2004-11-05,9,晚安，地球人,神的孩子都在跳舞,1.0,0.0
5188,386189,谁,r,3,5,38259,神的孩子都在跳舞,录音室专辑,2004-11-05,9,晚安，地球人,神的孩子都在跳舞,1.0,0.0
5189,386189,能,v,3,5,38259,神的孩子都在跳舞,录音室专辑,2004-11-05,9,晚安，地球人,神的孩子都在跳舞,1.0,0.0
5190,386189,大,a,2,5,38259,神的孩子都在跳舞,录音室专辑,2004-11-05,9,晚安，地球人,神的孩子都在跳舞,1.0,0.0
5191,386189,不,d,2,5,38259,神的孩子都在跳舞,录音室专辑,2004-11-05,9,晚安，地球人,神的孩子都在跳舞,1.0,0.0
5192,386189,也,d,2,5,38259,神的孩子都在跳舞,录音室专辑,2004-11-05,9,晚安，地球人,神的孩子都在跳舞,1.0,0.0
5193,386189,逃难,v,2,5,38259,神的孩子都在跳舞,录音室专辑,2004-11-05,9,晚安，地球人,神的孩子都在跳舞,1.0,0.0
5194,386189,了,ul,2,5,38259,神的孩子都在跳舞,录音室专辑,2004-11-05,9,晚安，地球人,神的孩子都在跳舞,1.0,0.0
5195,386189,一,m,2,5,38259,神的孩子都在跳舞,录音室专辑,2004-11-05,9,晚安，地球人,神的孩子都在跳舞,1.0,0.0
5196,386189,人类,n,2,5,38259,神的孩子都在跳舞,录音室专辑,2004-11-05,9,晚安，地球人,神的孩子都在跳舞,1.0,0.0
5197,386189,灾难,n,2,5,38259,神的孩子都在跳舞,录音室专辑,2004-11-05,9,晚安，地球人,神的孩子都在跳舞,1.0,0.0
5198,386189,会,v,2,5,38259,神的孩子都在跳舞,录音室专辑,2004-11-05,9,晚安，地球人,神的孩子都在跳舞,1.0,0.0
5199,386189,自己,r,2,5,38259,神的孩子都在跳舞,录音室专辑,2004-11-05,9,晚安，地球人,神的孩子都在跳舞,1.0,0.0
5200,386189,是不是,l,2,5,38259,神的孩子都在跳舞,录音室专辑,2004-11-05,9,晚安，地球人,神的孩子都在跳舞,1.0,0.0
5201,386189,地球,n,2,5,38259,神的孩子都在跳舞,录音室专辑,2004-11-05,9,晚安，地球人,神的孩子都在跳舞,1.0,0.0
5202,386189,晚安,n,2,5,38259,神的孩子都在跳舞,录音室专辑,2004-11-05,9,晚安，地球人,神的孩子都在跳舞,1.0,0.0
5203,386189,不要,df,2,5,38259,神的孩子都在跳舞,录音室专辑,2004-11-05,9,晚安，地球人,神的孩子都在跳舞,1.0,0.0
5204,386189,是,v,2,5,38259,神的孩子都在跳舞,录音室专辑,2004-11-05,9,晚安，地球人,神的孩子都在跳舞,1.0,0.0
5205,386189,紫,n,1,5,38259,神的孩子都在跳舞,录音室专辑,2004-11-05,9,晚安，地球人,神的孩子都在跳舞,1.0,0.0
5206,386189,皮肤,n,1,5,38259,神的孩子都在跳舞,录音室专辑,2004-11-05,9,晚安，地球人,神的孩子都在跳舞,1.0,0.0
5207,386189,脑袋,n,1,5,38259,神的孩子都在跳舞,录音室专辑,2004-11-05,9,晚安，地球人,神的孩子都在跳舞,1.0,0.0
5208,386189,血液,n,1,5,38259,神的孩子都在跳舞,录音室专辑,2004-11-05,9,晚安，地球人,神的孩子都在跳舞,1.0,0.0
5209,386189,绿,a,1,5,38259,神的孩子都在跳舞,录音室专辑,2004-11-05,9,晚安，地球人,神的孩子都在跳舞,1.0,0.0
5210,386189,蓝,a,1,5,38259,神的孩子都在跳舞,录音室专辑,2004-11-05,9,晚安，地球人,神的孩子都在跳舞,1.0,0.0
5211,386189,已经,d,1,5,38259,神的孩子都在跳舞,录音室专辑,2004-11-05,9,晚安，地球人,神的孩子都在跳舞,1.0,0.0
5212,386189,毁灭,v,1,5,38259,神的孩子都在跳舞,录音室专辑,2004-11-05,9,晚安，地球人,神的孩子都在跳舞,1.0,0.0
5213,386189,星球,n,1,5,38259,神的孩子都在跳舞,录音室专辑,2004-11-05,9,晚安，地球人,神的孩子都在跳舞,1.0,0.0
5214,386189,比,p,1,5,38259,神的孩子都在跳舞,录音室专辑,2004-11-05,9,晚安，地球人,神的孩子都在跳舞,1.0,0.0
5215,386189,五月天,t,1,5,38259,神的孩子都在跳舞,录音室专辑,2004-11-05,9,晚安，地球人,神的孩子都在跳舞,1.0,0.0
5216,386189,还,d,1,5,38259,神的孩子都在跳舞,录音室专辑,2004-11-05,9,晚安，地球人,神的孩子都在跳舞,1.0,0.0
5217,386189,帅,a,1,5,38259,神的孩子都在跳舞,录音室专辑,2004-11-05,9,晚安，地球人,神的孩子都在跳舞,1.0,0.0
5218,386189,那,r,1,5,38259,神的孩子都在跳舞,录音室专辑,2004-11-05,9,晚安，地球人,神的孩子都在跳舞,1.0,0.0
5219,386189,一年,m,1,5,38259,神的孩子都在跳舞,录音室专辑,2004-11-05,9,晚安，地球人,神的孩子都在跳舞,1.0,0.0
5220,386189,爸爸,n,1,5,38259,神的孩子都在跳舞,录音室专辑,2004-11-05,9,晚安，地球人,神的孩子都在跳舞,1.0,0.0
5221,386189,把,p,1,5,38259,神的孩子都在跳舞,录音室专辑,2004-11-05,9,晚安，地球人,神的孩子都在跳舞,1.0,0.0
5222,386189,丢,v,1,5,38259,神的孩子都在跳舞,录音室专辑,2004-11-05,9,晚安，地球人,神的孩子都在跳舞,1.0,0.0
5223,386189,上船,v,1,5,38259,神的孩子都在跳舞,录音室专辑,2004-11-05,9,晚安，地球人,神的孩子都在跳舞,1.0,0.0
5224,386189,光,n,1,5,38259,神的孩子都在跳舞,录音室专辑,2004-11-05,9,晚安，地球人,神的孩子都在跳舞,1.0,0.0
5225,386189,速度,n,1,5,38259,神的孩子都在跳舞,录音室专辑,2004-11-05,9,晚安，地球人,神的孩子都在跳舞,1.0,0.0
5226,386189,能比,v,1,5,38259,神的孩子都在跳舞,录音室专辑,2004-11-05,9,晚安，地球人,神的孩子都在跳舞,1.0,0.0
5227,386189,爱恨,a,1,5,38259,神的孩子都在跳舞,录音室专辑,2004-11-05,9,晚安，地球人,神的孩子都在跳舞,1.0,0.0
5228,386189,快,a,1,5,38259,神的孩子都在跳舞,录音室专辑,2004-11-05,9,晚安，地球人,神的孩子都在跳舞,1.0,0.0
5229,386189,所以,c,1,5,38259,神的孩子都在跳舞,录音室专辑,2004-11-05,9,晚安，地球人,神的孩子都在跳舞,1.0,0.0
5230,386189,忘,v,1,5,38259,神的孩子都在跳舞,录音室专辑,2004-11-05,9,晚安，地球人,神的孩子都在跳舞,1.0,0.0
5231,386189,哭,v,1,5,38259,神的孩子都在跳舞,录音室专辑,2004-11-05,9,晚安，地球人,神的孩子都在跳舞,1.0,0.0
5232,386189,来到,v,1,5,38259,神的孩子都在跳舞,录音室专辑,2004-11-05,9,晚安，地球人,神的孩子都在跳舞,1.0,0.0
5233,386189,这里,r,1,5,38259,神的孩子都在跳舞,录音室专辑,2004-11-05,9,晚安，地球人,神的孩子都在跳舞,1.0,0.0
5234,386189,光年,n,1,5,38259,神的孩子都在跳舞,录音室专辑,2004-11-05,9,晚安，地球人,神的孩子都在跳舞,1.0,0.0
5235,386189,外,f,1,5,38259,神的孩子都在跳舞,录音室专辑,2004-11-05,9,晚安，地球人,神的孩子都在跳舞,1.0,0.0
5236,386189,沉睡,v,1,5,38259,神的孩子都在跳舞,录音室专辑,2004-11-05,9,晚安，地球人,神的孩子都在跳舞,1.0,0.0
5237,386189,七年,m,1,5,38259,神的孩子都在跳舞,录音室专辑,2004-11-05,9,晚安，地球人,神的孩子都在跳舞,1.0,0.0
5238,386189,蝉,n,1,5,38259,神的孩子都在跳舞,录音室专辑,2004-11-05,9,晚安，地球人,神的孩子都在跳舞,1.0,0.0
5239,386189,换取,v,1,5,38259,神的孩子都在跳舞,录音室专辑,2004-11-05,9,晚安，地球人,神的孩子都在跳舞,1.0,0.0
5240,386189,七天,t,1,5,38259,神的孩子都在跳舞,录音室专辑,2004-11-05,9,晚安，地球人,神的孩子都在跳舞,1.0,0.0
5241,386189,灿烂,a,1,5,38259,神的孩子都在跳舞,录音室专辑,2004-11-05,9,晚安，地球人,神的孩子都在跳舞,1.0,0.0
5242,386189,生命,vn,1,5,38259,神的孩子都在跳舞,录音室专辑,2004-11-05,9,晚安，地球人,神的孩子都在跳舞,1.0,0.0
5243,386189,穿过,v,1,5,38259,神的孩子都在跳舞,录音室专辑,2004-11-05,9,晚安，地球人,神的孩子都在跳舞,1.0,0.0
5244,386189,漫长,n,1,5,38259,神的孩子都在跳舞,录音室专辑,2004-11-05,9,晚安，地球人,神的孩子都在跳舞,1.0,0.0
5245,386189,年代,t,1,5,38259,神的孩子都在跳舞,录音室专辑,2004-11-05,9,晚安，地球人,神的孩子都在跳舞,1.0,0.0
5246,386189,直到,v,1,5,38259,神的孩子都在跳舞,录音室专辑,2004-11-05,9,晚安，地球人,神的孩子都在跳舞,1.0,0.0
5247,386189,名为,v,1,5,38259,神的孩子都在跳舞,录音室专辑,2004-11-05,9,晚安，地球人,神的孩子都在跳舞,1.0,0.0
5248,386189,诸葛亮,nr,1,5,38259,神的孩子都在跳舞,录音室专辑,2004-11-05,9,晚安，地球人,神的孩子都在跳舞,1.0,0.0
5249,386189,赤壁,n,1,5,38259,神的孩子都在跳舞,录音室专辑,2004-11-05,9,晚安，地球人,神的孩子都在跳舞,1.0,0.0
5250,386189,战,n,1,5,38259,神的孩子都在跳舞,录音室专辑,2004-11-05,9,晚安，地球人,神的孩子都在跳舞,1.0,0.0
5251,386189,万,m,1,5,38259,神的孩子都在跳舞,录音室专辑,2004-11-05,9,晚安，地球人,神的孩子都在跳舞,1.0,0.0
5252,386189,冢,ng,1,5,38259,神的孩子都在跳舞,录音室专辑,2004-11-05,9,晚安，地球人,神的孩子都在跳舞,1.0,0.0
5253,386189,豪迈,a,1,5,38259,神的孩子都在跳舞,录音室专辑,2004-11-05,9,晚安，地球人,神的孩子都在跳舞,1.0,0.0
5254,386189,千年,m,1,5,38259,神的孩子都在跳舞,录音室专辑,2004-11-05,9,晚安，地球人,神的孩子都在跳舞,1.0,0.0
5255,386189,之后,f,1,5,38259,神的孩子都在跳舞,录音室专辑,2004-11-05,9,晚安，地球人,神的孩子都在跳舞,1.0,0.0
5256,386189,重回,v,1,5,38259,神的孩子都在跳舞,录音室专辑,2004-11-05,9,晚安，地球人,神的孩子都在跳舞,1.0,0.0
5257,386189,荧幕,n,1,5,38259,神的孩子都在跳舞,录音室专辑,2004-11-05,9,晚安，地球人,神的孩子都在跳舞,1.0,0.0
5258,386189,里,f,1,5,38259,神的孩子都在跳舞,录音室专辑,2004-11-05,9,晚安，地球人,神的孩子都在跳舞,1.0,0.0
5259,386189,还是,c,1,5,38259,神的孩子都在跳舞,录音室专辑,2004-11-05,9,晚安，地球人,神的孩子都在跳舞,1.0,0.0
5260,386189,征战,v,1,5,38259,神的孩子都在跳舞,录音室专辑,2004-11-05,9,晚安，地球人,神的孩子都在跳舞,1.0,0.0
5261,386189,舞台,n,1,5,38259,神的孩子都在跳舞,录音室专辑,2004-11-05,9,晚安，地球人,神的孩子都在跳舞,1.0,0.0
5262,386189,难道,d,1,5,38259,神的孩子都在跳舞,录音室专辑,2004-11-05,9,晚安，地球人,神的孩子都在跳舞,1.0,0.0
5263,386189,又,d,1,5,38259,神的孩子都在跳舞,录音室专辑,2004-11-05,9,晚安，地球人,神的孩子都在跳舞,1.0,0.0
5264,386189,重来,v,1,5,38259,神的孩子都在跳舞,录音室专辑,2004-11-05,9,晚安，地球人,神的孩子都在跳舞,1.0,0.0
5265,386189,妈妈,n,1,5,38259,神的孩子都在跳舞,录音室专辑,2004-11-05,9,晚安，地球人,神的孩子都在跳舞,1.0,0.0
5266,386189,他,r,1,5,38259,神的孩子都在跳舞,录音室专辑,2004-11-05,9,晚安，地球人,神的孩子都在跳舞,1.0,0.0
5267,386189,说,v,1,5,38259,神的孩子都在跳舞,录音室专辑,2004-11-05,9,晚安，地球人,神的孩子都在跳舞,1.0,0.0
5268,386189,混乱,a,1,5,38259,神的孩子都在跳舞,录音室专辑,2004-11-05,9,晚安，地球人,神的孩子都在跳舞,1.0,0.0
5269,386189,还清,v,1,5,38259,神的孩子都在跳舞,录音室专辑,2004-11-05,9,晚安，地球人,神的孩子都在跳舞,1.0,0.0
5270,386189,卡债,n,1,5,38259,神的孩子都在跳舞,录音室专辑,2004-11-05,9,晚安，地球人,神的孩子都在跳舞,1.0,0.0
5271,386189,控制,v,1,5,38259,神的孩子都在跳舞,录音室专辑,2004-11-05,9,晚安，地球人,神的孩子都在跳舞,1.0,0.0
5272,386189,核子弹,n,1,5,38259,神的孩子都在跳舞,录音室专辑,2004-11-05,9,晚安，地球人,神的孩子都在跳舞,1.0,0.0
5273,386189,顿悟,v,1,5,38259,神的孩子都在跳舞,录音室专辑,2004-11-05,9,晚安，地球人,神的孩子都在跳舞,1.0,0.0
5274,386189,轮回,v,1,5,38259,神的孩子都在跳舞,录音室专辑,2004-11-05,9,晚安，地球人,神的孩子都在跳舞,1.0,0.0
5275,386189,来,v,1,5,38259,神的孩子都在跳舞,录音室专辑,2004-11-05,9,晚安，地球人,神的孩子都在跳舞,1.0,0.0
5276,386189,大人,n,1,5,38259,神的孩子都在跳舞,录音室专辑,2004-11-05,9,晚安，地球人,神的孩子都在跳舞,1.0,0.0
5277,386189,冷气,n,1,5,38259,神的孩子都在跳舞,录音室专辑,2004-11-05,9,晚安，地球人,神的孩子都在跳舞,1.0,0.0
5278,386189,房,n,1,5,38259,神的孩子都在跳舞,录音室专辑,2004-11-05,9,晚安，地球人,神的孩子都在跳舞,1.0,0.0
5279,386189,作战,v,1,5,38259,神的孩子都在跳舞,录音室专辑,2004-11-05,9,晚安，地球人,神的孩子都在跳舞,1.0,0.0
5280,386189,小孩,n,1,5,38259,神的孩子都在跳舞,录音室专辑,2004-11-05,9,晚安，地球人,神的孩子都在跳舞,1.0,0.0
5281,386189,太阳,ns,1,5,38259,神的孩子都在跳舞,录音室专辑,2004-11-05,9,晚安，地球人,神的孩子都在跳舞,1.0,0.0
5282,386189,下,f,1,5,38259,神的孩子都在跳舞,录音室专辑,2004-11-05,9,晚安，地球人,神的孩子都在跳舞,1.0,0.0
5283,386189,石油,n,1,5,38259,神的孩子都在跳舞,录音室专辑,2004-11-05,9,晚安，地球人,神的孩子都在跳舞,1.0,0.0
5284,386189,田,n,1,5,38259,神的孩子都在跳舞,录音室专辑,2004-11-05,9,晚安，地球人,神的孩子都在跳舞,1.0,0.0
5285,386189,干旱,a,1,5,38259,神的孩子都在跳舞,录音室专辑,2004-11-05,9,晚安，地球人,神的孩子都在跳舞,1.0,0.0
5286,386189,华尔街,ns,1,5,38259,神的孩子都在跳舞,录音室专辑,2004-11-05,9,晚安，地球人,神的孩子都在跳舞,1.0,0.0
5287,386189,卷起,v,1,5,38259,神的孩子都在跳舞,录音室专辑,2004-11-05,9,晚安，地球人,神的孩子都在跳舞,1.0,0.0
5288,386189,终于,d,1,5,38259,神的孩子都在跳舞,录音室专辑,2004-11-05,9,晚安，地球人,神的孩子都在跳舞,1.0,0.0
5289,386189,人们,n,1,5,38259,神的孩子都在跳舞,录音室专辑,2004-11-05,9,晚安，地球人,神的孩子都在跳舞,1.0,0.0
5290,386189,发射,v,1,5,38259,神的孩子都在跳舞,录音室专辑,2004-11-05,9,晚安，地球人,神的孩子都在跳舞,1.0,0.0
5291,386189,飞弹,n,1,5,38259,神的孩子都在跳舞,录音室专辑,2004-11-05,9,晚安，地球人,神的孩子都在跳舞,1.0,0.0
5292,386189,捍卫,v,1,5,38259,神的孩子都在跳舞,录音室专辑,2004-11-05,9,晚安，地球人,神的孩子都在跳舞,1.0,0.0
5293,386189,晚餐,n,1,5,38259,神的孩子都在跳舞,录音室专辑,2004-11-05,9,晚安，地球人,神的孩子都在跳舞,1.0,0.0
5294,386189,多,m,1,5,38259,神的孩子都在跳舞,录音室专辑,2004-11-05,9,晚安，地球人,神的孩子都在跳舞,1.0,0.0
5295,386189,害怕,v,1,5,38259,神的孩子都在跳舞,录音室专辑,2004-11-05,9,晚安，地球人,神的孩子都在跳舞,1.0,0.0
5296,386189,未来,t,1,5,38259,神的孩子都在跳舞,录音室专辑,2004-11-05,9,晚安，地球人,神的孩子都在跳舞,1.0,0.0
5297,386189,对,p,1,5,38259,神的孩子都在跳舞,录音室专辑,2004-11-05,9,晚安，地球人,神的孩子都在跳舞,1.0,0.0
5298,386189,一切,r,1,5,38259,神的孩子都在跳舞,录音室专辑,2004-11-05,9,晚安，地球人,神的孩子都在跳舞,1.0,0.0
5299,386189,习惯,n,1,5,38259,神的孩子都在跳舞,录音室专辑,2004-11-05,9,晚安，地球人,神的孩子都在跳舞,1.0,0.0
5300,386189,拿,v,1,5,38259,神的孩子都在跳舞,录音室专辑,2004-11-05,9,晚安，地球人,神的孩子都在跳舞,1.0,0.0
5301,386189,着,uz,1,5,38259,神的孩子都在跳舞,录音室专辑,2004-11-05,9,晚安，地球人,神的孩子都在跳舞,1.0,0.0
5302,386189,字典,n,1,5,38259,神的孩子都在跳舞,录音室专辑,2004-11-05,9,晚安，地球人,神的孩子都在跳舞,1.0,0.0
5303,386189,一页,m,1,5,38259,神的孩子都在跳舞,录音室专辑,2004-11-05,9,晚安，地球人,神的孩子都在跳舞,1.0,0.0
5304,386189,页,m,1,5,38259,神的孩子都在跳舞,录音室专辑,2004-11-05,9,晚安，地球人,神的孩子都在跳舞,1.0,0.0
5305,386189,翻,v,1,5,38259,神的孩子都在跳舞,录音室专辑,2004-11-05,9,晚安，地球人,神的孩子都在跳舞,1.0,0.0
5306,386189,始终,d,1,5,38259,神的孩子都在跳舞,录音室专辑,2004-11-05,9,晚安，地球人,神的孩子都在跳舞,1.0,0.0
5307,386189,找,v,1,5,38259,神的孩子都在跳舞,录音室专辑,2004-11-05,9,晚安，地球人,神的孩子都在跳舞,1.0,0.0
5308,386189,不到,v,1,5,38259,神的孩子都在跳舞,录音室专辑,2004-11-05,9,晚安，地球人,神的孩子都在跳舞,1.0,0.0
5309,386189,字,n,1,5,38259,神的孩子都在跳舞,录音室专辑,2004-11-05,9,晚安，地球人,神的孩子都在跳舞,1.0,0.0
5310,386191,我,r,15,5,38259,神的孩子都在跳舞,录音室专辑,2004-11-05,10,超人,神的孩子都在跳舞,1.0,0.0
5311,386191,为什么,r,12,5,38259,神的孩子都在跳舞,录音室专辑,2004-11-05,10,超人,神的孩子都在跳舞,1.0,0.0
5312,386191,你,r,11,5,38259,神的孩子都在跳舞,录音室专辑,2004-11-05,10,超人,神的孩子都在跳舞,1.0,0.0
5313,386191,的,uj,11,5,38259,神的孩子都在跳舞,录音室专辑,2004-11-05,10,超人,神的孩子都在跳舞,1.0,0.0
5314,386191,也,d,5,5,38259,神的孩子都在跳舞,录音室专辑,2004-11-05,10,超人,神的孩子都在跳舞,1.0,0.0
5315,386191,能够,v,4,5,38259,神的孩子都在跳舞,录音室专辑,2004-11-05,10,超人,神的孩子都在跳舞,1.0,0.0
5316,386191,拯救,v,4,5,38259,神的孩子都在跳舞,录音室专辑,2004-11-05,10,超人,神的孩子都在跳舞,1.0,0.0
5317,386191,地球,n,4,5,38259,神的孩子都在跳舞,录音室专辑,2004-11-05,10,超人,神的孩子都在跳舞,1.0,0.0
5318,386191,如果,c,3,5,38259,神的孩子都在跳舞,录音室专辑,2004-11-05,10,超人,神的孩子都在跳舞,1.0,0.0
5319,386191,谁,r,3,5,38259,神的孩子都在跳舞,录音室专辑,2004-11-05,10,超人,神的孩子都在跳舞,1.0,0.0
5320,386191,心,n,3,5,38259,神的孩子都在跳舞,录音室专辑,2004-11-05,10,超人,神的孩子都在跳舞,1.0,0.0
5321,386191,是,v,3,5,38259,神的孩子都在跳舞,录音室专辑,2004-11-05,10,超人,神的孩子都在跳舞,1.0,0.0
5322,386191,那么,r,3,5,38259,神的孩子都在跳舞,录音室专辑,2004-11-05,10,超人,神的孩子都在跳舞,1.0,0.0
5323,386191,容易,a,3,5,38259,神的孩子都在跳舞,录音室专辑,2004-11-05,10,超人,神的孩子都在跳舞,1.0,0.0
5324,386191,束手无策,i,3,5,38259,神的孩子都在跳舞,录音室专辑,2004-11-05,10,超人,神的孩子都在跳舞,1.0,0.0
5325,386191,啊,zg,3,5,38259,神的孩子都在跳舞,录音室专辑,2004-11-05,10,超人,神的孩子都在跳舞,1.0,0.0
5326,386191,和,c,3,5,38259,神的孩子都在跳舞,录音室专辑,2004-11-05,10,超人,神的孩子都在跳舞,1.0,0.0
5327,386191,爱情,n,3,5,38259,神的孩子都在跳舞,录音室专辑,2004-11-05,10,超人,神的孩子都在跳舞,1.0,0.0
5328,386191,能,v,3,5,38259,神的孩子都在跳舞,录音室专辑,2004-11-05,10,超人,神的孩子都在跳舞,1.0,0.0
5329,386191,世界,n,2,5,38259,神的孩子都在跳舞,录音室专辑,2004-11-05,10,超人,神的孩子都在跳舞,1.0,0.0
5330,386191,被,p,2,5,38259,神的孩子都在跳舞,录音室专辑,2004-11-05,10,超人,神的孩子都在跳舞,1.0,0.0
5331,386191,残酷,a,2,5,38259,神的孩子都在跳舞,录音室专辑,2004-11-05,10,超人,神的孩子都在跳舞,1.0,0.0
5332,386191,攻击,v,2,5,38259,神的孩子都在跳舞,录音室专辑,2004-11-05,10,超人,神的孩子都在跳舞,1.0,0.0
5333,386191,给,p,2,5,38259,神的孩子都在跳舞,录音室专辑,2004-11-05,10,超人,神的孩子都在跳舞,1.0,0.0
5334,386191,这,r,2,5,38259,神的孩子都在跳舞,录音室专辑,2004-11-05,10,超人,神的孩子都在跳舞,1.0,0.0
5335,386191,不能,v,2,5,38259,神的孩子都在跳舞,录音室专辑,2004-11-05,10,超人,神的孩子都在跳舞,1.0,0.0
5336,386191,飞天,n,2,5,38259,神的孩子都在跳舞,录音室专辑,2004-11-05,10,超人,神的孩子都在跳舞,1.0,0.0
5337,386191,遁,vg,2,5,38259,神的孩子都在跳舞,录音室专辑,2004-11-05,10,超人,神的孩子都在跳舞,1.0,0.0
5338,386191,地,uv,2,5,38259,神的孩子都在跳舞,录音室专辑,2004-11-05,10,超人,神的孩子都在跳舞,1.0,0.0
5339,386191,却,d,2,5,38259,神的孩子都在跳舞,录音室专辑,2004-11-05,10,超人,神的孩子都在跳舞,1.0,0.0
5340,386191,没,v,2,5,38259,神的孩子都在跳舞,录音室专辑,2004-11-05,10,超人,神的孩子都在跳舞,1.0,0.0
5341,386191,办法,n,2,5,38259,神的孩子都在跳舞,录音室专辑,2004-11-05,10,超人,神的孩子都在跳舞,1.0,0.0
5342,386191,长驱直入,i,2,5,38259,神的孩子都在跳舞,录音室专辑,2004-11-05,10,超人,神的孩子都在跳舞,1.0,0.0
5343,386191,结局,n,2,5,38259,神的孩子都在跳舞,录音室专辑,2004-11-05,10,超人,神的孩子都在跳舞,1.0,0.0
5344,386191,只要,c,1,5,38259,神的孩子都在跳舞,录音室专辑,2004-11-05,10,超人,神的孩子都在跳舞,1.0,0.0
5345,386191,一个,m,1,5,38259,神的孩子都在跳舞,录音室专辑,2004-11-05,10,超人,神的孩子都在跳舞,1.0,0.0
5346,386191,电话亭,n,1,5,38259,神的孩子都在跳舞,录音室专辑,2004-11-05,10,超人,神的孩子都在跳舞,1.0,0.0
5347,386191,把,p,1,5,38259,神的孩子都在跳舞,录音室专辑,2004-11-05,10,超人,神的孩子都在跳舞,1.0,0.0
5348,386191,内裤,n,1,5,38259,神的孩子都在跳舞,录音室专辑,2004-11-05,10,超人,神的孩子都在跳舞,1.0,0.0
5349,386191,当,t,1,5,38259,神的孩子都在跳舞,录音室专辑,2004-11-05,10,超人,神的孩子都在跳舞,1.0,0.0
5350,386191,外衣,n,1,5,38259,神的孩子都在跳舞,录音室专辑,2004-11-05,10,超人,神的孩子都在跳舞,1.0,0.0
5351,386191,开心,v,1,5,38259,神的孩子都在跳舞,录音室专辑,2004-11-05,10,超人,神的孩子都在跳舞,1.0,0.0
5352,386191,展开,v,1,5,38259,神的孩子都在跳舞,录音室专辑,2004-11-05,10,超人,神的孩子都在跳舞,1.0,0.0
5353,386191,披风,v,1,5,38259,神的孩子都在跳舞,录音室专辑,2004-11-05,10,超人,神的孩子都在跳舞,1.0,0.0
5354,386191,带,v,1,5,38259,神的孩子都在跳舞,录音室专辑,2004-11-05,10,超人,神的孩子都在跳舞,1.0,0.0
5355,386191,飞行,v,1,5,38259,神的孩子都在跳舞,录音室专辑,2004-11-05,10,超人,神的孩子都在跳舞,1.0,0.0
5356,386191,赐予,v,1,5,38259,神的孩子都在跳舞,录音室专辑,2004-11-05,10,超人,神的孩子都在跳舞,1.0,0.0
5357,386191,一身,m,1,5,38259,神的孩子都在跳舞,录音室专辑,2004-11-05,10,超人,神的孩子都在跳舞,1.0,0.0
5358,386191,无助,v,1,5,38259,神的孩子都在跳舞,录音室专辑,2004-11-05,10,超人,神的孩子都在跳舞,1.0,0.0
5359,386191,能力,n,1,5,38259,神的孩子都在跳舞,录音室专辑,2004-11-05,10,超人,神的孩子都在跳舞,1.0,0.0
5360,386191,神,n,1,5,38259,神的孩子都在跳舞,录音室专辑,2004-11-05,10,超人,神的孩子都在跳舞,1.0,0.0
5361,386191,阻挡,v,1,5,38259,神的孩子都在跳舞,录音室专辑,2004-11-05,10,超人,神的孩子都在跳舞,1.0,0.0
5362,386191,想,v,1,5,38259,神的孩子都在跳舞,录音室专辑,2004-11-05,10,超人,神的孩子都在跳舞,1.0,0.0
5363,386191,离开,v,1,5,38259,神的孩子都在跳舞,录音室专辑,2004-11-05,10,超人,神的孩子都在跳舞,1.0,0.0
5364,386191,曾经,d,1,5,38259,神的孩子都在跳舞,录音室专辑,2004-11-05,10,超人,神的孩子都在跳舞,1.0,0.0
5365,386191,赞美,ns,1,5,38259,神的孩子都在跳舞,录音室专辑,2004-11-05,10,超人,神的孩子都在跳舞,1.0,0.0
5366,386191,手臂,n,1,5,38259,神的孩子都在跳舞,录音室专辑,2004-11-05,10,超人,神的孩子都在跳舞,1.0,0.0
5367,386191,逛街,v,1,5,38259,神的孩子都在跳舞,录音室专辑,2004-11-05,10,超人,神的孩子都在跳舞,1.0,0.0
5368,386191,多,m,1,5,38259,神的孩子都在跳舞,录音室专辑,2004-11-05,10,超人,神的孩子都在跳舞,1.0,0.0
5369,386191,提,v,1,5,38259,神的孩子都在跳舞,录音室专辑,2004-11-05,10,超人,神的孩子都在跳舞,1.0,0.0
5370,386191,日日夜夜,i,1,5,38259,神的孩子都在跳舞,录音室专辑,2004-11-05,10,超人,神的孩子都在跳舞,1.0,0.0
5371,386191,贴身,v,1,5,38259,神的孩子都在跳舞,录音室专辑,2004-11-05,10,超人,神的孩子都在跳舞,1.0,0.0
5372,386191,保护,v,1,5,38259,神的孩子都在跳舞,录音室专辑,2004-11-05,10,超人,神的孩子都在跳舞,1.0,0.0
5373,386191,最,d,1,5,38259,神的孩子都在跳舞,录音室专辑,2004-11-05,10,超人,神的孩子都在跳舞,1.0,0.0
5374,386191,凶狠,a,1,5,38259,神的孩子都在跳舞,录音室专辑,2004-11-05,10,超人,神的孩子都在跳舞,1.0,0.0
5375,386191,怪兽,n,1,5,38259,神的孩子都在跳舞,录音室专辑,2004-11-05,10,超人,神的孩子都在跳舞,1.0,0.0
5376,386191,与,p,1,5,38259,神的孩子都在跳舞,录音室专辑,2004-11-05,10,超人,神的孩子都在跳舞,1.0,0.0
5377,386191,为,p,1,5,38259,神的孩子都在跳舞,录音室专辑,2004-11-05,10,超人,神的孩子都在跳舞,1.0,0.0
5378,386191,敌,n,1,5,38259,神的孩子都在跳舞,录音室专辑,2004-11-05,10,超人,神的孩子都在跳舞,1.0,0.0
5379,386191,那,r,1,5,38259,神的孩子都在跳舞,录音室专辑,2004-11-05,10,超人,神的孩子都在跳舞,1.0,0.0
5380,386191,为何,r,1,5,38259,神的孩子都在跳舞,录音室专辑,2004-11-05,10,超人,神的孩子都在跳舞,1.0,0.0
5381,386191,害怕,v,1,5,38259,神的孩子都在跳舞,录音室专辑,2004-11-05,10,超人,神的孩子都在跳舞,1.0,0.0
5382,386191,泪滴,n,1,5,38259,神的孩子都在跳舞,录音室专辑,2004-11-05,10,超人,神的孩子都在跳舞,1.0,0.0
5383,386191,了,ul,1,5,38259,神的孩子都在跳舞,录音室专辑,2004-11-05,10,超人,神的孩子都在跳舞,1.0,0.0
5384,386191,一幕,m,1,5,38259,神的孩子都在跳舞,录音室专辑,2004-11-05,10,超人,神的孩子都在跳舞,1.0,0.0
5385,386191,难堪,v,1,5,38259,神的孩子都在跳舞,录音室专辑,2004-11-05,10,超人,神的孩子都在跳舞,1.0,0.0
5386,386191,要,v,1,5,38259,神的孩子都在跳舞,录音室专辑,2004-11-05,10,超人,神的孩子都在跳舞,1.0,0.0
5387,386191,这样,r,1,5,38259,神的孩子都在跳舞,录音室专辑,2004-11-05,10,超人,神的孩子都在跳舞,1.0,0.0
5388,386191,超人,n,1,5,38259,神的孩子都在跳舞,录音室专辑,2004-11-05,10,超人,神的孩子都在跳舞,1.0,0.0
5389,386191,连,nr,1,5,38259,神的孩子都在跳舞,录音室专辑,2004-11-05,10,超人,神的孩子都在跳舞,1.0,0.0
5390,386191,自己,r,1,5,38259,神的孩子都在跳舞,录音室专辑,2004-11-05,10,超人,神的孩子都在跳舞,1.0,0.0
5391,386191,救,v,1,5,38259,神的孩子都在跳舞,录音室专辑,2004-11-05,10,超人,神的孩子都在跳舞,1.0,0.0
5392,386191,不起,v,1,5,38259,神的孩子都在跳舞,录音室专辑,2004-11-05,10,超人,神的孩子都在跳舞,1.0,0.0
5393,386191,终於,nr,1,5,38259,神的孩子都在跳舞,录音室专辑,2004-11-05,10,超人,神的孩子都在跳舞,1.0,0.0
5394,386191,完美,a,1,5,38259,神的孩子都在跳舞,录音室专辑,2004-11-05,10,超人,神的孩子都在跳舞,1.0,0.0
5395,386191,只,d,1,5,38259,神的孩子都在跳舞,录音室专辑,2004-11-05,10,超人,神的孩子都在跳舞,1.0,0.0
5396,386191,眼看,v,1,5,38259,神的孩子都在跳舞,录音室专辑,2004-11-05,10,超人,神的孩子都在跳舞,1.0,0.0
5397,386191,著爱,v,1,5,38259,神的孩子都在跳舞,录音室专辑,2004-11-05,10,超人,神的孩子都在跳舞,1.0,0.0
5398,386191,燃烧,v,1,5,38259,神的孩子都在跳舞,录音室专辑,2004-11-05,10,超人,神的孩子都在跳舞,1.0,0.0
5399,386191,成,n,1,5,38259,神的孩子都在跳舞,录音室专辑,2004-11-05,10,超人,神的孩子都在跳舞,1.0,0.0
5400,386191,灰烬,n,1,5,38259,神的孩子都在跳舞,录音室专辑,2004-11-05,10,超人,神的孩子都在跳舞,1.0,0.0
5401,386191,来,v,1,5,38259,神的孩子都在跳舞,录音室专辑,2004-11-05,10,超人,神的孩子都在跳舞,1.0,0.0
5402,386191,接手,v,1,5,38259,神的孩子都在跳舞,录音室专辑,2004-11-05,10,超人,神的孩子都在跳舞,1.0,0.0
5403,386191,超能力,n,1,5,38259,神的孩子都在跳舞,录音室专辑,2004-11-05,10,超人,神的孩子都在跳舞,1.0,0.0
5404,386195,的,uj,12,5,38259,神的孩子都在跳舞,录音室专辑,2004-11-05,12,圣诞夜惊魂,神的孩子都在跳舞,1.0,0.0
5405,386195,我,r,9,5,38259,神的孩子都在跳舞,录音室专辑,2004-11-05,12,圣诞夜惊魂,神的孩子都在跳舞,1.0,0.0
5406,386195,你,r,9,5,38259,神的孩子都在跳舞,录音室专辑,2004-11-05,12,圣诞夜惊魂,神的孩子都在跳舞,1.0,0.0
5407,386195,突然,ad,5,5,38259,神的孩子都在跳舞,录音室专辑,2004-11-05,12,圣诞夜惊魂,神的孩子都在跳舞,1.0,0.0
5408,386195,就,d,5,5,38259,神的孩子都在跳舞,录音室专辑,2004-11-05,12,圣诞夜惊魂,神的孩子都在跳舞,1.0,0.0
5409,386195,说,v,4,5,38259,神的孩子都在跳舞,录音室专辑,2004-11-05,12,圣诞夜惊魂,神的孩子都在跳舞,1.0,0.0
5410,386195,有,v,4,5,38259,神的孩子都在跳舞,录音室专辑,2004-11-05,12,圣诞夜惊魂,神的孩子都在跳舞,1.0,0.0
5411,386195,吻,v,3,5,38259,神的孩子都在跳舞,录音室专辑,2004-11-05,12,圣诞夜惊魂,神的孩子都在跳舞,1.0,0.0
5412,386195,惊魂,a,3,5,38259,神的孩子都在跳舞,录音室专辑,2004-11-05,12,圣诞夜惊魂,神的孩子都在跳舞,1.0,0.0
5413,386195,故事,n,3,5,38259,神的孩子都在跳舞,录音室专辑,2004-11-05,12,圣诞夜惊魂,神的孩子都在跳舞,1.0,0.0
5414,386195,发生,v,3,5,38259,神的孩子都在跳舞,录音室专辑,2004-11-05,12,圣诞夜惊魂,神的孩子都在跳舞,1.0,0.0
5415,386195,笑,v,3,5,38259,神的孩子都在跳舞,录音室专辑,2004-11-05,12,圣诞夜惊魂,神的孩子都在跳舞,1.0,0.0
5416,386195,着,uz,3,5,38259,神的孩子都在跳舞,录音室专辑,2004-11-05,12,圣诞夜惊魂,神的孩子都在跳舞,1.0,0.0
5417,386195,怎么,r,3,5,38259,神的孩子都在跳舞,录音室专辑,2004-11-05,12,圣诞夜惊魂,神的孩子都在跳舞,1.0,0.0
5418,386195,可能,v,3,5,38259,神的孩子都在跳舞,录音室专辑,2004-11-05,12,圣诞夜惊魂,神的孩子都在跳舞,1.0,0.0
5419,386195,原来,d,3,5,38259,神的孩子都在跳舞,录音室专辑,2004-11-05,12,圣诞夜惊魂,神的孩子都在跳舞,1.0,0.0
5420,386195,世上,s,3,5,38259,神的孩子都在跳舞,录音室专辑,2004-11-05,12,圣诞夜惊魂,神的孩子都在跳舞,1.0,0.0
5421,386195,真的,d,3,5,38259,神的孩子都在跳舞,录音室专辑,2004-11-05,12,圣诞夜惊魂,神的孩子都在跳舞,1.0,0.0
5422,386195,圣诞老人,n,3,5,38259,神的孩子都在跳舞,录音室专辑,2004-11-05,12,圣诞夜惊魂,神的孩子都在跳舞,1.0,0.0
5423,386195,闷闷,a,3,5,38259,神的孩子都在跳舞,录音室专辑,2004-11-05,12,圣诞夜惊魂,神的孩子都在跳舞,1.0,0.0
5424,386195,闷,v,3,5,38259,神的孩子都在跳舞,录音室专辑,2004-11-05,12,圣诞夜惊魂,神的孩子都在跳舞,1.0,0.0
5425,386195,都,d,2,5,38259,神的孩子都在跳舞,录音室专辑,2004-11-05,12,圣诞夜惊魂,神的孩子都在跳舞,1.0,0.0
5426,386195,气氛,n,1,5,38259,神的孩子都在跳舞,录音室专辑,2004-11-05,12,圣诞夜惊魂,神的孩子都在跳舞,1.0,0.0
5427,386195,变得,v,1,5,38259,神的孩子都在跳舞,录音室专辑,2004-11-05,12,圣诞夜惊魂,神的孩子都在跳舞,1.0,0.0
5428,386195,有点,n,1,5,38259,神的孩子都在跳舞,录音室专辑,2004-11-05,12,圣诞夜惊魂,神的孩子都在跳舞,1.0,0.0
5429,386195,冷,a,1,5,38259,神的孩子都在跳舞,录音室专辑,2004-11-05,12,圣诞夜惊魂,神的孩子都在跳舞,1.0,0.0
5430,386195,真笨,a,1,5,38259,神的孩子都在跳舞,录音室专辑,2004-11-05,12,圣诞夜惊魂,神的孩子都在跳舞,1.0,0.0
5431,386195,说起,v,1,5,38259,神的孩子都在跳舞,录音室专辑,2004-11-05,12,圣诞夜惊魂,神的孩子都在跳舞,1.0,0.0
5432,386195,话,n,1,5,38259,神的孩子都在跳舞,录音室专辑,2004-11-05,12,圣诞夜惊魂,神的孩子都在跳舞,1.0,0.0
5433,386195,像,v,1,5,38259,神的孩子都在跳舞,录音室专辑,2004-11-05,12,圣诞夜惊魂,神的孩子都在跳舞,1.0,0.0
5434,386195,雪人,n,1,5,38259,神的孩子都在跳舞,录音室专辑,2004-11-05,12,圣诞夜惊魂,神的孩子都在跳舞,1.0,0.0
5435,386195,制造,v,1,5,38259,神的孩子都在跳舞,录音室专辑,2004-11-05,12,圣诞夜惊魂,神的孩子都在跳舞,1.0,0.0
5436,386195,浪漫,a,1,5,38259,神的孩子都在跳舞,录音室专辑,2004-11-05,12,圣诞夜惊魂,神的孩子都在跳舞,1.0,0.0
5437,386195,变成,v,1,5,38259,神的孩子都在跳舞,录音室专辑,2004-11-05,12,圣诞夜惊魂,神的孩子都在跳舞,1.0,0.0
5438,386195,耍冷,l,1,5,38259,神的孩子都在跳舞,录音室专辑,2004-11-05,12,圣诞夜惊魂,神的孩子都在跳舞,1.0,0.0
5439,386195,朋友,n,1,5,38259,神的孩子都在跳舞,录音室专辑,2004-11-05,12,圣诞夜惊魂,神的孩子都在跳舞,1.0,0.0
5440,386195,长,a,1,5,38259,神的孩子都在跳舞,录音室专辑,2004-11-05,12,圣诞夜惊魂,神的孩子都在跳舞,1.0,0.0
5441,386195,很,a,1,5,38259,神的孩子都在跳舞,录音室专辑,2004-11-05,12,圣诞夜惊魂,神的孩子都在跳舞,1.0,0.0
5442,386195,诚恳,a,1,5,38259,神的孩子都在跳舞,录音室专辑,2004-11-05,12,圣诞夜惊魂,神的孩子都在跳舞,1.0,0.0
5443,386195,又,d,1,5,38259,神的孩子都在跳舞,录音室专辑,2004-11-05,12,圣诞夜惊魂,神的孩子都在跳舞,1.0,0.0
5444,386195,天真,nz,1,5,38259,神的孩子都在跳舞,录音室专辑,2004-11-05,12,圣诞夜惊魂,神的孩子都在跳舞,1.0,0.0
5445,386195,傻笑,v,1,5,38259,神的孩子都在跳舞,录音室专辑,2004-11-05,12,圣诞夜惊魂,神的孩子都在跳舞,1.0,0.0
5446,386195,傻,a,1,5,38259,神的孩子都在跳舞,录音室专辑,2004-11-05,12,圣诞夜惊魂,神的孩子都在跳舞,1.0,0.0
5447,386195,到,v,1,5,38259,神的孩子都在跳舞,录音室专辑,2004-11-05,12,圣诞夜惊魂,神的孩子都在跳舞,1.0,0.0
5448,386195,出神,v,1,5,38259,神的孩子都在跳舞,录音室专辑,2004-11-05,12,圣诞夜惊魂,神的孩子都在跳舞,1.0,0.0
5449,386195,说完,v,1,5,38259,神的孩子都在跳舞,录音室专辑,2004-11-05,12,圣诞夜惊魂,神的孩子都在跳舞,1.0,0.0
5450,386195,再见,v,1,5,38259,神的孩子都在跳舞,录音室专辑,2004-11-05,12,圣诞夜惊魂,神的孩子都在跳舞,1.0,0.0
5451,386195,惦起,v,1,5,38259,神的孩子都在跳舞,录音室专辑,2004-11-05,12,圣诞夜惊魂,神的孩子都在跳舞,1.0,0.0
5452,386195,脚跟,n,1,5,38259,神的孩子都在跳舞,录音室专辑,2004-11-05,12,圣诞夜惊魂,神的孩子都在跳舞,1.0,0.0
5453,386195,日子,n,1,5,38259,神的孩子都在跳舞,录音室专辑,2004-11-05,12,圣诞夜惊魂,神的孩子都在跳舞,1.0,0.0
5454,386195,过,ug,1,5,38259,神的孩子都在跳舞,录音室专辑,2004-11-05,12,圣诞夜惊魂,神的孩子都在跳舞,1.0,0.0
5455,386195,七个,m,1,5,38259,神的孩子都在跳舞,录音室专辑,2004-11-05,12,圣诞夜惊魂,神的孩子都在跳舞,1.0,0.0
5456,386195,一周,m,1,5,38259,神的孩子都在跳舞,录音室专辑,2004-11-05,12,圣诞夜惊魂,神的孩子都在跳舞,1.0,0.0
5457,386195,七天,t,1,5,38259,神的孩子都在跳舞,录音室专辑,2004-11-05,12,圣诞夜惊魂,神的孩子都在跳舞,1.0,0.0
5458,386195,爱情,n,1,5,38259,神的孩子都在跳舞,录音室专辑,2004-11-05,12,圣诞夜惊魂,神的孩子都在跳舞,1.0,0.0
5459,386195,快,a,1,5,38259,神的孩子都在跳舞,录音室专辑,2004-11-05,12,圣诞夜惊魂,神的孩子都在跳舞,1.0,0.0
5460,386195,来,v,1,5,38259,神的孩子都在跳舞,录音室专辑,2004-11-05,12,圣诞夜惊魂,神的孩子都在跳舞,1.0,0.0
5461,386195,解救,v,1,5,38259,神的孩子都在跳舞,录音室专辑,2004-11-05,12,圣诞夜惊魂,神的孩子都在跳舞,1.0,0.0
5462,386195,灵魂,n,1,5,38259,神的孩子都在跳舞,录音室专辑,2004-11-05,12,圣诞夜惊魂,神的孩子都在跳舞,1.0,0.0
5463,386195,感谢,v,1,5,38259,神的孩子都在跳舞,录音室专辑,2004-11-05,12,圣诞夜惊魂,神的孩子都在跳舞,1.0,0.0
5464,386195,让,v,1,5,38259,神的孩子都在跳舞,录音室专辑,2004-11-05,12,圣诞夜惊魂,神的孩子都在跳舞,1.0,0.0
5465,386195,平淡,a,1,5,38259,神的孩子都在跳舞,录音室专辑,2004-11-05,12,圣诞夜惊魂,神的孩子都在跳舞,1.0,0.0
5466,386195,世界,n,1,5,38259,神的孩子都在跳舞,录音室专辑,2004-11-05,12,圣诞夜惊魂,神的孩子都在跳舞,1.0,0.0
5467,386195,加,v,1,5,38259,神的孩子都在跳舞,录音室专辑,2004-11-05,12,圣诞夜惊魂,神的孩子都在跳舞,1.0,0.0
5468,386195,了,ul,1,5,38259,神的孩子都在跳舞,录音室专辑,2004-11-05,12,圣诞夜惊魂,神的孩子都在跳舞,1.0,0.0
5469,386195,分,q,1,5,38259,神的孩子都在跳舞,录音室专辑,2004-11-05,12,圣诞夜惊魂,神的孩子都在跳舞,1.0,0.0
5470,386195,一个,m,1,5,38259,神的孩子都在跳舞,录音室专辑,2004-11-05,12,圣诞夜惊魂,神的孩子都在跳舞,1.0,0.0
5471,386195,眼神,n,1,5,38259,神的孩子都在跳舞,录音室专辑,2004-11-05,12,圣诞夜惊魂,神的孩子都在跳舞,1.0,0.0
5472,386195,心中,s,1,5,38259,神的孩子都在跳舞,录音室专辑,2004-11-05,12,圣诞夜惊魂,神的孩子都在跳舞,1.0,0.0
5473,386195,千军,n,1,5,38259,神的孩子都在跳舞,录音室专辑,2004-11-05,12,圣诞夜惊魂,神的孩子都在跳舞,1.0,0.0
5474,386195,万,m,1,5,38259,神的孩子都在跳舞,录音室专辑,2004-11-05,12,圣诞夜惊魂,神的孩子都在跳舞,1.0,0.0
5475,386195,马,n,1,5,38259,神的孩子都在跳舞,录音室专辑,2004-11-05,12,圣诞夜惊魂,神的孩子都在跳舞,1.0,0.0
5476,386195,勇敢,a,1,5,38259,神的孩子都在跳舞,录音室专辑,2004-11-05,12,圣诞夜惊魂,神的孩子都在跳舞,1.0,0.0
5477,386195,狂奔,v,1,5,38259,神的孩子都在跳舞,录音室专辑,2004-11-05,12,圣诞夜惊魂,神的孩子都在跳舞,1.0,0.0
5478,386195,会,v,1,5,38259,神的孩子都在跳舞,录音室专辑,2004-11-05,12,圣诞夜惊魂,神的孩子都在跳舞,1.0,0.0
5479,386195,把,p,1,5,38259,神的孩子都在跳舞,录音室专辑,2004-11-05,12,圣诞夜惊魂,神的孩子都在跳舞,1.0,0.0
5480,386195,爱,v,1,5,38259,神的孩子都在跳舞,录音室专辑,2004-11-05,12,圣诞夜惊魂,神的孩子都在跳舞,1.0,0.0
5481,386195,奇迹,n,1,5,38259,神的孩子都在跳舞,录音室专辑,2004-11-05,12,圣诞夜惊魂,神的孩子都在跳舞,1.0,0.0
5482,386195,给,p,1,5,38259,神的孩子都在跳舞,录音室专辑,2004-11-05,12,圣诞夜惊魂,神的孩子都在跳舞,1.0,0.0
5483,386195,勇敢的人,l,1,5,38259,神的孩子都在跳舞,录音室专辑,2004-11-05,12,圣诞夜惊魂,神的孩子都在跳舞,1.0,0.0
5484,386197,汝,nr,35,5,38259,神的孩子都在跳舞,录音室专辑,2004-11-05,13,垃圾车(朋友版),神的孩子都在跳舞,1.0,0.0
5485,386197,我,r,25,5,38259,神的孩子都在跳舞,录音室专辑,2004-11-05,13,垃圾车(朋友版),神的孩子都在跳舞,1.0,0.0
5486,386197,有,v,19,5,38259,神的孩子都在跳舞,录音室专辑,2004-11-05,13,垃圾车(朋友版),神的孩子都在跳舞,1.0,0.0
5487,386197,的,uj,16,5,38259,神的孩子都在跳舞,录音室专辑,2004-11-05,13,垃圾车(朋友版),神的孩子都在跳舞,1.0,0.0
5488,386197,则,d,12,5,38259,神的孩子都在跳舞,录音室专辑,2004-11-05,13,垃圾车(朋友版),神的孩子都在跳舞,1.0,0.0
5489,386197,啦,y,10,5,38259,神的孩子都在跳舞,录音室专辑,2004-11-05,13,垃圾车(朋友版),神的孩子都在跳舞,1.0,0.0
5490,386197,袂,ng,6,5,38259,神的孩子都在跳舞,录音室专辑,2004-11-05,13,垃圾车(朋友版),神的孩子都在跳舞,1.0,0.0
5491,386197,孤单,a,6,5,38259,神的孩子都在跳舞,录音室专辑,2004-11-05,13,垃圾车(朋友版),神的孩子都在跳舞,1.0,0.0
5492,386197,陪伴,n,6,5,38259,神的孩子都在跳舞,录音室专辑,2004-11-05,13,垃圾车(朋友版),神的孩子都在跳舞,1.0,0.0
5493,386197,靠山,n,6,5,38259,神的孩子都在跳舞,录音室专辑,2004-11-05,13,垃圾车(朋友版),神的孩子都在跳舞,1.0,0.0
5494,386197,是,v,6,5,38259,神的孩子都在跳舞,录音室专辑,2004-11-05,13,垃圾车(朋友版),神的孩子都在跳舞,1.0,0.0
5495,386197,粪,n,6,5,38259,神的孩子都在跳舞,录音室专辑,2004-11-05,13,垃圾车(朋友版),神的孩子都在跳舞,1.0,0.0
5496,386197,扫车,v,6,5,38259,神的孩子都在跳舞,录音室专辑,2004-11-05,13,垃圾车(朋友版),神的孩子都在跳舞,1.0,0.0
5497,386197,逐工,d,6,5,38259,神的孩子都在跳舞,录音室专辑,2004-11-05,13,垃圾车(朋友版),神的孩子都在跳舞,1.0,0.0
5498,386197,为,p,4,5,38259,神的孩子都在跳舞,录音室专辑,2004-11-05,13,垃圾车(朋友版),神的孩子都在跳舞,1.0,0.0
5499,386197,唱歌,n,4,5,38259,神的孩子都在跳舞,录音室专辑,2004-11-05,13,垃圾车(朋友版),神的孩子都在跳舞,1.0,0.0
5500,386197,这,r,4,5,38259,神的孩子都在跳舞,录音室专辑,2004-11-05,13,垃圾车(朋友版),神的孩子都在跳舞,1.0,0.0
5501,386197,予,vg,4,5,38259,神的孩子都在跳舞,录音室专辑,2004-11-05,13,垃圾车(朋友版),神的孩子都在跳舞,1.0,0.0
5502,386197,焦,n,4,5,38259,神的孩子都在跳舞,录音室专辑,2004-11-05,13,垃圾车(朋友版),神的孩子都在跳舞,1.0,0.0
5503,386197,若袂爽,i,3,5,38259,神的孩子都在跳舞,录音室专辑,2004-11-05,13,垃圾车(朋友版),神的孩子都在跳舞,1.0,0.0
5504,386197,听,v,3,5,38259,神的孩子都在跳舞,录音室专辑,2004-11-05,13,垃圾车(朋友版),神的孩子都在跳舞,1.0,0.0
5505,386197,心声,n,3,5,38259,神的孩子都在跳舞,录音室专辑,2004-11-05,13,垃圾车(朋友版),神的孩子都在跳舞,1.0,0.0
5506,386197,汝若,nr,3,5,38259,神的孩子都在跳舞,录音室专辑,2004-11-05,13,垃圾车(朋友版),神的孩子都在跳舞,1.0,0.0
5507,386197,欢喜,v,3,5,38259,神的孩子都在跳舞,录音室专辑,2004-11-05,13,垃圾车(朋友版),神的孩子都在跳舞,1.0,0.0
5508,386197,杯,q,3,5,38259,神的孩子都在跳舞,录音室专辑,2004-11-05,13,垃圾车(朋友版),神的孩子都在跳舞,1.0,0.0
5509,386197,佫,zg,2,5,38259,神的孩子都在跳舞,录音室专辑,2004-11-05,13,垃圾车(朋友版),神的孩子都在跳舞,1.0,0.0
5510,386197,着,uz,2,5,38259,神的孩子都在跳舞,录音室专辑,2004-11-05,13,垃圾车(朋友版),神的孩子都在跳舞,1.0,0.0
5511,386197,咱,r,2,5,38259,神的孩子都在跳舞,录音室专辑,2004-11-05,13,垃圾车(朋友版),神的孩子都在跳舞,1.0,0.0
5512,386197,予焦,v,2,5,38259,神的孩子都在跳舞,录音室专辑,2004-11-05,13,垃圾车(朋友版),神的孩子都在跳舞,1.0,0.0
5513,386197,拢,v,2,5,38259,神的孩子都在跳舞,录音室专辑,2004-11-05,13,垃圾车(朋友版),神的孩子都在跳舞,1.0,0.0
5514,386197,虽然,c,1,5,38259,神的孩子都在跳舞,录音室专辑,2004-11-05,13,垃圾车(朋友版),神的孩子都在跳舞,1.0,0.0
5515,386197,脾气,n,1,5,38259,神的孩子都在跳舞,录音室专辑,2004-11-05,13,垃圾车(朋友版),神的孩子都在跳舞,1.0,0.0
5516,386197,对待,v,1,5,38259,神的孩子都在跳舞,录音室专辑,2004-11-05,13,垃圾车(朋友版),神的孩子都在跳舞,1.0,0.0
5517,386197,朋友,n,1,5,38259,神的孩子都在跳舞,录音室专辑,2004-11-05,13,垃圾车(朋友版),神的孩子都在跳舞,1.0,0.0
5518,386197,差,a,1,5,38259,神的孩子都在跳舞,录音室专辑,2004-11-05,13,垃圾车(朋友版),神的孩子都在跳舞,1.0,0.0
5519,386197,脱箠又,nr,1,5,38259,神的孩子都在跳舞,录音室专辑,2004-11-05,13,垃圾车(朋友版),神的孩子都在跳舞,1.0,0.0
5520,386197,爱,v,1,5,38259,神的孩子都在跳舞,录音室专辑,2004-11-05,13,垃圾车(朋友版),神的孩子都在跳舞,1.0,0.0
5521,386197,牵,v,1,5,38259,神的孩子都在跳舞,录音室专辑,2004-11-05,13,垃圾车(朋友版),神的孩子都在跳舞,1.0,0.0
5522,386197,拖,v,1,5,38259,神的孩子都在跳舞,录音室专辑,2004-11-05,13,垃圾车(朋友版),神的孩子都在跳舞,1.0,0.0
5523,386197,佳,a,1,5,38259,神的孩子都在跳舞,录音室专辑,2004-11-05,13,垃圾车(朋友版),神的孩子都在跳舞,1.0,0.0
5524,386197,哉,y,1,5,38259,神的孩子都在跳舞,录音室专辑,2004-11-05,13,垃圾车(朋友版),神的孩子都在跳舞,1.0,0.0
5525,386197,拄着,v,1,5,38259,神的孩子都在跳舞,录音室专辑,2004-11-05,13,垃圾车(朋友版),神的孩子都在跳舞,1.0,0.0
5526,386197,无爱,v,1,5,38259,神的孩子都在跳舞,录音室专辑,2004-11-05,13,垃圾车(朋友版),神的孩子都在跳舞,1.0,0.0
5527,386197,计较,v,1,5,38259,神的孩子都在跳舞,录音室专辑,2004-11-05,13,垃圾车(朋友版),神的孩子都在跳舞,1.0,0.0
5528,386197,算,v,1,5,38259,神的孩子都在跳舞,录音室专辑,2004-11-05,13,垃圾车(朋友版),神的孩子都在跳舞,1.0,0.0
5529,386197,否,vg,1,5,38259,神的孩子都在跳舞,录音室专辑,2004-11-05,13,垃圾车(朋友版),神的孩子都在跳舞,1.0,0.0
5530,386197,侬,g,1,5,38259,神的孩子都在跳舞,录音室专辑,2004-11-05,13,垃圾车(朋友版),神的孩子都在跳舞,1.0,0.0
5531,386197,好,a,1,5,38259,神的孩子都在跳舞,录音室专辑,2004-11-05,13,垃圾车(朋友版),神的孩子都在跳舞,1.0,0.0
5532,386197,命,n,1,5,38259,神的孩子都在跳舞,录音室专辑,2004-11-05,13,垃圾车(朋友版),神的孩子都在跳舞,1.0,0.0
5533,386197,行路,n,1,5,38259,神的孩子都在跳舞,录音室专辑,2004-11-05,13,垃圾车(朋友版),神的孩子都在跳舞,1.0,0.0
5534,386197,坐车,v,1,5,38259,神的孩子都在跳舞,录音室专辑,2004-11-05,13,垃圾车(朋友版),神的孩子都在跳舞,1.0,0.0
5535,386197,食,v,1,5,38259,神的孩子都在跳舞,录音室专辑,2004-11-05,13,垃圾车(朋友版),神的孩子都在跳舞,1.0,0.0
5536,386197,饭,n,1,5,38259,神的孩子都在跳舞,录音室专辑,2004-11-05,13,垃圾车(朋友版),神的孩子都在跳舞,1.0,0.0
5537,386197,洗碗,n,1,5,38259,神的孩子都在跳舞,录音室专辑,2004-11-05,13,垃圾车(朋友版),神的孩子都在跳舞,1.0,0.0
5538,386197,汝予侬,nr,1,5,38259,神的孩子都在跳舞,录音室专辑,2004-11-05,13,垃圾车(朋友版),神的孩子都在跳舞,1.0,0.0
5539,386197,欺负,v,1,5,38259,神的孩子都在跳舞,录音室专辑,2004-11-05,13,垃圾车(朋友版),神的孩子都在跳舞,1.0,0.0
5540,386197,拼命,v,1,5,38259,神的孩子都在跳舞,录音室专辑,2004-11-05,13,垃圾车(朋友版),神的孩子都在跳舞,1.0,0.0
5541,386197,若,c,1,5,38259,神的孩子都在跳舞,录音室专辑,2004-11-05,13,垃圾车(朋友版),神的孩子都在跳舞,1.0,0.0
5542,386197,为着,p,1,5,38259,神的孩子都在跳舞,录音室专辑,2004-11-05,13,垃圾车(朋友版),神的孩子都在跳舞,1.0,0.0
5543,386197,爽着,a,1,5,38259,神的孩子都在跳舞,录音室专辑,2004-11-05,13,垃圾车(朋友版),神的孩子都在跳舞,1.0,0.0
5544,386197,会,v,1,5,38259,神的孩子都在跳舞,录音室专辑,2004-11-05,13,垃圾车(朋友版),神的孩子都在跳舞,1.0,0.0
5545,386197,使,v,1,5,38259,神的孩子都在跳舞,录音室专辑,2004-11-05,13,垃圾车(朋友版),神的孩子都在跳舞,1.0,0.0
5546,386197,艰苦,a,1,5,38259,神的孩子都在跳舞,录音室专辑,2004-11-05,13,垃圾车(朋友版),神的孩子都在跳舞,1.0,0.0
5547,386197,因为,c,1,5,38259,神的孩子都在跳舞,录音室专辑,2004-11-05,13,垃圾车(朋友版),神的孩子都在跳舞,1.0,0.0
5548,386197,缘分,n,1,5,38259,神的孩子都在跳舞,录音室专辑,2004-11-05,13,垃圾车(朋友版),神的孩子都在跳舞,1.0,0.0
5549,386197,毋通散,l,1,5,38259,神的孩子都在跳舞,录音室专辑,2004-11-05,13,垃圾车(朋友版),神的孩子都在跳舞,1.0,0.0
5550,386197,感情,n,1,5,38259,神的孩子都在跳舞,录音室专辑,2004-11-05,13,垃圾车(朋友版),神的孩子都在跳舞,1.0,0.0
5551,386197,若想,nr,1,5,38259,神的孩子都在跳舞,录音室专辑,2004-11-05,13,垃圾车(朋友版),神的孩子都在跳舞,1.0,0.0
5552,386197,欲,d,1,5,38259,神的孩子都在跳舞,录音室专辑,2004-11-05,13,垃圾车(朋友版),神的孩子都在跳舞,1.0,0.0
5553,386197,满,a,1,5,38259,神的孩子都在跳舞,录音室专辑,2004-11-05,13,垃圾车(朋友版),神的孩子都在跳舞,1.0,0.0
5554,386197,杯底,n,1,5,38259,神的孩子都在跳舞,录音室专辑,2004-11-05,13,垃圾车(朋友版),神的孩子都在跳舞,1.0,0.0
5555,386197,着爱,v,1,5,38259,神的孩子都在跳舞,录音室专辑,2004-11-05,13,垃圾车(朋友版),神的孩子都在跳舞,1.0,0.0
5556,386197,爱啉,n,1,5,38259,神的孩子都在跳舞,录音室专辑,2004-11-05,13,垃圾车(朋友版),神的孩子都在跳舞,1.0,0.0
5557,386197,箱,q,1,5,38259,神的孩子都在跳舞,录音室专辑,2004-11-05,13,垃圾车(朋友版),神的孩子都在跳舞,1.0,0.0
5558,385887,我,r,28,6,38241,为爱而生,录音室专辑,2006-12-29,2,为爱而生,为爱而生,1.0,0.0
5559,385887,而,c,21,6,38241,为爱而生,录音室专辑,2006-12-29,2,为爱而生,为爱而生,1.0,0.0
5560,385887,只,d,17,6,38241,为爱而生,录音室专辑,2006-12-29,2,为爱而生,为爱而生,1.0,0.0
5561,385887,为爱,v,17,6,38241,为爱而生,录音室专辑,2006-12-29,2,为爱而生,为爱而生,1.0,0.0
5562,385887,生,vn,17,6,38241,为爱而生,录音室专辑,2006-12-29,2,为爱而生,为爱而生,1.0,0.0
5563,385887,越,d,12,6,38241,为爱而生,录音室专辑,2006-12-29,2,为爱而生,为爱而生,1.0,0.0
5564,385887,你,r,9,6,38241,为爱而生,录音室专辑,2006-12-29,2,为爱而生,为爱而生,1.0,0.0
5565,385887,因,p,9,6,38241,为爱而生,录音室专辑,2006-12-29,2,为爱而生,为爱而生,1.0,0.0
5566,385887,爱,v,8,6,38241,为爱而生,录音室专辑,2006-12-29,2,为爱而生,为爱而生,1.0,0.0
5567,385887,因为,c,8,6,38241,为爱而生,录音室专辑,2006-12-29,2,为爱而生,为爱而生,1.0,0.0
5568,385887,这个,r,8,6,38241,为爱而生,录音室专辑,2006-12-29,2,为爱而生,为爱而生,1.0,0.0
5569,385887,的,uj,7,6,38241,为爱而生,录音室专辑,2006-12-29,2,为爱而生,为爱而生,1.0,0.0
5570,385887,为,p,6,6,38241,为爱而生,录音室专辑,2006-12-29,2,为爱而生,为爱而生,1.0,0.0
5571,385887,就让,v,6,6,38241,为爱而生,录音室专辑,2006-12-29,2,为爱而生,为爱而生,1.0,0.0
5572,385887,更,d,4,6,38241,为爱而生,录音室专辑,2006-12-29,2,为爱而生,为爱而生,1.0,0.0
5573,385887,来到,v,4,6,38241,为爱而生,录音室专辑,2006-12-29,2,为爱而生,为爱而生,1.0,0.0
5574,385887,世界,n,4,6,38241,为爱而生,录音室专辑,2006-12-29,2,为爱而生,为爱而生,1.0,0.0
5575,385887,人生,n,4,6,38241,为爱而生,录音室专辑,2006-12-29,2,为爱而生,为爱而生,1.0,0.0
5576,385887,生存,v,4,6,38241,为爱而生,录音室专辑,2006-12-29,2,为爱而生,为爱而生,1.0,0.0
5577,385887,疯,a,4,6,38241,为爱而生,录音室专辑,2006-12-29,2,为爱而生,为爱而生,1.0,0.0
5578,385887,越陷越深,i,4,6,38241,为爱而生,录音室专辑,2006-12-29,2,为爱而生,为爱而生,1.0,0.0
5579,385887,执著,a,4,6,38241,为爱而生,录音室专辑,2006-12-29,2,为爱而生,为爱而生,1.0,0.0
5580,385887,灵魂,n,4,6,38241,为爱而生,录音室专辑,2006-12-29,2,为爱而生,为爱而生,1.0,0.0
5581,385887,就,d,3,6,38241,为爱而生,录音室专辑,2006-12-29,2,为爱而生,为爱而生,1.0,0.0
5582,385887,一个,m,3,6,38241,为爱而生,录音室专辑,2006-12-29,2,为爱而生,为爱而生,1.0,0.0
5583,385887,多,m,3,6,38241,为爱而生,录音室专辑,2006-12-29,2,为爱而生,为爱而生,1.0,0.0
5584,385887,如果,c,2,6,38241,为爱而生,录音室专辑,2006-12-29,2,为爱而生,为爱而生,1.0,0.0
5585,385887,曾经,d,2,6,38241,为爱而生,录音室专辑,2006-12-29,2,为爱而生,为爱而生,1.0,0.0
5586,385887,一种,m,2,6,38241,为爱而生,录音室专辑,2006-12-29,2,为爱而生,为爱而生,1.0,0.0
5587,385887,让,v,2,6,38241,为爱而生,录音室专辑,2006-12-29,2,为爱而生,为爱而生,1.0,0.0
5588,385887,等,u,1,6,38241,为爱而生,录音室专辑,2006-12-29,2,为爱而生,为爱而生,1.0,0.0
5589,385887,眼神,n,1,6,38241,为爱而生,录音室专辑,2006-12-29,2,为爱而生,为爱而生,1.0,0.0
5590,385887,能,v,1,6,38241,为爱而生,录音室专辑,2006-12-29,2,为爱而生,为爱而生,1.0,0.0
5591,385887,长征,n,1,6,38241,为爱而生,录音室专辑,2006-12-29,2,为爱而生,为爱而生,1.0,0.0
5592,385887,占领,v,1,6,38241,为爱而生,录音室专辑,2006-12-29,2,为爱而生,为爱而生,1.0,0.0
5593,385887,所有,b,1,6,38241,为爱而生,录音室专辑,2006-12-29,2,为爱而生,为爱而生,1.0,0.0
5594,385887,边城,n,1,6,38241,为爱而生,录音室专辑,2006-12-29,2,为爱而生,为爱而生,1.0,0.0
5595,385887,和,c,1,6,38241,为爱而生,录音室专辑,2006-12-29,2,为爱而生,为爱而生,1.0,0.0
5596,385887,天上,s,1,6,38241,为爱而生,录音室专辑,2006-12-29,2,为爱而生,为爱而生,1.0,0.0
5597,385887,星辰,n,1,6,38241,为爱而生,录音室专辑,2006-12-29,2,为爱而生,为爱而生,1.0,0.0
5598,385887,笑,v,1,6,38241,为爱而生,录音室专辑,2006-12-29,2,为爱而生,为爱而生,1.0,0.0
5599,385887,吻,v,1,6,38241,为爱而生,录音室专辑,2006-12-29,2,为爱而生,为爱而生,1.0,0.0
5600,385887,伤痕,n,1,6,38241,为爱而生,录音室专辑,2006-12-29,2,为爱而生,为爱而生,1.0,0.0
5601,385887,牺牲,v,1,6,38241,为爱而生,录音室专辑,2006-12-29,2,为爱而生,为爱而生,1.0,0.0
5602,385887,动人,n,1,6,38241,为爱而生,录音室专辑,2006-12-29,2,为爱而生,为爱而生,1.0,0.0
5603,385887,永恒,z,1,6,38241,为爱而生,录音室专辑,2006-12-29,2,为爱而生,为爱而生,1.0,0.0
5604,385887,灿烂,a,1,6,38241,为爱而生,录音室专辑,2006-12-29,2,为爱而生,为爱而生,1.0,0.0
5605,385887,沸腾,v,1,6,38241,为爱而生,录音室专辑,2006-12-29,2,为爱而生,为爱而生,1.0,0.0
5606,385887,不会,v,1,6,38241,为爱而生,录音室专辑,2006-12-29,2,为爱而生,为爱而生,1.0,0.0
5607,385887,有,v,1,6,38241,为爱而生,录音室专辑,2006-12-29,2,为爱而生,为爱而生,1.0,0.0
5608,385887,悔恨,v,1,6,38241,为爱而生,录音室专辑,2006-12-29,2,为爱而生,为爱而生,1.0,0.0
5609,385887,即使,c,1,6,38241,为爱而生,录音室专辑,2006-12-29,2,为爱而生,为爱而生,1.0,0.0
5610,385887,化成,v,1,6,38241,为爱而生,录音室专辑,2006-12-29,2,为爱而生,为爱而生,1.0,0.0
5611,385887,无名,v,1,6,38241,为爱而生,录音室专辑,2006-12-29,2,为爱而生,为爱而生,1.0,0.0
5612,385887,烟尘,n,1,6,38241,为爱而生,录音室专辑,2006-12-29,2,为爱而生,为爱而生,1.0,0.0
5613,385887,在,p,1,6,38241,为爱而生,录音室专辑,2006-12-29,2,为爱而生,为爱而生,1.0,0.0
5614,385887,故事,n,1,6,38241,为爱而生,录音室专辑,2006-12-29,2,为爱而生,为爱而生,1.0,0.0
5615,385887,尾声,n,1,6,38241,为爱而生,录音室专辑,2006-12-29,2,为爱而生,为爱而生,1.0,0.0
5616,385887,是,v,1,6,38241,为爱而生,录音室专辑,2006-12-29,2,为爱而生,为爱而生,1.0,0.0
5617,385887,天分,n,1,6,38241,为爱而生,录音室专辑,2006-12-29,2,为爱而生,为爱而生,1.0,0.0
5618,385887,还是,c,1,6,38241,为爱而生,录音室专辑,2006-12-29,2,为爱而生,为爱而生,1.0,0.0
5619,385887,天真,nz,1,6,38241,为爱而生,录音室专辑,2006-12-29,2,为爱而生,为爱而生,1.0,0.0
5620,385887,不,d,1,6,38241,为爱而生,录音室专辑,2006-12-29,2,为爱而生,为爱而生,1.0,0.0
5621,385887,想,v,1,6,38241,为爱而生,录音室专辑,2006-12-29,2,为爱而生,为爱而生,1.0,0.0
5622,385887,不多,m,1,6,38241,为爱而生,录音室专辑,2006-12-29,2,为爱而生,为爱而生,1.0,0.0
5623,385887,问,n,1,6,38241,为爱而生,录音室专辑,2006-12-29,2,为爱而生,为爱而生,1.0,0.0
5624,385887,忘,v,1,6,38241,为爱而生,录音室专辑,2006-12-29,2,为爱而生,为爱而生,1.0,0.0
5625,385887,了,ul,1,6,38241,为爱而生,录音室专辑,2006-12-29,2,为爱而生,为爱而生,1.0,0.0
5626,385887,分寸,n,1,6,38241,为爱而生,录音室专辑,2006-12-29,2,为爱而生,为爱而生,1.0,0.0
5627,385887,奋不顾身,i,1,6,38241,为爱而生,录音室专辑,2006-12-29,2,为爱而生,为爱而生,1.0,0.0
5628,385891,我,r,24,6,38241,为爱而生,录音室专辑,2006-12-29,3,天使,为爱而生,1.0,0.0
5629,385891,你,r,22,6,38241,为爱而生,录音室专辑,2006-12-29,3,天使,为爱而生,1.0,0.0
5630,385891,天使,n,20,6,38241,为爱而生,录音室专辑,2006-12-29,3,天使,为爱而生,1.0,0.0
5631,385891,像,v,20,6,38241,为爱而生,录音室专辑,2006-12-29,3,天使,为爱而生,1.0,0.0
5632,385891,依赖,v,20,6,38241,为爱而生,录音室专辑,2006-12-29,3,天使,为爱而生,1.0,0.0
5633,385891,是,v,16,6,38241,为爱而生,录音室专辑,2006-12-29,3,天使,为爱而生,1.0,0.0
5634,385891,的,uj,14,6,38241,为爱而生,录音室专辑,2006-12-29,3,天使,为爱而生,1.0,0.0
5635,385891,着,uz,14,6,38241,为爱而生,录音室专辑,2006-12-29,3,天使,为爱而生,1.0,0.0
5636,385891,给,p,10,6,38241,为爱而生,录音室专辑,2006-12-29,3,天使,为爱而生,1.0,0.0
5637,385891,就,d,6,6,38241,为爱而生,录音室专辑,2006-12-29,3,天使,为爱而生,1.0,0.0
5638,385891,天堂,n,6,6,38241,为爱而生,录音室专辑,2006-12-29,3,天使,为爱而生,1.0,0.0
5639,385891,就是,d,4,6,38241,为爱而生,录音室专辑,2006-12-29,3,天使,为爱而生,1.0,0.0
5640,385891,才,d,4,6,38241,为爱而生,录音室专辑,2006-12-29,3,天使,为爱而生,1.0,0.0
5641,385891,孩子,n,4,6,38241,为爱而生,录音室专辑,2006-12-29,3,天使,为爱而生,1.0,0.0
5642,385891,肩膀,n,4,6,38241,为爱而生,录音室专辑,2006-12-29,3,天使,为爱而生,1.0,0.0
5643,385891,眼泪,n,4,6,38241,为爱而生,录音室专辑,2006-12-29,3,天使,为爱而生,1.0,0.0
5644,385891,脸庞,n,4,6,38241,为爱而生,录音室专辑,2006-12-29,3,天使,为爱而生,1.0,0.0
5645,385891,一样,r,4,6,38241,为爱而生,录音室专辑,2006-12-29,3,天使,为爱而生,1.0,0.0
5646,385891,力量,n,4,6,38241,为爱而生,录音室专辑,2006-12-29,3,天使,为爱而生,1.0,0.0
5647,385891,诗人,n,4,6,38241,为爱而生,录音室专辑,2006-12-29,3,天使,为爱而生,1.0,0.0
5648,385891,月亮,n,4,6,38241,为爱而生,录音室专辑,2006-12-29,3,天使,为爱而生,1.0,0.0
5649,385891,海豚,n,4,6,38241,为爱而生,录音室专辑,2006-12-29,3,天使,为爱而生,1.0,0.0
5650,385891,海洋,ns,4,6,38241,为爱而生,录音室专辑,2006-12-29,3,天使,为爱而生,1.0,0.0
5651,385891,最初,t,4,6,38241,为爱而生,录音室专辑,2006-12-29,3,天使,为爱而生,1.0,0.0
5652,385891,和,c,4,6,38241,为爱而生,录音室专辑,2006-12-29,3,天使,为爱而生,1.0,0.0
5653,385891,最后,f,4,6,38241,为爱而生,录音室专辑,2006-12-29,3,天使,为爱而生,1.0,0.0
5654,385891,保护,v,2,6,38241,为爱而生,录音室专辑,2006-12-29,3,天使,为爱而生,1.0,0.0
5655,385891,从此,c,2,6,38241,为爱而生,录音室专辑,2006-12-29,3,天使,为爱而生,1.0,0.0
5656,385891,再,d,2,6,38241,为爱而生,录音室专辑,2006-12-29,3,天使,为爱而生,1.0,0.0
5657,385891,没有,v,2,6,38241,为爱而生,录音室专辑,2006-12-29,3,天使,为爱而生,1.0,0.0
5658,385891,忧伤,v,2,6,38241,为爱而生,录音室专辑,2006-12-29,3,天使,为爱而生,1.0,0.0
5659,385891,快乐,a,2,6,38241,为爱而生,录音室专辑,2006-12-29,3,天使,为爱而生,1.0,0.0
5660,385891,甚至,d,2,6,38241,为爱而生,录音室专辑,2006-12-29,3,天使,为爱而生,1.0,0.0
5661,385891,学会,n,2,6,38241,为爱而生,录音室专辑,2006-12-29,3,天使,为爱而生,1.0,0.0
5662,385891,了,ul,2,6,38241,为爱而生,录音室专辑,2006-12-29,3,天使,为爱而生,1.0,0.0
5663,385891,飞翔,nz,2,6,38241,为爱而生,录音室专辑,2006-12-29,3,天使,为爱而生,1.0,0.0
5664,385891,飞过,v,2,6,38241,为爱而生,录音室专辑,2006-12-29,3,天使,为爱而生,1.0,0.0
5665,385891,人间,n,2,6,38241,为爱而生,录音室专辑,2006-12-29,3,天使,为爱而生,1.0,0.0
5666,385891,无常,d,2,6,38241,为爱而生,录音室专辑,2006-12-29,3,天使,为爱而生,1.0,0.0
5667,385891,懂,v,2,6,38241,为爱而生,录音室专辑,2006-12-29,3,天使,为爱而生,1.0,0.0
5668,385891,爱,v,2,6,38241,为爱而生,录音室专辑,2006-12-29,3,天使,为爱而生,1.0,0.0
5669,385891,宝藏,nr,2,6,38241,为爱而生,录音室专辑,2006-12-29,3,天使,为爱而生,1.0,0.0
5670,385891,不管,c,2,6,38241,为爱而生,录音室专辑,2006-12-29,3,天使,为爱而生,1.0,0.0
5671,385891,世界,n,2,6,38241,为爱而生,录音室专辑,2006-12-29,3,天使,为爱而生,1.0,0.0
5672,385891,变得,v,2,6,38241,为爱而生,录音室专辑,2006-12-29,3,天使,为爱而生,1.0,0.0
5673,385891,怎,r,2,6,38241,为爱而生,录音室专辑,2006-12-29,3,天使,为爱而生,1.0,0.0
5674,385891,样,q,2,6,38241,为爱而生,录音室专辑,2006-12-29,3,天使,为爱而生,1.0,0.0
5675,385891,只要,c,2,6,38241,为爱而生,录音室专辑,2006-12-29,3,天使,为爱而生,1.0,0.0
5676,385891,有,v,2,6,38241,为爱而生,录音室专辑,2006-12-29,3,天使,为爱而生,1.0,0.0
5677,385891,会,v,2,6,38241,为爱而生,录音室专辑,2006-12-29,3,天使,为爱而生,1.0,0.0
5678,385894,我,r,23,6,38241,为爱而生,录音室专辑,2006-12-29,4,我又初恋了,为爱而生,1.0,0.0
5679,385894,又,d,18,6,38241,为爱而生,录音室专辑,2006-12-29,4,我又初恋了,为爱而生,1.0,0.0
5680,385894,了,ul,17,6,38241,为爱而生,录音室专辑,2006-12-29,4,我又初恋了,为爱而生,1.0,0.0
5681,385894,初恋,v,15,6,38241,为爱而生,录音室专辑,2006-12-29,4,我又初恋了,为爱而生,1.0,0.0
5682,385894,真的,d,13,6,38241,为爱而生,录音室专辑,2006-12-29,4,我又初恋了,为爱而生,1.0,0.0
5683,385894,你,r,8,6,38241,为爱而生,录音室专辑,2006-12-29,4,我又初恋了,为爱而生,1.0,0.0
5684,385894,再也,d,7,6,38241,为爱而生,录音室专辑,2006-12-29,4,我又初恋了,为爱而生,1.0,0.0
5685,385894,爱,v,7,6,38241,为爱而生,录音室专辑,2006-12-29,4,我又初恋了,为爱而生,1.0,0.0
5686,385894,谁,r,7,6,38241,为爱而生,录音室专辑,2006-12-29,4,我又初恋了,为爱而生,1.0,0.0
5687,385894,不,d,6,6,38241,为爱而生,录音室专辑,2006-12-29,4,我又初恋了,为爱而生,1.0,0.0
5688,385894,我爱你,l,6,6,38241,为爱而生,录音室专辑,2006-12-29,4,我又初恋了,为爱而生,1.0,0.0
5689,385894,我们,r,6,6,38241,为爱而生,录音室专辑,2006-12-29,4,我又初恋了,为爱而生,1.0,0.0
5690,385894,借口,n,6,6,38241,为爱而生,录音室专辑,2006-12-29,4,我又初恋了,为爱而生,1.0,0.0
5691,385894,在乎,v,6,6,38241,为爱而生,录音室专辑,2006-12-29,4,我又初恋了,为爱而生,1.0,0.0
5692,385894,喔,e,6,6,38241,为爱而生,录音室专辑,2006-12-29,4,我又初恋了,为爱而生,1.0,0.0
5693,385894,就,d,5,6,38241,为爱而生,录音室专辑,2006-12-29,4,我又初恋了,为爱而生,1.0,0.0
5694,385894,的,uj,5,6,38241,为爱而生,录音室专辑,2006-12-29,4,我又初恋了,为爱而生,1.0,0.0
5695,385894,一次,m,4,6,38241,为爱而生,录音室专辑,2006-12-29,4,我又初恋了,为爱而生,1.0,0.0
5696,385894,像是,v,4,6,38241,为爱而生,录音室专辑,2006-12-29,4,我又初恋了,为爱而生,1.0,0.0
5697,385894,难道,d,3,6,38241,为爱而生,录音室专辑,2006-12-29,4,我又初恋了,为爱而生,1.0,0.0
5698,385894,可能,v,3,6,38241,为爱而生,录音室专辑,2006-12-29,4,我又初恋了,为爱而生,1.0,0.0
5699,385894,可是,c,3,6,38241,为爱而生,录音室专辑,2006-12-29,4,我又初恋了,为爱而生,1.0,0.0
5700,385894,这,r,3,6,38241,为爱而生,录音室专辑,2006-12-29,4,我又初恋了,为爱而生,1.0,0.0
5701,385894,一种,m,3,6,38241,为爱而生,录音室专辑,2006-12-29,4,我又初恋了,为爱而生,1.0,0.0
5702,385894,feel,eng,3,6,38241,为爱而生,录音室专辑,2006-12-29,4,我又初恋了,为爱而生,1.0,0.0
5703,385894,找,v,3,6,38241,为爱而生,录音室专辑,2006-12-29,4,我又初恋了,为爱而生,1.0,0.0
5704,385894,不到,v,3,6,38241,为爱而生,录音室专辑,2006-12-29,4,我又初恋了,为爱而生,1.0,0.0
5705,385894,第一次,m,3,6,38241,为爱而生,录音室专辑,2006-12-29,4,我又初恋了,为爱而生,1.0,0.0
5706,385894,一,m,3,6,38241,为爱而生,录音室专辑,2006-12-29,4,我又初恋了,为爱而生,1.0,0.0
5707,385894,起飞,v,3,6,38241,为爱而生,录音室专辑,2006-12-29,4,我又初恋了,为爱而生,1.0,0.0
5708,385894,着,uz,3,6,38241,为爱而生,录音室专辑,2006-12-29,4,我又初恋了,为爱而生,1.0,0.0
5709,385894,爱情,n,3,6,38241,为爱而生,录音室专辑,2006-12-29,4,我又初恋了,为爱而生,1.0,0.0
5710,385894,自由,a,3,6,38241,为爱而生,录音室专辑,2006-12-29,4,我又初恋了,为爱而生,1.0,0.0
5711,385894,需要,v,3,6,38241,为爱而生,录音室专辑,2006-12-29,4,我又初恋了,为爱而生,1.0,0.0
5712,385894,就算,v,3,6,38241,为爱而生,录音室专辑,2006-12-29,4,我又初恋了,为爱而生,1.0,0.0
5713,385894,降,v,3,6,38241,为爱而生,录音室专辑,2006-12-29,4,我又初恋了,为爱而生,1.0,0.0
5714,385894,讲,v,3,6,38241,为爱而生,录音室专辑,2006-12-29,4,我又初恋了,为爱而生,1.0,0.0
5715,385894,有,v,3,6,38241,为爱而生,录音室专辑,2006-12-29,4,我又初恋了,为爱而生,1.0,0.0
5716,385894,一点,m,3,6,38241,为爱而生,录音室专辑,2006-12-29,4,我又初恋了,为爱而生,1.0,0.0
5717,385894,荒谬,a,3,6,38241,为爱而生,录音室专辑,2006-12-29,4,我又初恋了,为爱而生,1.0,0.0
5718,385894,好,a,3,6,38241,为爱而生,录音室专辑,2006-12-29,4,我又初恋了,为爱而生,1.0,0.0
5719,385894,犀利,a,3,6,38241,为爱而生,录音室专辑,2006-12-29,4,我又初恋了,为爱而生,1.0,0.0
5720,385894,切,v,2,6,38241,为爱而生,录音室专辑,2006-12-29,4,我又初恋了,为爱而生,1.0,0.0
5721,385894,一块,m,2,6,38241,为爱而生,录音室专辑,2006-12-29,4,我又初恋了,为爱而生,1.0,0.0
5722,385894,每,zg,1,6,38241,为爱而生,录音室专辑,2006-12-29,4,我又初恋了,为爱而生,1.0,0.0
5723,385894,从,p,1,6,38241,为爱而生,录音室专辑,2006-12-29,4,我又初恋了,为爱而生,1.0,0.0
5724,385894,爱里,ns,1,6,38241,为爱而生,录音室专辑,2006-12-29,4,我又初恋了,为爱而生,1.0,0.0
5725,385894,离开,v,1,6,38241,为爱而生,录音室专辑,2006-12-29,4,我又初恋了,为爱而生,1.0,0.0
5726,385894,心,n,1,6,38241,为爱而生,录音室专辑,2006-12-29,4,我又初恋了,为爱而生,1.0,0.0
5727,385894,被,p,1,6,38241,为爱而生,录音室专辑,2006-12-29,4,我又初恋了,为爱而生,1.0,0.0
5728,385894,下次,t,1,6,38241,为爱而生,录音室专辑,2006-12-29,4,我又初恋了,为爱而生,1.0,0.0
5729,385894,不敢,d,1,6,38241,为爱而生,录音室专辑,2006-12-29,4,我又初恋了,为爱而生,1.0,0.0
5730,385894,放胆,v,1,6,38241,为爱而生,录音室专辑,2006-12-29,4,我又初恋了,为爱而生,1.0,0.0
5731,385894,知道,v,1,6,38241,为爱而生,录音室专辑,2006-12-29,4,我又初恋了,为爱而生,1.0,0.0
5732,385894,主歌,n,1,6,38241,为爱而生,录音室专辑,2006-12-29,4,我又初恋了,为爱而生,1.0,0.0
5733,385894,才,d,1,6,38241,为爱而生,录音室专辑,2006-12-29,4,我又初恋了,为爱而生,1.0,0.0
5734,385894,一半,m,1,6,38241,为爱而生,录音室专辑,2006-12-29,4,我又初恋了,为爱而生,1.0,0.0
5735,385894,桥段,n,1,6,38241,为爱而生,录音室专辑,2006-12-29,4,我又初恋了,为爱而生,1.0,0.0
5736,385894,都还没,nr,1,6,38241,为爱而生,录音室专辑,2006-12-29,4,我又初恋了,为爱而生,1.0,0.0
5737,385894,唱出来,l,1,6,38241,为爱而生,录音室专辑,2006-12-29,4,我又初恋了,为爱而生,1.0,0.0
5738,385894,突然,ad,1,6,38241,为爱而生,录音室专辑,2006-12-29,4,我又初恋了,为爱而生,1.0,0.0
5739,385894,出现,v,1,6,38241,为爱而生,录音室专辑,2006-12-29,4,我又初恋了,为爱而生,1.0,0.0
5740,385894,爆破,v,1,6,38241,为爱而生,录音室专辑,2006-12-29,4,我又初恋了,为爱而生,1.0,0.0
5741,385894,悲哀,a,1,6,38241,为爱而生,录音室专辑,2006-12-29,4,我又初恋了,为爱而生,1.0,0.0
5742,385894,吃,v,1,6,38241,为爱而生,录音室专辑,2006-12-29,4,我又初恋了,为爱而生,1.0,0.0
5743,385894,铁牛,n,1,6,38241,为爱而生,录音室专辑,2006-12-29,4,我又初恋了,为爱而生,1.0,0.0
5744,385894,运功散,v,1,6,38241,为爱而生,录音室专辑,2006-12-29,4,我又初恋了,为爱而生,1.0,0.0
5745,385894,因为,c,1,6,38241,为爱而生,录音室专辑,2006-12-29,4,我又初恋了,为爱而生,1.0,0.0
5746,385894,内伤,n,1,6,38241,为爱而生,录音室专辑,2006-12-29,4,我又初恋了,为爱而生,1.0,0.0
5747,385894,魔力,n,1,6,38241,为爱而生,录音室专辑,2006-12-29,4,我又初恋了,为爱而生,1.0,0.0
5748,385897,啦,y,50,6,38241,为爱而生,录音室专辑,2006-12-29,5,香水,为爱而生,1.0,0.0
5749,385897,深深,b,32,6,38241,为爱而生,录音室专辑,2006-12-29,5,香水,为爱而生,1.0,0.0
5750,385897,你,r,28,6,38241,为爱而生,录音室专辑,2006-12-29,5,香水,为爱而生,1.0,0.0
5751,385897,的,uj,24,6,38241,为爱而生,录音室专辑,2006-12-29,5,香水,为爱而生,1.0,0.0
5752,385897,献上,v,19,6,38241,为爱而生,录音室专辑,2006-12-29,5,香水,为爱而生,1.0,0.0
5753,385897,世界,n,9,6,38241,为爱而生,录音室专辑,2006-12-29,5,香水,为爱而生,1.0,0.0
5754,385897,爱,v,9,6,38241,为爱而生,录音室专辑,2006-12-29,5,香水,为爱而生,1.0,0.0
5755,385897,一种,m,9,6,38241,为爱而生,录音室专辑,2006-12-29,5,香水,为爱而生,1.0,0.0
5756,385897,对,p,8,6,38241,为爱而生,录音室专辑,2006-12-29,5,香水,为爱而生,1.0,0.0
5757,385897,崇拜,nrt,8,6,38241,为爱而生,录音室专辑,2006-12-29,5,香水,为爱而生,1.0,0.0
5758,385897,迷恋,v,8,6,38241,为爱而生,录音室专辑,2006-12-29,5,香水,为爱而生,1.0,0.0
5759,385897,沉醉,v,8,6,38241,为爱而生,录音室专辑,2006-12-29,5,香水,为爱而生,1.0,0.0
5760,385897,上,f,8,6,38241,为爱而生,录音室专辑,2006-12-29,5,香水,为爱而生,1.0,0.0
5761,385897,让,v,5,6,38241,为爱而生,录音室专辑,2006-12-29,5,香水,为爱而生,1.0,0.0
5762,385897,是,v,5,6,38241,为爱而生,录音室专辑,2006-12-29,5,香水,为爱而生,1.0,0.0
5763,385897,快乐,a,5,6,38241,为爱而生,录音室专辑,2006-12-29,5,香水,为爱而生,1.0,0.0
5764,385897,伤悲,a,5,6,38241,为爱而生,录音室专辑,2006-12-29,5,香水,为爱而生,1.0,0.0
5765,385897,我,r,5,6,38241,为爱而生,录音室专辑,2006-12-29,5,香水,为爱而生,1.0,0.0
5766,385897,为,p,4,6,38241,为爱而生,录音室专辑,2006-12-29,5,香水,为爱而生,1.0,0.0
5767,385897,香香的,z,4,6,38241,为爱而生,录音室专辑,2006-12-29,5,香水,为爱而生,1.0,0.0
5768,385897,狂,d,4,6,38241,为爱而生,录音室专辑,2006-12-29,5,香水,为爱而生,1.0,0.0
5769,385897,颠,v,4,6,38241,为爱而生,录音室专辑,2006-12-29,5,香水,为爱而生,1.0,0.0
5770,385897,奉献,v,4,6,38241,为爱而生,录音室专辑,2006-12-29,5,香水,为爱而生,1.0,0.0
5771,385897,哲学,n,4,6,38241,为爱而生,录音室专辑,2006-12-29,5,香水,为爱而生,1.0,0.0
5772,385897,自我,r,4,6,38241,为爱而生,录音室专辑,2006-12-29,5,香水,为爱而生,1.0,0.0
5773,385897,最美,a,3,6,38241,为爱而生,录音室专辑,2006-12-29,5,香水,为爱而生,1.0,0.0
5774,385897,了,ul,3,6,38241,为爱而生,录音室专辑,2006-12-29,5,香水,为爱而生,1.0,0.0
5775,385897,和,c,3,6,38241,为爱而生,录音室专辑,2006-12-29,5,香水,为爱而生,1.0,0.0
5776,385897,就算,v,3,6,38241,为爱而生,录音室专辑,2006-12-29,5,香水,为爱而生,1.0,0.0
5777,385897,就让,v,3,6,38241,为爱而生,录音室专辑,2006-12-29,5,香水,为爱而生,1.0,0.0
5778,385897,再,d,2,6,38241,为爱而生,录音室专辑,2006-12-29,5,香水,为爱而生,1.0,0.0
5779,385897,想要,v,2,6,38241,为爱而生,录音室专辑,2006-12-29,5,香水,为爱而生,1.0,0.0
5780,385897,就,d,2,6,38241,为爱而生,录音室专辑,2006-12-29,5,香水,为爱而生,1.0,0.0
5781,385897,给,p,2,6,38241,为爱而生,录音室专辑,2006-12-29,5,香水,为爱而生,1.0,0.0
5782,385897,感性,n,2,6,38241,为爱而生,录音室专辑,2006-12-29,5,香水,为爱而生,1.0,0.0
5783,385897,撒野,nrt,2,6,38241,为爱而生,录音室专辑,2006-12-29,5,香水,为爱而生,1.0,0.0
5784,385897,理智,n,2,6,38241,为爱而生,录音室专辑,2006-12-29,5,香水,为爱而生,1.0,0.0
5785,385897,全,a,2,6,38241,为爱而生,录音室专辑,2006-12-29,5,香水,为爱而生,1.0,0.0
5786,385897,灭,v,2,6,38241,为爱而生,录音室专辑,2006-12-29,5,香水,为爱而生,1.0,0.0
5787,385897,乱世,v,2,6,38241,为爱而生,录音室专辑,2006-12-29,5,香水,为爱而生,1.0,0.0
5788,385897,香水,ns,2,6,38241,为爱而生,录音室专辑,2006-12-29,5,香水,为爱而生,1.0,0.0
5789,385897,拒绝,v,2,6,38241,为爱而生,录音室专辑,2006-12-29,5,香水,为爱而生,1.0,0.0
5790,385897,而,c,2,6,38241,为爱而生,录音室专辑,2006-12-29,5,香水,为爱而生,1.0,0.0
5791,385897,十字军,n,1,6,38241,为爱而生,录音室专辑,2006-12-29,5,香水,为爱而生,1.0,0.0
5792,385897,从,p,1,6,38241,为爱而生,录音室专辑,2006-12-29,5,香水,为爱而生,1.0,0.0
5793,385897,东方,s,1,6,38241,为爱而生,录音室专辑,2006-12-29,5,香水,为爱而生,1.0,0.0
5794,385897,凯旋,nr,1,6,38241,为爱而生,录音室专辑,2006-12-29,5,香水,为爱而生,1.0,0.0
5795,385897,诗篇,n,1,6,38241,为爱而生,录音室专辑,2006-12-29,5,香水,为爱而生,1.0,0.0
5796,385897,魔法,n,1,6,38241,为爱而生,录音室专辑,2006-12-29,5,香水,为爱而生,1.0,0.0
5797,385897,爱情,n,1,6,38241,为爱而生,录音室专辑,2006-12-29,5,香水,为爱而生,1.0,0.0
5798,385897,霸权,n,1,6,38241,为爱而生,录音室专辑,2006-12-29,5,香水,为爱而生,1.0,0.0
5799,385897,臣服,n,1,6,38241,为爱而生,录音室专辑,2006-12-29,5,香水,为爱而生,1.0,0.0
5800,385897,捍卫,v,1,6,38241,为爱而生,录音室专辑,2006-12-29,5,香水,为爱而生,1.0,0.0
5801,385897,为了,p,1,6,38241,为爱而生,录音室专辑,2006-12-29,5,香水,为爱而生,1.0,0.0
5802,385897,彻底,ad,1,6,38241,为爱而生,录音室专辑,2006-12-29,5,香水,为爱而生,1.0,0.0
5803,385897,描写,v,1,6,38241,为爱而生,录音室专辑,2006-12-29,5,香水,为爱而生,1.0,0.0
5804,385897,美,ns,1,6,38241,为爱而生,录音室专辑,2006-12-29,5,香水,为爱而生,1.0,0.0
5805,385897,壮烈牺牲,i,1,6,38241,为爱而生,录音室专辑,2006-12-29,5,香水,为爱而生,1.0,0.0
5806,385897,一万,m,1,6,38241,为爱而生,录音室专辑,2006-12-29,5,香水,为爱而生,1.0,0.0
5807,385897,朵玫瑰,nr,1,6,38241,为爱而生,录音室专辑,2006-12-29,5,香水,为爱而生,1.0,0.0
5808,385897,用,p,1,6,38241,为爱而生,录音室专辑,2006-12-29,5,香水,为爱而生,1.0,0.0
5809,385897,虔诚,a,1,6,38241,为爱而生,录音室专辑,2006-12-29,5,香水,为爱而生,1.0,0.0
5810,385897,细细的,z,1,6,38241,为爱而生,录音室专辑,2006-12-29,5,香水,为爱而生,1.0,0.0
5811,385897,提炼,v,1,6,38241,为爱而生,录音室专辑,2006-12-29,5,香水,为爱而生,1.0,0.0
5812,385897,爱情海,nr,1,6,38241,为爱而生,录音室专辑,2006-12-29,5,香水,为爱而生,1.0,0.0
5813,385897,吻,v,1,6,38241,为爱而生,录音室专辑,2006-12-29,5,香水,为爱而生,1.0,0.0
5814,385897,在,p,1,6,38241,为爱而生,录音室专辑,2006-12-29,5,香水,为爱而生,1.0,0.0
5815,385897,耳背,n,1,6,38241,为爱而生,录音室专辑,2006-12-29,5,香水,为爱而生,1.0,0.0
5816,385897,塞纳河畔,ns,1,6,38241,为爱而生,录音室专辑,2006-12-29,5,香水,为爱而生,1.0,0.0
5817,385897,闹市,v,1,6,38241,为爱而生,录音室专辑,2006-12-29,5,香水,为爱而生,1.0,0.0
5818,385897,炊烟,n,1,6,38241,为爱而生,录音室专辑,2006-12-29,5,香水,为爱而生,1.0,0.0
5819,385897,混杂,a,1,6,38241,为爱而生,录音室专辑,2006-12-29,5,香水,为爱而生,1.0,0.0
5820,385897,人间,n,1,6,38241,为爱而生,录音室专辑,2006-12-29,5,香水,为爱而生,1.0,0.0
5821,385897,小,a,1,6,38241,为爱而生,录音室专辑,2006-12-29,5,香水,为爱而生,1.0,0.0
5822,385897,愚昧,a,1,6,38241,为爱而生,录音室专辑,2006-12-29,5,香水,为爱而生,1.0,0.0
5823,385897,出现,v,1,6,38241,为爱而生,录音室专辑,2006-12-29,5,香水,为爱而生,1.0,0.0
5824,385897,将,d,1,6,38241,为爱而生,录音室专辑,2006-12-29,5,香水,为爱而生,1.0,0.0
5825,385897,气氛,n,1,6,38241,为爱而生,录音室专辑,2006-12-29,5,香水,为爱而生,1.0,0.0
5826,385897,改写,v,1,6,38241,为爱而生,录音室专辑,2006-12-29,5,香水,为爱而生,1.0,0.0
5827,385897,空气,n,1,6,38241,为爱而生,录音室专辑,2006-12-29,5,香水,为爱而生,1.0,0.0
5828,385897,转变,v,1,6,38241,为爱而生,录音室专辑,2006-12-29,5,香水,为爱而生,1.0,0.0
5829,385897,圣洁,a,1,6,38241,为爱而生,录音室专辑,2006-12-29,5,香水,为爱而生,1.0,0.0
5830,385897,感觉,n,1,6,38241,为爱而生,录音室专辑,2006-12-29,5,香水,为爱而生,1.0,0.0
5831,385897,青苹果,nz,1,6,38241,为爱而生,录音室专辑,2006-12-29,5,香水,为爱而生,1.0,0.0
5832,385897,野蛮,a,1,6,38241,为爱而生,录音室专辑,2006-12-29,5,香水,为爱而生,1.0,0.0
5833,385897,甜,n,1,6,38241,为爱而生,录音室专辑,2006-12-29,5,香水,为爱而生,1.0,0.0
5834,385897,牛奶,n,1,6,38241,为爱而生,录音室专辑,2006-12-29,5,香水,为爱而生,1.0,0.0
5835,385897,与,p,1,6,38241,为爱而生,录音室专辑,2006-12-29,5,香水,为爱而生,1.0,0.0
5836,385897,蜜,n,1,6,38241,为爱而生,录音室专辑,2006-12-29,5,香水,为爱而生,1.0,0.0
5837,385897,语言,n,1,6,38241,为爱而生,录音室专辑,2006-12-29,5,香水,为爱而生,1.0,0.0
5838,385897,沉默,a,1,6,38241,为爱而生,录音室专辑,2006-12-29,5,香水,为爱而生,1.0,0.0
5839,385897,尤其,d,1,6,38241,为爱而生,录音室专辑,2006-12-29,5,香水,为爱而生,1.0,0.0
5840,385897,迷迭,l,1,6,38241,为爱而生,录音室专辑,2006-12-29,5,香水,为爱而生,1.0,0.0
5841,385897,当,p,1,6,38241,为爱而生,录音室专辑,2006-12-29,5,香水,为爱而生,1.0,0.0
5842,385897,无心,v,1,6,38241,为爱而生,录音室专辑,2006-12-29,5,香水,为爱而生,1.0,0.0
5843,385897,轻轻,d,1,6,38241,为爱而生,录音室专辑,2006-12-29,5,香水,为爱而生,1.0,0.0
5844,385897,马蹄,n,1,6,38241,为爱而生,录音室专辑,2006-12-29,5,香水,为爱而生,1.0,0.0
5845,385897,踏平,a,1,6,38241,为爱而生,录音室专辑,2006-12-29,5,香水,为爱而生,1.0,0.0
5846,385897,国界,n,1,6,38241,为爱而生,录音室专辑,2006-12-29,5,香水,为爱而生,1.0,0.0
5847,385897,野心,n,1,6,38241,为爱而生,录音室专辑,2006-12-29,5,香水,为爱而生,1.0,0.0
5848,385897,磨破,v,1,6,38241,为爱而生,录音室专辑,2006-12-29,5,香水,为爱而生,1.0,0.0
5849,385897,披肩,v,1,6,38241,为爱而生,录音室专辑,2006-12-29,5,香水,为爱而生,1.0,0.0
5850,385897,动员,n,1,6,38241,为爱而生,录音室专辑,2006-12-29,5,香水,为爱而生,1.0,0.0
5851,385897,麻瓜,n,1,6,38241,为爱而生,录音室专辑,2006-12-29,5,香水,为爱而生,1.0,0.0
5852,385897,魔戒,n,1,6,38241,为爱而生,录音室专辑,2006-12-29,5,香水,为爱而生,1.0,0.0
5853,385897,寻找,v,1,6,38241,为爱而生,录音室专辑,2006-12-29,5,香水,为爱而生,1.0,0.0
5854,385897,拼凑,v,1,6,38241,为爱而生,录音室专辑,2006-12-29,5,香水,为爱而生,1.0,0.0
5855,385897,香味,n,1,6,38241,为爱而生,录音室专辑,2006-12-29,5,香水,为爱而生,1.0,0.0
5856,385897,樱桃,n,1,6,38241,为爱而生,录音室专辑,2006-12-29,5,香水,为爱而生,1.0,0.0
5857,385897,樱花,n,1,6,38241,为爱而生,录音室专辑,2006-12-29,5,香水,为爱而生,1.0,0.0
5858,385897,缠绵,a,1,6,38241,为爱而生,录音室专辑,2006-12-29,5,香水,为爱而生,1.0,0.0
5859,385897,茉莉,n,1,6,38241,为爱而生,录音室专辑,2006-12-29,5,香水,为爱而生,1.0,0.0
5860,385897,没药,v,1,6,38241,为爱而生,录音室专辑,2006-12-29,5,香水,为爱而生,1.0,0.0
5861,385897,拼贴,v,1,6,38241,为爱而生,录音室专辑,2006-12-29,5,香水,为爱而生,1.0,0.0
5862,385897,香颂,nr,1,6,38241,为爱而生,录音室专辑,2006-12-29,5,香水,为爱而生,1.0,0.0
5863,385897,香榭,ns,1,6,38241,为爱而生,录音室专辑,2006-12-29,5,香水,为爱而生,1.0,0.0
5864,385897,调配,vn,1,6,38241,为爱而生,录音室专辑,2006-12-29,5,香水,为爱而生,1.0,0.0
5865,385897,也许,d,1,6,38241,为爱而生,录音室专辑,2006-12-29,5,香水,为爱而生,1.0,0.0
5866,385897,加一点,d,1,6,38241,为爱而生,录音室专辑,2006-12-29,5,香水,为爱而生,1.0,0.0
5867,385897,眼泪,n,1,6,38241,为爱而生,录音室专辑,2006-12-29,5,香水,为爱而生,1.0,0.0
5868,385897,没有,v,1,6,38241,为爱而生,录音室专辑,2006-12-29,5,香水,为爱而生,1.0,0.0
5869,385897,答应,v,1,6,38241,为爱而生,录音室专辑,2006-12-29,5,香水,为爱而生,1.0,0.0
5870,385897,也,d,1,6,38241,为爱而生,录音室专辑,2006-12-29,5,香水,为爱而生,1.0,0.0
5871,385897,不,d,1,6,38241,为爱而生,录音室专辑,2006-12-29,5,香水,为爱而生,1.0,0.0
5872,385897,从不,d,1,6,38241,为爱而生,录音室专辑,2006-12-29,5,香水,为爱而生,1.0,0.0
5873,385897,打算,v,1,6,38241,为爱而生,录音室专辑,2006-12-29,5,香水,为爱而生,1.0,0.0
5874,385897,全身,n,1,6,38241,为爱而生,录音室专辑,2006-12-29,5,香水,为爱而生,1.0,0.0
5875,385897,逃,v,1,6,38241,为爱而生,录音室专辑,2006-12-29,5,香水,为爱而生,1.0,0.0
5876,385897,全身而退,i,1,6,38241,为爱而生,录音室专辑,2006-12-29,5,香水,为爱而生,1.0,0.0
5877,385897,活到,v,1,6,38241,为爱而生,录音室专辑,2006-12-29,5,香水,为爱而生,1.0,0.0
5878,385897,脱轨,v,1,6,38241,为爱而生,录音室专辑,2006-12-29,5,香水,为爱而生,1.0,0.0
5879,385897,到,v,1,6,38241,为爱而生,录音室专辑,2006-12-29,5,香水,为爱而生,1.0,0.0
5880,385897,脱,v,1,6,38241,为爱而生,录音室专辑,2006-12-29,5,香水,为爱而生,1.0,0.0
5881,385897,线,n,1,6,38241,为爱而生,录音室专辑,2006-12-29,5,香水,为爱而生,1.0,0.0
5882,385897,为爱,v,1,6,38241,为爱而生,录音室专辑,2006-12-29,5,香水,为爱而生,1.0,0.0
5883,385897,生,vn,1,6,38241,为爱而生,录音室专辑,2006-12-29,5,香水,为爱而生,1.0,0.0
5884,385897,一千,m,1,6,38241,为爱而生,录音室专辑,2006-12-29,5,香水,为爱而生,1.0,0.0
5885,385897,世纪,n,1,6,38241,为爱而生,录音室专辑,2006-12-29,5,香水,为爱而生,1.0,0.0
5886,385897,无间,n,1,6,38241,为爱而生,录音室专辑,2006-12-29,5,香水,为爱而生,1.0,0.0
5887,385897,轮回,v,1,6,38241,为爱而生,录音室专辑,2006-12-29,5,香水,为爱而生,1.0,0.0
5888,385901,我,r,17,6,38241,为爱而生,录音室专辑,2006-12-29,6,摩托车日记,为爱而生,1.0,0.0
5889,385901,谁,r,17,6,38241,为爱而生,录音室专辑,2006-12-29,6,摩托车日记,为爱而生,1.0,0.0
5890,385901,的,uj,11,6,38241,为爱而生,录音室专辑,2006-12-29,6,摩托车日记,为爱而生,1.0,0.0
5891,385901,一个,m,9,6,38241,为爱而生,录音室专辑,2006-12-29,6,摩托车日记,为爱而生,1.0,0.0
5892,385901,和,c,9,6,38241,为爱而生,录音室专辑,2006-12-29,6,摩托车日记,为爱而生,1.0,0.0
5893,385901,愿意,v,8,6,38241,为爱而生,录音室专辑,2006-12-29,6,摩托车日记,为爱而生,1.0,0.0
5894,385901,一起,m,8,6,38241,为爱而生,录音室专辑,2006-12-29,6,摩托车日记,为爱而生,1.0,0.0
5895,385901,写,v,8,6,38241,为爱而生,录音室专辑,2006-12-29,6,摩托车日记,为爱而生,1.0,0.0
5896,385901,传说,n,8,6,38241,为爱而生,录音室专辑,2006-12-29,6,摩托车日记,为爱而生,1.0,0.0
5897,385901,疯,a,8,6,38241,为爱而生,录音室专辑,2006-12-29,6,摩托车日记,为爱而生,1.0,0.0
5898,385901,不,d,8,6,38241,为爱而生,录音室专辑,2006-12-29,6,摩托车日记,为爱而生,1.0,0.0
5899,385901,呜,o,6,6,38241,为爱而生,录音室专辑,2006-12-29,6,摩托车日记,为爱而生,1.0,0.0
5900,385901,在,p,6,6,38241,为爱而生,录音室专辑,2006-12-29,6,摩托车日记,为爱而生,1.0,0.0
5901,385901,没有,v,5,6,38241,为爱而生,录音室专辑,2006-12-29,6,摩托车日记,为爱而生,1.0,0.0
5902,385901,了,ul,5,6,38241,为爱而生,录音室专辑,2006-12-29,6,摩托车日记,为爱而生,1.0,0.0
5903,385901,却,d,5,6,38241,为爱而生,录音室专辑,2006-12-29,6,摩托车日记,为爱而生,1.0,0.0
5904,385901,自由,a,5,6,38241,为爱而生,录音室专辑,2006-12-29,6,摩托车日记,为爱而生,1.0,0.0
5905,385901,你,r,4,6,38241,为爱而生,录音室专辑,2006-12-29,6,摩托车日记,为爱而生,1.0,0.0
5906,385901,还,d,4,6,38241,为爱而生,录音室专辑,2006-12-29,6,摩托车日记,为爱而生,1.0,0.0
5907,385901,梦不梦,i,4,6,38241,为爱而生,录音室专辑,2006-12-29,6,摩托车日记,为爱而生,1.0,0.0
5908,385901,还有,v,4,6,38241,为爱而生,录音室专辑,2006-12-29,6,摩托车日记,为爱而生,1.0,0.0
5909,385901,当初,t,4,6,38241,为爱而生,录音室专辑,2006-12-29,6,摩托车日记,为爱而生,1.0,0.0
5910,385901,浪漫,a,4,6,38241,为爱而生,录音室专辑,2006-12-29,6,摩托车日记,为爱而生,1.0,0.0
5911,385901,温柔,nw,4,6,38241,为爱而生,录音室专辑,2006-12-29,6,摩托车日记,为爱而生,1.0,0.0
5912,385901,就算,v,4,6,38241,为爱而生,录音室专辑,2006-12-29,6,摩托车日记,为爱而生,1.0,0.0
5913,385901,能,v,4,6,38241,为爱而生,录音室专辑,2006-12-29,6,摩托车日记,为爱而生,1.0,0.0
5914,385901,消灭,v,4,6,38241,为爱而生,录音室专辑,2006-12-29,6,摩托车日记,为爱而生,1.0,0.0
5915,385901,夺,v,4,6,38241,为爱而生,录音室专辑,2006-12-29,6,摩托车日记,为爱而生,1.0,0.0
5916,385901,走,v,4,6,38241,为爱而生,录音室专辑,2006-12-29,6,摩托车日记,为爱而生,1.0,0.0
5917,385901,我们,r,4,6,38241,为爱而生,录音室专辑,2006-12-29,6,摩托车日记,为爱而生,1.0,0.0
5918,385901,作梦,n,4,6,38241,为爱而生,录音室专辑,2006-12-29,6,摩托车日记,为爱而生,1.0,0.0
5919,385901,天空,n,3,6,38241,为爱而生,录音室专辑,2006-12-29,6,摩托车日记,为爱而生,1.0,0.0
5920,385901,着,uz,2,6,38241,为爱而生,录音室专辑,2006-12-29,6,摩托车日记,为爱而生,1.0,0.0
5921,385901,等待,vn,2,6,38241,为爱而生,录音室专辑,2006-12-29,6,摩托车日记,为爱而生,1.0,0.0
5922,385901,英雄,ns,2,6,38241,为爱而生,录音室专辑,2006-12-29,6,摩托车日记,为爱而生,1.0,0.0
5923,385901,把,p,2,6,38241,为爱而生,录音室专辑,2006-12-29,6,摩托车日记,为爱而生,1.0,0.0
5924,385901,左轮,m,2,6,38241,为爱而生,录音室专辑,2006-12-29,6,摩托车日记,为爱而生,1.0,0.0
5925,385901,瞄准,v,2,6,38241,为爱而生,录音室专辑,2006-12-29,6,摩托车日记,为爱而生,1.0,0.0
5926,385901,无情,n,2,6,38241,为爱而生,录音室专辑,2006-12-29,6,摩托车日记,为爱而生,1.0,0.0
5927,385901,横越,d,1,6,38241,为爱而生,录音室专辑,2006-12-29,6,摩托车日记,为爱而生,1.0,0.0
5928,385901,过,ug,1,6,38241,为爱而生,录音室专辑,2006-12-29,6,摩托车日记,为爱而生,1.0,0.0
5929,385901,南美洲,ns,1,6,38241,为爱而生,录音室专辑,2006-12-29,6,摩托车日记,为爱而生,1.0,0.0
5930,385901,一万两千,m,1,6,38241,为爱而生,录音室专辑,2006-12-29,6,摩托车日记,为爱而生,1.0,0.0
5931,385901,里,f,1,6,38241,为爱而生,录音室专辑,2006-12-29,6,摩托车日记,为爱而生,1.0,0.0
5932,385901,贫穷,a,1,6,38241,为爱而生,录音室专辑,2006-12-29,6,摩托车日记,为爱而生,1.0,0.0
5933,385901,骑,v,1,6,38241,为爱而生,录音室专辑,2006-12-29,6,摩托车日记,为爱而生,1.0,0.0
5934,385901,狂妄,a,1,6,38241,为爱而生,录音室专辑,2006-12-29,6,摩托车日记,为爱而生,1.0,0.0
5935,385901,一股,m,1,6,38241,为爱而生,录音室专辑,2006-12-29,6,摩托车日记,为爱而生,1.0,0.0
5936,385901,冲动,vn,1,6,38241,为爱而生,录音室专辑,2006-12-29,6,摩托车日记,为爱而生,1.0,0.0
5937,385901,无垠,a,1,6,38241,为爱而生,录音室专辑,2006-12-29,6,摩托车日记,为爱而生,1.0,0.0
5938,385901,大地,n,1,6,38241,为爱而生,录音室专辑,2006-12-29,6,摩托车日记,为爱而生,1.0,0.0
5939,385901,啊,zg,1,6,38241,为爱而生,录音室专辑,2006-12-29,6,摩托车日记,为爱而生,1.0,0.0
5940,385901,种,m,1,6,38241,为爱而生,录音室专辑,2006-12-29,6,摩托车日记,为爱而生,1.0,0.0
5941,385901,不出,v,1,6,38241,为爱而生,录音室专辑,2006-12-29,6,摩托车日记,为爱而生,1.0,0.0
5942,385901,梦,n,1,6,38241,为爱而生,录音室专辑,2006-12-29,6,摩托车日记,为爱而生,1.0,0.0
5943,385901,只,d,1,6,38241,为爱而生,录音室专辑,2006-12-29,6,摩托车日记,为爱而生,1.0,0.0
5944,385901,看到,v,1,6,38241,为爱而生,录音室专辑,2006-12-29,6,摩托车日记,为爱而生,1.0,0.0
5945,385901,那,r,1,6,38241,为爱而生,录音室专辑,2006-12-29,6,摩托车日记,为爱而生,1.0,0.0
5946,385901,无数,m,1,6,38241,为爱而生,录音室专辑,2006-12-29,6,摩托车日记,为爱而生,1.0,0.0
5947,385901,饥饿,n,1,6,38241,为爱而生,录音室专辑,2006-12-29,6,摩托车日记,为爱而生,1.0,0.0
5948,385901,孩子,n,1,6,38241,为爱而生,录音室专辑,2006-12-29,6,摩托车日记,为爱而生,1.0,0.0
5949,385901,绝望,v,1,6,38241,为爱而生,录音室专辑,2006-12-29,6,摩托车日记,为爱而生,1.0,0.0
5950,385901,佃农,n,1,6,38241,为爱而生,录音室专辑,2006-12-29,6,摩托车日记,为爱而生,1.0,0.0
5951,385901,印地,ns,1,6,38241,为爱而生,录音室专辑,2006-12-29,6,摩托车日记,为爱而生,1.0,0.0
5952,385901,斯,r,1,6,38241,为爱而生,录音室专辑,2006-12-29,6,摩托车日记,为爱而生,1.0,0.0
5953,385901,千年,m,1,6,38241,为爱而生,录音室专辑,2006-12-29,6,摩托车日记,为爱而生,1.0,0.0
5954,385901,出现,v,1,6,38241,为爱而生,录音室专辑,2006-12-29,6,摩托车日记,为爱而生,1.0,0.0
5955,385901,彩虹,nz,1,6,38241,为爱而生,录音室专辑,2006-12-29,6,摩托车日记,为爱而生,1.0,0.0
5956,385901,失业,n,1,6,38241,为爱而生,录音室专辑,2006-12-29,6,摩托车日记,为爱而生,1.0,0.0
5957,385901,老人,n,1,6,38241,为爱而生,录音室专辑,2006-12-29,6,摩托车日记,为爱而生,1.0,0.0
5958,385901,弹,v,1,6,38241,为爱而生,录音室专辑,2006-12-29,6,摩托车日记,为爱而生,1.0,0.0
5959,385901,斑鸠,n,1,6,38241,为爱而生,录音室专辑,2006-12-29,6,摩托车日记,为爱而生,1.0,0.0
5960,385901,露宿,v,1,6,38241,为爱而生,录音室专辑,2006-12-29,6,摩托车日记,为爱而生,1.0,0.0
5961,385901,街头,s,1,6,38241,为爱而生,录音室专辑,2006-12-29,6,摩托车日记,为爱而生,1.0,0.0
5962,385901,住,v,1,6,38241,为爱而生,录音室专辑,2006-12-29,6,摩托车日记,为爱而生,1.0,0.0
5963,385901,皇宫,n,1,6,38241,为爱而生,录音室专辑,2006-12-29,6,摩托车日记,为爱而生,1.0,0.0
5964,385901,日记,n,1,6,38241,为爱而生,录音室专辑,2006-12-29,6,摩托车日记,为爱而生,1.0,0.0
5965,385901,上,f,1,6,38241,为爱而生,录音室专辑,2006-12-29,6,摩托车日记,为爱而生,1.0,0.0
5966,385901,写满,v,1,6,38241,为爱而生,录音室专辑,2006-12-29,6,摩托车日记,为爱而生,1.0,0.0
5967,385901,梦想,n,1,6,38241,为爱而生,录音室专辑,2006-12-29,6,摩托车日记,为爱而生,1.0,0.0
5968,385901,决定,v,1,6,38241,为爱而生,录音室专辑,2006-12-29,6,摩托车日记,为爱而生,1.0,0.0
5969,385901,要用,v,1,6,38241,为爱而生,录音室专辑,2006-12-29,6,摩托车日记,为爱而生,1.0,0.0
5970,385901,这,r,1,6,38241,为爱而生,录音室专辑,2006-12-29,6,摩托车日记,为爱而生,1.0,0.0
5971,385901,一生,m,1,6,38241,为爱而生,录音室专辑,2006-12-29,6,摩托车日记,为爱而生,1.0,0.0
5972,385901,背诵,v,1,6,38241,为爱而生,录音室专辑,2006-12-29,6,摩托车日记,为爱而生,1.0,0.0
5973,385901,呼喊,v,1,6,38241,为爱而生,录音室专辑,2006-12-29,6,摩托车日记,为爱而生,1.0,0.0
5974,385901,用,p,1,6,38241,为爱而生,录音室专辑,2006-12-29,6,摩托车日记,为爱而生,1.0,0.0
5975,385901,生命,vn,1,6,38241,为爱而生,录音室专辑,2006-12-29,6,摩托车日记,为爱而生,1.0,0.0
5976,385901,挑战,vn,1,6,38241,为爱而生,录音室专辑,2006-12-29,6,摩托车日记,为爱而生,1.0,0.0
5977,385901,宿命,n,1,6,38241,为爱而生,录音室专辑,2006-12-29,6,摩托车日记,为爱而生,1.0,0.0
5978,385901,宇宙,n,1,6,38241,为爱而生,录音室专辑,2006-12-29,6,摩托车日记,为爱而生,1.0,0.0
5979,385901,喔,e,1,6,38241,为爱而生,录音室专辑,2006-12-29,6,摩托车日记,为爱而生,1.0,0.0
5980,385901,Woh,eng,1,6,38241,为爱而生,录音室专辑,2006-12-29,6,摩托车日记,为爱而生,1.0,0.0
5981,385905,你,r,13,6,38241,为爱而生,录音室专辑,2006-12-29,7,最重要的小事,为爱而生,1.0,0.0
5982,385905,的,uj,9,6,38241,为爱而生,录音室专辑,2006-12-29,7,最重要的小事,为爱而生,1.0,0.0
5983,385905,事,n,8,6,38241,为爱而生,录音室专辑,2006-12-29,7,最重要的小事,为爱而生,1.0,0.0
5984,385905,年,m,8,6,38241,为爱而生,录音室专辑,2006-12-29,7,最重要的小事,为爱而生,1.0,0.0
5985,385905,是,v,6,6,38241,为爱而生,录音室专辑,2006-12-29,7,最重要的小事,为爱而生,1.0,0.0
5986,385905,最小,a,5,6,38241,为爱而生,录音室专辑,2006-12-29,7,最重要的小事,为爱而生,1.0,0.0
5987,385905,就算,v,5,6,38241,为爱而生,录音室专辑,2006-12-29,7,最重要的小事,为爱而生,1.0,0.0
5988,385905,世界,n,4,6,38241,为爱而生,录音室专辑,2006-12-29,7,最重要的小事,为爱而生,1.0,0.0
5989,385905,纷纷扰扰,i,4,6,38241,为爱而生,录音室专辑,2006-12-29,7,最重要的小事,为爱而生,1.0,0.0
5990,385905,喧,v,4,6,38241,为爱而生,录音室专辑,2006-12-29,7,最重要的小事,为爱而生,1.0,0.0
5991,385905,喧闹,v,4,6,38241,为爱而生,录音室专辑,2006-12-29,7,最重要的小事,为爱而生,1.0,0.0
5992,385905,闹,v,4,6,38241,为爱而生,录音室专辑,2006-12-29,7,最重要的小事,为爱而生,1.0,0.0
5993,385905,什么,r,4,6,38241,为爱而生,录音室专辑,2006-12-29,7,最重要的小事,为爱而生,1.0,0.0
5994,385905,真实,d,4,6,38241,为爱而生,录音室专辑,2006-12-29,7,最重要的小事,为爱而生,1.0,0.0
5995,385905,为,p,4,6,38241,为爱而生,录音室专辑,2006-12-29,7,最重要的小事,为爱而生,1.0,0.0
5996,385905,跌跌撞撞,z,4,6,38241,为爱而生,录音室专辑,2006-12-29,7,最重要的小事,为爱而生,1.0,0.0
5997,385905,傻傻,v,4,6,38241,为爱而生,录音室专辑,2006-12-29,7,最重要的小事,为爱而生,1.0,0.0
5998,385905,笑笑,v,4,6,38241,为爱而生,录音室专辑,2006-12-29,7,最重要的小事,为爱而生,1.0,0.0
5999,385905,买,v,4,6,38241,为爱而生,录音室专辑,2006-12-29,7,最重要的小事,为爱而生,1.0,0.0
6000,385905,一杯,m,4,6,38241,为爱而生,录音室专辑,2006-12-29,7,最重要的小事,为爱而生,1.0,0.0
6001,385905,果汁,n,4,6,38241,为爱而生,录音室专辑,2006-12-29,7,最重要的小事,为爱而生,1.0,0.0
6002,385905,庸庸碌碌,z,4,6,38241,为爱而生,录音室专辑,2006-12-29,7,最重要的小事,为爱而生,1.0,0.0
6003,385905,匆匆忙忙,z,4,6,38241,为爱而生,录音室专辑,2006-12-29,7,最重要的小事,为爱而生,1.0,0.0
6004,385905,活,vn,4,6,38241,为爱而生,录音室专辑,2006-12-29,7,最重要的小事,为爱而生,1.0,0.0
6005,385905,过,ug,4,6,38241,为爱而生,录音室专辑,2006-12-29,7,最重要的小事,为爱而生,1.0,0.0
6006,385905,一辈子,m,4,6,38241,为爱而生,录音室专辑,2006-12-29,7,最重要的小事,为爱而生,1.0,0.0
6007,385905,也,d,4,6,38241,为爱而生,录音室专辑,2006-12-29,7,最重要的小事,为爱而生,1.0,0.0
6008,385905,要,v,4,6,38241,为爱而生,录音室专辑,2006-12-29,7,最重要的小事,为爱而生,1.0,0.0
6009,385905,分分秒秒,i,4,6,38241,为爱而生,录音室专辑,2006-12-29,7,最重要的小事,为爱而生,1.0,0.0
6010,385905,日日,t,4,6,38241,为爱而生,录音室专辑,2006-12-29,7,最重要的小事,为爱而生,1.0,0.0
6011,385905,全,a,4,6,38241,为爱而生,录音室专辑,2006-12-29,7,最重要的小事,为爱而生,1.0,0.0
6012,385905,心,n,4,6,38241,为爱而生,录音室专辑,2006-12-29,7,最重要的小事,为爱而生,1.0,0.0
6013,385905,守护,v,4,6,38241,为爱而生,录音室专辑,2006-12-29,7,最重要的小事,为爱而生,1.0,0.0
6014,385905,我,r,3,6,38241,为爱而生,录音室专辑,2006-12-29,7,最重要的小事,为爱而生,1.0,0.0
6015,385905,最,d,3,6,38241,为爱而生,录音室专辑,2006-12-29,7,最重要的小事,为爱而生,1.0,0.0
6016,385905,重要,a,3,6,38241,为爱而生,录音室专辑,2006-12-29,7,最重要的小事,为爱而生,1.0,0.0
6017,385905,穿过,v,2,6,38241,为爱而生,录音室专辑,2006-12-29,7,最重要的小事,为爱而生,1.0,0.0
6018,385905,这,r,2,6,38241,为爱而生,录音室专辑,2006-12-29,7,最重要的小事,为爱而生,1.0,0.0
6019,385905,一刻,m,2,6,38241,为爱而生,录音室专辑,2006-12-29,7,最重要的小事,为爱而生,1.0,0.0
6020,385905,属于,v,2,6,38241,为爱而生,录音室专辑,2006-12-29,7,最重要的小事,为爱而生,1.0,0.0
6021,385905,走过,v,1,6,38241,为爱而生,录音室专辑,2006-12-29,7,最重要的小事,为爱而生,1.0,0.0
6022,385905,动荡,v,1,6,38241,为爱而生,录音室专辑,2006-12-29,7,最重要的小事,为爱而生,1.0,0.0
6023,385905,日子,n,1,6,38241,为爱而生,录音室专辑,2006-12-29,7,最重要的小事,为爱而生,1.0,0.0
6024,385905,追过,v,1,6,38241,为爱而生,录音室专辑,2006-12-29,7,最重要的小事,为爱而生,1.0,0.0
6025,385905,梦,n,1,6,38241,为爱而生,录音室专辑,2006-12-29,7,最重要的小事,为爱而生,1.0,0.0
6026,385905,放肆,d,1,6,38241,为爱而生,录音室专辑,2006-12-29,7,最重要的小事,为爱而生,1.0,0.0
6027,385905,多少,m,1,6,38241,为爱而生,录音室专辑,2006-12-29,7,最重要的小事,为爱而生,1.0,0.0
6028,385905,生死,v,1,6,38241,为爱而生,录音室专辑,2006-12-29,7,最重要的小事,为爱而生,1.0,0.0
6029,385905,却,d,1,6,38241,为爱而生,录音室专辑,2006-12-29,7,最重要的小事,为爱而生,1.0,0.0
6030,385905,假装,n,1,6,38241,为爱而生,录音室专辑,2006-12-29,7,最重要的小事,为爱而生,1.0,0.0
6031,385905,若无其事,i,1,6,38241,为爱而生,录音室专辑,2006-12-29,7,最重要的小事,为爱而生,1.0,0.0
6032,385905,半个,m,1,6,38241,为爱而生,录音室专辑,2006-12-29,7,最重要的小事,为爱而生,1.0,0.0
6033,385905,城市,ns,1,6,38241,为爱而生,录音室专辑,2006-12-29,7,最重要的小事,为爱而生,1.0,0.0
6034,385905,只,d,1,6,38241,为爱而生,录音室专辑,2006-12-29,7,最重要的小事,为爱而生,1.0,0.0
6035,385905,想,v,1,6,38241,为爱而生,录音室专辑,2006-12-29,7,最重要的小事,为爱而生,1.0,0.0
6036,385905,看,v,1,6,38241,为爱而生,录音室专辑,2006-12-29,7,最重要的小事,为爱而生,1.0,0.0
6037,385905,样子,n,1,6,38241,为爱而生,录音室专辑,2006-12-29,7,最重要的小事,为爱而生,1.0,0.0
6038,385905,壮烈,a,1,6,38241,为爱而生,录音室专辑,2006-12-29,7,最重要的小事,为爱而生,1.0,0.0
6039,385905,前世,t,1,6,38241,为爱而生,录音室专辑,2006-12-29,7,最重要的小事,为爱而生,1.0,0.0
6040,385905,征服,v,1,6,38241,为爱而生,录音室专辑,2006-12-29,7,最重要的小事,为爱而生,1.0,0.0
6041,385905,滚滚,z,1,6,38241,为爱而生,录音室专辑,2006-12-29,7,最重要的小事,为爱而生,1.0,0.0
6042,385905,乱世,v,1,6,38241,为爱而生,录音室专辑,2006-12-29,7,最重要的小事,为爱而生,1.0,0.0
6043,385905,万,m,1,6,38241,为爱而生,录音室专辑,2006-12-29,7,最重要的小事,为爱而生,1.0,0.0
6044,385905,人为,n,1,6,38241,为爱而生,录音室专辑,2006-12-29,7,最重要的小事,为爱而生,1.0,0.0
6045,385905,写诗,n,1,6,38241,为爱而生,录音室专辑,2006-12-29,7,最重要的小事,为爱而生,1.0,0.0
6046,385905,而,c,1,6,38241,为爱而生,录音室专辑,2006-12-29,7,最重要的小事,为爱而生,1.0,0.0
6047,385905,幸福,a,1,6,38241,为爱而生,录音室专辑,2006-12-29,7,最重要的小事,为爱而生,1.0,0.0
6048,385905,却是,d,1,6,38241,为爱而生,录音室专辑,2006-12-29,7,最重要的小事,为爱而生,1.0,0.0
6049,385905,此时,c,1,6,38241,为爱而生,录音室专辑,2006-12-29,7,最重要的小事,为爱而生,1.0,0.0
6050,385905,静静,nr,1,6,38241,为爱而生,录音室专辑,2006-12-29,7,最重要的小事,为爱而生,1.0,0.0
6051,385905,帮,v,1,6,38241,为爱而生,录音室专辑,2006-12-29,7,最重要的小事,为爱而生,1.0,0.0
6052,385905,提着,v,1,6,38241,为爱而生,录音室专辑,2006-12-29,7,最重要的小事,为爱而生,1.0,0.0
6053,385905,哈罗,nrt,1,6,38241,为爱而生,录音室专辑,2006-12-29,7,最重要的小事,为爱而生,1.0,0.0
6054,385905,凯蒂,nrt,1,6,38241,为爱而生,录音室专辑,2006-12-29,7,最重要的小事,为爱而生,1.0,0.0
6055,385905,袋子,n,1,6,38241,为爱而生,录音室专辑,2006-12-29,7,最重要的小事,为爱而生,1.0,0.0
6056,385905,笑,v,1,6,38241,为爱而生,录音室专辑,2006-12-29,7,最重要的小事,为爱而生,1.0,0.0
6057,385905,得,ud,1,6,38241,为爱而生,录音室专辑,2006-12-29,7,最重要的小事,为爱而生,1.0,0.0
6058,385905,像,v,1,6,38241,为爱而生,录音室专辑,2006-12-29,7,最重要的小事,为爱而生,1.0,0.0
6059,385905,个,q,1,6,38241,为爱而生,录音室专辑,2006-12-29,7,最重要的小事,为爱而生,1.0,0.0
6060,385905,孩子,n,1,6,38241,为爱而生,录音室专辑,2006-12-29,7,最重要的小事,为爱而生,1.0,0.0
6061,385905,每个,r,1,6,38241,为爱而生,录音室专辑,2006-12-29,7,最重要的小事,为爱而生,1.0,0.0
6062,385905,平凡,a,1,6,38241,为爱而生,录音室专辑,2006-12-29,7,最重要的小事,为爱而生,1.0,0.0
6063,385905,小事,n,1,6,38241,为爱而生,录音室专辑,2006-12-29,7,最重要的小事,为爱而生,1.0,0.0
6064,385905,变成,v,1,6,38241,为爱而生,录音室专辑,2006-12-29,7,最重要的小事,为爱而生,1.0,0.0
6065,385905,永恒,z,1,6,38241,为爱而生,录音室专辑,2006-12-29,7,最重要的小事,为爱而生,1.0,0.0
6066,385905,故事,n,1,6,38241,为爱而生,录音室专辑,2006-12-29,7,最重要的小事,为爱而生,1.0,0.0
6067,385909,越,d,16,6,38241,为爱而生,录音室专辑,2006-12-29,8,快乐很伟大,为爱而生,1.0,0.0
6068,385909,玩,v,8,6,38241,为爱而生,录音室专辑,2006-12-29,8,快乐很伟大,为爱而生,1.0,0.0
6069,385909,不怕,c,8,6,38241,为爱而生,录音室专辑,2006-12-29,8,快乐很伟大,为爱而生,1.0,0.0
6070,385909,快乐,a,7,6,38241,为爱而生,录音室专辑,2006-12-29,8,快乐很伟大,为爱而生,1.0,0.0
6071,385909,梦,n,6,6,38241,为爱而生,录音室专辑,2006-12-29,8,快乐很伟大,为爱而生,1.0,0.0
6072,385909,woo,eng,6,6,38241,为爱而生,录音室专辑,2006-12-29,8,快乐很伟大,为爱而生,1.0,0.0
6073,385909,的,uj,6,6,38241,为爱而生,录音室专辑,2006-12-29,8,快乐很伟大,为爱而生,1.0,0.0
6074,385909,大声,m,5,6,38241,为爱而生,录音室专辑,2006-12-29,8,快乐很伟大,为爱而生,1.0,0.0
6075,385909,唱,n,5,6,38241,为爱而生,录音室专辑,2006-12-29,8,快乐很伟大,为爱而生,1.0,0.0
6076,385909,be,eng,4,6,38241,为爱而生,录音室专辑,2006-12-29,8,快乐很伟大,为爱而生,1.0,0.0
6077,385909,cool,eng,4,6,38241,为爱而生,录音室专辑,2006-12-29,8,快乐很伟大,为爱而生,1.0,0.0
6078,385909,high,eng,4,6,38241,为爱而生,录音室专辑,2006-12-29,8,快乐很伟大,为爱而生,1.0,0.0
6079,385909,大,a,4,6,38241,为爱而生,录音室专辑,2006-12-29,8,快乐很伟大,为爱而生,1.0,0.0
6080,385909,无限,v,4,6,38241,为爱而生,录音室专辑,2006-12-29,8,快乐很伟大,为爱而生,1.0,0.0
6081,385909,无价,v,4,6,38241,为爱而生,录音室专辑,2006-12-29,8,快乐很伟大,为爱而生,1.0,0.0
6082,385909,天,q,4,6,38241,为爱而生,录音室专辑,2006-12-29,8,快乐很伟大,为爱而生,1.0,0.0
6083,385909,都,d,4,6,38241,为爱而生,录音室专辑,2006-12-29,8,快乐很伟大,为爱而生,1.0,0.0
6084,385909,地,uv,4,6,38241,为爱而生,录音室专辑,2006-12-29,8,快乐很伟大,为爱而生,1.0,0.0
6085,385909,也,d,4,6,38241,为爱而生,录音室专辑,2006-12-29,8,快乐很伟大,为爱而生,1.0,0.0
6086,385909,就,d,3,6,38241,为爱而生,录音室专辑,2006-12-29,8,快乐很伟大,为爱而生,1.0,0.0
6087,385909,如果,c,3,6,38241,为爱而生,录音室专辑,2006-12-29,8,快乐很伟大,为爱而生,1.0,0.0
6088,385909,很,zg,3,6,38241,为爱而生,录音室专辑,2006-12-29,8,快乐很伟大,为爱而生,1.0,0.0
6089,385909,伟大,a,3,6,38241,为爱而生,录音室专辑,2006-12-29,8,快乐很伟大,为爱而生,1.0,0.0
6090,385909,会,v,2,6,38241,为爱而生,录音室专辑,2006-12-29,8,快乐很伟大,为爱而生,1.0,0.0
6091,385909,有,v,2,6,38241,为爱而生,录音室专辑,2006-12-29,8,快乐很伟大,为爱而生,1.0,0.0
6092,385909,就要,d,2,6,38241,为爱而生,录音室专辑,2006-12-29,8,快乐很伟大,为爱而生,1.0,0.0
6093,385909,爆发,v,2,6,38241,为爱而生,录音室专辑,2006-12-29,8,快乐很伟大,为爱而生,1.0,0.0
6094,385909,Music,eng,2,6,38241,为爱而生,录音室专辑,2006-12-29,8,快乐很伟大,为爱而生,1.0,0.0
6095,385909,想要,v,1,6,38241,为爱而生,录音室专辑,2006-12-29,8,快乐很伟大,为爱而生,1.0,0.0
6096,385909,天下,s,1,6,38241,为爱而生,录音室专辑,2006-12-29,8,快乐很伟大,为爱而生,1.0,0.0
6097,385909,天空,n,1,6,38241,为爱而生,录音室专辑,2006-12-29,8,快乐很伟大,为爱而生,1.0,0.0
6098,385909,在,p,1,6,38241,为爱而生,录音室专辑,2006-12-29,8,快乐很伟大,为爱而生,1.0,0.0
6099,385909,脚下,f,1,6,38241,为爱而生,录音室专辑,2006-12-29,8,快乐很伟大,为爱而生,1.0,0.0
6100,385909,雨,n,1,6,38241,为爱而生,录音室专辑,2006-12-29,8,快乐很伟大,为爱而生,1.0,0.0
6101,385909,下,f,1,6,38241,为爱而生,录音室专辑,2006-12-29,8,快乐很伟大,为爱而生,1.0,0.0
6102,385909,梦想,n,1,6,38241,为爱而生,录音室专辑,2006-12-29,8,快乐很伟大,为爱而生,1.0,0.0
6103,385909,很快,d,1,6,38241,为爱而生,录音室专辑,2006-12-29,8,快乐很伟大,为爱而生,1.0,0.0
6104,385909,发芽,v,1,6,38241,为爱而生,录音室专辑,2006-12-29,8,快乐很伟大,为爱而生,1.0,0.0
6105,385909,贝多芬,nr,1,6,38241,为爱而生,录音室专辑,2006-12-29,8,快乐很伟大,为爱而生,1.0,0.0
6106,385909,是,v,1,6,38241,为爱而生,录音室专辑,2006-12-29,8,快乐很伟大,为爱而生,1.0,0.0
6107,385909,十八世纪,nz,1,6,38241,为爱而生,录音室专辑,2006-12-29,8,快乐很伟大,为爱而生,1.0,0.0
6108,385909,怪,a,1,6,38241,为爱而生,录音室专辑,2006-12-29,8,快乐很伟大,为爱而生,1.0,0.0
6109,385909,咖,n,1,6,38241,为爱而生,录音室专辑,2006-12-29,8,快乐很伟大,为爱而生,1.0,0.0
6110,385909,相信,v,1,6,38241,为爱而生,录音室专辑,2006-12-29,8,快乐很伟大,为爱而生,1.0,0.0
6111,385909,自己,r,1,6,38241,为爱而生,录音室专辑,2006-12-29,8,快乐很伟大,为爱而生,1.0,0.0
6112,385909,明天,t,1,6,38241,为爱而生,录音室专辑,2006-12-29,8,快乐很伟大,为爱而生,1.0,0.0
6113,385909,你,r,1,6,38241,为爱而生,录音室专辑,2006-12-29,8,快乐很伟大,为爱而生,1.0,0.0
6114,385909,称霸,v,1,6,38241,为爱而生,录音室专辑,2006-12-29,8,快乐很伟大,为爱而生,1.0,0.0
6115,385913,我,r,31,6,38241,为爱而生,录音室专辑,2006-12-29,9,忘词,为爱而生,1.0,0.0
6116,385913,你,r,18,6,38241,为爱而生,录音室专辑,2006-12-29,9,忘词,为爱而生,1.0,0.0
6117,385913,的,uj,14,6,38241,为爱而生,录音室专辑,2006-12-29,9,忘词,为爱而生,1.0,0.0
6118,385913,噢,e,14,6,38241,为爱而生,录音室专辑,2006-12-29,9,忘词,为爱而生,1.0,0.0
6119,385913,应该,v,10,6,38241,为爱而生,录音室专辑,2006-12-29,9,忘词,为爱而生,1.0,0.0
6120,385913,好像,v,10,6,38241,为爱而生,录音室专辑,2006-12-29,9,忘词,为爱而生,1.0,0.0
6121,385913,了,ul,9,6,38241,为爱而生,录音室专辑,2006-12-29,9,忘词,为爱而生,1.0,0.0
6122,385913,好想,v,8,6,38241,为爱而生,录音室专辑,2006-12-29,9,忘词,为爱而生,1.0,0.0
6123,385913,在,p,8,6,38241,为爱而生,录音室专辑,2006-12-29,9,忘词,为爱而生,1.0,0.0
6124,385913,又,d,7,6,38241,为爱而生,录音室专辑,2006-12-29,9,忘词,为爱而生,1.0,0.0
6125,385913,嗯,e,6,6,38241,为爱而生,录音室专辑,2006-12-29,9,忘词,为爱而生,1.0,0.0
6126,385913,过,ug,6,6,38241,为爱而生,录音室专辑,2006-12-29,9,忘词,为爱而生,1.0,0.0
6127,385913,却,d,6,6,38241,为爱而生,录音室专辑,2006-12-29,9,忘词,为爱而生,1.0,0.0
6128,385913,温柔,nw,6,6,38241,为爱而生,录音室专辑,2006-12-29,9,忘词,为爱而生,1.0,0.0
6129,385913,感动,v,6,6,38241,为爱而生,录音室专辑,2006-12-29,9,忘词,为爱而生,1.0,0.0
6130,385913,忍耐,v,6,6,38241,为爱而生,录音室专辑,2006-12-29,9,忘词,为爱而生,1.0,0.0
6131,385913,太久,nr,6,6,38241,为爱而生,录音室专辑,2006-12-29,9,忘词,为爱而生,1.0,0.0
6132,385913,内伤,n,6,6,38241,为爱而生,录音室专辑,2006-12-29,9,忘词,为爱而生,1.0,0.0
6133,385913,太重,n,6,6,38241,为爱而生,录音室专辑,2006-12-29,9,忘词,为爱而生,1.0,0.0
6134,385913,忘词,v,5,6,38241,为爱而生,录音室专辑,2006-12-29,9,忘词,为爱而生,1.0,0.0
6135,385913,说,v,4,6,38241,为爱而生,录音室专辑,2006-12-29,9,忘词,为爱而生,1.0,0.0
6136,385913,就,d,4,6,38241,为爱而生,录音室专辑,2006-12-29,9,忘词,为爱而生,1.0,0.0
6137,385913,喔,e,4,6,38241,为爱而生,录音室专辑,2006-12-29,9,忘词,为爱而生,1.0,0.0
6138,385913,搭,v,3,6,38241,为爱而生,录音室专辑,2006-12-29,9,忘词,为爱而生,1.0,0.0
6139,385913,啦,y,3,6,38241,为爱而生,录音室专辑,2006-12-29,9,忘词,为爱而生,1.0,0.0
6140,385913,练习,v,3,6,38241,为爱而生,录音室专辑,2006-12-29,9,忘词,为爱而生,1.0,0.0
6141,385913,彩排,n,3,6,38241,为爱而生,录音室专辑,2006-12-29,9,忘词,为爱而生,1.0,0.0
6142,385913,这个,r,3,6,38241,为爱而生,录音室专辑,2006-12-29,9,忘词,为爱而生,1.0,0.0
6143,385913,时候,n,3,6,38241,为爱而生,录音室专辑,2006-12-29,9,忘词,为爱而生,1.0,0.0
6144,385913,说不出口,l,3,6,38241,为爱而生,录音室专辑,2006-12-29,9,忘词,为爱而生,1.0,0.0
6145,385913,这,r,3,6,38241,为爱而生,录音室专辑,2006-12-29,9,忘词,为爱而生,1.0,0.0
6146,385913,一秒,m,3,6,38241,为爱而生,录音室专辑,2006-12-29,9,忘词,为爱而生,1.0,0.0
6147,385913,一定,d,3,6,38241,为爱而生,录音室专辑,2006-12-29,9,忘词,为爱而生,1.0,0.0
6148,385913,要说,c,3,6,38241,为爱而生,录音室专辑,2006-12-29,9,忘词,为爱而生,1.0,0.0
6149,385913,就算,v,3,6,38241,为爱而生,录音室专辑,2006-12-29,9,忘词,为爱而生,1.0,0.0
6150,385913,失败,v,3,6,38241,为爱而生,录音室专辑,2006-12-29,9,忘词,为爱而生,1.0,0.0
6151,385913,也,d,3,6,38241,为爱而生,录音室专辑,2006-12-29,9,忘词,为爱而生,1.0,0.0
6152,385913,不,d,3,6,38241,为爱而生,录音室专辑,2006-12-29,9,忘词,为爱而生,1.0,0.0
6153,385913,沉默,a,3,6,38241,为爱而生,录音室专辑,2006-12-29,9,忘词,为爱而生,1.0,0.0
6154,385913,豁出去,i,3,6,38241,为爱而生,录音室专辑,2006-12-29,9,忘词,为爱而生,1.0,0.0
6155,385913,那,r,3,6,38241,为爱而生,录音室专辑,2006-12-29,9,忘词,为爱而生,1.0,0.0
6156,385913,一秒钟,i,3,6,38241,为爱而生,录音室专辑,2006-12-29,9,忘词,为爱而生,1.0,0.0
6157,385913,想起,v,2,6,38241,为爱而生,录音室专辑,2006-12-29,9,忘词,为爱而生,1.0,0.0
6158,385913,来,v,2,6,38241,为爱而生,录音室专辑,2006-12-29,9,忘词,为爱而生,1.0,0.0
6159,385913,对,p,2,6,38241,为爱而生,录音室专辑,2006-12-29,9,忘词,为爱而生,1.0,0.0
6160,385913,面前,f,2,6,38241,为爱而生,录音室专辑,2006-12-29,9,忘词,为爱而生,1.0,0.0
6161,385913,变得,v,2,6,38241,为爱而生,录音室专辑,2006-12-29,9,忘词,为爱而生,1.0,0.0
6162,385913,很,zg,2,6,38241,为爱而生,录音室专辑,2006-12-29,9,忘词,为爱而生,1.0,0.0
6163,385913,笨拙,a,2,6,38241,为爱而生,录音室专辑,2006-12-29,9,忘词,为爱而生,1.0,0.0
6164,385913,像是,v,2,6,38241,为爱而生,录音室专辑,2006-12-29,9,忘词,为爱而生,1.0,0.0
6165,385913,一个,m,2,6,38241,为爱而生,录音室专辑,2006-12-29,9,忘词,为爱而生,1.0,0.0
6166,385913,不断,d,2,6,38241,为爱而生,录音室专辑,2006-12-29,9,忘词,为爱而生,1.0,0.0
6167,385913,歌手,n,2,6,38241,为爱而生,录音室专辑,2006-12-29,9,忘词,为爱而生,1.0,0.0
6168,385913,一句,m,2,6,38241,为爱而生,录音室专辑,2006-12-29,9,忘词,为爱而生,1.0,0.0
6169,385913,忘,v,1,6,38241,为爱而生,录音室专辑,2006-12-29,9,忘词,为爱而生,1.0,0.0
6170,385913,唱,v,1,6,38241,为爱而生,录音室专辑,2006-12-29,9,忘词,为爱而生,1.0,0.0
6171,385913,什么,r,1,6,38241,为爱而生,录音室专辑,2006-12-29,9,忘词,为爱而生,1.0,0.0
6172,385913,怎么,r,1,6,38241,为爱而生,录音室专辑,2006-12-29,9,忘词,为爱而生,1.0,0.0
6173,385913,做,v,1,6,38241,为爱而生,录音室专辑,2006-12-29,9,忘词,为爱而生,1.0,0.0
6174,385913,上,f,1,6,38241,为爱而生,录音室专辑,2006-12-29,9,忘词,为爱而生,1.0,0.0
6175,385913,是,v,1,6,38241,为爱而生,录音室专辑,2006-12-29,9,忘词,为爱而生,1.0,0.0
6176,385913,有关,vn,1,6,38241,为爱而生,录音室专辑,2006-12-29,9,忘词,为爱而生,1.0,0.0
6177,385913,形容,n,1,6,38241,为爱而生,录音室专辑,2006-12-29,9,忘词,为爱而生,1.0,0.0
6178,385913,下,f,1,6,38241,为爱而生,录音室专辑,2006-12-29,9,忘词,为爱而生,1.0,0.0
6179,385913,希望,v,1,6,38241,为爱而生,录音室专辑,2006-12-29,9,忘词,为爱而生,1.0,0.0
6180,385913,能,v,1,6,38241,为爱而生,录音室专辑,2006-12-29,9,忘词,为爱而生,1.0,0.0
6181,385913,答应,v,1,6,38241,为爱而生,录音室专辑,2006-12-29,9,忘词,为爱而生,1.0,0.0
6182,385917,你,r,26,6,38241,为爱而生,录音室专辑,2006-12-29,10,宠上天,为爱而生,1.0,0.0
6183,385917,我,r,23,6,38241,为爱而生,录音室专辑,2006-12-29,10,宠上天,为爱而生,1.0,0.0
6184,385917,都,d,15,6,38241,为爱而生,录音室专辑,2006-12-29,10,宠上天,为爱而生,1.0,0.0
6185,385917,的,uj,11,6,38241,为爱而生,录音室专辑,2006-12-29,10,宠上天,为爱而生,1.0,0.0
6186,385917,是,v,10,6,38241,为爱而生,录音室专辑,2006-12-29,10,宠上天,为爱而生,1.0,0.0
6187,385917,就是,d,10,6,38241,为爱而生,录音室专辑,2006-12-29,10,宠上天,为爱而生,1.0,0.0
6188,385917,宠,v,10,6,38241,为爱而生,录音室专辑,2006-12-29,10,宠上天,为爱而生,1.0,0.0
6189,385917,让,v,8,6,38241,为爱而生,录音室专辑,2006-12-29,10,宠上天,为爱而生,1.0,0.0
6190,385917,天,q,6,6,38241,为爱而生,录音室专辑,2006-12-29,10,宠上天,为爱而生,1.0,0.0
6191,385917,也,d,6,6,38241,为爱而生,录音室专辑,2006-12-29,10,宠上天,为爱而生,1.0,0.0
6192,385917,朋友,n,5,6,38241,为爱而生,录音室专辑,2006-12-29,10,宠上天,为爱而生,1.0,0.0
6193,385917,要,v,5,6,38241,为爱而生,录音室专辑,2006-12-29,10,宠上天,为爱而生,1.0,0.0
6194,385917,宠上,v,5,6,38241,为爱而生,录音室专辑,2006-12-29,10,宠上天,为爱而生,1.0,0.0
6195,385917,了,ul,5,6,38241,为爱而生,录音室专辑,2006-12-29,10,宠上天,为爱而生,1.0,0.0
6196,385917,谁,r,5,6,38241,为爱而生,录音室专辑,2006-12-29,10,宠上天,为爱而生,1.0,0.0
6197,385917,又,d,4,6,38241,为爱而生,录音室专辑,2006-12-29,10,宠上天,为爱而生,1.0,0.0
6198,385917,身边,s,4,6,38241,为爱而生,录音室专辑,2006-12-29,10,宠上天,为爱而生,1.0,0.0
6199,385917,整个,b,4,6,38241,为爱而生,录音室专辑,2006-12-29,10,宠上天,为爱而生,1.0,0.0
6200,385917,无时无刻,i,3,6,38241,为爱而生,录音室专辑,2006-12-29,10,宠上天,为爱而生,1.0,0.0
6201,385917,无怨无悔,i,3,6,38241,为爱而生,录音室专辑,2006-12-29,10,宠上天,为爱而生,1.0,0.0
6202,385917,一个,m,3,6,38241,为爱而生,录音室专辑,2006-12-29,10,宠上天,为爱而生,1.0,0.0
6203,385917,就算,v,3,6,38241,为爱而生,录音室专辑,2006-12-29,10,宠上天,为爱而生,1.0,0.0
6204,385917,打,v,3,6,38241,为爱而生,录音室专辑,2006-12-29,10,宠上天,为爱而生,1.0,0.0
6205,385917,踢,v,3,6,38241,为爱而生,录音室专辑,2006-12-29,10,宠上天,为爱而生,1.0,0.0
6206,385917,天堂,n,3,6,38241,为爱而生,录音室专辑,2006-12-29,10,宠上天,为爱而生,1.0,0.0
6207,385917,搬到,v,3,6,38241,为爱而生,录音室专辑,2006-12-29,10,宠上天,为爱而生,1.0,0.0
6208,385917,傻眼,n,3,6,38241,为爱而生,录音室专辑,2006-12-29,10,宠上天,为爱而生,1.0,0.0
6209,385917,鬼片,n,2,6,38241,为爱而生,录音室专辑,2006-12-29,10,宠上天,为爱而生,1.0,0.0
6210,385917,一种,m,2,6,38241,为爱而生,录音室专辑,2006-12-29,10,宠上天,为爱而生,1.0,0.0
6211,385917,想要,v,2,6,38241,为爱而生,录音室专辑,2006-12-29,10,宠上天,为爱而生,1.0,0.0
6212,385917,蹂躏,v,2,6,38241,为爱而生,录音室专辑,2006-12-29,10,宠上天,为爱而生,1.0,0.0
6213,385917,虐待,v,2,6,38241,为爱而生,录音室专辑,2006-12-29,10,宠上天,为爱而生,1.0,0.0
6214,385917,随便,d,2,6,38241,为爱而生,录音室专辑,2006-12-29,10,宠上天,为爱而生,1.0,0.0
6215,385917,羡慕,v,2,6,38241,为爱而生,录音室专辑,2006-12-29,10,宠上天,为爱而生,1.0,0.0
6216,385917,赞美,ns,2,6,38241,为爱而生,录音室专辑,2006-12-29,10,宠上天,为爱而生,1.0,0.0
6217,385917,啦,y,2,6,38241,为爱而生,录音室专辑,2006-12-29,10,宠上天,为爱而生,1.0,0.0
6218,385917,....,m,2,6,38241,为爱而生,录音室专辑,2006-12-29,10,宠上天,为爱而生,1.0,0.0
6219,385917,爱看,v,1,6,38241,为爱而生,录音室专辑,2006-12-29,10,宠上天,为爱而生,1.0,0.0
6220,385917,怕,v,1,6,38241,为爱而生,录音室专辑,2006-12-29,10,宠上天,为爱而生,1.0,0.0
6221,385917,看,v,1,6,38241,为爱而生,录音室专辑,2006-12-29,10,宠上天,为爱而生,1.0,0.0
6222,385917,就要,d,1,6,38241,为爱而生,录音室专辑,2006-12-29,10,宠上天,为爱而生,1.0,0.0
6223,385917,陪,v,1,6,38241,为爱而生,录音室专辑,2006-12-29,10,宠上天,为爱而生,1.0,0.0
6224,385917,坐在,v,1,6,38241,为爱而生,录音室专辑,2006-12-29,10,宠上天,为爱而生,1.0,0.0
6225,385917,很,d,1,6,38241,为爱而生,录音室专辑,2006-12-29,10,宠上天,为爱而生,1.0,0.0
6226,385917,想,v,1,6,38241,为爱而生,录音室专辑,2006-12-29,10,宠上天,为爱而生,1.0,0.0
6227,385917,告诉,v,1,6,38241,为爱而生,录音室专辑,2006-12-29,10,宠上天,为爱而生,1.0,0.0
6228,385917,比,p,1,6,38241,为爱而生,录音室专辑,2006-12-29,10,宠上天,为爱而生,1.0,0.0
6229,385917,还,d,1,6,38241,为爱而生,录音室专辑,2006-12-29,10,宠上天,为爱而生,1.0,0.0
6230,385917,怕鬼,n,1,6,38241,为爱而生,录音室专辑,2006-12-29,10,宠上天,为爱而生,1.0,0.0
6231,385917,无忧,v,1,6,38241,为爱而生,录音室专辑,2006-12-29,10,宠上天,为爱而生,1.0,0.0
6232,385917,无虑,v,1,6,38241,为爱而生,录音室专辑,2006-12-29,10,宠上天,为爱而生,1.0,0.0
6233,385917,每,zg,1,6,38241,为爱而生,录音室专辑,2006-12-29,10,宠上天,为爱而生,1.0,0.0
6234,385917,一天,m,1,6,38241,为爱而生,录音室专辑,2006-12-29,10,宠上天,为爱而生,1.0,0.0
6235,385917,口令,n,1,6,38241,为爱而生,录音室专辑,2006-12-29,10,宠上天,为爱而生,1.0,0.0
6236,385917,动作,n,1,6,38241,为爱而生,录音室专辑,2006-12-29,10,宠上天,为爱而生,1.0,0.0
6237,385917,绝不,d,1,6,38241,为爱而生,录音室专辑,2006-12-29,10,宠上天,为爱而生,1.0,0.0
6238,385917,拖延,v,1,6,38241,为爱而生,录音室专辑,2006-12-29,10,宠上天,为爱而生,1.0,0.0
6239,385917,皱眉,n,1,6,38241,为爱而生,录音室专辑,2006-12-29,10,宠上天,为爱而生,1.0,0.0
6240,385917,三条,m,1,6,38241,为爱而生,录音室专辑,2006-12-29,10,宠上天,为爱而生,1.0,0.0
6241,385917,黑线,n,1,6,38241,为爱而生,录音室专辑,2006-12-29,10,宠上天,为爱而生,1.0,0.0
6242,385917,高度,n,1,6,38241,为爱而生,录音室专辑,2006-12-29,10,宠上天,为爱而生,1.0,0.0
6243,385917,警戒,n,1,6,38241,为爱而生,录音室专辑,2006-12-29,10,宠上天,为爱而生,1.0,0.0
6244,385917,无法,n,1,6,38241,为爱而生,录音室专辑,2006-12-29,10,宠上天,为爱而生,1.0,0.0
6245,385917,无,v,1,6,38241,为爱而生,录音室专辑,2006-12-29,10,宠上天,为爱而生,1.0,0.0
6246,385917,撒野,nrt,1,6,38241,为爱而生,录音室专辑,2006-12-29,10,宠上天,为爱而生,1.0,0.0
6247,385917,一座,m,1,6,38241,为爱而生,录音室专辑,2006-12-29,10,宠上天,为爱而生,1.0,0.0
6248,385917,堡垒,n,1,6,38241,为爱而生,录音室专辑,2006-12-29,10,宠上天,为爱而生,1.0,0.0
6249,385917,哲学,n,1,6,38241,为爱而生,录音室专辑,2006-12-29,10,宠上天,为爱而生,1.0,0.0
6250,385917,我们,r,1,6,38241,为爱而生,录音室专辑,2006-12-29,10,宠上天,为爱而生,1.0,0.0
6251,385917,之间,f,1,6,38241,为爱而生,录音室专辑,2006-12-29,10,宠上天,为爱而生,1.0,0.0
6252,385917,一股,m,1,6,38241,为爱而生,录音室专辑,2006-12-29,10,宠上天,为爱而生,1.0,0.0
6253,385917,热血,n,1,6,38241,为爱而生,录音室专辑,2006-12-29,10,宠上天,为爱而生,1.0,0.0
6254,385917,一句,m,1,6,38241,为爱而生,录音室专辑,2006-12-29,10,宠上天,为爱而生,1.0,0.0
6255,385917,干杯,n,1,6,38241,为爱而生,录音室专辑,2006-12-29,10,宠上天,为爱而生,1.0,0.0
6256,385917,永远,d,1,6,38241,为爱而生,录音室专辑,2006-12-29,10,宠上天,为爱而生,1.0,0.0
6257,385917,爱,v,1,6,38241,为爱而生,录音室专辑,2006-12-29,10,宠上天,为爱而生,1.0,0.0
6258,385917,无穷,d,1,6,38241,为爱而生,录音室专辑,2006-12-29,10,宠上天,为爱而生,1.0,0.0
6259,385917,无尽,d,1,6,38241,为爱而生,录音室专辑,2006-12-29,10,宠上天,为爱而生,1.0,0.0
6260,385917,万万岁,m,1,6,38241,为爱而生,录音室专辑,2006-12-29,10,宠上天,为爱而生,1.0,0.0
6261,385921,我,r,16,6,38241,为爱而生,录音室专辑,2006-12-29,11,米老鼠,为爱而生,1.0,0.0
6262,385921,以为,c,8,6,38241,为爱而生,录音室专辑,2006-12-29,11,米老鼠,为爱而生,1.0,0.0
6263,385921,自己,r,6,6,38241,为爱而生,录音室专辑,2006-12-29,11,米老鼠,为爱而生,1.0,0.0
6264,385921,谁,r,5,6,38241,为爱而生,录音室专辑,2006-12-29,11,米老鼠,为爱而生,1.0,0.0
6265,385921,的,uj,5,6,38241,为爱而生,录音室专辑,2006-12-29,11,米老鼠,为爱而生,1.0,0.0
6266,385921,让,v,5,6,38241,为爱而生,录音室专辑,2006-12-29,11,米老鼠,为爱而生,1.0,0.0
6267,385921,是,v,4,6,38241,为爱而生,录音室专辑,2006-12-29,11,米老鼠,为爱而生,1.0,0.0
6268,385921,哭,v,4,6,38241,为爱而生,录音室专辑,2006-12-29,11,米老鼠,为爱而生,1.0,0.0
6269,385921,爱著,v,4,6,38241,为爱而生,录音室专辑,2006-12-29,11,米老鼠,为爱而生,1.0,0.0
6270,385921,孤独,a,4,6,38241,为爱而生,录音室专辑,2006-12-29,11,米老鼠,为爱而生,1.0,0.0
6271,385921,朋友,n,3,6,38241,为爱而生,录音室专辑,2006-12-29,11,米老鼠,为爱而生,1.0,0.0
6272,385921,无助,v,3,6,38241,为爱而生,录音室专辑,2006-12-29,11,米老鼠,为爱而生,1.0,0.0
6273,385921,跳舞,v,3,6,38241,为爱而生,录音室专辑,2006-12-29,11,米老鼠,为爱而生,1.0,0.0
6274,385921,著,n,3,6,38241,为爱而生,录音室专辑,2006-12-29,11,米老鼠,为爱而生,1.0,0.0
6275,385921,一身,m,2,6,38241,为爱而生,录音室专辑,2006-12-29,11,米老鼠,为爱而生,1.0,0.0
6276,385921,他,r,2,6,38241,为爱而生,录音室专辑,2006-12-29,11,米老鼠,为爱而生,1.0,0.0
6277,385921,陪,v,2,6,38241,为爱而生,录音室专辑,2006-12-29,11,米老鼠,为爱而生,1.0,0.0
6278,385921,当,p,2,6,38241,为爱而生,录音室专辑,2006-12-29,11,米老鼠,为爱而生,1.0,0.0
6279,385921,梦,n,2,6,38241,为爱而生,录音室专辑,2006-12-29,11,米老鼠,为爱而生,1.0,0.0
6280,385921,中,f,2,6,38241,为爱而生,录音室专辑,2006-12-29,11,米老鼠,为爱而生,1.0,0.0
6281,385921,城堡,n,2,6,38241,为爱而生,录音室专辑,2006-12-29,11,米老鼠,为爱而生,1.0,0.0
6282,385921,里面,f,2,6,38241,为爱而生,录音室专辑,2006-12-29,11,米老鼠,为爱而生,1.0,0.0
6283,385921,醒,v,2,6,38241,为爱而生,录音室专辑,2006-12-29,11,米老鼠,为爱而生,1.0,0.0
6284,385921,了,ul,2,6,38241,为爱而生,录音室专辑,2006-12-29,11,米老鼠,为爱而生,1.0,0.0
6285,385921,世界,n,2,6,38241,为爱而生,录音室专辑,2006-12-29,11,米老鼠,为爱而生,1.0,0.0
6286,385921,依然,d,2,6,38241,为爱而生,录音室专辑,2006-12-29,11,米老鼠,为爱而生,1.0,0.0
6287,385921,残酷,a,2,6,38241,为爱而生,录音室专辑,2006-12-29,11,米老鼠,为爱而生,1.0,0.0
6288,385921,不会,v,2,6,38241,为爱而生,录音室专辑,2006-12-29,11,米老鼠,为爱而生,1.0,0.0
6289,385921,迷路,n,2,6,38241,为爱而生,录音室专辑,2006-12-29,11,米老鼠,为爱而生,1.0,0.0
6290,385921,跟,p,2,6,38241,为爱而生,录音室专辑,2006-12-29,11,米老鼠,为爱而生,1.0,0.0
6291,385921,再,d,2,6,38241,为爱而生,录音室专辑,2006-12-29,11,米老鼠,为爱而生,1.0,0.0
6292,385921,不用,v,2,6,38241,为爱而生,录音室专辑,2006-12-29,11,米老鼠,为爱而生,1.0,0.0
6293,385921,照顾,v,2,6,38241,为爱而生,录音室专辑,2006-12-29,11,米老鼠,为爱而生,1.0,0.0
6294,385921,却,d,2,6,38241,为爱而生,录音室专辑,2006-12-29,11,米老鼠,为爱而生,1.0,0.0
6295,385921,又,d,2,6,38241,为爱而生,录音室专辑,2006-12-29,11,米老鼠,为爱而生,1.0,0.0
6296,385921,崩溃,v,2,6,38241,为爱而生,录音室专辑,2006-12-29,11,米老鼠,为爱而生,1.0,0.0
6297,385921,能,v,2,6,38241,为爱而生,录音室专辑,2006-12-29,11,米老鼠,为爱而生,1.0,0.0
6298,385921,拥抱,v,2,6,38241,为爱而生,录音室专辑,2006-12-29,11,米老鼠,为爱而生,1.0,0.0
6299,385921,尽情,d,2,6,38241,为爱而生,录音室专辑,2006-12-29,11,米老鼠,为爱而生,1.0,0.0
6300,385921,不,d,2,6,38241,为爱而生,录音室专辑,2006-12-29,11,米老鼠,为爱而生,1.0,0.0
6301,385921,麻木,a,2,6,38241,为爱而生,录音室专辑,2006-12-29,11,米老鼠,为爱而生,1.0,0.0
6302,385921,唯一,b,2,6,38241,为爱而生,录音室专辑,2006-12-29,11,米老鼠,为爱而生,1.0,0.0
6303,385921,不是,c,2,6,38241,为爱而生,录音室专辑,2006-12-29,11,米老鼠,为爱而生,1.0,0.0
6304,385921,老鼠,n,2,6,38241,为爱而生,录音室专辑,2006-12-29,11,米老鼠,为爱而生,1.0,0.0
6305,385921,黑皮肤,n,1,6,38241,为爱而生,录音室专辑,2006-12-29,11,米老鼠,为爱而生,1.0,0.0
6306,385921,白手套,n,1,6,38241,为爱而生,录音室专辑,2006-12-29,11,米老鼠,为爱而生,1.0,0.0
6307,385921,红短裤,n,1,6,38241,为爱而生,录音室专辑,2006-12-29,11,米老鼠,为爱而生,1.0,0.0
6308,385921,一双,m,1,6,38241,为爱而生,录音室专辑,2006-12-29,11,米老鼠,为爱而生,1.0,0.0
6309,385921,大大,b,1,6,38241,为爱而生,录音室专辑,2006-12-29,11,米老鼠,为爱而生,1.0,0.0
6310,385921,耳朵,n,1,6,38241,为爱而生,录音室专辑,2006-12-29,11,米老鼠,为爱而生,1.0,0.0
6311,385921,随时,d,1,6,38241,为爱而生,录音室专辑,2006-12-29,11,米老鼠,为爱而生,1.0,0.0
6312,385921,在,p,1,6,38241,为爱而生,录音室专辑,2006-12-29,11,米老鼠,为爱而生,1.0,0.0
6313,385921,向,p,1,6,38241,为爱而生,录音室专辑,2006-12-29,11,米老鼠,为爱而生,1.0,0.0
6314,385921,人,n,1,6,38241,为爱而生,录音室专辑,2006-12-29,11,米老鼠,为爱而生,1.0,0.0
6315,385921,打招呼,v,1,6,38241,为爱而生,录音室专辑,2006-12-29,11,米老鼠,为爱而生,1.0,0.0
6316,385921,笑,v,1,6,38241,为爱而生,录音室专辑,2006-12-29,11,米老鼠,为爱而生,1.0,0.0
6317,385921,尤其,d,1,6,38241,为爱而生,录音室专辑,2006-12-29,11,米老鼠,为爱而生,1.0,0.0
6318,385921,最,d,1,6,38241,为爱而生,录音室专辑,2006-12-29,11,米老鼠,为爱而生,1.0,0.0
6319,385921,有,v,1,6,38241,为爱而生,录音室专辑,2006-12-29,11,米老鼠,为爱而生,1.0,0.0
6320,385921,听著,v,1,6,38241,为爱而生,录音室专辑,2006-12-29,11,米老鼠,为爱而生,1.0,0.0
6321,385921,倾诉,v,1,6,38241,为爱而生,录音室专辑,2006-12-29,11,米老鼠,为爱而生,1.0,0.0
6322,385921,地,uv,1,6,38241,为爱而生,录音室专辑,2006-12-29,11,米老鼠,为爱而生,1.0,0.0
6323,385921,草莓族,nz,1,6,38241,为爱而生,录音室专辑,2006-12-29,11,米老鼠,为爱而生,1.0,0.0
6324,385921,你,r,1,6,38241,为爱而生,录音室专辑,2006-12-29,11,米老鼠,为爱而生,1.0,0.0
6325,385921,才,d,1,6,38241,为爱而生,录音室专辑,2006-12-29,11,米老鼠,为爱而生,1.0,0.0
6326,385921,榴莲族,nz,1,6,38241,为爱而生,录音室专辑,2006-12-29,11,米老鼠,为爱而生,1.0,0.0
6327,385921,伤人,n,1,6,38241,为爱而生,录音室专辑,2006-12-29,11,米老鼠,为爱而生,1.0,0.0
6328,385921,顽固,a,1,6,38241,为爱而生,录音室专辑,2006-12-29,11,米老鼠,为爱而生,1.0,0.0
6329,385921,伤害,a,1,6,38241,为爱而生,录音室专辑,2006-12-29,11,米老鼠,为爱而生,1.0,0.0
6330,385921,还要,c,1,6,38241,为爱而生,录音室专辑,2006-12-29,11,米老鼠,为爱而生,1.0,0.0
6331,385921,摩天轮,n,1,6,38241,为爱而生,录音室专辑,2006-12-29,11,米老鼠,为爱而生,1.0,0.0
6332,385921,停住,v,1,6,38241,为爱而生,录音室专辑,2006-12-29,11,米老鼠,为爱而生,1.0,0.0
6333,385921,咖啡杯,n,1,6,38241,为爱而生,录音室专辑,2006-12-29,11,米老鼠,为爱而生,1.0,0.0
6334,385921,孩子,n,1,6,38241,为爱而生,录音室专辑,2006-12-29,11,米老鼠,为爱而生,1.0,0.0
6335,385921,练习,v,1,6,38241,为爱而生,录音室专辑,2006-12-29,11,米老鼠,为爱而生,1.0,0.0
6336,385921,悲伤,a,1,6,38241,为爱而生,录音室专辑,2006-12-29,11,米老鼠,为爱而生,1.0,0.0
6337,385921,快乐,a,1,6,38241,为爱而生,录音室专辑,2006-12-29,11,米老鼠,为爱而生,1.0,0.0
6338,385921,也,d,1,6,38241,为爱而生,录音室专辑,2006-12-29,11,米老鼠,为爱而生,1.0,0.0
6339,385921,开始,v,1,6,38241,为爱而生,录音室专辑,2006-12-29,11,米老鼠,为爱而生,1.0,0.0
6340,385925,你,r,13,6,38241,为爱而生,录音室专辑,2006-12-29,12,一千个世纪,为爱而生,1.0,0.0
6341,385925,一起,m,10,6,38241,为爱而生,录音室专辑,2006-12-29,12,一千个世纪,为爱而生,1.0,0.0
6342,385925,我,r,9,6,38241,为爱而生,录音室专辑,2006-12-29,12,一千个世纪,为爱而生,1.0,0.0
6343,385925,我们,r,8,6,38241,为爱而生,录音室专辑,2006-12-29,12,一千个世纪,为爱而生,1.0,0.0
6344,385925,和,c,8,6,38241,为爱而生,录音室专辑,2006-12-29,12,一千个世纪,为爱而生,1.0,0.0
6345,385925,都,d,8,6,38241,为爱而生,录音室专辑,2006-12-29,12,一千个世纪,为爱而生,1.0,0.0
6346,385925,要,v,7,6,38241,为爱而生,录音室专辑,2006-12-29,12,一千个世纪,为爱而生,1.0,0.0
6347,385925,每次,r,7,6,38241,为爱而生,录音室专辑,2006-12-29,12,一千个世纪,为爱而生,1.0,0.0
6348,385925,Ha,eng,6,6,38241,为爱而生,录音室专辑,2006-12-29,12,一千个世纪,为爱而生,1.0,0.0
6349,385925,世纪,n,6,6,38241,为爱而生,录音室专辑,2006-12-29,12,一千个世纪,为爱而生,1.0,0.0
6350,385925,诞生,v,5,6,38241,为爱而生,录音室专辑,2006-12-29,12,一千个世纪,为爱而生,1.0,0.0
6351,385925,.,m,5,6,38241,为爱而生,录音室专辑,2006-12-29,12,一千个世纪,为爱而生,1.0,0.0
6352,385925,一千个,m,5,6,38241,为爱而生,录音室专辑,2006-12-29,12,一千个世纪,为爱而生,1.0,0.0
6353,385925,在,p,5,6,38241,为爱而生,录音室专辑,2006-12-29,12,一千个世纪,为爱而生,1.0,0.0
6354,385925,学会,n,3,6,38241,为爱而生,录音室专辑,2006-12-29,12,一千个世纪,为爱而生,1.0,0.0
6355,385925,走过,v,3,6,38241,为爱而生,录音室专辑,2006-12-29,12,一千个世纪,为爱而生,1.0,0.0
6356,385925,轮回,v,3,6,38241,为爱而生,录音室专辑,2006-12-29,12,一千个世纪,为爱而生,1.0,0.0
6357,385925,为,p,3,6,38241,为爱而生,录音室专辑,2006-12-29,12,一千个世纪,为爱而生,1.0,0.0
6358,385925,是,v,3,6,38241,为爱而生,录音室专辑,2006-12-29,12,一千个世纪,为爱而生,1.0,0.0
6359,385925,一个,m,3,6,38241,为爱而生,录音室专辑,2006-12-29,12,一千个世纪,为爱而生,1.0,0.0
6360,385925,当时,t,2,6,38241,为爱而生,录音室专辑,2006-12-29,12,一千个世纪,为爱而生,1.0,0.0
6361,385925,长,a,2,6,38241,为爱而生,录音室专辑,2006-12-29,12,一千个世纪,为爱而生,1.0,0.0
6362,385925,出,v,2,6,38241,为爱而生,录音室专辑,2006-12-29,12,一千个世纪,为爱而生,1.0,0.0
6363,385925,某,r,2,6,38241,为爱而生,录音室专辑,2006-12-29,12,一千个世纪,为爱而生,1.0,0.0
6364,385925,天,q,2,6,38241,为爱而生,录音室专辑,2006-12-29,12,一千个世纪,为爱而生,1.0,0.0
6365,385925,的,uj,2,6,38241,为爱而生,录音室专辑,2006-12-29,12,一千个世纪,为爱而生,1.0,0.0
6366,385925,与,p,2,6,38241,为爱而生,录音室专辑,2006-12-29,12,一千个世纪,为爱而生,1.0,0.0
6367,385925,相遇,v,2,6,38241,为爱而生,录音室专辑,2006-12-29,12,一千个世纪,为爱而生,1.0,0.0
6368,385925,活,vn,2,6,38241,为爱而生,录音室专辑,2006-12-29,12,一千个世纪,为爱而生,1.0,0.0
6369,385925,过,ug,2,6,38241,为爱而生,录音室专辑,2006-12-29,12,一千个世纪,为爱而生,1.0,0.0
6370,385925,只有,c,2,6,38241,为爱而生,录音室专辑,2006-12-29,12,一千个世纪,为爱而生,1.0,0.0
6371,385925,意义,n,2,6,38241,为爱而生,录音室专辑,2006-12-29,12,一千个世纪,为爱而生,1.0,0.0
6372,385925,就是,d,2,6,38241,为爱而生,录音室专辑,2006-12-29,12,一千个世纪,为爱而生,1.0,0.0
6373,385925,地球,n,1,6,38241,为爱而生,录音室专辑,2006-12-29,12,一千个世纪,为爱而生,1.0,0.0
6374,385925,还,d,1,6,38241,为爱而生,录音室专辑,2006-12-29,12,一千个世纪,为爱而生,1.0,0.0
6375,385925,年轻,a,1,6,38241,为爱而生,录音室专辑,2006-12-29,12,一千个世纪,为爱而生,1.0,0.0
6376,385925,荒凉,a,1,6,38241,为爱而生,录音室专辑,2006-12-29,12,一千个世纪,为爱而生,1.0,0.0
6377,385925,大,a,1,6,38241,为爱而生,录音室专辑,2006-12-29,12,一千个世纪,为爱而生,1.0,0.0
6378,385925,海里,s,1,6,38241,为爱而生,录音室专辑,2006-12-29,12,一千个世纪,为爱而生,1.0,0.0
6379,385925,演化,v,1,6,38241,为爱而生,录音室专辑,2006-12-29,12,一千个世纪,为爱而生,1.0,0.0
6380,385925,到,v,1,6,38241,为爱而生,录音室专辑,2006-12-29,12,一千个世纪,为爱而生,1.0,0.0
6381,385925,了,ul,1,6,38241,为爱而生,录音室专辑,2006-12-29,12,一千个世纪,为爱而生,1.0,0.0
6382,385925,寒武纪,nr,1,6,38241,为爱而生,录音室专辑,2006-12-29,12,一千个世纪,为爱而生,1.0,0.0
6383,385925,脊椎,n,1,6,38241,为爱而生,录音室专辑,2006-12-29,12,一千个世纪,为爱而生,1.0,0.0
6384,385925,勇气,n,1,6,38241,为爱而生,录音室专辑,2006-12-29,12,一千个世纪,为爱而生,1.0,0.0
6385,385925,开始,v,1,6,38241,为爱而生,录音室专辑,2006-12-29,12,一千个世纪,为爱而生,1.0,0.0
6386,385925,踩出,v,1,6,38241,为爱而生,录音室专辑,2006-12-29,12,一千个世纪,为爱而生,1.0,0.0
6387,385925,脚印,n,1,6,38241,为爱而生,录音室专辑,2006-12-29,12,一千个世纪,为爱而生,1.0,0.0
6388,385925,双手,n,1,6,38241,为爱而生,录音室专辑,2006-12-29,12,一千个世纪,为爱而生,1.0,0.0
6389,385925,拥抱,v,1,6,38241,为爱而生,录音室专辑,2006-12-29,12,一千个世纪,为爱而生,1.0,0.0
6390,385925,爱情,n,1,6,38241,为爱而生,录音室专辑,2006-12-29,12,一千个世纪,为爱而生,1.0,0.0
6391,385925,人类,n,1,6,38241,为爱而生,录音室专辑,2006-12-29,12,一千个世纪,为爱而生,1.0,0.0
6392,385925,心,n,1,6,38241,为爱而生,录音室专辑,2006-12-29,12,一千个世纪,为爱而生,1.0,0.0
6393,385925,野性,b,1,6,38241,为爱而生,录音室专辑,2006-12-29,12,一千个世纪,为爱而生,1.0,0.0
6394,385925,用,p,1,6,38241,为爱而生,录音室专辑,2006-12-29,12,一千个世纪,为爱而生,1.0,0.0
6395,385925,火,n,1,6,38241,为爱而生,录音室专辑,2006-12-29,12,一千个世纪,为爱而生,1.0,0.0
6396,385925,跟,p,1,6,38241,为爱而生,录音室专辑,2006-12-29,12,一千个世纪,为爱而生,1.0,0.0
6397,385925,穴居,v,1,6,38241,为爱而生,录音室专辑,2006-12-29,12,一千个世纪,为爱而生,1.0,0.0
6398,385925,后来,t,1,6,38241,为爱而生,录音室专辑,2006-12-29,12,一千个世纪,为爱而生,1.0,0.0
6399,385925,帝国,n,1,6,38241,为爱而生,录音室专辑,2006-12-29,12,一千个世纪,为爱而生,1.0,0.0
6400,385925,正,d,1,6,38241,为爱而生,录音室专辑,2006-12-29,12,一千个世纪,为爱而生,1.0,0.0
6401,385925,崛起,v,1,6,38241,为爱而生,录音室专辑,2006-12-29,12,一千个世纪,为爱而生,1.0,0.0
6402,385925,..,m,1,6,38241,为爱而生,录音室专辑,2006-12-29,12,一千个世纪,为爱而生,1.0,0.0
6403,385925,战乱,n,1,6,38241,为爱而生,录音室专辑,2006-12-29,12,一千个世纪,为爱而生,1.0,0.0
6404,385925,之中,r,1,6,38241,为爱而生,录音室专辑,2006-12-29,12,一千个世纪,为爱而生,1.0,0.0
6405,385925,更,d,1,6,38241,为爱而生,录音室专辑,2006-12-29,12,一千个世纪,为爱而生,1.0,0.0
6406,385925,相依,nr,1,6,38241,为爱而生,录音室专辑,2006-12-29,12,一千个世纪,为爱而生,1.0,0.0
6407,385925,突然,ad,1,6,38241,为爱而生,录音室专辑,2006-12-29,12,一千个世纪,为爱而生,1.0,0.0
6408,385925,回忆,v,1,6,38241,为爱而生,录音室专辑,2006-12-29,12,一千个世纪,为爱而生,1.0,0.0
6409,385925,过去,t,1,6,38241,为爱而生,录音室专辑,2006-12-29,12,一千个世纪,为爱而生,1.0,0.0
6410,385925,只是,c,1,6,38241,为爱而生,录音室专辑,2006-12-29,12,一千个世纪,为爱而生,1.0,0.0
6411,385925,两段,m,1,6,38241,为爱而生,录音室专辑,2006-12-29,12,一千个世纪,为爱而生,1.0,0.0
6412,385925,平凡,a,1,6,38241,为爱而生,录音室专辑,2006-12-29,12,一千个世纪,为爱而生,1.0,0.0
6413,385925,基因,n,1,6,38241,为爱而生,录音室专辑,2006-12-29,12,一千个世纪,为爱而生,1.0,0.0
6414,385925,却,d,1,6,38241,为爱而生,录音室专辑,2006-12-29,12,一千个世纪,为爱而生,1.0,0.0
6415,385925,爱,v,1,6,38241,为爱而生,录音室专辑,2006-12-29,12,一千个世纪,为爱而生,1.0,0.0
6416,385925,得,ud,1,6,38241,为爱而生,录音室专辑,2006-12-29,12,一千个世纪,为爱而生,1.0,0.0
6417,385925,很,d,1,6,38241,为爱而生,录音室专辑,2006-12-29,12,一千个世纪,为爱而生,1.0,0.0
6418,385925,美丽,ns,1,6,38241,为爱而生,录音室专辑,2006-12-29,12,一千个世纪,为爱而生,1.0,0.0
6419,385925,下,f,1,6,38241,为爱而生,录音室专辑,2006-12-29,12,一千个世纪,为爱而生,1.0,0.0
6420,385925,也许,d,1,6,38241,为爱而生,录音室专辑,2006-12-29,12,一千个世纪,为爱而生,1.0,0.0
6421,385925,人,n,1,6,38241,为爱而生,录音室专辑,2006-12-29,12,一千个世纪,为爱而生,1.0,0.0
6422,385925,或,c,1,6,38241,为爱而生,录音室专辑,2006-12-29,12,一千个世纪,为爱而生,1.0,0.0
6423,385925,蚂蚁,n,1,6,38241,为爱而生,录音室专辑,2006-12-29,12,一千个世纪,为爱而生,1.0,0.0
6424,385925,直到,v,1,6,38241,为爱而生,录音室专辑,2006-12-29,12,一千个世纪,为爱而生,1.0,0.0
6425,385925,文明,nr,1,6,38241,为爱而生,录音室专辑,2006-12-29,12,一千个世纪,为爱而生,1.0,0.0
6426,385925,又,d,1,6,38241,为爱而生,录音室专辑,2006-12-29,12,一千个世纪,为爱而生,1.0,0.0
6427,385925,毁灭,v,1,6,38241,为爱而生,录音室专辑,2006-12-29,12,一千个世纪,为爱而生,1.0,0.0
6428,385925,一千,m,1,6,38241,为爱而生,录音室专辑,2006-12-29,12,一千个世纪,为爱而生,1.0,0.0
6429,385925,后,f,1,6,38241,为爱而生,录音室专辑,2006-12-29,12,一千个世纪,为爱而生,1.0,0.0
6430,385925,第一天,m,1,6,38241,为爱而生,录音室专辑,2006-12-29,12,一千个世纪,为爱而生,1.0,0.0
6431,385925,伊甸园,ns,1,6,38241,为爱而生,录音室专辑,2006-12-29,12,一千个世纪,为爱而生,1.0,0.0
6432,385925,里,f,1,6,38241,为爱而生,录音室专辑,2006-12-29,12,一千个世纪,为爱而生,1.0,0.0
6433,385925,肩并肩,l,1,6,38241,为爱而生,录音室专辑,2006-12-29,12,一千个世纪,为爱而生,1.0,0.0
6434,385925,笑,v,1,6,38241,为爱而生,录音室专辑,2006-12-29,12,一千个世纪,为爱而生,1.0,0.0
6435,385925,看,v,1,6,38241,为爱而生,录音室专辑,2006-12-29,12,一千个世纪,为爱而生,1.0,0.0
6436,385925,太阳,ns,1,6,38241,为爱而生,录音室专辑,2006-12-29,12,一千个世纪,为爱而生,1.0,0.0
6437,385925,也,d,1,6,38241,为爱而生,录音室专辑,2006-12-29,12,一千个世纪,为爱而生,1.0,0.0
6438,385925,熄灭,v,1,6,38241,为爱而生,录音室专辑,2006-12-29,12,一千个世纪,为爱而生,1.0,0.0
6439,385781,的,uj,16,7,38235,后青春期的诗,录音室专辑,2008-10-23,1,突然好想你,后青春期的诗,1.0,0.0
6440,385781,突然,ad,13,7,38235,后青春期的诗,录音室专辑,2008-10-23,1,突然好想你,后青春期的诗,1.0,0.0
6441,385781,最,d,11,7,38235,后青春期的诗,录音室专辑,2008-10-23,1,突然好想你,后青春期的诗,1.0,0.0
6442,385781,怕,v,9,7,38235,后青春期的诗,录音室专辑,2008-10-23,1,突然好想你,后青春期的诗,1.0,0.0
6443,385781,你,r,7,7,38235,后青春期的诗,录音室专辑,2008-10-23,1,突然好想你,后青春期的诗,1.0,0.0
6444,385781,那么,r,5,7,38235,后青春期的诗,录音室专辑,2008-10-23,1,突然好想你,后青春期的诗,1.0,0.0
6445,385781,回忆,v,4,7,38235,后青春期的诗,录音室专辑,2008-10-23,1,突然好想你,后青春期的诗,1.0,0.0
6446,385781,自己,r,4,7,38235,后青春期的诗,录音室专辑,2008-10-23,1,突然好想你,后青春期的诗,1.0,0.0
6447,385781,突然好想你,nw,4,7,38235,后青春期的诗,录音室专辑,2008-10-23,1,突然好想你,后青春期的诗,1.0,0.0
6448,385781,不,d,3,7,38235,后青春期的诗,录音室专辑,2008-10-23,1,突然好想你,后青春期的诗,1.0,0.0
6449,385781,听到,v,3,7,38235,后青春期的诗,录音室专辑,2008-10-23,1,突然好想你,后青春期的诗,1.0,0.0
6450,385781,消息,n,3,7,38235,后青春期的诗,录音室专辑,2008-10-23,1,突然好想你,后青春期的诗,1.0,0.0
6451,385781,会,v,3,7,38235,后青春期的诗,录音室专辑,2008-10-23,1,突然好想你,后青春期的诗,1.0,0.0
6452,385781,过,ug,3,7,38235,后青春期的诗,录音室专辑,2008-10-23,1,突然好想你,后青春期的诗,1.0,0.0
6453,385781,我们,r,3,7,38235,后青春期的诗,录音室专辑,2008-10-23,1,突然好想你,后青春期的诗,1.0,0.0
6454,385781,空气,n,2,7,38235,后青春期的诗,录音室专辑,2008-10-23,1,突然好想你,后青春期的诗,1.0,0.0
6455,385781,安静,nr,2,7,38235,后青春期的诗,录音室专辑,2008-10-23,1,突然好想你,后青春期的诗,1.0,0.0
6456,385781,朋友,n,2,7,38235,后青春期的诗,录音室专辑,2008-10-23,1,突然好想你,后青春期的诗,1.0,0.0
6457,385781,关心,n,2,7,38235,后青春期的诗,录音室专辑,2008-10-23,1,突然好想你,后青春期的诗,1.0,0.0
6458,385781,翻滚,v,2,7,38235,后青春期的诗,录音室专辑,2008-10-23,1,突然好想你,后青春期的诗,1.0,0.0
6459,385781,绞痛,n,2,7,38235,后青春期的诗,录音室专辑,2008-10-23,1,突然好想你,后青春期的诗,1.0,0.0
6460,385781,着,uz,2,7,38235,后青春期的诗,录音室专辑,2008-10-23,1,突然好想你,后青春期的诗,1.0,0.0
6461,385781,平息,n,2,7,38235,后青春期的诗,录音室专辑,2008-10-23,1,突然好想你,后青春期的诗,1.0,0.0
6462,385781,悲伤,a,2,7,38235,后青春期的诗,录音室专辑,2008-10-23,1,突然好想你,后青春期的诗,1.0,0.0
6463,385781,我,r,2,7,38235,后青春期的诗,录音室专辑,2008-10-23,1,突然好想你,后青春期的诗,1.0,0.0
6464,385781,在,p,2,7,38235,后青春期的诗,录音室专辑,2008-10-23,1,突然好想你,后青春期的诗,1.0,0.0
6465,385781,哪里,r,2,7,38235,后青春期的诗,录音室专辑,2008-10-23,1,突然好想你,后青春期的诗,1.0,0.0
6466,385781,得,ud,2,7,38235,后青春期的诗,录音室专辑,2008-10-23,1,突然好想你,后青春期的诗,1.0,0.0
6467,385781,快乐,a,2,7,38235,后青春期的诗,录音室专辑,2008-10-23,1,突然好想你,后青春期的诗,1.0,0.0
6468,385781,或,c,2,7,38235,后青春期的诗,录音室专辑,2008-10-23,1,突然好想你,后青春期的诗,1.0,0.0
6469,385781,委屈,v,2,7,38235,后青春期的诗,录音室专辑,2008-10-23,1,突然好想你,后青春期的诗,1.0,0.0
6470,385781,锋利,a,2,7,38235,后青春期的诗,录音室专辑,2008-10-23,1,突然好想你,后青春期的诗,1.0,0.0
6471,385781,模糊,a,2,7,38235,后青春期的诗,录音室专辑,2008-10-23,1,突然好想你,后青春期的诗,1.0,0.0
6472,385781,眼睛,n,2,7,38235,后青春期的诗,录音室专辑,2008-10-23,1,突然好想你,后青春期的诗,1.0,0.0
6473,385781,想念,v,1,7,38235,后青春期的诗,录音室专辑,2008-10-23,1,突然好想你,后青春期的诗,1.0,0.0
6474,385781,如果,c,1,7,38235,后青春期的诗,录音室专辑,2008-10-23,1,突然好想你,后青春期的诗,1.0,0.0
6475,385781,有,v,1,7,38235,后青春期的诗,录音室专辑,2008-10-23,1,突然好想你,后青春期的诗,1.0,0.0
6476,385781,声音,n,1,7,38235,后青春期的诗,录音室专辑,2008-10-23,1,突然好想你,后青春期的诗,1.0,0.0
6477,385781,愿,v,1,7,38235,后青春期的诗,录音室专辑,2008-10-23,1,突然好想你,后青春期的诗,1.0,0.0
6478,385781,那,r,1,7,38235,后青春期的诗,录音室专辑,2008-10-23,1,突然好想你,后青春期的诗,1.0,0.0
6479,385781,是,v,1,7,38235,后青春期的诗,录音室专辑,2008-10-23,1,突然好想你,后青春期的诗,1.0,0.0
6480,385781,哭泣,v,1,7,38235,后青春期的诗,录音室专辑,2008-10-23,1,突然好想你,后青春期的诗,1.0,0.0
6481,385781,事到如今,l,1,7,38235,后青春期的诗,录音室专辑,2008-10-23,1,突然好想你,后青春期的诗,1.0,0.0
6482,385781,终于,d,1,7,38235,后青春期的诗,录音室专辑,2008-10-23,1,突然好想你,后青春期的诗,1.0,0.0
6483,385781,让,v,1,7,38235,后青春期的诗,录音室专辑,2008-10-23,1,突然好想你,后青春期的诗,1.0,0.0
6484,385781,属于,v,1,7,38235,后青春期的诗,录音室专辑,2008-10-23,1,突然好想你,后青春期的诗,1.0,0.0
6485,385781,只,d,1,7,38235,后青春期的诗,录音室专辑,2008-10-23,1,突然好想你,后青春期的诗,1.0,0.0
6486,385781,剩,v,1,7,38235,后青春期的诗,录音室专辑,2008-10-23,1,突然好想你,后青春期的诗,1.0,0.0
6487,385781,眼泪,n,1,7,38235,后青春期的诗,录音室专辑,2008-10-23,1,突然好想你,后青春期的诗,1.0,0.0
6488,385781,还,d,1,7,38235,后青春期的诗,录音室专辑,2008-10-23,1,突然好想你,后青春期的诗,1.0,0.0
6489,385781,骗,v,1,7,38235,后青春期的诗,录音室专辑,2008-10-23,1,突然好想你,后青春期的诗,1.0,0.0
6490,385781,不过,c,1,7,38235,后青春期的诗,录音室专辑,2008-10-23,1,突然好想你,后青春期的诗,1.0,0.0
6491,385781,像,v,1,7,38235,后青春期的诗,录音室专辑,2008-10-23,1,突然好想你,后青春期的诗,1.0,0.0
6492,385781,一首,m,1,7,38235,后青春期的诗,录音室专辑,2008-10-23,1,突然好想你,后青春期的诗,1.0,0.0
6493,385781,美丽,ns,1,7,38235,后青春期的诗,录音室专辑,2008-10-23,1,突然好想你,后青春期的诗,1.0,0.0
6494,385781,歌曲,n,1,7,38235,后青春期的诗,录音室专辑,2008-10-23,1,突然好想你,后青春期的诗,1.0,0.0
6495,385781,变成,v,1,7,38235,后青春期的诗,录音室专辑,2008-10-23,1,突然好想你,后青春期的诗,1.0,0.0
6496,385781,两部,m,1,7,38235,后青春期的诗,录音室专辑,2008-10-23,1,突然好想你,后青春期的诗,1.0,0.0
6497,385781,电影,n,1,7,38235,后青春期的诗,录音室专辑,2008-10-23,1,突然好想你,后青春期的诗,1.0,0.0
6498,385781,为什么,r,1,7,38235,后青春期的诗,录音室专辑,2008-10-23,1,突然好想你,后青春期的诗,1.0,0.0
6499,385781,带,v,1,7,38235,后青春期的诗,录音室专辑,2008-10-23,1,突然好想你,后青春期的诗,1.0,0.0
6500,385781,走过,v,1,7,38235,后青春期的诗,录音室专辑,2008-10-23,1,突然好想你,后青春期的诗,1.0,0.0
6501,385781,难忘,v,1,7,38235,后青春期的诗,录音室专辑,2008-10-23,1,突然好想你,后青春期的诗,1.0,0.0
6502,385781,旅行,vn,1,7,38235,后青春期的诗,录音室专辑,2008-10-23,1,突然好想你,后青春期的诗,1.0,0.0
6503,385781,然后,c,1,7,38235,后青春期的诗,录音室专辑,2008-10-23,1,突然好想你,后青春期的诗,1.0,0.0
6504,385781,留下,v,1,7,38235,后青春期的诗,录音室专辑,2008-10-23,1,突然好想你,后青春期的诗,1.0,0.0
6505,385781,最痛,a,1,7,38235,后青春期的诗,录音室专辑,2008-10-23,1,突然好想你,后青春期的诗,1.0,0.0
6506,385781,纪念品,n,1,7,38235,后青春期的诗,录音室专辑,2008-10-23,1,突然好想你,后青春期的诗,1.0,0.0
6507,385781,甜,a,1,7,38235,后青春期的诗,录音室专辑,2008-10-23,1,突然好想你,后青春期的诗,1.0,0.0
6508,385781,美,ns,1,7,38235,后青春期的诗,录音室专辑,2008-10-23,1,突然好想你,后青春期的诗,1.0,0.0
6509,385781,相信,v,1,7,38235,后青春期的诗,录音室专辑,2008-10-23,1,突然好想你,后青春期的诗,1.0,0.0
6510,385781,疯,v,1,7,38235,后青春期的诗,录音室专辑,2008-10-23,1,突然好想你,后青春期的诗,1.0,0.0
6511,385781,热烈,a,1,7,38235,后青春期的诗,录音室专辑,2008-10-23,1,突然好想你,后青春期的诗,1.0,0.0
6512,385781,曾经,d,1,7,38235,后青春期的诗,录音室专辑,2008-10-23,1,突然好想你,后青春期的诗,1.0,0.0
6513,385781,为何,r,1,7,38235,后青春期的诗,录音室专辑,2008-10-23,1,突然好想你,后青春期的诗,1.0,0.0
6514,385781,还是,c,1,7,38235,后青春期的诗,录音室专辑,2008-10-23,1,突然好想你,后青春期的诗,1.0,0.0
6515,385781,要,v,1,7,38235,后青春期的诗,录音室专辑,2008-10-23,1,突然好想你,后青春期的诗,1.0,0.0
6516,385781,奔,zg,1,7,38235,后青春期的诗,录音室专辑,2008-10-23,1,突然好想你,后青春期的诗,1.0,0.0
6517,385781,向,p,1,7,38235,后青春期的诗,录音室专辑,2008-10-23,1,突然好想你,后青春期的诗,1.0,0.0
6518,385781,各自,r,1,7,38235,后青春期的诗,录音室专辑,2008-10-23,1,突然好想你,后青春期的诗,1.0,0.0
6519,385781,幸福,a,1,7,38235,后青春期的诗,录音室专辑,2008-10-23,1,突然好想你,后青春期的诗,1.0,0.0
6520,385781,和,c,1,7,38235,后青春期的诗,录音室专辑,2008-10-23,1,突然好想你,后青春期的诗,1.0,0.0
6521,385781,遗憾,a,1,7,38235,后青春期的诗,录音室专辑,2008-10-23,1,突然好想你,后青春期的诗,1.0,0.0
6522,385781,中,f,1,7,38235,后青春期的诗,录音室专辑,2008-10-23,1,突然好想你,后青春期的诗,1.0,0.0
6523,385781,老,a,1,7,38235,后青春期的诗,录音室专辑,2008-10-23,1,突然好想你,后青春期的诗,1.0,0.0
6524,385781,去,v,1,7,38235,后青春期的诗,录音室专辑,2008-10-23,1,突然好想你,后青春期的诗,1.0,0.0
6525,385781,此生,t,1,7,38235,后青春期的诗,录音室专辑,2008-10-23,1,突然好想你,后青春期的诗,1.0,0.0
6526,385781,已经,d,1,7,38235,后青春期的诗,录音室专辑,2008-10-23,1,突然好想你,后青春期的诗,1.0,0.0
6527,385781,决心,v,1,7,38235,后青春期的诗,录音室专辑,2008-10-23,1,突然好想你,后青春期的诗,1.0,0.0
6528,385781,没有,v,1,7,38235,后青春期的诗,录音室专辑,2008-10-23,1,突然好想你,后青春期的诗,1.0,0.0
6529,385781,却,d,1,7,38235,后青春期的诗,录音室专辑,2008-10-23,1,突然好想你,后青春期的诗,1.0,0.0
6530,385781,又,d,1,7,38235,后青春期的诗,录音室专辑,2008-10-23,1,突然好想你,后青春期的诗,1.0,0.0
6531,385784,的,uj,30,7,38235,后青春期的诗,录音室专辑,2008-10-23,2,生存以上 生活以下,后青春期的诗,1.0,0.0
6532,385784,我,r,14,7,38235,后青春期的诗,录音室专辑,2008-10-23,2,生存以上 生活以下,后青春期的诗,1.0,0.0
6533,385784,看,v,12,7,38235,后青春期的诗,录音室专辑,2008-10-23,2,生存以上 生活以下,后青春期的诗,1.0,0.0
6534,385784,只,d,10,7,38235,后青春期的诗,录音室专辑,2008-10-23,2,生存以上 生活以下,后青春期的诗,1.0,0.0
6535,385784,怕,v,8,7,38235,后青春期的诗,录音室专辑,2008-10-23,2,生存以上 生活以下,后青春期的诗,1.0,0.0
6536,385784,生命,vn,6,7,38235,后青春期的诗,录音室专辑,2008-10-23,2,生存以上 生活以下,后青春期的诗,1.0,0.0
6537,385784,了,ul,5,7,38235,后青春期的诗,录音室专辑,2008-10-23,2,生存以上 生活以下,后青春期的诗,1.0,0.0
6538,385784,现在,t,5,7,38235,后青春期的诗,录音室专辑,2008-10-23,2,生存以上 生活以下,后青春期的诗,1.0,0.0
6539,385784,谁,r,5,7,38235,后青春期的诗,录音室专辑,2008-10-23,2,生存以上 生活以下,后青春期的诗,1.0,0.0
6540,385784,生存,v,5,7,38235,后青春期的诗,录音室专辑,2008-10-23,2,生存以上 生活以下,后青春期的诗,1.0,0.0
6541,385784,会,v,5,7,38235,后青春期的诗,录音室专辑,2008-10-23,2,生存以上 生活以下,后青春期的诗,1.0,0.0
6542,385784,生活,vn,5,7,38235,后青春期的诗,录音室专辑,2008-10-23,2,生存以上 生活以下,后青春期的诗,1.0,0.0
6543,385784,变成,v,4,7,38235,后青春期的诗,录音室专辑,2008-10-23,2,生存以上 生活以下,后青春期的诗,1.0,0.0
6544,385784,有,v,4,7,38235,后青春期的诗,录音室专辑,2008-10-23,2,生存以上 生活以下,后青春期的诗,1.0,0.0
6545,385784,一天一天,l,4,7,38235,后青春期的诗,录音室专辑,2008-10-23,2,生存以上 生活以下,后青春期的诗,1.0,0.0
6546,385784,日,j,4,7,38235,后青春期的诗,录音室专辑,2008-10-23,2,生存以上 生活以下,后青春期的诗,1.0,0.0
6547,385784,昇,yg,4,7,38235,后青春期的诗,录音室专辑,2008-10-23,2,生存以上 生活以下,后青春期的诗,1.0,0.0
6548,385784,日落,n,4,7,38235,后青春期的诗,录音室专辑,2008-10-23,2,生存以上 生活以下,后青春期的诗,1.0,0.0
6549,385784,月圆月缺,n,4,7,38235,后青春期的诗,录音室专辑,2008-10-23,2,生存以上 生活以下,后青春期的诗,1.0,0.0
6550,385784,年复一年,t,4,7,38235,后青春期的诗,录音室专辑,2008-10-23,2,生存以上 生活以下,后青春期的诗,1.0,0.0
6551,385784,经过,p,4,7,38235,后青春期的诗,录音室专辑,2008-10-23,2,生存以上 生活以下,后青春期的诗,1.0,0.0
6552,385784,潮起潮落,l,4,7,38235,后青春期的诗,录音室专辑,2008-10-23,2,生存以上 生活以下,后青春期的诗,1.0,0.0
6553,385784,患得患失,i,4,7,38235,后青春期的诗,录音室专辑,2008-10-23,2,生存以上 生活以下,后青春期的诗,1.0,0.0
6554,385784,错了又错,i,4,7,38235,后青春期的诗,录音室专辑,2008-10-23,2,生存以上 生活以下,后青春期的诗,1.0,0.0
6555,385784,疼痛,n,4,7,38235,后青春期的诗,录音室专辑,2008-10-23,2,生存以上 生活以下,后青春期的诗,1.0,0.0
6556,385784,终於,nr,4,7,38235,后青春期的诗,录音室专辑,2008-10-23,2,生存以上 生活以下,后青春期的诗,1.0,0.0
6557,385784,剩,v,4,7,38235,后青春期的诗,录音室专辑,2008-10-23,2,生存以上 生活以下,后青春期的诗,1.0,0.0
6558,385784,活着,v,4,7,38235,后青春期的诗,录音室专辑,2008-10-23,2,生存以上 生活以下,后青春期的诗,1.0,0.0
6559,385784,呼吸,v,4,7,38235,后青春期的诗,录音室专辑,2008-10-23,2,生存以上 生活以下,后青春期的诗,1.0,0.0
6560,385784,吃饭,v,4,7,38235,后青春期的诗,录音室专辑,2008-10-23,2,生存以上 生活以下,后青春期的诗,1.0,0.0
6561,385784,喝水,v,4,7,38235,后青春期的诗,录音室专辑,2008-10-23,2,生存以上 生活以下,后青春期的诗,1.0,0.0
6562,385784,也,d,3,7,38235,后青春期的诗,录音室专辑,2008-10-23,2,生存以上 生活以下,后青春期的诗,1.0,0.0
6563,385784,是,v,3,7,38235,后青春期的诗,录音室专辑,2008-10-23,2,生存以上 生活以下,后青春期的诗,1.0,0.0
6564,385784,还是,c,3,7,38235,后青春期的诗,录音室专辑,2008-10-23,2,生存以上 生活以下,后青春期的诗,1.0,0.0
6565,385784,把,p,3,7,38235,后青春期的诗,录音室专辑,2008-10-23,2,生存以上 生活以下,后青春期的诗,1.0,0.0
6566,385784,那,r,3,7,38235,后青春期的诗,录音室专辑,2008-10-23,2,生存以上 生活以下,后青春期的诗,1.0,0.0
6567,385784,连,nr,2,7,38235,后青春期的诗,录音室专辑,2008-10-23,2,生存以上 生活以下,后青春期的诗,1.0,0.0
6568,385784,刷牙,v,2,7,38235,后青春期的诗,录音室专辑,2008-10-23,2,生存以上 生活以下,后青春期的诗,1.0,0.0
6569,385784,照着,v,2,7,38235,后青春期的诗,录音室专辑,2008-10-23,2,生存以上 生活以下,后青春期的诗,1.0,0.0
6570,385784,节奏,n,2,7,38235,后青春期的诗,录音室专辑,2008-10-23,2,生存以上 生活以下,后青春期的诗,1.0,0.0
6571,385784,没有,v,2,7,38235,后青春期的诗,录音室专辑,2008-10-23,2,生存以上 生活以下,后青春期的诗,1.0,0.0
6572,385784,梦,n,2,7,38235,后青春期的诗,录音室专辑,2008-10-23,2,生存以上 生活以下,后青春期的诗,1.0,0.0
6573,385784,不再,d,2,7,38235,后青春期的诗,录音室专辑,2008-10-23,2,生存以上 生活以下,后青春期的诗,1.0,0.0
6574,385784,而,c,2,7,38235,后青春期的诗,录音室专辑,2008-10-23,2,生存以上 生活以下,后青春期的诗,1.0,0.0
6575,385784,都,d,2,7,38235,后青春期的诗,录音室专辑,2008-10-23,2,生存以上 生活以下,后青春期的诗,1.0,0.0
6576,385784,很,zg,2,7,38235,后青春期的诗,录音室专辑,2008-10-23,2,生存以上 生活以下,后青春期的诗,1.0,0.0
6577,385784,天空,n,2,7,38235,后青春期的诗,录音室专辑,2008-10-23,2,生存以上 生活以下,后青春期的诗,1.0,0.0
6578,385784,就,d,2,7,38235,后青春期的诗,录音室专辑,2008-10-23,2,生存以上 生活以下,后青春期的诗,1.0,0.0
6579,385784,拥有,v,2,7,38235,后青春期的诗,录音室专辑,2008-10-23,2,生存以上 生活以下,后青春期的诗,1.0,0.0
6580,385784,感觉,n,2,7,38235,后青春期的诗,录音室专辑,2008-10-23,2,生存以上 生活以下,后青春期的诗,1.0,0.0
6581,385784,一年,m,2,7,38235,后青春期的诗,录音室专辑,2008-10-23,2,生存以上 生活以下,后青春期的诗,1.0,0.0
6582,385784,追逐,v,2,7,38235,后青春期的诗,录音室专辑,2008-10-23,2,生存以上 生活以下,后青春期的诗,1.0,0.0
6583,385784,要,v,2,7,38235,后青春期的诗,录音室专辑,2008-10-23,2,生存以上 生活以下,后青春期的诗,1.0,0.0
6584,385784,能,v,2,7,38235,后青春期的诗,录音室专辑,2008-10-23,2,生存以上 生活以下,后青春期的诗,1.0,0.0
6585,385784,後,nr,2,7,38235,后青春期的诗,录音室专辑,2008-10-23,2,生存以上 生活以下,后青春期的诗,1.0,0.0
6586,385784,冲,v,1,7,38235,后青春期的诗,录音室专辑,2008-10-23,2,生存以上 生活以下,后青春期的诗,1.0,0.0
6587,385784,马桶,n,1,7,38235,后青春期的诗,录音室专辑,2008-10-23,2,生存以上 生活以下,后青春期的诗,1.0,0.0
6588,385784,洗,v,1,7,38235,后青春期的诗,录音室专辑,2008-10-23,2,生存以上 生活以下,后青春期的诗,1.0,0.0
6589,385784,脸上,s,1,7,38235,后青春期的诗,录音室专辑,2008-10-23,2,生存以上 生活以下,后青春期的诗,1.0,0.0
6590,385784,疲倦,a,1,7,38235,后青春期的诗,录音室专辑,2008-10-23,2,生存以上 生活以下,后青春期的诗,1.0,0.0
6591,385784,泡沫,n,1,7,38235,后青春期的诗,录音室专辑,2008-10-23,2,生存以上 生活以下,后青春期的诗,1.0,0.0
6592,385784,昨夜,t,1,7,38235,后青春期的诗,录音室专辑,2008-10-23,2,生存以上 生活以下,后青春期的诗,1.0,0.0
6593,385784,镜子,n,1,7,38235,后青春期的诗,录音室专辑,2008-10-23,2,生存以上 生活以下,后青春期的诗,1.0,0.0
6594,385784,里,f,1,7,38235,后青春期的诗,录音室专辑,2008-10-23,2,生存以上 生活以下,后青春期的诗,1.0,0.0
6595,385784,陌生人,n,1,7,38235,后青春期的诗,录音室专辑,2008-10-23,2,生存以上 生活以下,后青春期的诗,1.0,0.0
6596,385784,已经,d,1,7,38235,后青春期的诗,录音室专辑,2008-10-23,2,生存以上 生活以下,后青春期的诗,1.0,0.0
6597,385784,做梦,v,1,7,38235,后青春期的诗,录音室专辑,2008-10-23,2,生存以上 生活以下,后青春期的诗,1.0,0.0
6598,385784,上课,v,1,7,38235,后青春期的诗,录音室专辑,2008-10-23,2,生存以上 生活以下,后青春期的诗,1.0,0.0
6599,385784,钟,nr,1,7,38235,后青春期的诗,录音室专辑,2008-10-23,2,生存以上 生活以下,后青春期的诗,1.0,0.0
6600,385784,打卡钟,l,1,7,38235,后青春期的诗,录音室专辑,2008-10-23,2,生存以上 生活以下,后青春期的诗,1.0,0.0
6601,385784,单行道,n,1,7,38235,后青春期的诗,录音室专辑,2008-10-23,2,生存以上 生活以下,后青春期的诗,1.0,0.0
6602,385784,般的,u,1,7,38235,后青春期的诗,录音室专辑,2008-10-23,2,生存以上 生活以下,后青春期的诗,1.0,0.0
6603,385784,人生,n,1,7,38235,后青春期的诗,录音室专辑,2008-10-23,2,生存以上 生活以下,后青春期的诗,1.0,0.0
6604,385784,流失,v,1,7,38235,后青春期的诗,录音室专辑,2008-10-23,2,生存以上 生活以下,后青春期的诗,1.0,0.0
6605,385784,在,p,1,7,38235,后青春期的诗,录音室专辑,2008-10-23,2,生存以上 生活以下,后青春期的诗,1.0,0.0
6606,385784,车阵,n,1,7,38235,后青春期的诗,录音室专辑,2008-10-23,2,生存以上 生活以下,后青春期的诗,1.0,0.0
6607,385784,中,f,1,7,38235,后青春期的诗,录音室专辑,2008-10-23,2,生存以上 生活以下,后青春期的诗,1.0,0.0
6608,385784,进行曲,n,1,7,38235,后青春期的诗,录音室专辑,2008-10-23,2,生存以上 生活以下,后青春期的诗,1.0,0.0
6609,385784,规律,n,1,7,38235,后青春期的诗,录音室专辑,2008-10-23,2,生存以上 生活以下,后青春期的诗,1.0,0.0
6610,385784,平庸,a,1,7,38235,后青春期的诗,录音室专辑,2008-10-23,2,生存以上 生活以下,后青春期的诗,1.0,0.0
6611,385784,活,n,1,7,38235,后青春期的诗,录音室专辑,2008-10-23,2,生存以上 生活以下,后青春期的诗,1.0,0.0
6612,385784,像是,v,1,7,38235,后青春期的诗,录音室专辑,2008-10-23,2,生存以上 生活以下,后青春期的诗,1.0,0.0
6613,385784,一句,m,1,7,38235,后青春期的诗,录音室专辑,2008-10-23,2,生存以上 生活以下,后青春期的诗,1.0,0.0
6614,385784,标语,n,1,7,38235,后青春期的诗,录音室专辑,2008-10-23,2,生存以上 生活以下,后青春期的诗,1.0,0.0
6615,385784,压韵,n,1,7,38235,后青春期的诗,录音室专辑,2008-10-23,2,生存以上 生活以下,后青春期的诗,1.0,0.0
6616,385784,服从,v,1,7,38235,后青春期的诗,录音室专辑,2008-10-23,2,生存以上 生活以下,后青春期的诗,1.0,0.0
6617,385784,午餐,n,1,7,38235,后青春期的诗,录音室专辑,2008-10-23,2,生存以上 生活以下,后青春期的诗,1.0,0.0
6618,385784,随便,d,1,7,38235,后青春期的诗,录音室专辑,2008-10-23,2,生存以上 生活以下,后青春期的诗,1.0,0.0
6619,385784,好,a,1,7,38235,后青春期的诗,录音室专辑,2008-10-23,2,生存以上 生活以下,后青春期的诗,1.0,0.0
6620,385784,跟,p,1,7,38235,后青春期的诗,录音室专辑,2008-10-23,2,生存以上 生活以下,后青春期的诗,1.0,0.0
6621,385784,你,r,1,7,38235,后青春期的诗,录音室专辑,2008-10-23,2,生存以上 生活以下,后青春期的诗,1.0,0.0
6622,385784,一样,r,1,7,38235,后青春期的诗,录音室专辑,2008-10-23,2,生存以上 生活以下,后青春期的诗,1.0,0.0
6623,385784,任何,r,1,7,38235,后青春期的诗,录音室专辑,2008-10-23,2,生存以上 生活以下,后青春期的诗,1.0,0.0
6624,385784,一种,m,1,7,38235,后青春期的诗,录音室专辑,2008-10-23,2,生存以上 生活以下,后青春期的诗,1.0,0.0
6625,385784,奇怪,v,1,7,38235,后青春期的诗,录音室专辑,2008-10-23,2,生存以上 生活以下,后青春期的诗,1.0,0.0
6626,385784,呢,y,1,7,38235,后青春期的诗,录音室专辑,2008-10-23,2,生存以上 生活以下,后青春期的诗,1.0,0.0
6627,385784,很久以前,l,1,7,38235,后青春期的诗,录音室专辑,2008-10-23,2,生存以上 生活以下,后青春期的诗,1.0,0.0
6628,385784,想法,v,1,7,38235,后青春期的诗,录音室专辑,2008-10-23,2,生存以上 生活以下,后青春期的诗,1.0,0.0
6629,385784,主见,n,1,7,38235,后青春期的诗,录音室专辑,2008-10-23,2,生存以上 生活以下,后青春期的诗,1.0,0.0
6630,385784,心跳,v,1,7,38235,后青春期的诗,录音室专辑,2008-10-23,2,生存以上 生活以下,后青春期的诗,1.0,0.0
6631,385784,执着,v,1,7,38235,后青春期的诗,录音室专辑,2008-10-23,2,生存以上 生活以下,后青春期的诗,1.0,0.0
6632,385784,伤心,n,1,7,38235,后青春期的诗,录音室专辑,2008-10-23,2,生存以上 生活以下,后青春期的诗,1.0,0.0
6633,385784,再也,d,1,7,38235,后青春期的诗,录音室专辑,2008-10-23,2,生存以上 生活以下,后青春期的诗,1.0,0.0
6634,385784,不,d,1,7,38235,后青春期的诗,录音室专辑,2008-10-23,2,生存以上 生活以下,后青春期的诗,1.0,0.0
6635,385784,吹风,v,1,7,38235,后青春期的诗,录音室专辑,2008-10-23,2,生存以上 生活以下,后青春期的诗,1.0,0.0
6636,385784,害怕,v,1,7,38235,后青春期的诗,录音室专辑,2008-10-23,2,生存以上 生活以下,后青春期的诗,1.0,0.0
6637,385784,伤风,n,1,7,38235,后青春期的诗,录音室专辑,2008-10-23,2,生存以上 生活以下,后青春期的诗,1.0,0.0
6638,385784,耽误,v,1,7,38235,后青春期的诗,录音室专辑,2008-10-23,2,生存以上 生活以下,后青春期的诗,1.0,0.0
6639,385784,和,c,1,7,38235,后青春期的诗,录音室专辑,2008-10-23,2,生存以上 生活以下,后青春期的诗,1.0,0.0
6640,385784,要求,v,1,7,38235,后青春期的诗,录音室专辑,2008-10-23,2,生存以上 生活以下,后青春期的诗,1.0,0.0
6641,385784,小时候,n,1,7,38235,后青春期的诗,录音室专辑,2008-10-23,2,生存以上 生活以下,后青春期的诗,1.0,0.0
6642,385784,只要,c,1,7,38235,后青春期的诗,录音室专辑,2008-10-23,2,生存以上 生活以下,后青春期的诗,1.0,0.0
6643,385784,枕着,v,1,7,38235,后青春期的诗,录音室专辑,2008-10-23,2,生存以上 生活以下,后青春期的诗,1.0,0.0
6644,385784,白云,nr,1,7,38235,后青春期的诗,录音室专辑,2008-10-23,2,生存以上 生活以下,后青春期的诗,1.0,0.0
6645,385784,觉得,v,1,7,38235,后青春期的诗,录音室专辑,2008-10-23,2,生存以上 生活以下,后青春期的诗,1.0,0.0
6646,385784,全世界,n,1,7,38235,后青春期的诗,录音室专辑,2008-10-23,2,生存以上 生活以下,后青春期的诗,1.0,0.0
6647,385784,长大,ns,1,7,38235,后青春期的诗,录音室专辑,2008-10-23,2,生存以上 生活以下,后青春期的诗,1.0,0.0
6648,385784,更多,d,1,7,38235,后青春期的诗,录音室专辑,2008-10-23,2,生存以上 生活以下,后青春期的诗,1.0,0.0
6649,385784,为何,r,1,7,38235,后青春期的诗,录音室专辑,2008-10-23,2,生存以上 生活以下,后青春期的诗,1.0,0.0
6650,385784,到,v,1,7,38235,后青春期的诗,录音室专辑,2008-10-23,2,生存以上 生活以下,后青春期的诗,1.0,0.0
6651,385784,越来越,d,1,7,38235,后青春期的诗,录音室专辑,2008-10-23,2,生存以上 生活以下,后青春期的诗,1.0,0.0
6652,385784,匮乏,v,1,7,38235,后青春期的诗,录音室专辑,2008-10-23,2,生存以上 生活以下,后青春期的诗,1.0,0.0
6653,385784,越,d,1,7,38235,后青春期的诗,录音室专辑,2008-10-23,2,生存以上 生活以下,后青春期的诗,1.0,0.0
6654,385784,贫穷,a,1,7,38235,后青春期的诗,录音室专辑,2008-10-23,2,生存以上 生活以下,后青春期的诗,1.0,0.0
6655,385784,自由,a,1,7,38235,后青春期的诗,录音室专辑,2008-10-23,2,生存以上 生活以下,后青春期的诗,1.0,0.0
6656,385784,只能,v,1,7,38235,后青春期的诗,录音室专辑,2008-10-23,2,生存以上 生活以下,后青春期的诗,1.0,0.0
6657,385784,着,uz,1,7,38235,后青春期的诗,录音室专辑,2008-10-23,2,生存以上 生活以下,后青春期的诗,1.0,0.0
6658,385784,涨,v,1,7,38235,后青春期的诗,录音室专辑,2008-10-23,2,生存以上 生活以下,后青春期的诗,1.0,0.0
6659,385784,不停,d,1,7,38235,后青春期的诗,录音室专辑,2008-10-23,2,生存以上 生活以下,后青春期的诗,1.0,0.0
6660,385784,石油,n,1,7,38235,后青春期的诗,录音室专辑,2008-10-23,2,生存以上 生活以下,后青春期的诗,1.0,0.0
6661,385784,是不是,l,1,7,38235,后青春期的诗,录音室专辑,2008-10-23,2,生存以上 生活以下,后青春期的诗,1.0,0.0
6662,385784,地壳,n,1,7,38235,后青春期的诗,录音室专辑,2008-10-23,2,生存以上 生活以下,后青春期的诗,1.0,0.0
6663,385784,又,d,1,7,38235,后青春期的诗,录音室专辑,2008-10-23,2,生存以上 生活以下,后青春期的诗,1.0,0.0
6664,385784,震动,vn,1,7,38235,后青春期的诗,录音室专辑,2008-10-23,2,生存以上 生活以下,后青春期的诗,1.0,0.0
6665,385784,从,p,1,7,38235,后青春期的诗,录音室专辑,2008-10-23,2,生存以上 生活以下,后青春期的诗,1.0,0.0
6666,385784,家里,s,1,7,38235,后青春期的诗,录音室专辑,2008-10-23,2,生存以上 生活以下,后青春期的诗,1.0,0.0
6667,385784,震落,v,1,7,38235,后青春期的诗,录音室专辑,2008-10-23,2,生存以上 生活以下,后青春期的诗,1.0,0.0
6668,385784,才,d,1,7,38235,后青春期的诗,录音室专辑,2008-10-23,2,生存以上 生活以下,后青春期的诗,1.0,0.0
6669,385784,悔恨,v,1,7,38235,后青春期的诗,录音室专辑,2008-10-23,2,生存以上 生活以下,后青春期的诗,1.0,0.0
6670,385784,这样,r,1,7,38235,后青春期的诗,录音室专辑,2008-10-23,2,生存以上 生活以下,后青春期的诗,1.0,0.0
6671,385784,反面,d,1,7,38235,后青春期的诗,录音室专辑,2008-10-23,2,生存以上 生活以下,后青春期的诗,1.0,0.0
6672,385784,死去,v,1,7,38235,后青春期的诗,录音室专辑,2008-10-23,2,生存以上 生活以下,后青春期的诗,1.0,0.0
6673,385784,这般,r,1,7,38235,后青春期的诗,录音室专辑,2008-10-23,2,生存以上 生活以下,后青春期的诗,1.0,0.0
6674,385784,冲动,vn,1,7,38235,后青春期的诗,录音室专辑,2008-10-23,2,生存以上 生活以下,后青春期的诗,1.0,0.0
6675,385784,闭上眼,l,1,7,38235,后青春期的诗,录音室专辑,2008-10-23,2,生存以上 生活以下,后青春期的诗,1.0,0.0
6676,385784,正在,t,1,7,38235,后青春期的诗,录音室专辑,2008-10-23,2,生存以上 生活以下,后青春期的诗,1.0,0.0
6677,385784,一分一秒,m,1,7,38235,后青春期的诗,录音室专辑,2008-10-23,2,生存以上 生活以下,后青春期的诗,1.0,0.0
6678,385784,飞奔,v,1,7,38235,后青春期的诗,录音室专辑,2008-10-23,2,生存以上 生活以下,后青春期的诗,1.0,0.0
6679,385784,远离,v,1,7,38235,后青春期的诗,录音室专辑,2008-10-23,2,生存以上 生活以下,后青春期的诗,1.0,0.0
6680,385784,还,d,1,7,38235,后青春期的诗,录音室专辑,2008-10-23,2,生存以上 生活以下,后青春期的诗,1.0,0.0
6681,385784,不如,c,1,7,38235,后青春期的诗,录音室专辑,2008-10-23,2,生存以上 生活以下,后青春期的诗,1.0,0.0
6682,385784,一只,m,1,7,38235,后青春期的诗,录音室专辑,2008-10-23,2,生存以上 生活以下,后青春期的诗,1.0,0.0
6683,385784,昆虫,n,1,7,38235,后青春期的诗,录音室专辑,2008-10-23,2,生存以上 生活以下,后青春期的诗,1.0,0.0
6684,385784,至少,d,1,7,38235,后青春期的诗,录音室专辑,2008-10-23,2,生存以上 生活以下,后青春期的诗,1.0,0.0
6685,385784,破,v,1,7,38235,后青春期的诗,录音室专辑,2008-10-23,2,生存以上 生活以下,后青春期的诗,1.0,0.0
6686,385784,茧,ng,1,7,38235,后青春期的诗,录音室专辑,2008-10-23,2,生存以上 生活以下,后青春期的诗,1.0,0.0
6687,385784,展翅,v,1,7,38235,后青春期的诗,录音室专辑,2008-10-23,2,生存以上 生活以下,后青春期的诗,1.0,0.0
6688,385784,飞翔,nz,1,7,38235,后青春期的诗,录音室专辑,2008-10-23,2,生存以上 生活以下,后青春期的诗,1.0,0.0
6689,385784,被,p,1,7,38235,后青春期的诗,录音室专辑,2008-10-23,2,生存以上 生活以下,后青春期的诗,1.0,0.0
6690,385784,夺走,v,1,7,38235,后青春期的诗,录音室专辑,2008-10-23,2,生存以上 生活以下,后青春期的诗,1.0,0.0
6691,385784,三百六十五个,m,1,7,38235,后青春期的诗,录音室专辑,2008-10-23,2,生存以上 生活以下,后青春期的诗,1.0,0.0
6692,385784,日子,n,1,7,38235,后青春期的诗,录音室专辑,2008-10-23,2,生存以上 生活以下,后青春期的诗,1.0,0.0
6693,385784,五十,m,1,7,38235,后青春期的诗,录音室专辑,2008-10-23,2,生存以上 生活以下,后青春期的诗,1.0,0.0
6694,385784,二万五千,m,1,7,38235,后青春期的诗,录音室专辑,2008-10-23,2,生存以上 生活以下,后青春期的诗,1.0,0.0
6695,385784,多分钟,m,1,7,38235,后青春期的诗,录音室专辑,2008-10-23,2,生存以上 生活以下,后青春期的诗,1.0,0.0
6696,385784,一生,m,1,7,38235,后青春期的诗,录音室专辑,2008-10-23,2,生存以上 生活以下,后青春期的诗,1.0,0.0
6697,385784,三十四,m,1,7,38235,后青春期的诗,录音室专辑,2008-10-23,2,生存以上 生活以下,后青春期的诗,1.0,0.0
6698,385784,亿,m,1,7,38235,后青春期的诗,录音室专辑,2008-10-23,2,生存以上 生活以下,后青春期的诗,1.0,0.0
6699,385784,五千,m,1,7,38235,后青春期的诗,录音室专辑,2008-10-23,2,生存以上 生活以下,后青春期的诗,1.0,0.0
6700,385784,六百,m,1,7,38235,后青春期的诗,录音室专辑,2008-10-23,2,生存以上 生活以下,后青春期的诗,1.0,0.0
6701,385784,七十八,m,1,7,38235,后青春期的诗,录音室专辑,2008-10-23,2,生存以上 生活以下,后青春期的诗,1.0,0.0
6702,385784,万,m,1,7,38235,后青春期的诗,录音室专辑,2008-10-23,2,生存以上 生活以下,后青春期的诗,1.0,0.0
6703,385784,九千,m,1,7,38235,后青春期的诗,录音室专辑,2008-10-23,2,生存以上 生活以下,后青春期的诗,1.0,0.0
6704,385784,下,f,1,7,38235,后青春期的诗,录音室专辑,2008-10-23,2,生存以上 生活以下,后青春期的诗,1.0,0.0
6705,385784,脉搏,n,1,7,38235,后青春期的诗,录音室专辑,2008-10-23,2,生存以上 生活以下,后青春期的诗,1.0,0.0
6706,385784,为,p,1,7,38235,后青春期的诗,录音室专辑,2008-10-23,2,生存以上 生活以下,后青春期的诗,1.0,0.0
6707,385784,爱,v,1,7,38235,后青春期的诗,录音室专辑,2008-10-23,2,生存以上 生活以下,后青春期的诗,1.0,0.0
6708,385784,出生,v,1,7,38235,后青春期的诗,录音室专辑,2008-10-23,2,生存以上 生活以下,后青春期的诗,1.0,0.0
6709,385784,之,u,1,7,38235,后青春期的诗,录音室专辑,2008-10-23,2,生存以上 生活以下,后青春期的诗,1.0,0.0
6710,385784,怎,r,1,7,38235,后青春期的诗,录音室专辑,2008-10-23,2,生存以上 生活以下,后青春期的诗,1.0,0.0
6711,385784,挥霍,v,1,7,38235,后青春期的诗,录音室专辑,2008-10-23,2,生存以上 生活以下,后青春期的诗,1.0,0.0
6712,385784,直到,v,1,7,38235,后青春期的诗,录音室专辑,2008-10-23,2,生存以上 生活以下,后青春期的诗,1.0,0.0
6713,385784,化成,v,1,7,38235,后青春期的诗,录音室专辑,2008-10-23,2,生存以上 生活以下,后青春期的诗,1.0,0.0
6714,385784,烟,n,1,7,38235,后青春期的诗,录音室专辑,2008-10-23,2,生存以上 生活以下,后青春期的诗,1.0,0.0
6715,385784,时候,n,1,7,38235,后青春期的诗,录音室专辑,2008-10-23,2,生存以上 生活以下,后青春期的诗,1.0,0.0
6716,385784,曾经,d,1,7,38235,后青春期的诗,录音室专辑,2008-10-23,2,生存以上 生活以下,后青春期的诗,1.0,0.0
6717,385784,独一无二,i,1,7,38235,后青春期的诗,录音室专辑,2008-10-23,2,生存以上 生活以下,后青春期的诗,1.0,0.0
6718,385784,然,r,1,7,38235,后青春期的诗,录音室专辑,2008-10-23,2,生存以上 生活以下,后青春期的诗,1.0,0.0
6719,385784,设定,v,1,7,38235,后青春期的诗,录音室专辑,2008-10-23,2,生存以上 生活以下,后青春期的诗,1.0,0.0
6720,385784,明天,t,1,7,38235,后青春期的诗,录音室专辑,2008-10-23,2,生存以上 生活以下,后青春期的诗,1.0,0.0
6721,385784,六点半,m,1,7,38235,后青春期的诗,录音室专辑,2008-10-23,2,生存以上 生活以下,后青春期的诗,1.0,0.0
6722,385784,闹钟,n,1,7,38235,后青春期的诗,录音室专辑,2008-10-23,2,生存以上 生活以下,后青春期的诗,1.0,0.0
6723,385787,你,r,32,7,38235,后青春期的诗,录音室专辑,2008-10-23,3,你不是真正的快乐,后青春期的诗,1.0,0.0
6724,385787,的,uj,28,7,38235,后青春期的诗,录音室专辑,2008-10-23,3,你不是真正的快乐,后青春期的诗,1.0,0.0
6725,385787,了,ul,15,7,38235,后青春期的诗,录音室专辑,2008-10-23,3,你不是真正的快乐,后青春期的诗,1.0,0.0
6726,385787,着,uz,10,7,38235,后青春期的诗,录音室专辑,2008-10-23,3,你不是真正的快乐,后青春期的诗,1.0,0.0
6727,385787,决定,v,8,7,38235,后青春期的诗,录音室专辑,2008-10-23,3,你不是真正的快乐,后青春期的诗,1.0,0.0
6728,385787,在,p,8,7,38235,后青春期的诗,录音室专辑,2008-10-23,3,你不是真正的快乐,后青春期的诗,1.0,0.0
6729,385787,不是,c,6,7,38235,后青春期的诗,录音室专辑,2008-10-23,3,你不是真正的快乐,后青春期的诗,1.0,0.0
6730,385787,真正,d,6,7,38235,后青春期的诗,录音室专辑,2008-10-23,3,你不是真正的快乐,后青春期的诗,1.0,0.0
6731,385787,快乐,a,6,7,38235,后青春期的诗,录音室专辑,2008-10-23,3,你不是真正的快乐,后青春期的诗,1.0,0.0
6732,385787,不,d,6,7,38235,后青春期的诗,录音室专辑,2008-10-23,3,你不是真正的快乐,后青春期的诗,1.0,0.0
6733,385787,笑,n,5,7,38235,后青春期的诗,录音室专辑,2008-10-23,3,你不是真正的快乐,后青春期的诗,1.0,0.0
6734,385787,把,p,4,7,38235,后青春期的诗,录音室专辑,2008-10-23,3,你不是真正的快乐,后青春期的诗,1.0,0.0
6735,385787,穿,v,4,7,38235,后青春期的诗,录音室专辑,2008-10-23,3,你不是真正的快乐,后青春期的诗,1.0,0.0
6736,385787,保护色,n,4,7,38235,后青春期的诗,录音室专辑,2008-10-23,3,你不是真正的快乐,后青春期的诗,1.0,0.0
6737,385787,只是,c,3,7,38235,后青春期的诗,录音室专辑,2008-10-23,3,你不是真正的快乐,后青春期的诗,1.0,0.0
6738,385787,恨,v,3,7,38235,后青春期的诗,录音室专辑,2008-10-23,3,你不是真正的快乐,后青春期的诗,1.0,0.0
6739,385787,也,d,3,7,38235,后青春期的诗,录音室专辑,2008-10-23,3,你不是真正的快乐,后青春期的诗,1.0,0.0
6740,385787,爱,v,3,7,38235,后青春期的诗,录音室专辑,2008-10-23,3,你不是真正的快乐,后青春期的诗,1.0,0.0
6741,385787,灵魂,n,3,7,38235,后青春期的诗,录音室专辑,2008-10-23,3,你不是真正的快乐,后青春期的诗,1.0,0.0
6742,385787,关,v,3,7,38235,后青春期的诗,录音室专辑,2008-10-23,3,你不是真正的快乐,后青春期的诗,1.0,0.0
6743,385787,永远,d,3,7,38235,后青春期的诗,录音室专辑,2008-10-23,3,你不是真正的快乐,后青春期的诗,1.0,0.0
6744,385787,锁上,v,3,7,38235,后青春期的诗,录音室专辑,2008-10-23,3,你不是真正的快乐,后青春期的诗,1.0,0.0
6745,385787,躯壳,n,3,7,38235,后青春期的诗,录音室专辑,2008-10-23,3,你不是真正的快乐,后青春期的诗,1.0,0.0
6746,385787,或,c,2,7,38235,后青春期的诗,录音室专辑,2008-10-23,3,你不是真正的快乐,后青春期的诗,1.0,0.0
6747,385787,已经,d,2,7,38235,后青春期的诗,录音室专辑,2008-10-23,3,你不是真正的快乐,后青春期的诗,1.0,0.0
6748,385787,越是,d,2,7,38235,后青春期的诗,录音室专辑,2008-10-23,3,你不是真正的快乐,后青春期的诗,1.0,0.0
6749,385787,于是,c,2,7,38235,后青春期的诗,录音室专辑,2008-10-23,3,你不是真正的快乐,后青春期的诗,1.0,0.0
6750,385787,伤,v,2,7,38235,后青春期的诗,录音室专辑,2008-10-23,3,你不是真正的快乐,后青春期的诗,1.0,0.0
6751,385787,从,p,2,7,38235,后青春期的诗,录音室专辑,2008-10-23,3,你不是真正的快乐,后青春期的诗,1.0,0.0
6752,385787,不肯,v,2,7,38235,后青春期的诗,录音室专辑,2008-10-23,3,你不是真正的快乐,后青春期的诗,1.0,0.0
6753,385787,完全,ad,2,7,38235,后青春期的诗,录音室专辑,2008-10-23,3,你不是真正的快乐,后青春期的诗,1.0,0.0
6754,385787,愈合,v,2,7,38235,后青春期的诗,录音室专辑,2008-10-23,3,你不是真正的快乐,后青春期的诗,1.0,0.0
6755,385787,我,r,2,7,38235,后青春期的诗,录音室专辑,2008-10-23,3,你不是真正的快乐,后青春期的诗,1.0,0.0
6756,385787,站,v,2,7,38235,后青春期的诗,录音室专辑,2008-10-23,3,你不是真正的快乐,后青春期的诗,1.0,0.0
6757,385787,左侧,f,2,7,38235,后青春期的诗,录音室专辑,2008-10-23,3,你不是真正的快乐,后青春期的诗,1.0,0.0
6758,385787,却,d,2,7,38235,后青春期的诗,录音室专辑,2008-10-23,3,你不是真正的快乐,后青春期的诗,1.0,0.0
6759,385787,像,v,2,7,38235,后青春期的诗,录音室专辑,2008-10-23,3,你不是真正的快乐,后青春期的诗,1.0,0.0
6760,385787,隔,v,2,7,38235,后青春期的诗,录音室专辑,2008-10-23,3,你不是真正的快乐,后青春期的诗,1.0,0.0
6761,385787,银河,n,2,7,38235,后青春期的诗,录音室专辑,2008-10-23,3,你不是真正的快乐,后青春期的诗,1.0,0.0
6762,385787,难道,d,2,7,38235,后青春期的诗,录音室专辑,2008-10-23,3,你不是真正的快乐,后青春期的诗,1.0,0.0
6763,385787,就,d,2,7,38235,后青春期的诗,录音室专辑,2008-10-23,3,你不是真正的快乐,后青春期的诗,1.0,0.0
6764,385787,真的,d,2,7,38235,后青春期的诗,录音室专辑,2008-10-23,3,你不是真正的快乐,后青春期的诗,1.0,0.0
6765,385787,抱,v,2,7,38235,后青春期的诗,录音室专辑,2008-10-23,3,你不是真正的快乐,后青春期的诗,1.0,0.0
6766,385787,遗憾,a,2,7,38235,后青春期的诗,录音室专辑,2008-10-23,3,你不是真正的快乐,后青春期的诗,1.0,0.0
6767,385787,一直,d,2,7,38235,后青春期的诗,录音室专辑,2008-10-23,3,你不是真正的快乐,后青春期的诗,1.0,0.0
6768,385787,到,v,2,7,38235,后青春期的诗,录音室专辑,2008-10-23,3,你不是真正的快乐,后青春期的诗,1.0,0.0
6769,385787,老,a,2,7,38235,后青春期的诗,录音室专辑,2008-10-23,3,你不是真正的快乐,后青春期的诗,1.0,0.0
6770,385787,人群,n,1,7,38235,后青春期的诗,录音室专辑,2008-10-23,3,你不是真正的快乐,后青春期的诗,1.0,0.0
6771,385787,中,f,1,7,38235,后青春期的诗,录音室专辑,2008-10-23,3,你不是真正的快乐,后青春期的诗,1.0,0.0
6772,385787,哭,v,1,7,38235,后青春期的诗,录音室专辑,2008-10-23,3,你不是真正的快乐,后青春期的诗,1.0,0.0
6773,385787,只,d,1,7,38235,后青春期的诗,录音室专辑,2008-10-23,3,你不是真正的快乐,后青春期的诗,1.0,0.0
6774,385787,想,v,1,7,38235,后青春期的诗,录音室专辑,2008-10-23,3,你不是真正的快乐,后青春期的诗,1.0,0.0
6775,385787,变成,v,1,7,38235,后青春期的诗,录音室专辑,2008-10-23,3,你不是真正的快乐,后青春期的诗,1.0,0.0
6776,385787,透明,v,1,7,38235,后青春期的诗,录音室专辑,2008-10-23,3,你不是真正的快乐,后青春期的诗,1.0,0.0
6777,385787,颜色,n,1,7,38235,后青春期的诗,录音室专辑,2008-10-23,3,你不是真正的快乐,后青春期的诗,1.0,0.0
6778,385787,再也不会,l,1,7,38235,后青春期的诗,录音室专辑,2008-10-23,3,你不是真正的快乐,后青春期的诗,1.0,0.0
6779,385787,梦,n,1,7,38235,后青春期的诗,录音室专辑,2008-10-23,3,你不是真正的快乐,后青春期的诗,1.0,0.0
6780,385787,痛,an,1,7,38235,后青春期的诗,录音室专辑,2008-10-23,3,你不是真正的快乐,后青春期的诗,1.0,0.0
6781,385787,心动,n,1,7,38235,后青春期的诗,录音室专辑,2008-10-23,3,你不是真正的快乐,后青春期的诗,1.0,0.0
6782,385787,静静,nr,1,7,38235,后青春期的诗,录音室专辑,2008-10-23,3,你不是真正的快乐,后青春期的诗,1.0,0.0
6783,385787,忍,v,1,7,38235,后青春期的诗,录音室专辑,2008-10-23,3,你不是真正的快乐,后青春期的诗,1.0,0.0
6784,385787,紧紧,d,1,7,38235,后青春期的诗,录音室专辑,2008-10-23,3,你不是真正的快乐,后青春期的诗,1.0,0.0
6785,385787,昨天,t,1,7,38235,后青春期的诗,录音室专辑,2008-10-23,3,你不是真正的快乐,后青春期的诗,1.0,0.0
6786,385787,拳心,n,1,7,38235,后青春期的诗,录音室专辑,2008-10-23,3,你不是真正的快乐,后青春期的诗,1.0,0.0
6787,385787,握,v,1,7,38235,后青春期的诗,录音室专辑,2008-10-23,3,你不是真正的快乐,后青春期的诗,1.0,0.0
6788,385787,而,c,1,7,38235,后青春期的诗,录音室专辑,2008-10-23,3,你不是真正的快乐,后青春期的诗,1.0,0.0
6789,385787,回忆,v,1,7,38235,后青春期的诗,录音室专辑,2008-10-23,3,你不是真正的快乐,后青春期的诗,1.0,0.0
6790,385787,甜,a,1,7,38235,后青春期的诗,录音室专辑,2008-10-23,3,你不是真正的快乐,后青春期的诗,1.0,0.0
6791,385787,就是,d,1,7,38235,后青春期的诗,录音室专辑,2008-10-23,3,你不是真正的快乐,后青春期的诗,1.0,0.0
6792,385787,越,d,1,7,38235,后青春期的诗,录音室专辑,2008-10-23,3,你不是真正的快乐,后青春期的诗,1.0,0.0
6793,385787,伤人,n,1,7,38235,后青春期的诗,录音室专辑,2008-10-23,3,你不是真正的快乐,后青春期的诗,1.0,0.0
6794,385787,手心,n,1,7,38235,后青春期的诗,录音室专辑,2008-10-23,3,你不是真正的快乐,后青春期的诗,1.0,0.0
6795,385787,留下,v,1,7,38235,后青春期的诗,录音室专辑,2008-10-23,3,你不是真正的快乐,后青春期的诗,1.0,0.0
6796,385787,密密麻麻,z,1,7,38235,后青春期的诗,录音室专辑,2008-10-23,3,你不是真正的快乐,后青春期的诗,1.0,0.0
6797,385787,深深浅浅,i,1,7,38235,后青春期的诗,录音室专辑,2008-10-23,3,你不是真正的快乐,后青春期的诗,1.0,0.0
6798,385787,刀割,n,1,7,38235,后青春期的诗,录音室专辑,2008-10-23,3,你不是真正的快乐,后青春期的诗,1.0,0.0
6799,385787,这,r,1,7,38235,后青春期的诗,录音室专辑,2008-10-23,3,你不是真正的快乐,后青春期的诗,1.0,0.0
6800,385787,世界,n,1,7,38235,后青春期的诗,录音室专辑,2008-10-23,3,你不是真正的快乐,后青春期的诗,1.0,0.0
6801,385787,合群,n,1,7,38235,后青春期的诗,录音室专辑,2008-10-23,3,你不是真正的快乐,后青春期的诗,1.0,0.0
6802,385787,一起,m,1,7,38235,后青春期的诗,录音室专辑,2008-10-23,3,你不是真正的快乐,后青春期的诗,1.0,0.0
6803,385787,当,t,1,7,38235,后青春期的诗,录音室专辑,2008-10-23,3,你不是真正的快乐,后青春期的诗,1.0,0.0
6804,385787,生存,v,1,7,38235,后青春期的诗,录音室专辑,2008-10-23,3,你不是真正的快乐,后青春期的诗,1.0,0.0
6805,385787,是,v,1,7,38235,后青春期的诗,录音室专辑,2008-10-23,3,你不是真正的快乐,后青春期的诗,1.0,0.0
6806,385787,规则,n,1,7,38235,后青春期的诗,录音室专辑,2008-10-23,3,你不是真正的快乐,后青春期的诗,1.0,0.0
6807,385787,选择,v,1,7,38235,后青春期的诗,录音室专辑,2008-10-23,3,你不是真正的快乐,后青春期的诗,1.0,0.0
6808,385787,含,v,1,7,38235,后青春期的诗,录音室专辑,2008-10-23,3,你不是真正的快乐,后青春期的诗,1.0,0.0
6809,385787,眼泪,n,1,7,38235,后青春期的诗,录音室专辑,2008-10-23,3,你不是真正的快乐,后青春期的诗,1.0,0.0
6810,385787,飘飘荡荡,z,1,7,38235,后青春期的诗,录音室专辑,2008-10-23,3,你不是真正的快乐,后青春期的诗,1.0,0.0
6811,385787,跌跌撞撞,z,1,7,38235,后青春期的诗,录音室专辑,2008-10-23,3,你不是真正的快乐,后青春期的诗,1.0,0.0
6812,385787,走,v,1,7,38235,后青春期的诗,录音室专辑,2008-10-23,3,你不是真正的快乐,后青春期的诗,1.0,0.0
6813,385787,然后,c,1,7,38235,后青春期的诗,录音室专辑,2008-10-23,3,你不是真正的快乐,后青春期的诗,1.0,0.0
6814,385787,才,d,1,7,38235,后青春期的诗,录音室专辑,2008-10-23,3,你不是真正的快乐,后青春期的诗,1.0,0.0
6815,385787,后悔,v,1,7,38235,后青春期的诗,录音室专辑,2008-10-23,3,你不是真正的快乐,后青春期的诗,1.0,0.0
6816,385787,值得,v,1,7,38235,后青春期的诗,录音室专辑,2008-10-23,3,你不是真正的快乐,后青春期的诗,1.0,0.0
6817,385787,应该,v,1,7,38235,后青春期的诗,录音室专辑,2008-10-23,3,你不是真正的快乐,后青春期的诗,1.0,0.0
6818,385787,脱下,v,1,7,38235,后青春期的诗,录音室专辑,2008-10-23,3,你不是真正的快乐,后青春期的诗,1.0,0.0
6819,385787,为什么,r,1,7,38235,后青春期的诗,录音室专辑,2008-10-23,3,你不是真正的快乐,后青春期的诗,1.0,0.0
6820,385787,失去,v,1,7,38235,后青春期的诗,录音室专辑,2008-10-23,3,你不是真正的快乐,后青春期的诗,1.0,0.0
6821,385787,还要,c,1,7,38235,后青春期的诗,录音室专辑,2008-10-23,3,你不是真正的快乐,后青春期的诗,1.0,0.0
6822,385787,被,p,1,7,38235,后青春期的诗,录音室专辑,2008-10-23,3,你不是真正的快乐,后青春期的诗,1.0,0.0
6823,385787,惩罚,vn,1,7,38235,后青春期的诗,录音室专辑,2008-10-23,3,你不是真正的快乐,后青春期的诗,1.0,0.0
6824,385787,呢,y,1,7,38235,后青春期的诗,录音室专辑,2008-10-23,3,你不是真正的快乐,后青春期的诗,1.0,0.0
6825,385787,能,v,1,7,38235,后青春期的诗,录音室专辑,2008-10-23,3,你不是真正的快乐,后青春期的诗,1.0,0.0
6826,385787,不能,v,1,7,38235,后青春期的诗,录音室专辑,2008-10-23,3,你不是真正的快乐,后青春期的诗,1.0,0.0
6827,385787,就让,v,1,7,38235,后青春期的诗,录音室专辑,2008-10-23,3,你不是真正的快乐,后青春期的诗,1.0,0.0
6828,385787,悲伤,a,1,7,38235,后青春期的诗,录音室专辑,2008-10-23,3,你不是真正的快乐,后青春期的诗,1.0,0.0
6829,385787,全部,n,1,7,38235,后青春期的诗,录音室专辑,2008-10-23,3,你不是真正的快乐,后青春期的诗,1.0,0.0
6830,385787,结束,v,1,7,38235,后青春期的诗,录音室专辑,2008-10-23,3,你不是真正的快乐,后青春期的诗,1.0,0.0
6831,385787,此刻,r,1,7,38235,后青春期的诗,录音室专辑,2008-10-23,3,你不是真正的快乐,后青春期的诗,1.0,0.0
6832,385787,重新,a,1,7,38235,后青春期的诗,录音室专辑,2008-10-23,3,你不是真正的快乐,后青春期的诗,1.0,0.0
6833,385787,开始,v,1,7,38235,后青春期的诗,录音室专辑,2008-10-23,3,你不是真正的快乐,后青春期的诗,1.0,0.0
6834,385787,活着,v,1,7,38235,后青春期的诗,录音室专辑,2008-10-23,3,你不是真正的快乐,后青春期的诗,1.0,0.0
6835,385789,爆肝,v,21,7,38235,后青春期的诗,录音室专辑,2008-10-23,4,爆肝,后青春期的诗,1.0,0.0
6836,385789,我,r,16,7,38235,后青春期的诗,录音室专辑,2008-10-23,4,爆肝,后青春期的诗,1.0,0.0
6837,385789,不是,c,10,7,38235,后青春期的诗,录音室专辑,2008-10-23,4,爆肝,后青春期的诗,1.0,0.0
6838,385789,爆,v,9,7,38235,后青春期的诗,录音室专辑,2008-10-23,4,爆肝,后青春期的诗,1.0,0.0
6839,385789,肝,n,9,7,38235,后青春期的诗,录音室专辑,2008-10-23,4,爆肝,后青春期的诗,1.0,0.0
6840,385789,怕,v,9,7,38235,后青春期的诗,录音室专辑,2008-10-23,4,爆肝,后青春期的诗,1.0,0.0
6841,385789,只是,c,6,7,38235,后青春期的诗,录音室专辑,2008-10-23,4,爆肝,后青春期的诗,1.0,0.0
6842,385789,夜,tg,6,7,38235,后青春期的诗,录音室专辑,2008-10-23,4,爆肝,后青春期的诗,1.0,0.0
6843,385789,不怕,c,6,7,38235,后青春期的诗,录音室专辑,2008-10-23,4,爆肝,后青春期的诗,1.0,0.0
6844,385789,谁,r,6,7,38235,后青春期的诗,录音室专辑,2008-10-23,4,爆肝,后青春期的诗,1.0,0.0
6845,385789,管,v,6,7,38235,后青春期的诗,录音室专辑,2008-10-23,4,爆肝,后青春期的诗,1.0,0.0
6846,385789,好,a,6,7,38235,后青春期的诗,录音室专辑,2008-10-23,4,爆肝,后青春期的诗,1.0,0.0
6847,385789,不,d,5,7,38235,后青春期的诗,录音室专辑,2008-10-23,4,爆肝,后青春期的诗,1.0,0.0
6848,385789,要,v,5,7,38235,后青春期的诗,录音室专辑,2008-10-23,4,爆肝,后青春期的诗,1.0,0.0
6849,385789,都,d,4,7,38235,后青春期的诗,录音室专辑,2008-10-23,4,爆肝,后青春期的诗,1.0,0.0
6850,385789,不想,v,4,7,38235,后青春期的诗,录音室专辑,2008-10-23,4,爆肝,后青春期的诗,1.0,0.0
6851,385789,的,uj,3,7,38235,后青春期的诗,录音室专辑,2008-10-23,4,爆肝,后青春期的诗,1.0,0.0
6852,385789,店,n,3,7,38235,后青春期的诗,录音室专辑,2008-10-23,4,爆肝,后青春期的诗,1.0,0.0
6853,385789,唱,v,3,7,38235,后青春期的诗,录音室专辑,2008-10-23,4,爆肝,后青春期的诗,1.0,0.0
6854,385789,狂热,a,3,7,38235,后青春期的诗,录音室专辑,2008-10-23,4,爆肝,后青春期的诗,1.0,0.0
6855,385789,狂舞,n,3,7,38235,后青春期的诗,录音室专辑,2008-10-23,4,爆肝,后青春期的诗,1.0,0.0
6856,385789,狂欢,v,3,7,38235,后青春期的诗,录音室专辑,2008-10-23,4,爆肝,后青春期的诗,1.0,0.0
6857,385789,闷,v,3,7,38235,后青春期的诗,录音室专辑,2008-10-23,4,爆肝,后青春期的诗,1.0,0.0
6858,385789,打怪,v,3,7,38235,后青春期的诗,录音室专辑,2008-10-23,4,爆肝,后青春期的诗,1.0,0.0
6859,385789,打牌,v,3,7,38235,后青春期的诗,录音室专辑,2008-10-23,4,爆肝,后青春期的诗,1.0,0.0
6860,385789,贪吃,a,3,7,38235,后青春期的诗,录音室专辑,2008-10-23,4,爆肝,后青春期的诗,1.0,0.0
6861,385789,贪心,v,3,7,38235,后青春期的诗,录音室专辑,2008-10-23,4,爆肝,后青春期的诗,1.0,0.0
6862,385789,贪玩,v,3,7,38235,后青春期的诗,录音室专辑,2008-10-23,4,爆肝,后青春期的诗,1.0,0.0
6863,385789,烦,v,3,7,38235,后青春期的诗,录音室专辑,2008-10-23,4,爆肝,后青春期的诗,1.0,0.0
6864,385789,听歌,v,3,7,38235,后青春期的诗,录音室专辑,2008-10-23,4,爆肝,后青春期的诗,1.0,0.0
6865,385789,写歌,v,3,7,38235,后青春期的诗,录音室专辑,2008-10-23,4,爆肝,后青春期的诗,1.0,0.0
6866,385789,伤心,n,3,7,38235,后青春期的诗,录音室专辑,2008-10-23,4,爆肝,后青春期的诗,1.0,0.0
6867,385789,伤肺,n,3,7,38235,后青春期的诗,录音室专辑,2008-10-23,4,爆肝,后青春期的诗,1.0,0.0
6868,385789,伤肝,n,3,7,38235,后青春期的诗,录音室专辑,2008-10-23,4,爆肝,后青春期的诗,1.0,0.0
6869,385789,最,d,3,7,38235,后青春期的诗,录音室专辑,2008-10-23,4,爆肝,后青春期的诗,1.0,0.0
6870,385789,後,nr,3,7,38235,后青春期的诗,录音室专辑,2008-10-23,4,爆肝,后青春期的诗,1.0,0.0
6871,385789,哭成一团,l,3,7,38235,后青春期的诗,录音室专辑,2008-10-23,4,爆肝,后青春期的诗,1.0,0.0
6872,385789,好样,d,3,7,38235,后青春期的诗,录音室专辑,2008-10-23,4,爆肝,后青春期的诗,1.0,0.0
6873,385789,胆好骇,a,3,7,38235,后青春期的诗,录音室专辑,2008-10-23,4,爆肝,后青春期的诗,1.0,0.0
6874,385789,好爽,a,3,7,38235,后青春期的诗,录音室专辑,2008-10-23,4,爆肝,后青春期的诗,1.0,0.0
6875,385789,又,d,3,7,38235,后青春期的诗,录音室专辑,2008-10-23,4,爆肝,后青春期的诗,1.0,0.0
6876,385789,勇敢,a,3,7,38235,后青春期的诗,录音室专辑,2008-10-23,4,爆肝,后青春期的诗,1.0,0.0
6877,385789,越,d,2,7,38235,后青春期的诗,录音室专辑,2008-10-23,4,爆肝,后青春期的诗,1.0,0.0
6878,385789,就是,d,2,7,38235,后青春期的诗,录音室专辑,2008-10-23,4,爆肝,后青春期的诗,1.0,0.0
6879,385789,爱,v,2,7,38235,后青春期的诗,录音室专辑,2008-10-23,4,爆肝,后青春期的诗,1.0,0.0
6880,385789,青春,n,2,7,38235,后青春期的诗,录音室专辑,2008-10-23,4,爆肝,后青春期的诗,1.0,0.0
6881,385789,不吃,v,2,7,38235,后青春期的诗,录音室专辑,2008-10-23,4,爆肝,后青春期的诗,1.0,0.0
6882,385789,早餐,n,2,7,38235,后青春期的诗,录音室专辑,2008-10-23,4,爆肝,后青春期的诗,1.0,0.0
6883,385789,养肝,n,2,7,38235,后青春期的诗,录音室专辑,2008-10-23,4,爆肝,后青春期的诗,1.0,0.0
6884,385789,太,d,2,7,38235,后青春期的诗,录音室专辑,2008-10-23,4,爆肝,后青春期的诗,1.0,0.0
6885,385789,多,m,2,7,38235,后青春期的诗,录音室专辑,2008-10-23,4,爆肝,后青春期的诗,1.0,0.0
6886,385789,辛苦,a,2,7,38235,后青春期的诗,录音室专辑,2008-10-23,4,爆肝,后青春期的诗,1.0,0.0
6887,385789,辛酸,nz,2,7,38235,后青春期的诗,录音室专辑,2008-10-23,4,爆肝,后青春期的诗,1.0,0.0
6888,385789,心情,n,2,7,38235,后青春期的诗,录音室专辑,2008-10-23,4,爆肝,后青春期的诗,1.0,0.0
6889,385789,需要,v,2,7,38235,后青春期的诗,录音室专辑,2008-10-23,4,爆肝,后青春期的诗,1.0,0.0
6890,385789,被,p,2,7,38235,后青春期的诗,录音室专辑,2008-10-23,4,爆肝,后青春期的诗,1.0,0.0
6891,385789,溺爱,v,2,7,38235,后青春期的诗,录音室专辑,2008-10-23,4,爆肝,后青春期的诗,1.0,0.0
6892,385789,不是故意,i,2,7,38235,后青春期的诗,录音室专辑,2008-10-23,4,爆肝,后青春期的诗,1.0,0.0
6893,385789,学坏,v,2,7,38235,后青春期的诗,录音室专辑,2008-10-23,4,爆肝,后青春期的诗,1.0,0.0
6894,385789,不知悔改,i,2,7,38235,后青春期的诗,录音室专辑,2008-10-23,4,爆肝,后青春期的诗,1.0,0.0
6895,385789,想要,v,2,7,38235,后青春期的诗,录音室专辑,2008-10-23,4,爆肝,后青春期的诗,1.0,0.0
6896,385789,烟火,n,1,7,38235,后青春期的诗,录音室专辑,2008-10-23,4,爆肝,后青春期的诗,1.0,0.0
6897,385789,跟,p,1,7,38235,后青春期的诗,录音室专辑,2008-10-23,4,爆肝,后青春期的诗,1.0,0.0
6898,385789,是,v,1,7,38235,后青春期的诗,录音室专辑,2008-10-23,4,爆肝,后青春期的诗,1.0,0.0
6899,385789,黑暗,z,1,7,38235,后青春期的诗,录音室专辑,2008-10-23,4,爆肝,后青春期的诗,1.0,0.0
6900,385789,灿烂,a,1,7,38235,后青春期的诗,录音室专辑,2008-10-23,4,爆肝,后青春期的诗,1.0,0.0
6901,385789,太阳,ns,1,7,38235,后青春期的诗,录音室专辑,2008-10-23,4,爆肝,后青春期的诗,1.0,0.0
6902,385789,下山,ns,1,7,38235,后青春期的诗,录音室专辑,2008-10-23,4,爆肝,后青春期的诗,1.0,0.0
6903,385789,精华,nz,1,7,38235,后青春期的诗,录音室专辑,2008-10-23,4,爆肝,后青春期的诗,1.0,0.0
6904,385789,时段,n,1,7,38235,后青春期的诗,录音室专辑,2008-10-23,4,爆肝,后青春期的诗,1.0,0.0
6905,385789,睡觉,v,1,7,38235,后青春期的诗,录音室专辑,2008-10-23,4,爆肝,后青春期的诗,1.0,0.0
6906,385789,不够,v,1,7,38235,后青春期的诗,录音室专辑,2008-10-23,4,爆肝,后青春期的诗,1.0,0.0
6907,385789,爱肝,n,1,7,38235,后青春期的诗,录音室专辑,2008-10-23,4,爆肝,后青春期的诗,1.0,0.0
6908,385789,还有,v,1,7,38235,后青春期的诗,录音室专辑,2008-10-23,4,爆肝,后青春期的诗,1.0,0.0
6909,385789,很多很多,m,1,7,38235,后青春期的诗,录音室专辑,2008-10-23,4,爆肝,后青春期的诗,1.0,0.0
6910,385789,正经事,n,1,7,38235,后青春期的诗,录音室专辑,2008-10-23,4,爆肝,后青春期的诗,1.0,0.0
6911,385789,要管,c,1,7,38235,后青春期的诗,录音室专辑,2008-10-23,4,爆肝,后青春期的诗,1.0,0.0
6912,385789,阳光,nr,1,7,38235,后青春期的诗,录音室专辑,2008-10-23,4,爆肝,后青春期的诗,1.0,0.0
6913,385789,谈恋爱,v,1,7,38235,后青春期的诗,录音室专辑,2008-10-23,4,爆肝,后青春期的诗,1.0,0.0
6914,385789,进度,d,1,7,38235,后青春期的诗,录音室专辑,2008-10-23,4,爆肝,后青春期的诗,1.0,0.0
6915,385789,赶,v,1,7,38235,后青春期的诗,录音室专辑,2008-10-23,4,爆肝,后青春期的诗,1.0,0.0
6916,385789,游戏,n,1,7,38235,后青春期的诗,录音室专辑,2008-10-23,4,爆肝,后青春期的诗,1.0,0.0
6917,385789,玩,v,1,7,38235,后青春期的诗,录音室专辑,2008-10-23,4,爆肝,后青春期的诗,1.0,0.0
6918,385789,糜烂,v,1,7,38235,后青春期的诗,录音室专辑,2008-10-23,4,爆肝,后青春期的诗,1.0,0.0
6919,385789,月光,n,1,7,38235,后青春期的诗,录音室专辑,2008-10-23,4,爆肝,后青春期的诗,1.0,0.0
6920,385789,星光,n,1,7,38235,后青春期的诗,录音室专辑,2008-10-23,4,爆肝,后青春期的诗,1.0,0.0
6921,385789,迎接,v,1,7,38235,后青春期的诗,录音室专辑,2008-10-23,4,爆肝,后青春期的诗,1.0,0.0
6922,385789,闪亮,z,1,7,38235,后青春期的诗,录音室专辑,2008-10-23,4,爆肝,后青春期的诗,1.0,0.0
6923,385789,登台,v,1,7,38235,后青春期的诗,录音室专辑,2008-10-23,4,爆肝,后青春期的诗,1.0,0.0
6924,385789,热血,n,1,7,38235,后青春期的诗,录音室专辑,2008-10-23,4,爆肝,后青春期的诗,1.0,0.0
6925,385789,摔,v,1,7,38235,后青春期的诗,录音室专辑,2008-10-23,4,爆肝,后青春期的诗,1.0,0.0
6926,385789,不坏,v,1,7,38235,后青春期的诗,录音室专辑,2008-10-23,4,爆肝,后青春期的诗,1.0,0.0
6927,385789,皇冠,n,1,7,38235,后青春期的诗,录音室专辑,2008-10-23,4,爆肝,后青春期的诗,1.0,0.0
6928,385789,人气,n,1,7,38235,后青春期的诗,录音室专辑,2008-10-23,4,爆肝,后青春期的诗,1.0,0.0
6929,385789,要冲,v,1,7,38235,后青春期的诗,录音室专辑,2008-10-23,4,爆肝,后青春期的诗,1.0,0.0
6930,385789,星星,nz,1,7,38235,后青春期的诗,录音室专辑,2008-10-23,4,爆肝,后青春期的诗,1.0,0.0
6931,385789,摘,v,1,7,38235,后青春期的诗,录音室专辑,2008-10-23,4,爆肝,后青春期的诗,1.0,0.0
6932,385789,夜晚,t,1,7,38235,后青春期的诗,录音室专辑,2008-10-23,4,爆肝,后青春期的诗,1.0,0.0
6933,385789,拓宽,nr,1,7,38235,后青春期的诗,录音室专辑,2008-10-23,4,爆肝,后青春期的诗,1.0,0.0
6934,385791,噢,y,14,7,38235,后青春期的诗,录音室专辑,2008-10-23,5,噢买尬,后青春期的诗,1.0,0.0
6935,385791,买,v,14,7,38235,后青春期的诗,录音室专辑,2008-10-23,5,噢买尬,后青春期的诗,1.0,0.0
6936,385791,到,v,14,7,38235,后青春期的诗,录音室专辑,2008-10-23,5,噢买尬,后青春期的诗,1.0,0.0
6937,385791,你,r,11,7,38235,后青春期的诗,录音室专辑,2008-10-23,5,噢买尬,后青春期的诗,1.0,0.0
6938,385791,啦,y,10,7,38235,后青春期的诗,录音室专辑,2008-10-23,5,噢买尬,后青春期的诗,1.0,0.0
6939,385791,我,r,8,7,38235,后青春期的诗,录音室专辑,2008-10-23,5,噢买尬,后青春期的诗,1.0,0.0
6940,385791,的,uj,8,7,38235,后青春期的诗,录音室专辑,2008-10-23,5,噢买尬,后青春期的诗,1.0,0.0
6941,385791,等,u,7,7,38235,后青春期的诗,录音室专辑,2008-10-23,5,噢买尬,后青春期的诗,1.0,0.0
6942,385791,电话,n,7,7,38235,后青春期的诗,录音室专辑,2008-10-23,5,噢买尬,后青春期的诗,1.0,0.0
6943,385791,就,d,6,7,38235,后青春期的诗,录音室专辑,2008-10-23,5,噢买尬,后青春期的诗,1.0,0.0
6944,385791,随时,d,5,7,38235,后青春期的诗,录音室专辑,2008-10-23,5,噢买尬,后青春期的诗,1.0,0.0
6945,385791,OK,eng,5,7,38235,后青春期的诗,录音室专辑,2008-10-23,5,噢买尬,后青春期的诗,1.0,0.0
6946,385791,哭,v,5,7,38235,后青春期的诗,录音室专辑,2008-10-23,5,噢买尬,后青春期的诗,1.0,0.0
6947,385791,真的,d,4,7,38235,后青春期的诗,录音室专辑,2008-10-23,5,噢买尬,后青春期的诗,1.0,0.0
6948,385791,太久,nr,4,7,38235,后青春期的诗,录音室专辑,2008-10-23,5,噢买尬,后青春期的诗,1.0,0.0
6949,385791,不见,v,4,7,38235,后青春期的诗,录音室专辑,2008-10-23,5,噢买尬,后青春期的诗,1.0,0.0
6950,385791,是,v,4,7,38235,后青春期的诗,录音室专辑,2008-10-23,5,噢买尬,后青春期的诗,1.0,0.0
6951,385791,阿,j,3,7,38235,后青春期的诗,录音室专辑,2008-10-23,5,噢买尬,后青春期的诗,1.0,0.0
6952,385791,剩下,v,3,7,38235,后青春期的诗,录音室专辑,2008-10-23,5,噢买尬,后青春期的诗,1.0,0.0
6953,385791,这,r,3,7,38235,后青春期的诗,录音室专辑,2008-10-23,5,噢买尬,后青春期的诗,1.0,0.0
6954,385791,一定,d,3,7,38235,后青春期的诗,录音室专辑,2008-10-23,5,噢买尬,后青春期的诗,1.0,0.0
6955,385791,要,v,3,7,38235,后青春期的诗,录音室专辑,2008-10-23,5,噢买尬,后青春期的诗,1.0,0.0
6956,385791,喝,vg,3,7,38235,后青春期的诗,录音室专辑,2008-10-23,5,噢买尬,后青春期的诗,1.0,0.0
6957,385791,挂,v,3,7,38235,后青春期的诗,录音室专辑,2008-10-23,5,噢买尬,后青春期的诗,1.0,0.0
6958,385791,唱,v,3,7,38235,后青春期的诗,录音室专辑,2008-10-23,5,噢买尬,后青春期的诗,1.0,0.0
6959,385791,哑,v,3,7,38235,后青春期的诗,录音室专辑,2008-10-23,5,噢买尬,后青春期的诗,1.0,0.0
6960,385791,笑,v,3,7,38235,后青春期的诗,录音室专辑,2008-10-23,5,噢买尬,后青春期的诗,1.0,0.0
6961,385791,流泪,n,3,7,38235,后青春期的诗,录音室专辑,2008-10-23,5,噢买尬,后青春期的诗,1.0,0.0
6962,385791,哭到,v,3,7,38235,后青春期的诗,录音室专辑,2008-10-23,5,噢买尬,后青春期的诗,1.0,0.0
6963,385791,趴,v,3,7,38235,后青春期的诗,录音室专辑,2008-10-23,5,噢买尬,后青春期的诗,1.0,0.0
6964,385791,有,v,3,7,38235,后青春期的诗,录音室专辑,2008-10-23,5,噢买尬,后青春期的诗,1.0,0.0
6965,385791,都,d,2,7,38235,后青春期的诗,录音室专辑,2008-10-23,5,噢买尬,后青春期的诗,1.0,0.0
6966,385791,只,d,2,7,38235,后青春期的诗,录音室专辑,2008-10-23,5,噢买尬,后青春期的诗,1.0,0.0
6967,385791,老,a,2,7,38235,后青春期的诗,录音室专辑,2008-10-23,5,噢买尬,后青春期的诗,1.0,0.0
6968,385791,铁塔,n,2,7,38235,后青春期的诗,录音室专辑,2008-10-23,5,噢买尬,后青春期的诗,1.0,0.0
6969,385791,回忆,v,2,7,38235,后青春期的诗,录音室专辑,2008-10-23,5,噢买尬,后青春期的诗,1.0,0.0
6970,385791,了,ul,2,7,38235,后青春期的诗,录音室专辑,2008-10-23,5,噢买尬,后青春期的诗,1.0,0.0
6971,385791,花,v,2,7,38235,后青春期的诗,录音室专辑,2008-10-23,5,噢买尬,后青春期的诗,1.0,0.0
6972,385791,眼泪,n,1,7,38235,后青春期的诗,录音室专辑,2008-10-23,5,噢买尬,后青春期的诗,1.0,0.0
6973,385791,干,v,1,7,38235,后青春期的诗,录音室专辑,2008-10-23,5,噢买尬,后青春期的诗,1.0,0.0
6974,385791,海滩,ns,1,7,38235,后青春期的诗,录音室专辑,2008-10-23,5,噢买尬,后青春期的诗,1.0,0.0
6975,385791,沙,nr,1,7,38235,后青春期的诗,录音室专辑,2008-10-23,5,噢买尬,后青春期的诗,1.0,0.0
6976,385791,整个,b,1,7,38235,后青春期的诗,录音室专辑,2008-10-23,5,噢买尬,后青春期的诗,1.0,0.0
6977,385791,世界,n,1,7,38235,后青春期的诗,录音室专辑,2008-10-23,5,噢买尬,后青春期的诗,1.0,0.0
6978,385791,听,v,1,7,38235,后青春期的诗,录音室专辑,2008-10-23,5,噢买尬,后青春期的诗,1.0,0.0
6979,385791,说话,v,1,7,38235,后青春期的诗,录音室专辑,2008-10-23,5,噢买尬,后青春期的诗,1.0,0.0
6980,385791,一直,d,1,7,38235,后青春期的诗,录音室专辑,2008-10-23,5,噢买尬,后青春期的诗,1.0,0.0
6981,385791,天黑,ns,1,7,38235,后青春期的诗,录音室专辑,2008-10-23,5,噢买尬,后青春期的诗,1.0,0.0
6982,385791,也,d,1,7,38235,后青春期的诗,录音室专辑,2008-10-23,5,噢买尬,后青春期的诗,1.0,0.0
6983,385791,不,d,1,7,38235,后青春期的诗,录音室专辑,2008-10-23,5,噢买尬,后青春期的诗,1.0,0.0
6984,385791,回家,n,1,7,38235,后青春期的诗,录音室专辑,2008-10-23,5,噢买尬,后青春期的诗,1.0,0.0
6985,385791,混,v,1,7,38235,后青春期的诗,录音室专辑,2008-10-23,5,噢买尬,后青春期的诗,1.0,0.0
6986,385791,阿混,nr,1,7,38235,后青春期的诗,录音室专辑,2008-10-23,5,噢买尬,后青春期的诗,1.0,0.0
6987,385791,阿混阿,nr,1,7,38235,后青春期的诗,录音室专辑,2008-10-23,5,噢买尬,后青春期的诗,1.0,0.0
6988,385791,混到,v,1,7,38235,后青春期的诗,录音室专辑,2008-10-23,5,噢买尬,后青春期的诗,1.0,0.0
6989,385791,天空,n,1,7,38235,后青春期的诗,录音室专辑,2008-10-23,5,噢买尬,后青春期的诗,1.0,0.0
6990,385791,计画,n,1,7,38235,后青春期的诗,录音室专辑,2008-10-23,5,噢买尬,后青春期的诗,1.0,0.0
6991,385791,依然,d,1,7,38235,后青春期的诗,录音室专辑,2008-10-23,5,噢买尬,后青春期的诗,1.0,0.0
6992,385791,没有,v,1,7,38235,后青春期的诗,录音室专辑,2008-10-23,5,噢买尬,后青春期的诗,1.0,0.0
6993,385791,变化,vn,1,7,38235,后青春期的诗,录音室专辑,2008-10-23,5,噢买尬,后青春期的诗,1.0,0.0
6994,385791,我们,r,1,7,38235,后青春期的诗,录音室专辑,2008-10-23,5,噢买尬,后青春期的诗,1.0,0.0
6995,385791,说,v,1,7,38235,后青春期的诗,录音室专辑,2008-10-23,5,噢买尬,后青春期的诗,1.0,0.0
6996,385791,神话,n,1,7,38235,后青春期的诗,录音室专辑,2008-10-23,5,噢买尬,后青春期的诗,1.0,0.0
6997,385791,梦话,n,1,7,38235,后青春期的诗,录音室专辑,2008-10-23,5,噢买尬,后青春期的诗,1.0,0.0
6998,385791,废话,n,1,7,38235,后青春期的诗,录音室专辑,2008-10-23,5,噢买尬,后青春期的诗,1.0,0.0
6999,385791,这样,r,1,7,38235,后青春期的诗,录音室专辑,2008-10-23,5,噢买尬,后青春期的诗,1.0,0.0
7000,385791,陪,v,1,7,38235,后青春期的诗,录音室专辑,2008-10-23,5,噢买尬,后青春期的诗,1.0,0.0
7001,385791,着,uz,1,7,38235,后青春期的诗,录音室专辑,2008-10-23,5,噢买尬,后青春期的诗,1.0,0.0
7002,385791,长大,ns,1,7,38235,后青春期的诗,录音室专辑,2008-10-23,5,噢买尬,后青春期的诗,1.0,0.0
7003,385791,巴黎,ns,1,7,38235,后青春期的诗,录音室专辑,2008-10-23,5,噢买尬,后青春期的诗,1.0,0.0
7004,385791,东京,ns,1,7,38235,后青春期的诗,录音室专辑,2008-10-23,5,噢买尬,后青春期的诗,1.0,0.0
7005,385791,蛋塔,n,1,7,38235,后青春期的诗,录音室专辑,2008-10-23,5,噢买尬,后青春期的诗,1.0,0.0
7006,385791,金字塔,nr,1,7,38235,后青春期的诗,录音室专辑,2008-10-23,5,噢买尬,后青春期的诗,1.0,0.0
7007,385791,慢慢,d,1,7,38235,后青春期的诗,录音室专辑,2008-10-23,5,噢买尬,后青春期的诗,1.0,0.0
7008,385791,积沙成塔,n,1,7,38235,后青春期的诗,录音室专辑,2008-10-23,5,噢买尬,后青春期的诗,1.0,0.0
7009,385791,回不去,v,1,7,38235,后青春期的诗,录音室专辑,2008-10-23,5,噢买尬,后青春期的诗,1.0,0.0
7010,385791,但,c,1,7,38235,后青春期的诗,录音室专辑,2008-10-23,5,噢买尬,后青春期的诗,1.0,0.0
7011,385791,一,m,1,7,38235,后青春期的诗,录音室专辑,2008-10-23,5,噢买尬,后青春期的诗,1.0,0.0
7012,385791,起来,v,1,7,38235,后青春期的诗,录音室专辑,2008-10-23,5,噢买尬,后青春期的诗,1.0,0.0
7013,385791,一起,m,1,7,38235,后青春期的诗,录音室专辑,2008-10-23,5,噢买尬,后青春期的诗,1.0,0.0
7014,385791,更,d,1,7,38235,后青春期的诗,录音室专辑,2008-10-23,5,噢买尬,后青春期的诗,1.0,0.0
7015,385791,远,a,1,7,38235,后青春期的诗,录音室专辑,2008-10-23,5,噢买尬,后青春期的诗,1.0,0.0
7016,385791,未来,t,1,7,38235,后青春期的诗,录音室专辑,2008-10-23,5,噢买尬,后青春期的诗,1.0,0.0
7017,385791,吧,y,1,7,38235,后青春期的诗,录音室专辑,2008-10-23,5,噢买尬,后青春期的诗,1.0,0.0
7018,385791,无猜,v,1,7,38235,后青春期的诗,录音室专辑,2008-10-23,5,噢买尬,后青春期的诗,1.0,0.0
7019,385791,无邪,v,1,7,38235,后青春期的诗,录音室专辑,2008-10-23,5,噢买尬,后青春期的诗,1.0,0.0
7020,385791,无私,b,1,7,38235,后青春期的诗,录音室专辑,2008-10-23,5,噢买尬,后青春期的诗,1.0,0.0
7021,385791,无瑕,z,1,7,38235,后青春期的诗,录音室专辑,2008-10-23,5,噢买尬,后青春期的诗,1.0,0.0
7022,385791,友情,n,1,7,38235,后青春期的诗,录音室专辑,2008-10-23,5,噢买尬,后青春期的诗,1.0,0.0
7023,385791,无价,v,1,7,38235,后青春期的诗,录音室专辑,2008-10-23,5,噢买尬,后青春期的诗,1.0,0.0
7024,385791,买不到,v,1,7,38235,后青春期的诗,录音室专辑,2008-10-23,5,噢买尬,后青春期的诗,1.0,0.0
7025,385791,奢华,a,1,7,38235,后青春期的诗,录音室专辑,2008-10-23,5,噢买尬,后青春期的诗,1.0,0.0
7026,385791,天涯,n,1,7,38235,后青春期的诗,录音室专辑,2008-10-23,5,噢买尬,后青春期的诗,1.0,0.0
7027,385791,有天,r,1,7,38235,后青春期的诗,录音室专辑,2008-10-23,5,噢买尬,后青春期的诗,1.0,0.0
7028,385791,风景,n,1,7,38235,后青春期的诗,录音室专辑,2008-10-23,5,噢买尬,后青春期的诗,1.0,0.0
7029,385791,风浪,n,1,7,38235,后青春期的诗,录音室专辑,2008-10-23,5,噢买尬,后青春期的诗,1.0,0.0
7030,385791,再,d,1,7,38235,后青春期的诗,录音室专辑,2008-10-23,5,噢买尬,后青春期的诗,1.0,0.0
7031,385791,加上,v,1,7,38235,后青春期的诗,录音室专辑,2008-10-23,5,噢买尬,后青春期的诗,1.0,0.0
7032,385791,够,v,1,7,38235,后青春期的诗,录音室专辑,2008-10-23,5,噢买尬,后青春期的诗,1.0,0.0
7033,385791,地方,n,1,7,38235,后青春期的诗,录音室专辑,2008-10-23,5,噢买尬,后青春期的诗,1.0,0.0
7034,385791,见,v,1,7,38235,后青春期的诗,录音室专辑,2008-10-23,5,噢买尬,后青春期的诗,1.0,0.0
7035,385791,无时无刻,i,1,7,38235,后青春期的诗,录音室专辑,2008-10-23,5,噢买尬,后青春期的诗,1.0,0.0
7036,385793,我,r,17,7,38235,后青春期的诗,录音室专辑,2008-10-23,6,出头天,后青春期的诗,1.0,0.0
7037,385793,la,eng,15,7,38235,后青春期的诗,录音室专辑,2008-10-23,6,出头天,后青春期的诗,1.0,0.0
7038,385793,的,uj,12,7,38235,后青春期的诗,录音室专辑,2008-10-23,6,出头天,后青春期的诗,1.0,0.0
7039,385793,咱,r,9,7,38235,后青春期的诗,录音室专辑,2008-10-23,6,出头天,后青春期的诗,1.0,0.0
7040,385793,可以,c,8,7,38235,后青春期的诗,录音室专辑,2008-10-23,6,出头天,后青春期的诗,1.0,0.0
7041,385793,出头天,i,8,7,38235,后青春期的诗,录音室专辑,2008-10-23,6,出头天,后青春期的诗,1.0,0.0
7042,385793,会,v,7,7,38235,后青春期的诗,录音室专辑,2008-10-23,6,出头天,后青春期的诗,1.0,0.0
7043,385793,自己,r,7,7,38235,后青春期的诗,录音室专辑,2008-10-23,6,出头天,后青春期的诗,1.0,0.0
7044,385793,那,r,7,7,38235,后青春期的诗,录音室专辑,2008-10-23,6,出头天,后青春期的诗,1.0,0.0
7045,385793,一日,m,7,7,38235,后青春期的诗,录音室专辑,2008-10-23,6,出头天,后青春期的诗,1.0,0.0
7046,385793,在,p,5,7,38235,后青春期的诗,录音室专辑,2008-10-23,6,出头天,后青春期的诗,1.0,0.0
7047,385793,日子,n,5,7,38235,后青春期的诗,录音室专辑,2008-10-23,6,出头天,后青春期的诗,1.0,0.0
7048,385793,等待,vn,4,7,38235,后青春期的诗,录音室专辑,2008-10-23,6,出头天,后青春期的诗,1.0,0.0
7049,385793,人生,n,4,7,38235,后青春期的诗,录音室专辑,2008-10-23,6,出头天,后青春期的诗,1.0,0.0
7050,385793,不怕,c,4,7,38235,后青春期的诗,录音室专辑,2008-10-23,6,出头天,后青春期的诗,1.0,0.0
7051,385793,风浪,n,4,7,38235,后青春期的诗,录音室专辑,2008-10-23,6,出头天,后青春期的诗,1.0,0.0
7052,385793,只怕,c,4,7,38235,后青春期的诗,录音室专辑,2008-10-23,6,出头天,后青春期的诗,1.0,0.0
7053,385793,没志气,v,4,7,38235,后青春期的诗,录音室专辑,2008-10-23,6,出头天,后青春期的诗,1.0,0.0
7054,385793,盼望,v,4,7,38235,后青春期的诗,录音室专辑,2008-10-23,6,出头天,后青春期的诗,1.0,0.0
7055,385793,真快,d,4,7,38235,后青春期的诗,录音室专辑,2008-10-23,6,出头天,后青春期的诗,1.0,0.0
7056,385793,来到,v,4,7,38235,后青春期的诗,录音室专辑,2008-10-23,6,出头天,后青春期的诗,1.0,0.0
7057,385793,身边,s,4,7,38235,后青春期的诗,录音室专辑,2008-10-23,6,出头天,后青春期的诗,1.0,0.0
7058,385793,天顶,n,3,7,38235,后青春期的诗,录音室专辑,2008-10-23,6,出头天,后青春期的诗,1.0,0.0
7059,385793,永远,d,3,7,38235,后青春期的诗,录音室专辑,2008-10-23,6,出头天,后青春期的诗,1.0,0.0
7060,385793,甘,nr,2,7,38235,后青春期的诗,录音室专辑,2008-10-23,6,出头天,后青春期的诗,1.0,0.0
7061,385793,有人,r,2,7,38235,后青春期的诗,录音室专辑,2008-10-23,6,出头天,后青春期的诗,1.0,0.0
7062,385793,甘愿,n,2,7,38235,后青春期的诗,录音室专辑,2008-10-23,6,出头天,后青春期的诗,1.0,0.0
7063,385793,一生,m,2,7,38235,后青春期的诗,录音室专辑,2008-10-23,6,出头天,后青春期的诗,1.0,0.0
7064,385793,也,d,2,7,38235,后青春期的诗,录音室专辑,2008-10-23,6,出头天,后青春期的诗,1.0,0.0
7065,385793,看见,v,1,7,38235,后青春期的诗,录音室专辑,2008-10-23,6,出头天,后青春期的诗,1.0,0.0
7066,385793,看到,v,1,7,38235,后青春期的诗,录音室专辑,2008-10-23,6,出头天,后青春期的诗,1.0,0.0
7067,385793,不,d,1,7,38235,后青春期的诗,录音室专辑,2008-10-23,6,出头天,后青春期的诗,1.0,0.0
7068,385793,这样,r,1,7,38235,后青春期的诗,录音室专辑,2008-10-23,6,出头天,后青春期的诗,1.0,0.0
7069,385793,过,ug,1,7,38235,后青春期的诗,录音室专辑,2008-10-23,6,出头天,后青春期的诗,1.0,0.0
7070,385793,来,v,1,7,38235,后青春期的诗,录音室专辑,2008-10-23,6,出头天,后青春期的诗,1.0,0.0
7071,385793,相信,v,1,7,38235,后青春期的诗,录音室专辑,2008-10-23,6,出头天,后青春期的诗,1.0,0.0
7072,385793,每,zg,1,7,38235,后青春期的诗,录音室专辑,2008-10-23,6,出头天,后青春期的诗,1.0,0.0
7073,385793,一朵花,n,1,7,38235,后青春期的诗,录音室专辑,2008-10-23,6,出头天,后青春期的诗,1.0,0.0
7074,385793,都,d,1,7,38235,后青春期的诗,录音室专辑,2008-10-23,6,出头天,后青春期的诗,1.0,0.0
7075,385793,有,v,1,7,38235,后青春期的诗,录音室专辑,2008-10-23,6,出头天,后青春期的诗,1.0,0.0
7076,385793,春天,t,1,7,38235,后青春期的诗,录音室专辑,2008-10-23,6,出头天,后青春期的诗,1.0,0.0
7077,385793,大雨,n,1,7,38235,后青春期的诗,录音室专辑,2008-10-23,6,出头天,后青春期的诗,1.0,0.0
7078,385793,落,v,1,7,38235,后青春期的诗,录音室专辑,2008-10-23,6,出头天,后青春期的诗,1.0,0.0
7079,385793,不停,d,1,7,38235,后青春期的诗,录音室专辑,2008-10-23,6,出头天,后青春期的诗,1.0,0.0
7080,385793,不能,v,1,7,38235,后青春期的诗,录音室专辑,2008-10-23,6,出头天,后青春期的诗,1.0,0.0
7081,385793,改变,v,1,7,38235,后青春期的诗,录音室专辑,2008-10-23,6,出头天,后青春期的诗,1.0,0.0
7082,385793,到,v,1,7,38235,后青春期的诗,录音室专辑,2008-10-23,6,出头天,后青春期的诗,1.0,0.0
7083,385793,固执,a,1,7,38235,后青春期的诗,录音室专辑,2008-10-23,6,出头天,后青春期的诗,1.0,0.0
7084,385793,保佑,v,1,7,38235,后青春期的诗,录音室专辑,2008-10-23,6,出头天,后青春期的诗,1.0,0.0
7085,385793,怎样,r,1,7,38235,后青春期的诗,录音室专辑,2008-10-23,6,出头天,后青春期的诗,1.0,0.0
7086,385793,常常,d,1,7,38235,后青春期的诗,录音室专辑,2008-10-23,6,出头天,后青春期的诗,1.0,0.0
7087,385793,摔,v,1,7,38235,后青春期的诗,录音室专辑,2008-10-23,6,出头天,后青春期的诗,1.0,0.0
7088,385793,头壳,n,1,7,38235,后青春期的诗,录音室专辑,2008-10-23,6,出头天,后青春期的诗,1.0,0.0
7089,385793,流血,v,1,7,38235,后青春期的诗,录音室专辑,2008-10-23,6,出头天,后青春期的诗,1.0,0.0
7090,385793,血,n,1,7,38235,后青春期的诗,录音室专辑,2008-10-23,6,出头天,后青春期的诗,1.0,0.0
7091,385793,乾,j,1,7,38235,后青春期的诗,录音室专辑,2008-10-23,6,出头天,后青春期的诗,1.0,0.0
7092,385793,结痂,v,1,7,38235,后青春期的诗,录音室专辑,2008-10-23,6,出头天,后青春期的诗,1.0,0.0
7093,385793,失败,v,1,7,38235,后青春期的诗,录音室专辑,2008-10-23,6,出头天,后青春期的诗,1.0,0.0
7094,385793,不失,v,1,7,38235,后青春期的诗,录音室专辑,2008-10-23,6,出头天,后青春期的诗,1.0,0.0
7095,385793,志,n,1,7,38235,后青春期的诗,录音室专辑,2008-10-23,6,出头天,后青春期的诗,1.0,0.0
7096,385793,成功,a,1,7,38235,后青春期的诗,录音室专辑,2008-10-23,6,出头天,后青春期的诗,1.0,0.0
7097,385793,是,v,1,7,38235,后青春期的诗,录音室专辑,2008-10-23,6,出头天,后青春期的诗,1.0,0.0
7098,385793,看,v,1,7,38235,后青春期的诗,录音室专辑,2008-10-23,6,出头天,后青春期的诗,1.0,0.0
7099,385793,得起,v,1,7,38235,后青春期的诗,录音室专辑,2008-10-23,6,出头天,后青春期的诗,1.0,0.0
7100,385793,飘浪,v,1,7,38235,后青春期的诗,录音室专辑,2008-10-23,6,出头天,后青春期的诗,1.0,0.0
7101,385793,着,uz,1,7,38235,后青春期的诗,录音室专辑,2008-10-23,6,出头天,后青春期的诗,1.0,0.0
7102,385793,时机,n,1,7,38235,后青春期的诗,录音室专辑,2008-10-23,6,出头天,后青春期的诗,1.0,0.0
7103,385793,不信,v,1,7,38235,后青春期的诗,录音室专辑,2008-10-23,6,出头天,后青春期的诗,1.0,0.0
7104,385793,命运,n,1,7,38235,后青春期的诗,录音室专辑,2008-10-23,6,出头天,后青春期的诗,1.0,0.0
7105,385793,这么,r,1,7,38235,后青春期的诗,录音室专辑,2008-10-23,6,出头天,后青春期的诗,1.0,0.0
7106,385793,无情,n,1,7,38235,后青春期的诗,录音室专辑,2008-10-23,6,出头天,后青春期的诗,1.0,0.0
7107,385795,的,uj,21,7,38235,后青春期的诗,录音室专辑,2008-10-23,7,我心中尚未崩坏的地方,后青春期的诗,1.0,0.0
7108,385795,我,r,11,7,38235,后青春期的诗,录音室专辑,2008-10-23,7,我心中尚未崩坏的地方,后青春期的诗,1.0,0.0
7109,385795,唱,v,8,7,38235,后青春期的诗,录音室专辑,2008-10-23,7,我心中尚未崩坏的地方,后青春期的诗,1.0,0.0
7110,385795,在,p,7,7,38235,后青春期的诗,录音室专辑,2008-10-23,7,我心中尚未崩坏的地方,后青春期的诗,1.0,0.0
7111,385795,了,ul,7,7,38235,后青春期的诗,录音室专辑,2008-10-23,7,我心中尚未崩坏的地方,后青春期的诗,1.0,0.0
7112,385795,都,d,6,7,38235,后青春期的诗,录音室专辑,2008-10-23,7,我心中尚未崩坏的地方,后青春期的诗,1.0,0.0
7113,385795,变成,v,5,7,38235,后青春期的诗,录音室专辑,2008-10-23,7,我心中尚未崩坏的地方,后青春期的诗,1.0,0.0
7114,385795,和,c,5,7,38235,后青春期的诗,录音室专辑,2008-10-23,7,我心中尚未崩坏的地方,后青春期的诗,1.0,0.0
7115,385795,让,v,5,7,38235,后青春期的诗,录音室专辑,2008-10-23,7,我心中尚未崩坏的地方,后青春期的诗,1.0,0.0
7116,385795,再,d,5,7,38235,后青春期的诗,录音室专辑,2008-10-23,7,我心中尚未崩坏的地方,后青春期的诗,1.0,0.0
7117,385795,地方,n,4,7,38235,后青春期的诗,录音室专辑,2008-10-23,7,我心中尚未崩坏的地方,后青春期的诗,1.0,0.0
7118,385795,着,uz,4,7,38235,后青春期的诗,录音室专辑,2008-10-23,7,我心中尚未崩坏的地方,后青春期的诗,1.0,0.0
7119,385795,默默,d,4,7,38235,后青春期的诗,录音室专辑,2008-10-23,7,我心中尚未崩坏的地方,后青春期的诗,1.0,0.0
7120,385795,这,r,4,7,38235,后青春期的诗,录音室专辑,2008-10-23,7,我心中尚未崩坏的地方,后青春期的诗,1.0,0.0
7121,385795,旋律,n,4,7,38235,后青春期的诗,录音室专辑,2008-10-23,7,我心中尚未崩坏的地方,后青春期的诗,1.0,0.0
7122,385795,我心,n,4,7,38235,后青春期的诗,录音室专辑,2008-10-23,7,我心中尚未崩坏的地方,后青春期的诗,1.0,0.0
7123,385795,交响,vn,4,7,38235,后青春期的诗,录音室专辑,2008-10-23,7,我心中尚未崩坏的地方,后青春期的诗,1.0,0.0
7124,385795,至少,d,4,7,38235,后青春期的诗,录音室专辑,2008-10-23,7,我心中尚未崩坏的地方,后青春期的诗,1.0,0.0
7125,385795,心中,s,4,7,38235,后青春期的诗,录音室专辑,2008-10-23,7,我心中尚未崩坏的地方,后青春期的诗,1.0,0.0
7126,385795,孩子,n,3,7,38235,后青春期的诗,录音室专辑,2008-10-23,7,我心中尚未崩坏的地方,后青春期的诗,1.0,0.0
7127,385795,或,c,3,7,38235,后青春期的诗,录音室专辑,2008-10-23,7,我心中尚未崩坏的地方,后青春期的诗,1.0,0.0
7128,385795,每个,r,3,7,38235,后青春期的诗,录音室专辑,2008-10-23,7,我心中尚未崩坏的地方,后青春期的诗,1.0,0.0
7129,385795,孤单,a,3,7,38235,后青春期的诗,录音室专辑,2008-10-23,7,我心中尚未崩坏的地方,后青春期的诗,1.0,0.0
7130,385795,天亮,nr,3,7,38235,后青春期的诗,录音室专辑,2008-10-23,7,我心中尚未崩坏的地方,后青春期的诗,1.0,0.0
7131,385795,一个,m,3,7,38235,后青春期的诗,录音室专辑,2008-10-23,7,我心中尚未崩坏的地方,后青春期的诗,1.0,0.0
7132,385795,人,n,3,7,38235,后青春期的诗,录音室专辑,2008-10-23,7,我心中尚未崩坏的地方,后青春期的诗,1.0,0.0
7133,385795,就算,v,3,7,38235,后青春期的诗,录音室专辑,2008-10-23,7,我心中尚未崩坏的地方,后青春期的诗,1.0,0.0
7134,385795,会,v,3,7,38235,后青春期的诗,录音室专辑,2008-10-23,7,我心中尚未崩坏的地方,后青春期的诗,1.0,0.0
7135,385795,有,v,3,7,38235,后青春期的诗,录音室专辑,2008-10-23,7,我心中尚未崩坏的地方,后青春期的诗,1.0,0.0
7136,385795,一天,m,3,7,38235,后青春期的诗,录音室专辑,2008-10-23,7,我心中尚未崩坏的地方,后青春期的诗,1.0,0.0
7137,385795,还有,v,3,7,38235,后青春期的诗,录音室专辑,2008-10-23,7,我心中尚未崩坏的地方,后青春期的诗,1.0,0.0
7138,385795,个,q,3,7,38235,后青春期的诗,录音室专辑,2008-10-23,7,我心中尚未崩坏的地方,后青春期的诗,1.0,0.0
7139,385795,尚未,d,3,7,38235,后青春期的诗,录音室专辑,2008-10-23,7,我心中尚未崩坏的地方,后青春期的诗,1.0,0.0
7140,385795,崩坏,v,3,7,38235,后青春期的诗,录音室专辑,2008-10-23,7,我心中尚未崩坏的地方,后青春期的诗,1.0,0.0
7141,385795,也,d,2,7,38235,后青春期的诗,录音室专辑,2008-10-23,7,我心中尚未崩坏的地方,后青春期的诗,1.0,0.0
7142,385795,我们,r,2,7,38235,后青春期的诗,录音室专辑,2008-10-23,7,我心中尚未崩坏的地方,后青春期的诗,1.0,0.0
7143,385795,要,v,2,7,38235,后青春期的诗,录音室专辑,2008-10-23,7,我心中尚未崩坏的地方,后青春期的诗,1.0,0.0
7144,385795,跟着,v,2,7,38235,后青春期的诗,录音室专辑,2008-10-23,7,我心中尚未崩坏的地方,后青春期的诗,1.0,0.0
7145,385795,当,t,2,7,38235,后青春期的诗,录音室专辑,2008-10-23,7,我心中尚未崩坏的地方,后青春期的诗,1.0,0.0
7146,385795,市场,n,2,7,38235,后青春期的诗,录音室专辑,2008-10-23,7,我心中尚未崩坏的地方,后青春期的诗,1.0,0.0
7147,385795,战场,n,2,7,38235,后青春期的诗,录音室专辑,2008-10-23,7,我心中尚未崩坏的地方,后青春期的诗,1.0,0.0
7148,385795,理想,n,2,7,38235,后青春期的诗,录音室专辑,2008-10-23,7,我心中尚未崩坏的地方,后青春期的诗,1.0,0.0
7149,385795,希望,v,2,7,38235,后青春期的诗,录音室专辑,2008-10-23,7,我心中尚未崩坏的地方,后青春期的诗,1.0,0.0
7150,385795,一线,m,2,7,38235,后青春期的诗,录音室专辑,2008-10-23,7,我心中尚未崩坏的地方,后青春期的诗,1.0,0.0
7151,385795,追逐,v,2,7,38235,后青春期的诗,录音室专辑,2008-10-23,7,我心中尚未崩坏的地方,后青春期的诗,1.0,0.0
7152,385795,谁,r,2,7,38235,后青春期的诗,录音室专辑,2008-10-23,7,我心中尚未崩坏的地方,后青春期的诗,1.0,0.0
7153,385795,无论,c,2,7,38235,后青春期的诗,录音室专辑,2008-10-23,7,我心中尚未崩坏的地方,后青春期的诗,1.0,0.0
7154,385795,彩虹,nz,2,7,38235,后青春期的诗,录音室专辑,2008-10-23,7,我心中尚未崩坏的地方,后青春期的诗,1.0,0.0
7155,385795,不,d,2,7,38235,后青春期的诗,录音室专辑,2008-10-23,7,我心中尚未崩坏的地方,后青春期的诗,1.0,0.0
7156,385795,WU,eng,2,7,38235,后青春期的诗,录音室专辑,2008-10-23,7,我心中尚未崩坏的地方,后青春期的诗,1.0,0.0
7157,385795,醒,v,1,7,38235,后青春期的诗,录音室专辑,2008-10-23,7,我心中尚未崩坏的地方,后青春期的诗,1.0,0.0
7158,385795,陌生,n,1,7,38235,后青春期的诗,录音室专辑,2008-10-23,7,我心中尚未崩坏的地方,后青春期的诗,1.0,0.0
7159,385795,镜头,n,1,7,38235,后青春期的诗,录音室专辑,2008-10-23,7,我心中尚未崩坏的地方,后青春期的诗,1.0,0.0
7160,385795,刀枪,n,1,7,38235,后青春期的诗,录音室专辑,2008-10-23,7,我心中尚未崩坏的地方,后青春期的诗,1.0,0.0
7161,385795,耳语,n,1,7,38235,后青春期的诗,录音室专辑,2008-10-23,7,我心中尚未崩坏的地方,后青春期的诗,1.0,0.0
7162,385795,真相,d,1,7,38235,后青春期的诗,录音室专辑,2008-10-23,7,我心中尚未崩坏的地方,后青春期的诗,1.0,0.0
7163,385795,诗人,n,1,7,38235,后青春期的诗,录音室专辑,2008-10-23,7,我心中尚未崩坏的地方,后青春期的诗,1.0,0.0
7164,385795,弃守,v,1,7,38235,后青春期的诗,录音室专辑,2008-10-23,7,我心中尚未崩坏的地方,后青春期的诗,1.0,0.0
7165,385795,边疆,s,1,7,38235,后青春期的诗,录音室专辑,2008-10-23,7,我心中尚未崩坏的地方,后青春期的诗,1.0,0.0
7166,385795,活,n,1,7,38235,后青春期的诗,录音室专辑,2008-10-23,7,我心中尚未崩坏的地方,后青春期的诗,1.0,0.0
7167,385795,巨大,a,1,7,38235,后青春期的诗,录音室专辑,2008-10-23,7,我心中尚未崩坏的地方,后青春期的诗,1.0,0.0
7168,385795,片厂,n,1,7,38235,后青春期的诗,录音室专辑,2008-10-23,7,我心中尚未崩坏的地方,后青春期的诗,1.0,0.0
7169,385795,幸运,a,1,7,38235,后青春期的诗,录音室专辑,2008-10-23,7,我心中尚未崩坏的地方,后青春期的诗,1.0,0.0
7170,385795,爬上,v,1,7,38235,后青春期的诗,录音室专辑,2008-10-23,7,我心中尚未崩坏的地方,后青春期的诗,1.0,0.0
7171,385795,殿堂,n,1,7,38235,后青春期的诗,录音室专辑,2008-10-23,7,我心中尚未崩坏的地方,后青春期的诗,1.0,0.0
7172,385795,成果,n,1,7,38235,后青春期的诗,录音室专辑,2008-10-23,7,我心中尚未崩坏的地方,后青春期的诗,1.0,0.0
7173,385795,代价,n,1,7,38235,后青春期的诗,录音室专辑,2008-10-23,7,我心中尚未崩坏的地方,后青春期的诗,1.0,0.0
7174,385795,品尝,v,1,7,38235,后青春期的诗,录音室专辑,2008-10-23,7,我心中尚未崩坏的地方,后青春期的诗,1.0,0.0
7175,385795,单纯,a,1,7,38235,后青春期的诗,录音室专辑,2008-10-23,7,我心中尚未崩坏的地方,后青春期的诗,1.0,0.0
7176,385795,是否,v,1,7,38235,后青春期的诗,录音室专辑,2008-10-23,7,我心中尚未崩坏的地方,后青春期的诗,1.0,0.0
7177,385795,变了样,l,1,7,38235,后青春期的诗,录音室专辑,2008-10-23,7,我心中尚未崩坏的地方,后青春期的诗,1.0,0.0
7178,385795,游戏规则,n,1,7,38235,后青春期的诗,录音室专辑,2008-10-23,7,我心中尚未崩坏的地方,后青春期的诗,1.0,0.0
7179,385795,学,v,1,7,38235,后青春期的诗,录音室专辑,2008-10-23,7,我心中尚未崩坏的地方,后青春期的诗,1.0,0.0
7180,385795,成长,v,1,7,38235,后青春期的诗,录音室专辑,2008-10-23,7,我心中尚未崩坏的地方,后青春期的诗,1.0,0.0
7181,385795,轰轰烈烈,i,1,7,38235,后青春期的诗,录音室专辑,2008-10-23,7,我心中尚未崩坏的地方,后青春期的诗,1.0,0.0
7182,385795,排行,v,1,7,38235,后青春期的诗,录音室专辑,2008-10-23,7,我心中尚未崩坏的地方,后青春期的诗,1.0,0.0
7183,385795,沸沸扬扬,i,1,7,38235,后青春期的诗,录音室专辑,2008-10-23,7,我心中尚未崩坏的地方,后青春期的诗,1.0,0.0
7184,385795,颁奖,v,1,7,38235,后青春期的诗,录音室专辑,2008-10-23,7,我心中尚未崩坏的地方,后青春期的诗,1.0,0.0
7185,385795,节奏,n,1,7,38235,后青春期的诗,录音室专辑,2008-10-23,7,我心中尚未崩坏的地方,后青春期的诗,1.0,0.0
7186,385795,常,d,1,7,38235,后青春期的诗,录音室专辑,2008-10-23,7,我心中尚未崩坏的地方,后青春期的诗,1.0,0.0
7187,385795,迷惘,a,1,7,38235,后青春期的诗,录音室专辑,2008-10-23,7,我心中尚未崩坏的地方,后青春期的诗,1.0,0.0
7188,385795,人心,n,1,7,38235,后青春期的诗,录音室专辑,2008-10-23,7,我心中尚未崩坏的地方,后青春期的诗,1.0,0.0
7189,385795,埋葬,v,1,7,38235,后青春期的诗,录音室专辑,2008-10-23,7,我心中尚未崩坏的地方,后青春期的诗,1.0,0.0
7190,385795,多少,m,1,7,38235,后青春期的诗,录音室专辑,2008-10-23,7,我心中尚未崩坏的地方,后青春期的诗,1.0,0.0
7191,385795,回想,v,1,7,38235,后青春期的诗,录音室专辑,2008-10-23,7,我心中尚未崩坏的地方,后青春期的诗,1.0,0.0
7192,385795,稀薄,a,1,7,38235,后青春期的诗,录音室专辑,2008-10-23,7,我心中尚未崩坏的地方,后青春期的诗,1.0,0.0
7193,385795,走,v,1,7,38235,后青春期的诗,录音室专辑,2008-10-23,7,我心中尚未崩坏的地方,后青春期的诗,1.0,0.0
7194,385795,钢索,n,1,7,38235,后青春期的诗,录音室专辑,2008-10-23,7,我心中尚未崩坏的地方,后青春期的诗,1.0,0.0
7195,385795,刚强,a,1,7,38235,后青春期的诗,录音室专辑,2008-10-23,7,我心中尚未崩坏的地方,后青春期的诗,1.0,0.0
7196,385795,伟大,a,1,7,38235,后青春期的诗,录音室专辑,2008-10-23,7,我心中尚未崩坏的地方,后青春期的诗,1.0,0.0
7197,385795,伪装,v,1,7,38235,后青春期的诗,录音室专辑,2008-10-23,7,我心中尚未崩坏的地方,后青春期的诗,1.0,0.0
7198,385795,灰尘,n,1,7,38235,后青春期的诗,录音室专辑,2008-10-23,7,我心中尚未崩坏的地方,后青春期的诗,1.0,0.0
7199,385795,辉煌,a,1,7,38235,后青春期的诗,录音室专辑,2008-10-23,7,我心中尚未崩坏的地方,后青春期的诗,1.0,0.0
7200,385795,那,r,1,7,38235,后青春期的诗,录音室专辑,2008-10-23,7,我心中尚未崩坏的地方,后青春期的诗,1.0,0.0
7201,385795,是,v,1,7,38235,后青春期的诗,录音室专辑,2008-10-23,7,我心中尚未崩坏的地方,后青春期的诗,1.0,0.0
7202,385795,之,u,1,7,38235,后青春期的诗,录音室专辑,2008-10-23,7,我心中尚未崩坏的地方,后青春期的诗,1.0,0.0
7203,385795,隔,v,1,7,38235,后青春期的诗,录音室专辑,2008-10-23,7,我心中尚未崩坏的地方,后青春期的诗,1.0,0.0
7204,385795,或是,c,1,7,38235,后青春期的诗,录音室专辑,2008-10-23,7,我心中尚未崩坏的地方,后青春期的诗,1.0,0.0
7205,385795,曙光,nz,1,7,38235,后青春期的诗,录音室专辑,2008-10-23,7,我心中尚未崩坏的地方,后青春期的诗,1.0,0.0
7206,385795,歌手,n,1,7,38235,后青春期的诗,录音室专辑,2008-10-23,7,我心中尚未崩坏的地方,后青春期的诗,1.0,0.0
7207,385795,销售量,n,1,7,38235,后青春期的诗,录音室专辑,2008-10-23,7,我心中尚未崩坏的地方,后青春期的诗,1.0,0.0
7208,385795,记者,n,1,7,38235,后青春期的诗,录音室专辑,2008-10-23,7,我心中尚未崩坏的地方,后青春期的诗,1.0,0.0
7209,385795,点击,v,1,7,38235,后青春期的诗,录音室专辑,2008-10-23,7,我心中尚未崩坏的地方,后青春期的诗,1.0,0.0
7210,385795,量,n,1,7,38235,后青春期的诗,录音室专辑,2008-10-23,7,我心中尚未崩坏的地方,后青春期的诗,1.0,0.0
7211,385795,没有,v,1,7,38235,后青春期的诗,录音室专辑,2008-10-23,7,我心中尚未崩坏的地方,后青春期的诗,1.0,0.0
7212,385795,比,p,1,7,38235,后青春期的诗,录音室专辑,2008-10-23,7,我心中尚未崩坏的地方,后青春期的诗,1.0,0.0
7213,385795,更,d,1,7,38235,后青春期的诗,录音室专辑,2008-10-23,7,我心中尚未崩坏的地方,后青春期的诗,1.0,0.0
7214,385795,善良,a,1,7,38235,后青春期的诗,录音室专辑,2008-10-23,7,我心中尚未崩坏的地方,后青春期的诗,1.0,0.0
7215,385795,天后,n,1,7,38235,后青春期的诗,录音室专辑,2008-10-23,7,我心中尚未崩坏的地方,后青春期的诗,1.0,0.0
7216,385795,天王,nrt,1,7,38235,后青春期的诗,录音室专辑,2008-10-23,7,我心中尚未崩坏的地方,后青春期的诗,1.0,0.0
7217,385795,小兵,n,1,7,38235,后青春期的诗,录音室专辑,2008-10-23,7,我心中尚未崩坏的地方,后青春期的诗,1.0,0.0
7218,385795,老将,n,1,7,38235,后青春期的诗,录音室专辑,2008-10-23,7,我心中尚未崩坏的地方,后青春期的诗,1.0,0.0
7219,385795,曲终人散,i,1,7,38235,后青春期的诗,录音室专辑,2008-10-23,7,我心中尚未崩坏的地方,后青春期的诗,1.0,0.0
7220,385795,苍凉,a,1,7,38235,后青春期的诗,录音室专辑,2008-10-23,7,我心中尚未崩坏的地方,后青春期的诗,1.0,0.0
7221,385795,期待,vn,1,7,38235,后青春期的诗,录音室专辑,2008-10-23,7,我心中尚未崩坏的地方,后青春期的诗,1.0,0.0
7222,385795,所以,c,1,7,38235,后青春期的诗,录音室专辑,2008-10-23,7,我心中尚未崩坏的地方,后青春期的诗,1.0,0.0
7223,385795,开,v,1,7,38235,后青春期的诗,录音室专辑,2008-10-23,7,我心中尚未崩坏的地方,后青春期的诗,1.0,0.0
7224,385795,窗,s,1,7,38235,后青春期的诗,录音室专辑,2008-10-23,7,我心中尚未崩坏的地方,后青春期的诗,1.0,0.0
7225,385795,窗外,s,1,7,38235,后青春期的诗,录音室专辑,2008-10-23,7,我心中尚未崩坏的地方,后青春期的诗,1.0,0.0
7226,385795,只有,c,1,7,38235,后青春期的诗,录音室专辑,2008-10-23,7,我心中尚未崩坏的地方,后青春期的诗,1.0,0.0
7227,385795,灼热,z,1,7,38235,后青春期的诗,录音室专辑,2008-10-23,7,我心中尚未崩坏的地方,后青春期的诗,1.0,0.0
7228,385795,闪光,n,1,7,38235,后青春期的诗,录音室专辑,2008-10-23,7,我心中尚未崩坏的地方,后青春期的诗,1.0,0.0
7229,385795,所谓,b,1,7,38235,后青春期的诗,录音室专辑,2008-10-23,7,我心中尚未崩坏的地方,后青春期的诗,1.0,0.0
7230,385795,不过,c,1,7,38235,后青春期的诗,录音室专辑,2008-10-23,7,我心中尚未崩坏的地方,后青春期的诗,1.0,0.0
7231,385795,就是,d,1,7,38235,后青春期的诗,录音室专辑,2008-10-23,7,我心中尚未崩坏的地方,后青春期的诗,1.0,0.0
7232,385795,光,n,1,7,38235,后青春期的诗,录音室专辑,2008-10-23,7,我心中尚未崩坏的地方,后青春期的诗,1.0,0.0
7233,385795,只要,c,1,7,38235,后青春期的诗,录音室专辑,2008-10-23,7,我心中尚未崩坏的地方,后青春期的诗,1.0,0.0
7234,385795,心,n,1,7,38235,后青春期的诗,录音室专辑,2008-10-23,7,我心中尚未崩坏的地方,后青春期的诗,1.0,0.0
7235,385795,还,d,1,7,38235,后青春期的诗,录音室专辑,2008-10-23,7,我心中尚未崩坏的地方,后青春期的诗,1.0,0.0
7236,385795,透明,v,1,7,38235,后青春期的诗,录音室专辑,2008-10-23,7,我心中尚未崩坏的地方,后青春期的诗,1.0,0.0
7237,385795,就,d,1,7,38235,后青春期的诗,录音室专辑,2008-10-23,7,我心中尚未崩坏的地方,后青春期的诗,1.0,0.0
7238,385795,能,v,1,7,38235,后青春期的诗,录音室专辑,2008-10-23,7,我心中尚未崩坏的地方,后青春期的诗,1.0,0.0
7239,385795,折射,v,1,7,38235,后青春期的诗,录音室专辑,2008-10-23,7,我心中尚未崩坏的地方,后青春期的诗,1.0,0.0
7240,385795,其实,d,1,7,38235,后青春期的诗,录音室专辑,2008-10-23,7,我心中尚未崩坏的地方,后青春期的诗,1.0,0.0
7241,385795,一模一样,l,1,7,38235,后青春期的诗,录音室专辑,2008-10-23,7,我心中尚未崩坏的地方,后青春期的诗,1.0,0.0
7242,385795,无名,v,1,7,38235,后青春期的诗,录音室专辑,2008-10-23,7,我心中尚未崩坏的地方,后青春期的诗,1.0,0.0
7243,385795,却,d,1,7,38235,后青春期的诗,录音室专辑,2008-10-23,7,我心中尚未崩坏的地方,后青春期的诗,1.0,0.0
7244,385795,充满,a,1,7,38235,后青春期的诗,录音室专辑,2008-10-23,7,我心中尚未崩坏的地方,后青春期的诗,1.0,0.0
7245,385795,莫名,v,1,7,38235,后青春期的诗,录音室专辑,2008-10-23,7,我心中尚未崩坏的地方,后青春期的诗,1.0,0.0
7246,385795,渴望,v,1,7,38235,后青春期的诗,录音室专辑,2008-10-23,7,我心中尚未崩坏的地方,后青春期的诗,1.0,0.0
7247,385795,一生,m,1,7,38235,后青春期的诗,录音室专辑,2008-10-23,7,我心中尚未崩坏的地方,后青春期的诗,1.0,0.0
7248,385795,等,u,1,7,38235,后青春期的诗,录音室专辑,2008-10-23,7,我心中尚未崩坏的地方,后青春期的诗,1.0,0.0
7249,385795,一次,m,1,7,38235,后青春期的诗,录音室专辑,2008-10-23,7,我心中尚未崩坏的地方,后青春期的诗,1.0,0.0
7250,385795,发光,v,1,7,38235,后青春期的诗,录音室专辑,2008-10-23,7,我心中尚未崩坏的地方,后青春期的诗,1.0,0.0
7251,385795,宁愿,d,1,7,38235,后青春期的诗,录音室专辑,2008-10-23,7,我心中尚未崩坏的地方,后青春期的诗,1.0,0.0
7252,385795,重伤,a,1,7,38235,后青春期的诗,录音室专辑,2008-10-23,7,我心中尚未崩坏的地方,后青春期的诗,1.0,0.0
7253,385795,愿,v,1,7,38235,后青春期的诗,录音室专辑,2008-10-23,7,我心中尚未崩坏的地方,后青春期的诗,1.0,0.0
7254,385795,悲伤,a,1,7,38235,后青春期的诗,录音室专辑,2008-10-23,7,我心中尚未崩坏的地方,后青春期的诗,1.0,0.0
7255,385795,伤痕,n,1,7,38235,后青春期的诗,录音室专辑,2008-10-23,7,我心中尚未崩坏的地方,后青春期的诗,1.0,0.0
7256,385795,徽章,n,1,7,38235,后青春期的诗,录音室专辑,2008-10-23,7,我心中尚未崩坏的地方,后青春期的诗,1.0,0.0
7257,385795,刺,v,1,7,38235,后青春期的诗,录音室专辑,2008-10-23,7,我心中尚未崩坏的地方,后青春期的诗,1.0,0.0
7258,385795,心脏,n,1,7,38235,后青春期的诗,录音室专辑,2008-10-23,7,我心中尚未崩坏的地方,后青春期的诗,1.0,0.0
7259,385795,永远,d,1,7,38235,后青春期的诗,录音室专辑,2008-10-23,7,我心中尚未崩坏的地方,后青春期的诗,1.0,0.0
7260,385795,忘,v,1,7,38235,后青春期的诗,录音室专辑,2008-10-23,7,我心中尚未崩坏的地方,后青春期的诗,1.0,0.0
7261,385795,一样,r,1,7,38235,后青春期的诗,录音室专辑,2008-10-23,7,我心中尚未崩坏的地方,后青春期的诗,1.0,0.0
7262,385795,不肯,v,1,7,38235,后青春期的诗,录音室专辑,2008-10-23,7,我心中尚未崩坏的地方,后青春期的诗,1.0,0.0
7263,385795,腐烂,a,1,7,38235,后青春期的诗,录音室专辑,2008-10-23,7,我心中尚未崩坏的地方,后青春期的诗,1.0,0.0
7264,385795,土壤,n,1,7,38235,后青春期的诗,录音室专辑,2008-10-23,7,我心中尚未崩坏的地方,后青春期的诗,1.0,0.0
7265,385798,我,r,16,7,38235,后青春期的诗,录音室专辑,2008-10-23,8,春天的呐喊,后青春期的诗,1.0,0.0
7266,385798,看到,v,9,7,38235,后青春期的诗,录音室专辑,2008-10-23,8,春天的呐喊,后青春期的诗,1.0,0.0
7267,385798,呐喊,v,9,7,38235,后青春期的诗,录音室专辑,2008-10-23,8,春天的呐喊,后青春期的诗,1.0,0.0
7268,385798,让,v,7,7,38235,后青春期的诗,录音室专辑,2008-10-23,8,春天的呐喊,后青春期的诗,1.0,0.0
7269,385798,能,v,7,7,38235,后青春期的诗,录音室专辑,2008-10-23,8,春天的呐喊,后青春期的诗,1.0,0.0
7270,385798,跟,p,6,7,38235,后青春期的诗,录音室专辑,2008-10-23,8,春天的呐喊,后青春期的诗,1.0,0.0
7271,385798,爽要,a,6,7,38235,后青春期的诗,录音室专辑,2008-10-23,8,春天的呐喊,后青春期的诗,1.0,0.0
7272,385798,喊,v,6,7,38235,后青春期的诗,录音室专辑,2008-10-23,8,春天的呐喊,后青春期的诗,1.0,0.0
7273,385798,要,v,6,7,38235,后青春期的诗,录音室专辑,2008-10-23,8,春天的呐喊,后青春期的诗,1.0,0.0
7274,385798,不要,df,5,7,38235,后青春期的诗,录音室专辑,2008-10-23,8,春天的呐喊,后青春期的诗,1.0,0.0
7275,385798,没,v,5,7,38235,后青春期的诗,录音室专辑,2008-10-23,8,春天的呐喊,后青春期的诗,1.0,0.0
7276,385798,一生,m,5,7,38235,后青春期的诗,录音室专辑,2008-10-23,8,春天的呐喊,后青春期的诗,1.0,0.0
7277,385798,有,v,5,7,38235,后青春期的诗,录音室专辑,2008-10-23,8,春天的呐喊,后青春期的诗,1.0,0.0
7278,385798,几次,m,5,7,38235,后青春期的诗,录音室专辑,2008-10-23,8,春天的呐喊,后青春期的诗,1.0,0.0
7279,385798,再,d,4,7,38235,后青春期的诗,录音室专辑,2008-10-23,8,春天的呐喊,后青春期的诗,1.0,0.0
7280,385798,都,d,4,7,38235,后青春期的诗,录音室专辑,2008-10-23,8,春天的呐喊,后青春期的诗,1.0,0.0
7281,385798,很,zg,4,7,38235,后青春期的诗,录音室专辑,2008-10-23,8,春天的呐喊,后青春期的诗,1.0,0.0
7282,385798,到,v,4,7,38235,后青春期的诗,录音室专辑,2008-10-23,8,春天的呐喊,后青春期的诗,1.0,0.0
7283,385798,世界,n,4,7,38235,后青春期的诗,录音室专辑,2008-10-23,8,春天的呐喊,后青春期的诗,1.0,0.0
7284,385798,宣战,v,4,7,38235,后青春期的诗,录音室专辑,2008-10-23,8,春天的呐喊,后青春期的诗,1.0,0.0
7285,385798,需要,v,3,7,38235,后青春期的诗,录音室专辑,2008-10-23,8,春天的呐喊,后青春期的诗,1.0,0.0
7286,385798,不,d,3,7,38235,后青春期的诗,录音室专辑,2008-10-23,8,春天的呐喊,后青春期的诗,1.0,0.0
7287,385798,沙滩,nr,3,7,38235,后青春期的诗,录音室专辑,2008-10-23,8,春天的呐喊,后青春期的诗,1.0,0.0
7288,385798,大海,ns,3,7,38235,后青春期的诗,录音室专辑,2008-10-23,8,春天的呐喊,后青春期的诗,1.0,0.0
7289,385798,未来,t,3,7,38235,后青春期的诗,录音室专辑,2008-10-23,8,春天的呐喊,后青春期的诗,1.0,0.0
7290,385798,不爽,a,3,7,38235,后青春期的诗,录音室专辑,2008-10-23,8,春天的呐喊,后青春期的诗,1.0,0.0
7291,385798,更要,d,3,7,38235,后青春期的诗,录音室专辑,2008-10-23,8,春天的呐喊,后青春期的诗,1.0,0.0
7292,385798,压力,n,3,7,38235,后青春期的诗,录音室专辑,2008-10-23,8,春天的呐喊,后青春期的诗,1.0,0.0
7293,385798,甩,v,3,7,38235,后青春期的诗,录音室专辑,2008-10-23,8,春天的呐喊,后青春期的诗,1.0,0.0
7294,385798,忧郁,a,3,7,38235,后青春期的诗,录音室专辑,2008-10-23,8,春天的呐喊,后青春期的诗,1.0,0.0
7295,385798,推翻,v,3,7,38235,后青春期的诗,录音室专辑,2008-10-23,8,春天的呐喊,后青春期的诗,1.0,0.0
7296,385798,用力,n,3,7,38235,后青春期的诗,录音室专辑,2008-10-23,8,春天的呐喊,后青春期的诗,1.0,0.0
7297,385798,的,uj,3,7,38235,后青春期的诗,录音室专辑,2008-10-23,8,春天的呐喊,后青春期的诗,1.0,0.0
7298,385798,流汗,n,3,7,38235,后青春期的诗,录音室专辑,2008-10-23,8,春天的呐喊,后青春期的诗,1.0,0.0
7299,385798,喊到,v,3,7,38235,后青春期的诗,录音室专辑,2008-10-23,8,春天的呐喊,后青春期的诗,1.0,0.0
7300,385798,遗憾,a,3,7,38235,后青春期的诗,录音室专辑,2008-10-23,8,春天的呐喊,后青春期的诗,1.0,0.0
7301,385798,只,d,3,7,38235,后青春期的诗,录音室专辑,2008-10-23,8,春天的呐喊,后青春期的诗,1.0,0.0
7302,385798,想,v,3,7,38235,后青春期的诗,录音室专辑,2008-10-23,8,春天的呐喊,后青春期的诗,1.0,0.0
7303,385798,看,v,2,7,38235,后青春期的诗,录音室专辑,2008-10-23,8,春天的呐喊,后青春期的诗,1.0,0.0
7304,385798,天天,t,2,7,38235,后青春期的诗,录音室专辑,2008-10-23,8,春天的呐喊,后青春期的诗,1.0,0.0
7305,385798,当,t,2,7,38235,后青春期的诗,录音室专辑,2008-10-23,8,春天的呐喊,后青春期的诗,1.0,0.0
7306,385798,阳光,nr,2,7,38235,后青春期的诗,录音室专辑,2008-10-23,8,春天的呐喊,后青春期的诗,1.0,0.0
7307,385798,冷淡,a,2,7,38235,后青春期的诗,录音室专辑,2008-10-23,8,春天的呐喊,后青春期的诗,1.0,0.0
7308,385798,心情,n,2,7,38235,后青春期的诗,录音室专辑,2008-10-23,8,春天的呐喊,后青春期的诗,1.0,0.0
7309,385798,吉普赛,nr,2,7,38235,后青春期的诗,录音室专辑,2008-10-23,8,春天的呐喊,后青春期的诗,1.0,0.0
7310,385798,人,n,2,7,38235,后青春期的诗,录音室专辑,2008-10-23,8,春天的呐喊,后青春期的诗,1.0,0.0
7311,385798,挡住,v,2,7,38235,后青春期的诗,录音室专辑,2008-10-23,8,春天的呐喊,后青春期的诗,1.0,0.0
7312,385798,平凡,a,2,7,38235,后青春期的诗,录音室专辑,2008-10-23,8,春天的呐喊,后青春期的诗,1.0,0.0
7313,385798,掰掰,v,2,7,38235,后青春期的诗,录音室专辑,2008-10-23,8,春天的呐喊,后青春期的诗,1.0,0.0
7314,385798,方向盘,n,2,7,38235,后青春期的诗,录音室专辑,2008-10-23,8,春天的呐喊,后青春期的诗,1.0,0.0
7315,385798,指向,n,2,7,38235,后青春期的诗,录音室专辑,2008-10-23,8,春天的呐喊,后青春期的诗,1.0,0.0
7316,385798,南,ns,2,7,38235,后青春期的诗,录音室专辑,2008-10-23,8,春天的呐喊,后青春期的诗,1.0,0.0
7317,385798,一路,m,2,7,38235,后青春期的诗,录音室专辑,2008-10-23,8,春天的呐喊,后青春期的诗,1.0,0.0
7318,385798,转弯,v,2,7,38235,后青春期的诗,录音室专辑,2008-10-23,8,春天的呐喊,后青春期的诗,1.0,0.0
7319,385798,除非,c,2,7,38235,后青春期的诗,录音室专辑,2008-10-23,8,春天的呐喊,后青春期的诗,1.0,0.0
7320,385798,再当,d,2,7,38235,后青春期的诗,录音室专辑,2008-10-23,8,春天的呐喊,后青春期的诗,1.0,0.0
7321,385798,变,v,2,7,38235,后青春期的诗,录音室专辑,2008-10-23,8,春天的呐喊,后青春期的诗,1.0,0.0
7322,385798,来不及,v,2,7,38235,后青春期的诗,录音室专辑,2008-10-23,8,春天的呐喊,后青春期的诗,1.0,0.0
7323,385798,只怕,c,2,7,38235,后青春期的诗,录音室专辑,2008-10-23,8,春天的呐喊,后青春期的诗,1.0,0.0
7324,385798,快,a,2,7,38235,后青春期的诗,录音室专辑,2008-10-23,8,春天的呐喊,后青春期的诗,1.0,0.0
7325,385798,叫,v,1,7,38235,后青春期的诗,录音室专辑,2008-10-23,8,春天的呐喊,后青春期的诗,1.0,0.0
7326,385798,比赛,vn,1,7,38235,后青春期的诗,录音室专辑,2008-10-23,8,春天的呐喊,后青春期的诗,1.0,0.0
7327,385798,成绩单,n,1,7,38235,后青春期的诗,录音室专辑,2008-10-23,8,春天的呐喊,后青春期的诗,1.0,0.0
7328,385798,无奈,d,1,7,38235,后青春期的诗,录音室专辑,2008-10-23,8,春天的呐喊,后青春期的诗,1.0,0.0
7329,385798,忍耐,v,1,7,38235,后青春期的诗,录音室专辑,2008-10-23,8,春天的呐喊,后青春期的诗,1.0,0.0
7330,385798,伤,v,1,7,38235,后青春期的诗,录音室专辑,2008-10-23,8,春天的呐喊,后青春期的诗,1.0,0.0
7331,385798,肝,n,1,7,38235,后青春期的诗,录音室专辑,2008-10-23,8,春天的呐喊,后青春期的诗,1.0,0.0
7332,385798,火腿蛋,n,1,7,38235,后青春期的诗,录音室专辑,2008-10-23,8,春天的呐喊,后青春期的诗,1.0,0.0
7333,385798,排骨,n,1,7,38235,后青春期的诗,录音室专辑,2008-10-23,8,春天的呐喊,后青春期的诗,1.0,0.0
7334,385798,鸡腿饭,n,1,7,38235,后青春期的诗,录音室专辑,2008-10-23,8,春天的呐喊,后青春期的诗,1.0,0.0
7335,385798,扭转,v,1,7,38235,后青春期的诗,录音室专辑,2008-10-23,8,春天的呐喊,后青春期的诗,1.0,0.0
7336,385798,意外,a,1,7,38235,后青春期的诗,录音室专辑,2008-10-23,8,春天的呐喊,后青春期的诗,1.0,0.0
7337,385798,感觉,n,1,7,38235,后青春期的诗,录音室专辑,2008-10-23,8,春天的呐喊,后青春期的诗,1.0,0.0
7338,385798,存在,v,1,7,38235,后青春期的诗,录音室专辑,2008-10-23,8,春天的呐喊,后青春期的诗,1.0,0.0
7339,385798,不想,v,1,7,38235,后青春期的诗,录音室专辑,2008-10-23,8,春天的呐喊,后青春期的诗,1.0,0.0
7340,385798,模范,n,1,7,38235,后青春期的诗,录音室专辑,2008-10-23,8,春天的呐喊,后青春期的诗,1.0,0.0
7341,385798,想要,v,1,7,38235,后青春期的诗,录音室专辑,2008-10-23,8,春天的呐喊,后青春期的诗,1.0,0.0
7342,385798,乖乖,d,1,7,38235,后青春期的诗,录音室专辑,2008-10-23,8,春天的呐喊,后青春期的诗,1.0,0.0
7343,385798,牌,n,1,7,38235,后青春期的诗,录音室专辑,2008-10-23,8,春天的呐喊,后青春期的诗,1.0,0.0
7344,385798,摇摆,v,1,7,38235,后青春期的诗,录音室专辑,2008-10-23,8,春天的呐喊,后青春期的诗,1.0,0.0
7345,385798,旋转,v,1,7,38235,后青春期的诗,录音室专辑,2008-10-23,8,春天的呐喊,后青春期的诗,1.0,0.0
7346,385798,阂,vg,1,7,38235,后青春期的诗,录音室专辑,2008-10-23,8,春天的呐喊,后青春期的诗,1.0,0.0
7347,385798,腿软,n,1,7,38235,后青春期的诗,录音室专辑,2008-10-23,8,春天的呐喊,后青春期的诗,1.0,0.0
7348,385798,冬天,t,1,7,38235,后青春期的诗,录音室专辑,2008-10-23,8,春天的呐喊,后青春期的诗,1.0,0.0
7349,385798,被,p,1,7,38235,后青春期的诗,录音室专辑,2008-10-23,8,春天的呐喊,后青春期的诗,1.0,0.0
7350,385798,打败,v,1,7,38235,后青春期的诗,录音室专辑,2008-10-23,8,春天的呐喊,后青春期的诗,1.0,0.0
7351,385798,春天,t,1,7,38235,后青春期的诗,录音室专辑,2008-10-23,8,春天的呐喊,后青春期的诗,1.0,0.0
7352,385798,冲上,v,1,7,38235,后青春期的诗,录音室专辑,2008-10-23,8,春天的呐喊,后青春期的诗,1.0,0.0
7353,385798,了,ul,1,7,38235,后青春期的诗,录音室专辑,2008-10-23,8,春天的呐喊,后青春期的诗,1.0,0.0
7354,385798,舞台,n,1,7,38235,后青春期的诗,录音室专辑,2008-10-23,8,春天的呐喊,后青春期的诗,1.0,0.0
7355,385798,热血,n,1,7,38235,后青春期的诗,录音室专辑,2008-10-23,8,春天的呐喊,后青春期的诗,1.0,0.0
7356,385798,红,a,1,7,38235,后青春期的诗,录音室专辑,2008-10-23,8,春天的呐喊,后青春期的诗,1.0,0.0
7357,385798,天空,n,1,7,38235,后青春期的诗,录音室专辑,2008-10-23,8,春天的呐喊,后青春期的诗,1.0,0.0
7358,385798,蓝,a,1,7,38235,后青春期的诗,录音室专辑,2008-10-23,8,春天的呐喊,后青春期的诗,1.0,0.0
7359,385798,把,p,1,7,38235,后青春期的诗,录音室专辑,2008-10-23,8,春天的呐喊,后青春期的诗,1.0,0.0
7360,385798,无聊,a,1,7,38235,后青春期的诗,录音室专辑,2008-10-23,8,春天的呐喊,后青春期的诗,1.0,0.0
7361,385798,炸开,v,1,7,38235,后青春期的诗,录音室专辑,2008-10-23,8,春天的呐喊,后青春期的诗,1.0,0.0
7362,385798,羚羊,n,1,7,38235,后青春期的诗,录音室专辑,2008-10-23,8,春天的呐喊,后青春期的诗,1.0,0.0
7363,385798,草枝,n,1,7,38235,后青春期的诗,录音室专辑,2008-10-23,8,春天的呐喊,后青春期的诗,1.0,0.0
7364,385798,摆,v,1,7,38235,后青春期的诗,录音室专辑,2008-10-23,8,春天的呐喊,后青春期的诗,1.0,0.0
7365,385798,爱,v,1,7,38235,后青春期的诗,录音室专辑,2008-10-23,8,春天的呐喊,后青春期的诗,1.0,0.0
7366,385798,上,f,1,7,38235,后青春期的诗,录音室专辑,2008-10-23,8,春天的呐喊,后青春期的诗,1.0,0.0
7367,385798,大自然,d,1,7,38235,后青春期的诗,录音室专辑,2008-10-23,8,春天的呐喊,后青春期的诗,1.0,0.0
7368,385798,等,u,1,7,38235,后青春期的诗,录音室专辑,2008-10-23,8,春天的呐喊,后青春期的诗,1.0,0.0
7369,385798,泪,n,1,7,38235,后青春期的诗,录音室专辑,2008-10-23,8,春天的呐喊,后青春期的诗,1.0,0.0
7370,385798,乾,j,1,7,38235,后青春期的诗,录音室专辑,2008-10-23,8,春天的呐喊,后青春期的诗,1.0,0.0
7371,385798,防晒,v,1,7,38235,后青春期的诗,录音室专辑,2008-10-23,8,春天的呐喊,后青春期的诗,1.0,0.0
7372,385798,浪漫,a,1,7,38235,后青春期的诗,录音室专辑,2008-10-23,8,春天的呐喊,后青春期的诗,1.0,0.0
7373,385798,太慢,a,1,7,38235,后青春期的诗,录音室专辑,2008-10-23,8,春天的呐喊,后青春期的诗,1.0,0.0
7374,385798,痛快,a,1,7,38235,后青春期的诗,录音室专辑,2008-10-23,8,春天的呐喊,后青春期的诗,1.0,0.0
7375,385798,太,d,1,7,38235,后青春期的诗,录音室专辑,2008-10-23,8,春天的呐喊,后青春期的诗,1.0,0.0
7376,385798,终于,d,1,7,38235,后青春期的诗,录音室专辑,2008-10-23,8,春天的呐喊,后青春期的诗,1.0,0.0
7377,385798,没人管,l,1,7,38235,后青春期的诗,录音室专辑,2008-10-23,8,春天的呐喊,后青春期的诗,1.0,0.0
7378,22198018,的,uj,37,7,38235,后青春期的诗,录音室专辑,2008-10-23,9,夜访吸血鬼,后青春期的诗,1.0,0.0
7379,22198018,日日夜夜,i,15,7,38235,后青春期的诗,录音室专辑,2008-10-23,9,夜访吸血鬼,后青春期的诗,1.0,0.0
7380,22198018,却,d,12,7,38235,后青春期的诗,录音室专辑,2008-10-23,9,夜访吸血鬼,后青春期的诗,1.0,0.0
7381,22198018,又,d,11,7,38235,后青春期的诗,录音室专辑,2008-10-23,9,夜访吸血鬼,后青春期的诗,1.0,0.0
7382,22198018,我,r,7,7,38235,后青春期的诗,录音室专辑,2008-10-23,9,夜访吸血鬼,后青春期的诗,1.0,0.0
7383,22198018,不能,v,6,7,38235,后青春期的诗,录音室专辑,2008-10-23,9,夜访吸血鬼,后青春期的诗,1.0,0.0
7384,22198018,只,d,6,7,38235,后青春期的诗,录音室专辑,2008-10-23,9,夜访吸血鬼,后青春期的诗,1.0,0.0
7385,22198018,无尽,d,6,7,38235,后青春期的诗,录音室专辑,2008-10-23,9,夜访吸血鬼,后青春期的诗,1.0,0.0
7386,22198018,在,p,6,7,38235,后青春期的诗,录音室专辑,2008-10-23,9,夜访吸血鬼,后青春期的诗,1.0,0.0
7387,22198018,无法,n,6,7,38235,后青春期的诗,录音室专辑,2008-10-23,9,夜访吸血鬼,后青春期的诗,1.0,0.0
7388,22198018,和,c,6,7,38235,后青春期的诗,录音室专辑,2008-10-23,9,夜访吸血鬼,后青春期的诗,1.0,0.0
7389,22198018,找寻,v,6,7,38235,后青春期的诗,录音室专辑,2008-10-23,9,夜访吸血鬼,后青春期的诗,1.0,0.0
7390,22198018,着,uz,6,7,38235,后青春期的诗,录音室专辑,2008-10-23,9,夜访吸血鬼,后青春期的诗,1.0,0.0
7391,22198018,能够,v,5,7,38235,后青春期的诗,录音室专辑,2008-10-23,9,夜访吸血鬼,后青春期的诗,1.0,0.0
7392,22198018,然后,c,5,7,38235,后青春期的诗,录音室专辑,2008-10-23,9,夜访吸血鬼,后青春期的诗,1.0,0.0
7393,22198018,满怀,nr,4,7,38235,后青春期的诗,录音室专辑,2008-10-23,9,夜访吸血鬼,后青春期的诗,1.0,0.0
7394,22198018,忧伤,v,4,7,38235,后青春期的诗,录音室专辑,2008-10-23,9,夜访吸血鬼,后青春期的诗,1.0,0.0
7395,22198018,流,v,4,7,38235,后青春期的诗,录音室专辑,2008-10-23,9,夜访吸血鬼,后青春期的诗,1.0,0.0
7396,22198018,不,d,4,7,38235,后青春期的诗,录音室专辑,2008-10-23,9,夜访吸血鬼,后青春期的诗,1.0,0.0
7397,22198018,出泪,v,4,7,38235,后青春期的诗,录音室专辑,2008-10-23,9,夜访吸血鬼,后青春期的诗,1.0,0.0
7398,22198018,极度,d,4,7,38235,后青春期的诗,录音室专辑,2008-10-23,9,夜访吸血鬼,后青春期的诗,1.0,0.0
7399,22198018,疲惫,a,4,7,38235,后青春期的诗,录音室专辑,2008-10-23,9,夜访吸血鬼,后青春期的诗,1.0,0.0
7400,22198018,入睡,v,4,7,38235,后青春期的诗,录音室专辑,2008-10-23,9,夜访吸血鬼,后青春期的诗,1.0,0.0
7401,22198018,永远,d,4,7,38235,后青春期的诗,录音室专辑,2008-10-23,9,夜访吸血鬼,后青春期的诗,1.0,0.0
7402,22198018,深陷,v,4,7,38235,后青春期的诗,录音室专辑,2008-10-23,9,夜访吸血鬼,后青春期的诗,1.0,0.0
7403,22198018,人间,n,4,7,38235,后青春期的诗,录音室专辑,2008-10-23,9,夜访吸血鬼,后青春期的诗,1.0,0.0
7404,22198018,是,v,4,7,38235,后青春期的诗,录音室专辑,2008-10-23,9,夜访吸血鬼,后青春期的诗,1.0,0.0
7405,22198018,要,v,4,7,38235,后青春期的诗,录音室专辑,2008-10-23,9,夜访吸血鬼,后青春期的诗,1.0,0.0
7406,22198018,也,d,4,7,38235,后青春期的诗,录音室专辑,2008-10-23,9,夜访吸血鬼,后青春期的诗,1.0,0.0
7407,22198018,像,v,4,7,38235,后青春期的诗,录音室专辑,2008-10-23,9,夜访吸血鬼,后青春期的诗,1.0,0.0
7408,22198018,我们,r,3,7,38235,后青春期的诗,录音室专辑,2008-10-23,9,夜访吸血鬼,后青春期的诗,1.0,0.0
7409,22198018,挥舞,v,3,7,38235,后青春期的诗,录音室专辑,2008-10-23,9,夜访吸血鬼,后青春期的诗,1.0,0.0
7410,22198018,天使,n,3,7,38235,后青春期的诗,录音室专辑,2008-10-23,9,夜访吸血鬼,后青春期的诗,1.0,0.0
7411,22198018,纯洁,a,3,7,38235,后青春期的诗,录音室专辑,2008-10-23,9,夜访吸血鬼,后青春期的诗,1.0,0.0
7412,22198018,拥有,v,3,7,38235,后青春期的诗,录音室专辑,2008-10-23,9,夜访吸血鬼,后青春期的诗,1.0,0.0
7413,22198018,魔鬼,n,3,7,38235,后青春期的诗,录音室专辑,2008-10-23,9,夜访吸血鬼,后青春期的诗,1.0,0.0
7414,22198018,果决,ad,3,7,38235,后青春期的诗,录音室专辑,2008-10-23,9,夜访吸血鬼,后青春期的诗,1.0,0.0
7415,22198018,只有,c,3,7,38235,后青春期的诗,录音室专辑,2008-10-23,9,夜访吸血鬼,后青春期的诗,1.0,0.0
7416,22198018,每个,r,3,7,38235,后青春期的诗,录音室专辑,2008-10-23,9,夜访吸血鬼,后青春期的诗,1.0,0.0
7417,22198018,人类,n,3,7,38235,后青春期的诗,录音室专辑,2008-10-23,9,夜访吸血鬼,后青春期的诗,1.0,0.0
7418,22198018,贪嗔,i,3,7,38235,后青春期的诗,录音室专辑,2008-10-23,9,夜访吸血鬼,后青春期的诗,1.0,0.0
7419,22198018,痴傻,v,3,7,38235,后青春期的诗,录音室专辑,2008-10-23,9,夜访吸血鬼,后青春期的诗,1.0,0.0
7420,22198018,愚昧,a,3,7,38235,后青春期的诗,录音室专辑,2008-10-23,9,夜访吸血鬼,后青春期的诗,1.0,0.0
7421,22198018,体温,n,3,7,38235,后青春期的诗,录音室专辑,2008-10-23,9,夜访吸血鬼,后青春期的诗,1.0,0.0
7422,22198018,血,n,3,7,38235,后青春期的诗,录音室专辑,2008-10-23,9,夜访吸血鬼,后青春期的诗,1.0,0.0
7423,22198018,同类,n,3,7,38235,后青春期的诗,录音室专辑,2008-10-23,9,夜访吸血鬼,后青春期的诗,1.0,0.0
7424,22198018,飞,v,2,7,38235,后青春期的诗,录音室专辑,2008-10-23,9,夜访吸血鬼,后青春期的诗,1.0,0.0
7425,22198018,就是,d,2,7,38235,后青春期的诗,录音室专辑,2008-10-23,9,夜访吸血鬼,后青春期的诗,1.0,0.0
7426,22198018,给,p,2,7,38235,后青春期的诗,录音室专辑,2008-10-23,9,夜访吸血鬼,后青春期的诗,1.0,0.0
7427,22198018,看,v,2,7,38235,后青春期的诗,录音室专辑,2008-10-23,9,夜访吸血鬼,后青春期的诗,1.0,0.0
7428,22198018,过,ug,2,7,38235,后青春期的诗,录音室专辑,2008-10-23,9,夜访吸血鬼,后青春期的诗,1.0,0.0
7429,22198018,一一,m,2,7,38235,后青春期的诗,录音室专辑,2008-10-23,9,夜访吸血鬼,后青春期的诗,1.0,0.0
7430,22198018,留下,v,2,7,38235,后青春期的诗,录音室专辑,2008-10-23,9,夜访吸血鬼,后青春期的诗,1.0,0.0
7431,22198018,千年,m,2,7,38235,后青春期的诗,录音室专辑,2008-10-23,9,夜访吸血鬼,后青春期的诗,1.0,0.0
7432,22198018,下,f,2,7,38235,后青春期的诗,录音室专辑,2008-10-23,9,夜访吸血鬼,后青春期的诗,1.0,0.0
7433,22198018,一个,m,2,7,38235,后青春期的诗,录音室专辑,2008-10-23,9,夜访吸血鬼,后青春期的诗,1.0,0.0
7434,22198018,蝙蝠,n,1,7,38235,后青春期的诗,录音室专辑,2008-10-23,9,夜访吸血鬼,后青春期的诗,1.0,0.0
7435,22198018,困,v,1,7,38235,后青春期的诗,录音室专辑,2008-10-23,9,夜访吸血鬼,后青春期的诗,1.0,0.0
7436,22198018,日复一日,t,1,7,38235,后青春期的诗,录音室专辑,2008-10-23,9,夜访吸血鬼,后青春期的诗,1.0,0.0
7437,22198018,街,n,1,7,38235,后青春期的诗,录音室专辑,2008-10-23,9,夜访吸血鬼,后青春期的诗,1.0,0.0
7438,22198018,无止尽,i,1,7,38235,后青春期的诗,录音室专辑,2008-10-23,9,夜访吸血鬼,后青春期的诗,1.0,0.0
7439,22198018,狩猎,n,1,7,38235,后青春期的诗,录音室专辑,2008-10-23,9,夜访吸血鬼,后青春期的诗,1.0,0.0
7440,22198018,仿佛,d,1,7,38235,后青春期的诗,录音室专辑,2008-10-23,9,夜访吸血鬼,后青春期的诗,1.0,0.0
7441,22198018,一种,m,1,7,38235,后青春期的诗,录音室专辑,2008-10-23,9,夜访吸血鬼,后青春期的诗,1.0,0.0
7442,22198018,天,q,1,7,38235,后青春期的诗,录音室专辑,2008-10-23,9,夜访吸血鬼,后青春期的诗,1.0,0.0
7443,22198018,谴,v,1,7,38235,后青春期的诗,录音室专辑,2008-10-23,9,夜访吸血鬼,后青春期的诗,1.0,0.0
7444,22198018,夜色,n,1,7,38235,后青春期的诗,录音室专辑,2008-10-23,9,夜访吸血鬼,后青春期的诗,1.0,0.0
7445,22198018,披肩,v,1,7,38235,后青春期的诗,录音室专辑,2008-10-23,9,夜访吸血鬼,后青春期的诗,1.0,0.0
7446,22198018,日出,v,1,7,38235,后青春期的诗,录音室专辑,2008-10-23,9,夜访吸血鬼,后青春期的诗,1.0,0.0
7447,22198018,风险,n,1,7,38235,后青春期的诗,录音室专辑,2008-10-23,9,夜访吸血鬼,后青春期的诗,1.0,0.0
7448,22198018,舞池,n,1,7,38235,后青春期的诗,录音室专辑,2008-10-23,9,夜访吸血鬼,后青春期的诗,1.0,0.0
7449,22198018,里,f,1,7,38235,后青春期的诗,录音室专辑,2008-10-23,9,夜访吸血鬼,后青春期的诗,1.0,0.0
7450,22198018,狂颠,i,1,7,38235,后青春期的诗,录音室专辑,2008-10-23,9,夜访吸血鬼,后青春期的诗,1.0,0.0
7451,22198018,宿命,n,1,7,38235,后青春期的诗,录音室专辑,2008-10-23,9,夜访吸血鬼,后青春期的诗,1.0,0.0
7452,22198018,制约,n,1,7,38235,后青春期的诗,录音室专辑,2008-10-23,9,夜访吸血鬼,后青春期的诗,1.0,0.0
7453,22198018,上帝,n,1,7,38235,后青春期的诗,录音室专辑,2008-10-23,9,夜访吸血鬼,后青春期的诗,1.0,0.0
7454,22198018,遗弃,v,1,7,38235,后青春期的诗,录音室专辑,2008-10-23,9,夜访吸血鬼,后青春期的诗,1.0,0.0
7455,22198018,黯淡,z,1,7,38235,后青春期的诗,录音室专辑,2008-10-23,9,夜访吸血鬼,后青春期的诗,1.0,0.0
7456,22198018,月,m,1,7,38235,后青春期的诗,录音室专辑,2008-10-23,9,夜访吸血鬼,后青春期的诗,1.0,0.0
7457,22198018,照亮,v,1,7,38235,后青春期的诗,录音室专辑,2008-10-23,9,夜访吸血鬼,后青春期的诗,1.0,0.0
7458,22198018,世界,n,1,7,38235,后青春期的诗,录音室专辑,2008-10-23,9,夜访吸血鬼,后青春期的诗,1.0,0.0
7459,22198018,无情,n,1,7,38235,后青春期的诗,录音室专辑,2008-10-23,9,夜访吸血鬼,后青春期的诗,1.0,0.0
7460,22198018,繁衍,v,1,7,38235,后青春期的诗,录音室专辑,2008-10-23,9,夜访吸血鬼,后青春期的诗,1.0,0.0
7461,22198018,爱,v,1,7,38235,后青春期的诗,录音室专辑,2008-10-23,9,夜访吸血鬼,后青春期的诗,1.0,0.0
7462,22198018,人,n,1,7,38235,后青春期的诗,录音室专辑,2008-10-23,9,夜访吸血鬼,后青春期的诗,1.0,0.0
7463,22198018,告别,v,1,7,38235,后青春期的诗,录音室专辑,2008-10-23,9,夜访吸血鬼,后青春期的诗,1.0,0.0
7464,22198018,做,v,1,7,38235,后青春期的诗,录音室专辑,2008-10-23,9,夜访吸血鬼,后青春期的诗,1.0,0.0
7465,22198018,梦,n,1,7,38235,后青春期的诗,录音室专辑,2008-10-23,9,夜访吸血鬼,后青春期的诗,1.0,0.0
7466,22198018,凋谢,v,1,7,38235,后青春期的诗,录音室专辑,2008-10-23,9,夜访吸血鬼,后青春期的诗,1.0,0.0
7467,22198018,独自,d,1,7,38235,后青春期的诗,录音室专辑,2008-10-23,9,夜访吸血鬼,后青春期的诗,1.0,0.0
7468,22198018,残喘,n,1,7,38235,后青春期的诗,录音室专辑,2008-10-23,9,夜访吸血鬼,后青春期的诗,1.0,0.0
7469,22198018,饥饿,n,1,7,38235,后青春期的诗,录音室专辑,2008-10-23,9,夜访吸血鬼,后青春期的诗,1.0,0.0
7470,22198018,最好,a,1,7,38235,后青春期的诗,录音室专辑,2008-10-23,9,夜访吸血鬼,后青春期的诗,1.0,0.0
7471,22198018,调味,n,1,7,38235,后青春期的诗,录音室专辑,2008-10-23,9,夜访吸血鬼,后青春期的诗,1.0,0.0
7472,22198018,孤独,a,1,7,38235,后青春期的诗,录音室专辑,2008-10-23,9,夜访吸血鬼,后青春期的诗,1.0,0.0
7473,22198018,最强,a,1,7,38235,后青春期的诗,录音室专辑,2008-10-23,9,夜访吸血鬼,后青春期的诗,1.0,0.0
7474,22198018,催眠,v,1,7,38235,后青春期的诗,录音室专辑,2008-10-23,9,夜访吸血鬼,后青春期的诗,1.0,0.0
7475,22198018,疯狂,a,1,7,38235,后青春期的诗,录音室专辑,2008-10-23,9,夜访吸血鬼,后青春期的诗,1.0,0.0
7476,22198018,找,v,1,7,38235,后青春期的诗,录音室专辑,2008-10-23,9,夜访吸血鬼,后青春期的诗,1.0,0.0
7477,22198018,一,m,1,7,38235,后青春期的诗,录音室专辑,2008-10-23,9,夜访吸血鬼,后青春期的诗,1.0,0.0
7478,22198018,双唇,n,1,7,38235,后青春期的诗,录音室专辑,2008-10-23,9,夜访吸血鬼,后青春期的诗,1.0,0.0
7479,22198018,当,p,1,7,38235,后青春期的诗,录音室专辑,2008-10-23,9,夜访吸血鬼,后青春期的诗,1.0,0.0
7480,22198018,酒杯,n,1,7,38235,后青春期的诗,录音室专辑,2008-10-23,9,夜访吸血鬼,后青春期的诗,1.0,0.0
7481,22198018,早就,d,1,7,38235,后青春期的诗,录音室专辑,2008-10-23,9,夜访吸血鬼,后青春期的诗,1.0,0.0
7482,22198018,对,p,1,7,38235,后青春期的诗,录音室专辑,2008-10-23,9,夜访吸血鬼,后青春期的诗,1.0,0.0
7483,22198018,这,r,1,7,38235,后青春期的诗,录音室专辑,2008-10-23,9,夜访吸血鬼,后青春期的诗,1.0,0.0
7484,22198018,一切,r,1,7,38235,后青春期的诗,录音室专辑,2008-10-23,9,夜访吸血鬼,后青春期的诗,1.0,0.0
7485,22198018,厌倦,v,1,7,38235,后青春期的诗,录音室专辑,2008-10-23,9,夜访吸血鬼,后青春期的诗,1.0,0.0
7486,22198018,曾,d,1,7,38235,后青春期的诗,录音室专辑,2008-10-23,9,夜访吸血鬼,后青春期的诗,1.0,0.0
7487,22198018,愤怒,v,1,7,38235,后青春期的诗,录音室专辑,2008-10-23,9,夜访吸血鬼,后青春期的诗,1.0,0.0
7488,22198018,喝,vg,1,7,38235,后青春期的诗,录音室专辑,2008-10-23,9,夜访吸血鬼,后青春期的诗,1.0,0.0
7489,22198018,圣水,n,1,7,38235,后青春期的诗,录音室专辑,2008-10-23,9,夜访吸血鬼,后青春期的诗,1.0,0.0
7490,22198018,无助,v,1,7,38235,后青春期的诗,录音室专辑,2008-10-23,9,夜访吸血鬼,后青春期的诗,1.0,0.0
7491,22198018,醒,v,1,7,38235,后青春期的诗,录音室专辑,2008-10-23,9,夜访吸血鬼,后青春期的诗,1.0,0.0
7492,22198018,个,q,1,7,38235,后青春期的诗,录音室专辑,2008-10-23,9,夜访吸血鬼,后青春期的诗,1.0,0.0
7493,22198018,漫长,n,1,7,38235,后青春期的诗,录音室专辑,2008-10-23,9,夜访吸血鬼,后青春期的诗,1.0,0.0
7494,22198018,黑夜,n,1,7,38235,后青春期的诗,录音室专辑,2008-10-23,9,夜访吸血鬼,后青春期的诗,1.0,0.0
7495,22198018,青春,n,1,7,38235,后青春期的诗,录音室专辑,2008-10-23,9,夜访吸血鬼,后青春期的诗,1.0,0.0
7496,22198018,遗忘,v,1,7,38235,后青春期的诗,录音室专辑,2008-10-23,9,夜访吸血鬼,后青春期的诗,1.0,0.0
7497,22198018,回忆,v,1,7,38235,后青春期的诗,录音室专辑,2008-10-23,9,夜访吸血鬼,后青春期的诗,1.0,0.0
7498,22198018,美,j,1,7,38235,后青春期的诗,录音室专辑,2008-10-23,9,夜访吸血鬼,后青春期的诗,1.0,0.0
7499,22198018,就,d,1,7,38235,后青春期的诗,录音室专辑,2008-10-23,9,夜访吸血鬼,后青春期的诗,1.0,0.0
7500,22198018,玫瑰,n,1,7,38235,后青春期的诗,录音室专辑,2008-10-23,9,夜访吸血鬼,后青春期的诗,1.0,0.0
7501,22198018,余生,nr,1,7,38235,后青春期的诗,录音室专辑,2008-10-23,9,夜访吸血鬼,后青春期的诗,1.0,0.0
7502,22198018,流血,v,1,7,38235,后青春期的诗,录音室专辑,2008-10-23,9,夜访吸血鬼,后青春期的诗,1.0,0.0
7503,22198018,流泪,n,1,7,38235,后青春期的诗,录音室专辑,2008-10-23,9,夜访吸血鬼,后青春期的诗,1.0,0.0
7504,22198018,受虐,v,1,7,38235,后青春期的诗,录音室专辑,2008-10-23,9,夜访吸血鬼,后青春期的诗,1.0,0.0
7505,22198018,镜,ng,1,7,38235,后青春期的诗,录音室专辑,2008-10-23,9,夜访吸血鬼,后青春期的诗,1.0,0.0
7506,22198018,中,f,1,7,38235,后青春期的诗,录音室专辑,2008-10-23,9,夜访吸血鬼,后青春期的诗,1.0,0.0
7507,22198018,脸,n,1,7,38235,后青春期的诗,录音室专辑,2008-10-23,9,夜访吸血鬼,后青春期的诗,1.0,0.0
7508,22198018,慢慢,d,1,7,38235,后青春期的诗,录音室专辑,2008-10-23,9,夜访吸血鬼,后青春期的诗,1.0,0.0
7509,22198018,枯萎,v,1,7,38235,后青春期的诗,录音室专辑,2008-10-23,9,夜访吸血鬼,后青春期的诗,1.0,0.0
7510,22198018,高举,d,1,7,38235,后青春期的诗,录音室专辑,2008-10-23,9,夜访吸血鬼,后青春期的诗,1.0,0.0
7511,22198018,拳,n,1,7,38235,后青春期的诗,录音室专辑,2008-10-23,9,夜访吸血鬼,后青春期的诗,1.0,0.0
7512,22198018,渐渐,d,1,7,38235,后青春期的诗,录音室专辑,2008-10-23,9,夜访吸血鬼,后青春期的诗,1.0,0.0
7513,22198018,粉碎,v,1,7,38235,后青春期的诗,录音室专辑,2008-10-23,9,夜访吸血鬼,后青春期的诗,1.0,0.0
7514,22198018,了,ul,1,7,38235,后青春期的诗,录音室专辑,2008-10-23,9,夜访吸血鬼,后青春期的诗,1.0,0.0
7515,22198018,无限,v,1,7,38235,后青春期的诗,录音室专辑,2008-10-23,9,夜访吸血鬼,后青春期的诗,1.0,0.0
7516,22198018,唏嘘,v,1,7,38235,后青春期的诗,录音室专辑,2008-10-23,9,夜访吸血鬼,后青春期的诗,1.0,0.0
7517,22198018,相片,n,1,7,38235,后青春期的诗,录音室专辑,2008-10-23,9,夜访吸血鬼,后青春期的诗,1.0,0.0
7518,22198018,孤单,a,1,7,38235,后青春期的诗,录音室专辑,2008-10-23,9,夜访吸血鬼,后青春期的诗,1.0,0.0
7519,22198018,oh,eng,1,7,38235,后青春期的诗,录音室专辑,2008-10-23,9,夜访吸血鬼,后青春期的诗,1.0,0.0
7520,22198018,wu,eng,1,7,38235,后青春期的诗,录音室专辑,2008-10-23,9,夜访吸血鬼,后青春期的诗,1.0,0.0
7521,22198023,的,uj,16,7,38235,后青春期的诗,录音室专辑,2008-10-23,10,如烟,后青春期的诗,1.0,0.0
7522,22198023,我,r,14,7,38235,后青春期的诗,录音室专辑,2008-10-23,10,如烟,后青春期的诗,1.0,0.0
7523,22198023,和,c,9,7,38235,后青春期的诗,录音室专辑,2008-10-23,10,如烟,后青春期的诗,1.0,0.0
7524,22198023,不,d,9,7,38235,后青春期的诗,录音室专辑,2008-10-23,10,如烟,后青春期的诗,1.0,0.0
7525,22198023,永远,d,8,7,38235,后青春期的诗,录音室专辑,2008-10-23,10,如烟,后青春期的诗,1.0,0.0
7526,22198023,有没有,v,7,7,38235,后青春期的诗,录音室专辑,2008-10-23,10,如烟,后青春期的诗,1.0,0.0
7527,22198023,那么,r,7,7,38235,后青春期的诗,录音室专辑,2008-10-23,10,如烟,后青春期的诗,1.0,0.0
7528,22198023,是,v,6,7,38235,后青春期的诗,录音室专辑,2008-10-23,10,如烟,后青春期的诗,1.0,0.0
7529,22198023,能,v,6,7,38235,后青春期的诗,录音室专辑,2008-10-23,10,如烟,后青春期的诗,1.0,0.0
7530,22198023,都,d,6,7,38235,后青春期的诗,录音室专辑,2008-10-23,10,如烟,后青春期的诗,1.0,0.0
7531,22198023,那,r,5,7,38235,后青春期的诗,录音室专辑,2008-10-23,10,如烟,后青春期的诗,1.0,0.0
7532,22198023,在,p,5,7,38235,后青春期的诗,录音室专辑,2008-10-23,10,如烟,后青春期的诗,1.0,0.0
7533,22198023,谁,r,5,7,38235,后青春期的诗,录音室专辑,2008-10-23,10,如烟,后青春期的诗,1.0,0.0
7534,22198023,让,v,4,7,38235,后青春期的诗,录音室专辑,2008-10-23,10,如烟,后青春期的诗,1.0,0.0
7535,22198023,有,v,4,7,38235,后青春期的诗,录音室专辑,2008-10-23,10,如烟,后青春期的诗,1.0,0.0
7536,22198023,坐在,v,3,7,38235,后青春期的诗,录音室专辑,2008-10-23,10,如烟,后青春期的诗,1.0,0.0
7537,22198023,床,n,3,7,38235,后青春期的诗,录音室专辑,2008-10-23,10,如烟,后青春期的诗,1.0,0.0
7538,22198023,前,f,3,7,38235,后青春期的诗,录音室专辑,2008-10-23,10,如烟,后青春期的诗,1.0,0.0
7539,22198023,着,uz,3,7,38235,后青春期的诗,录音室专辑,2008-10-23,10,如烟,后青春期的诗,1.0,0.0
7540,22198023,他,r,3,7,38235,后青春期的诗,录音室专辑,2008-10-23,10,如烟,后青春期的诗,1.0,0.0
7541,22198023,听见,v,3,7,38235,后青春期的诗,录音室专辑,2008-10-23,10,如烟,后青春期的诗,1.0,0.0
7542,22198023,一张,m,3,7,38235,后青春期的诗,录音室专辑,2008-10-23,10,如烟,后青春期的诗,1.0,0.0
7543,22198023,一年,m,2,7,38235,后青春期的诗,录音室专辑,2008-10-23,10,如烟,后青春期的诗,1.0,0.0
7544,22198023,抓住,v,2,7,38235,后青春期的诗,录音室专辑,2008-10-23,10,如烟,后青春期的诗,1.0,0.0
7545,22198023,以为,c,2,7,38235,后青春期的诗,录音室专辑,2008-10-23,10,如烟,后青春期的诗,1.0,0.0
7546,22198023,过,ug,2,7,38235,后青春期的诗,录音室专辑,2008-10-23,10,如烟,后青春期的诗,1.0,0.0
7547,22198023,脸,n,2,7,38235,后青春期的诗,录音室专辑,2008-10-23,10,如烟,后青春期的诗,1.0,0.0
7548,22198023,就,d,2,7,38235,后青春期的诗,录音室专辑,2008-10-23,10,如烟,后青春期的诗,1.0,0.0
7549,22198023,拥抱,v,2,7,38235,后青春期的诗,录音室专辑,2008-10-23,10,如烟,后青春期的诗,1.0,0.0
7550,22198023,岁月,t,2,7,38235,后青春期的诗,录音室专辑,2008-10-23,10,如烟,后青春期的诗,1.0,0.0
7551,22198023,双眼,m,2,7,38235,后青春期的诗,录音室专辑,2008-10-23,10,如烟,后青春期的诗,1.0,0.0
7552,22198023,曾经,d,2,7,38235,后青春期的诗,录音室专辑,2008-10-23,10,如烟,后青春期的诗,1.0,0.0
7553,22198023,走,v,2,7,38235,后青春期的诗,录音室专辑,2008-10-23,10,如烟,后青春期的诗,1.0,0.0
7554,22198023,化成,v,2,7,38235,后青春期的诗,录音室专辑,2008-10-23,10,如烟,后青春期的诗,1.0,0.0
7555,22198023,最后,f,2,7,38235,后青春期的诗,录音室专辑,2008-10-23,10,如烟,后青春期的诗,1.0,0.0
7556,22198023,一滴,m,2,7,38235,后青春期的诗,录音室专辑,2008-10-23,10,如烟,后青春期的诗,1.0,0.0
7557,22198023,后悔,v,2,7,38235,后青春期的诗,录音室专辑,2008-10-23,10,如烟,后青春期的诗,1.0,0.0
7558,22198023,故事,n,2,7,38235,后青春期的诗,录音室专辑,2008-10-23,10,如烟,后青春期的诗,1.0,0.0
7559,22198023,还,d,2,7,38235,后青春期的诗,录音室专辑,2008-10-23,10,如烟,后青春期的诗,1.0,0.0
7560,22198023,了,ul,2,7,38235,后青春期的诗,录音室专辑,2008-10-23,10,如烟,后青春期的诗,1.0,0.0
7561,22198023,一个,m,2,7,38235,后青春期的诗,录音室专辑,2008-10-23,10,如烟,后青春期的诗,1.0,0.0
7562,22198023,漆黑,z,2,7,38235,后青春期的诗,录音室专辑,2008-10-23,10,如烟,后青春期的诗,1.0,0.0
7563,22198023,又,d,2,7,38235,后青春期的诗,录音室专辑,2008-10-23,10,如烟,后青春期的诗,1.0,0.0
7564,22198023,人间,n,2,7,38235,后青春期的诗,录音室专辑,2008-10-23,10,如烟,后青春期的诗,1.0,0.0
7565,22198023,只有,c,2,7,38235,后青春期的诗,录音室专辑,2008-10-23,10,如烟,后青春期的诗,1.0,0.0
7566,22198023,我们,r,2,7,38235,后青春期的诗,录音室专辑,2008-10-23,10,如烟,后青春期的诗,1.0,0.0
7567,22198023,望,v,1,7,38235,后青春期的诗,录音室专辑,2008-10-23,10,如烟,后青春期的诗,1.0,0.0
7568,22198023,窗外,s,1,7,38235,后青春期的诗,录音室专辑,2008-10-23,10,如烟,后青春期的诗,1.0,0.0
7569,22198023,回忆,v,1,7,38235,后青春期的诗,录音室专辑,2008-10-23,10,如烟,后青春期的诗,1.0,0.0
7570,22198023,满天,t,1,7,38235,后青春期的诗,录音室专辑,2008-10-23,10,如烟,后青春期的诗,1.0,0.0
7571,22198023,生命,vn,1,7,38235,后青春期的诗,录音室专辑,2008-10-23,10,如烟,后青春期的诗,1.0,0.0
7572,22198023,华丽,nr,1,7,38235,后青春期的诗,录音室专辑,2008-10-23,10,如烟,后青春期的诗,1.0,0.0
7573,22198023,错觉,n,1,7,38235,后青春期的诗,录音室专辑,2008-10-23,10,如烟,后青春期的诗,1.0,0.0
7574,22198023,时间,n,1,7,38235,后青春期的诗,录音室专辑,2008-10-23,10,如烟,后青春期的诗,1.0,0.0
7575,22198023,贼,n,1,7,38235,后青春期的诗,录音室专辑,2008-10-23,10,如烟,后青春期的诗,1.0,0.0
7576,22198023,偷走,v,1,7,38235,后青春期的诗,录音室专辑,2008-10-23,10,如烟,后青春期的诗,1.0,0.0
7577,22198023,一切,r,1,7,38235,后青春期的诗,录音室专辑,2008-10-23,10,如烟,后青春期的诗,1.0,0.0
7578,22198023,七岁,m,1,7,38235,后青春期的诗,录音室专辑,2008-10-23,10,如烟,后青春期的诗,1.0,0.0
7579,22198023,只,d,1,7,38235,后青春期的诗,录音室专辑,2008-10-23,10,如烟,后青春期的诗,1.0,0.0
7580,22198023,蝉,v,1,7,38235,后青春期的诗,录音室专辑,2008-10-23,10,如烟,后青春期的诗,1.0,0.0
7581,22198023,夏天,t,1,7,38235,后青春期的诗,录音室专辑,2008-10-23,10,如烟,后青春期的诗,1.0,0.0
7582,22198023,十七岁,m,1,7,38235,后青春期的诗,录音室专辑,2008-10-23,10,如烟,后青春期的诗,1.0,0.0
7583,22198023,那年,r,1,7,38235,后青春期的诗,录音室专辑,2008-10-23,10,如烟,后青春期的诗,1.0,0.0
7584,22198023,吻,v,1,7,38235,后青春期的诗,录音室专辑,2008-10-23,10,如烟,后青春期的诗,1.0,0.0
7585,22198023,一种,m,1,7,38235,后青春期的诗,录音室专辑,2008-10-23,10,如烟,后青春期的诗,1.0,0.0
7586,22198023,改变,v,1,7,38235,后青春期的诗,录音室专辑,2008-10-23,10,如烟,后青春期的诗,1.0,0.0
7587,22198023,美丽,ns,1,7,38235,后青春期的诗,录音室专辑,2008-10-23,10,如烟,后青春期的诗,1.0,0.0
7588,22198023,再也,d,1,7,38235,后青春期的诗,录音室专辑,2008-10-23,10,如烟,后青春期的诗,1.0,0.0
7589,22198023,破碎,v,1,7,38235,后青春期的诗,录音室专辑,2008-10-23,10,如烟,后青春期的诗,1.0,0.0
7590,22198023,险峻,a,1,7,38235,后青春期的诗,录音室专辑,2008-10-23,10,如烟,后青春期的诗,1.0,0.0
7591,22198023,不能,v,1,7,38235,后青春期的诗,录音室专辑,2008-10-23,10,如烟,后青春期的诗,1.0,0.0
7592,22198023,脸上,s,1,7,38235,后青春期的诗,录音室专辑,2008-10-23,10,如烟,后青春期的诗,1.0,0.0
7593,22198023,撒野,nrt,1,7,38235,后青春期的诗,录音室专辑,2008-10-23,10,如烟,后青春期的诗,1.0,0.0
7594,22198023,生离,vn,1,7,38235,后青春期的诗,录音室专辑,2008-10-23,10,如烟,后青春期的诗,1.0,0.0
7595,22198023,死别,d,1,7,38235,后青春期的诗,录音室专辑,2008-10-23,10,如烟,后青春期的诗,1.0,0.0
7596,22198023,遥远,a,1,7,38235,后青春期的诗,录音室专辑,2008-10-23,10,如烟,后青春期的诗,1.0,0.0
7597,22198023,转过,v,1,7,38235,后青春期的诗,录音室专辑,2008-10-23,10,如烟,后青春期的诗,1.0,0.0
7598,22198023,头,n,1,7,38235,后青春期的诗,录音室专辑,2008-10-23,10,如烟,后青春期的诗,1.0,0.0
7599,22198023,看,v,1,7,38235,后青春期的诗,录音室专辑,2008-10-23,10,如烟,后青春期的诗,1.0,0.0
7600,22198023,沉睡,v,1,7,38235,后青春期的诗,录音室专辑,2008-10-23,10,如烟,后青春期的诗,1.0,0.0
7601,22198023,苍老,a,1,7,38235,后青春期的诗,录音室专辑,2008-10-23,10,如烟,后青春期的诗,1.0,0.0
7602,22198023,好像,v,1,7,38235,后青春期的诗,录音室专辑,2008-10-23,10,如烟,后青春期的诗,1.0,0.0
7603,22198023,紧闭,v,1,7,38235,后青春期的诗,录音室专辑,2008-10-23,10,如烟,后青春期的诗,1.0,0.0
7604,22198023,爱,v,1,7,38235,后青春期的诗,录音室专辑,2008-10-23,10,如烟,后青春期的诗,1.0,0.0
7605,22198023,深爱,a,1,7,38235,后青春期的诗,录音室专辑,2008-10-23,10,如烟,后青春期的诗,1.0,0.0
7606,22198023,围绕,v,1,7,38235,后青春期的诗,录音室专辑,2008-10-23,10,如烟,后青春期的诗,1.0,0.0
7607,22198023,身边,s,1,7,38235,后青春期的诗,录音室专辑,2008-10-23,10,如烟,后青春期的诗,1.0,0.0
7608,22198023,带,v,1,7,38235,后青春期的诗,录音室专辑,2008-10-23,10,如烟,后青春期的诗,1.0,0.0
7609,22198023,那些,r,1,7,38235,后青春期的诗,录音室专辑,2008-10-23,10,如烟,后青春期的诗,1.0,0.0
7610,22198023,遗憾,a,1,7,38235,后青春期的诗,录音室专辑,2008-10-23,10,如烟,后青春期的诗,1.0,0.0
7611,22198023,眷恋,v,1,7,38235,后青春期的诗,录音室专辑,2008-10-23,10,如烟,后青春期的诗,1.0,0.0
7612,22198023,泪,n,1,7,38235,后青春期的诗,录音室专辑,2008-10-23,10,如烟,后青春期的诗,1.0,0.0
7613,22198023,眼泪,n,1,7,38235,后青春期的诗,录音室专辑,2008-10-23,10,如烟,后青春期的诗,1.0,0.0
7614,22198023,洗掉,v,1,7,38235,后青春期的诗,录音室专辑,2008-10-23,10,如烟,后青春期的诗,1.0,0.0
7615,22198023,大雨,n,1,7,38235,后青春期的诗,录音室专辑,2008-10-23,10,如烟,后青春期的诗,1.0,0.0
7616,22198023,降落,v,1,7,38235,后青春期的诗,录音室专辑,2008-10-23,10,如烟,后青春期的诗,1.0,0.0
7617,22198023,回不去,v,1,7,38235,后青春期的诗,录音室专辑,2008-10-23,10,如烟,后青春期的诗,1.0,0.0
7618,22198023,街,n,1,7,38235,后青春期的诗,录音室专辑,2008-10-23,10,如烟,后青春期的诗,1.0,0.0
7619,22198023,再,d,1,7,38235,后青春期的诗,录音室专辑,2008-10-23,10,如烟,后青春期的诗,1.0,0.0
7620,22198023,给,p,1,7,38235,后青春期的诗,录音室专辑,2008-10-23,10,如烟,后青春期的诗,1.0,0.0
7621,22198023,一次,m,1,7,38235,后青春期的诗,录音室专辑,2008-10-23,10,如烟,后青春期的诗,1.0,0.0
7622,22198023,机会,n,1,7,38235,后青春期的诗,录音室专辑,2008-10-23,10,如烟,后青春期的诗,1.0,0.0
7623,22198023,将,d,1,7,38235,后青春期的诗,录音室专辑,2008-10-23,10,如烟,后青春期的诗,1.0,0.0
7624,22198023,改写,v,1,7,38235,后青春期的诗,录音室专辑,2008-10-23,10,如烟,后青春期的诗,1.0,0.0
7625,22198023,欠,v,1,7,38235,后青春期的诗,录音室专辑,2008-10-23,10,如烟,后青春期的诗,1.0,0.0
7626,22198023,一生,m,1,7,38235,后青春期的诗,录音室专辑,2008-10-23,10,如烟,后青春期的诗,1.0,0.0
7627,22198023,一句,m,1,7,38235,后青春期的诗,录音室专辑,2008-10-23,10,如烟,后青春期的诗,1.0,0.0
7628,22198023,抱歉,v,1,7,38235,后青春期的诗,录音室专辑,2008-10-23,10,如烟,后青春期的诗,1.0,0.0
7629,22198023,世界,n,1,7,38235,后青春期的诗,录音室专辑,2008-10-23,10,如烟,后青春期的诗,1.0,0.0
7630,22198023,天黑,ns,1,7,38235,后青春期的诗,录音室专辑,2008-10-23,10,如烟,后青春期的诗,1.0,0.0
7631,22198023,星星,nz,1,7,38235,后青春期的诗,录音室专辑,2008-10-23,10,如烟,后青春期的诗,1.0,0.0
7632,22198023,太阳,ns,1,7,38235,后青春期的诗,录音室专辑,2008-10-23,10,如烟,后青春期的诗,1.0,0.0
7633,22198023,万物,n,1,7,38235,后青春期的诗,录音室专辑,2008-10-23,10,如烟,后青春期的诗,1.0,0.0
7634,22198023,听,v,1,7,38235,后青春期的诗,录音室专辑,2008-10-23,10,如烟,后青春期的诗,1.0,0.0
7635,22198023,指挥,v,1,7,38235,后青春期的诗,录音室专辑,2008-10-23,10,如烟,后青春期的诗,1.0,0.0
7636,22198023,月亮,n,1,7,38235,后青春期的诗,录音室专辑,2008-10-23,10,如烟,后青春期的诗,1.0,0.0
7637,22198023,忙,v,1,7,38235,后青春期的诗,录音室专辑,2008-10-23,10,如烟,后青春期的诗,1.0,0.0
7638,22198023,圆缺,a,1,7,38235,后青春期的诗,录音室专辑,2008-10-23,10,如烟,后青春期的诗,1.0,0.0
7639,22198023,春天,t,1,7,38235,后青春期的诗,录音室专辑,2008-10-23,10,如烟,后青春期的诗,1.0,0.0
7640,22198023,远,a,1,7,38235,后青春期的诗,录音室专辑,2008-10-23,10,如烟,后青春期的诗,1.0,0.0
7641,22198023,树梢,n,1,7,38235,后青春期的诗,录音室专辑,2008-10-23,10,如烟,后青春期的诗,1.0,0.0
7642,22198023,紧紧,d,1,7,38235,后青春期的诗,录音室专辑,2008-10-23,10,如烟,后青春期的诗,1.0,0.0
7643,22198023,树叶,n,1,7,38235,后青春期的诗,录音室专辑,2008-10-23,10,如烟,后青春期的诗,1.0,0.0
7644,22198023,耳际,n,1,7,38235,后青春期的诗,录音室专辑,2008-10-23,10,如烟,后青春期的诗,1.0,0.0
7645,22198023,眼前,t,1,7,38235,后青春期的诗,录音室专辑,2008-10-23,10,如烟,后青春期的诗,1.0,0.0
7646,22198023,此生,t,1,7,38235,后青春期的诗,录音室专辑,2008-10-23,10,如烟,后青春期的诗,1.0,0.0
7647,22198023,重演,vn,1,7,38235,后青春期的诗,录音室专辑,2008-10-23,10,如烟,后青春期的诗,1.0,0.0
7648,22198023,来自,v,1,7,38235,后青春期的诗,录音室专辑,2008-10-23,10,如烟,后青春期的诗,1.0,0.0
7649,22198023,而,c,1,7,38235,后青春期的诗,录音室专辑,2008-10-23,10,如烟,后青春期的诗,1.0,0.0
7650,22198023,回归,v,1,7,38235,后青春期的诗,录音室专辑,2008-10-23,10,如烟,后青春期的诗,1.0,0.0
7651,22198023,瞬间,t,1,7,38235,后青春期的诗,录音室专辑,2008-10-23,10,如烟,后青春期的诗,1.0,0.0
7652,22198023,天地,n,1,7,38235,后青春期的诗,录音室专辑,2008-10-23,10,如烟,后青春期的诗,1.0,0.0
7653,22198023,之间,f,1,7,38235,后青春期的诗,录音室专辑,2008-10-23,10,如烟,后青春期的诗,1.0,0.0
7654,22198023,下次,t,1,7,38235,后青春期的诗,录音室专辑,2008-10-23,10,如烟,后青春期的诗,1.0,0.0
7655,22198023,一,m,1,7,38235,后青春期的诗,录音室专辑,2008-10-23,10,如烟,后青春期的诗,1.0,0.0
7656,22198023,朵玫瑰,nr,1,7,38235,后青春期的诗,录音室专辑,2008-10-23,10,如烟,后青春期的诗,1.0,0.0
7657,22198023,凋谢,v,1,7,38235,后青春期的诗,录音室专辑,2008-10-23,10,如烟,后青春期的诗,1.0,0.0
7658,22198023,骄傲,a,1,7,38235,后青春期的诗,录音室专辑,2008-10-23,10,如烟,后青春期的诗,1.0,0.0
7659,22198023,完美,a,1,7,38235,后青春期的诗,录音室专辑,2008-10-23,10,如烟,后青春期的诗,1.0,0.0
7660,22198023,妥协,v,1,7,38235,后青春期的诗,录音室专辑,2008-10-23,10,如烟,后青春期的诗,1.0,0.0
7661,22198023,为何,r,1,7,38235,后青春期的诗,录音室专辑,2008-10-23,10,如烟,后青春期的诗,1.0,0.0
7662,22198023,人生,n,1,7,38235,后青春期的诗,录音室专辑,2008-10-23,10,如烟,后青春期的诗,1.0,0.0
7663,22198023,会,v,1,7,38235,后青春期的诗,录音室专辑,2008-10-23,10,如烟,后青春期的诗,1.0,0.0
7664,22198023,像,v,1,7,38235,后青春期的诗,录音室专辑,2008-10-23,10,如烟,后青春期的诗,1.0,0.0
7665,22198023,纸屑,n,1,7,38235,后青春期的诗,录音室专辑,2008-10-23,10,如烟,后青春期的诗,1.0,0.0
7666,22198023,不如,c,1,7,38235,后青春期的诗,录音室专辑,2008-10-23,10,如烟,后青春期的诗,1.0,0.0
7667,22198023,一片,m,1,7,38235,后青春期的诗,录音室专辑,2008-10-23,10,如烟,后青春期的诗,1.0,0.0
7668,22198023,花瓣,n,1,7,38235,后青春期的诗,录音室专辑,2008-10-23,10,如烟,后青春期的诗,1.0,0.0
7669,22198023,鲜艳,a,1,7,38235,后青春期的诗,录音室专辑,2008-10-23,10,如烟,后青春期的诗,1.0,0.0
7670,22198023,书签,n,1,7,38235,后青春期的诗,录音室专辑,2008-10-23,10,如烟,后青春期的诗,1.0,0.0
7671,22198023,停止,v,1,7,38235,后青春期的诗,录音室专辑,2008-10-23,10,如烟,后青春期的诗,1.0,0.0
7672,22198023,一天,m,1,7,38235,后青春期的诗,录音室专辑,2008-10-23,10,如烟,后青春期的诗,1.0,0.0
7673,22198023,最,d,1,7,38235,后青春期的诗,录音室专辑,2008-10-23,10,如烟,后青春期的诗,1.0,0.0
7674,22198023,单纯,a,1,7,38235,后青春期的诗,录音室专辑,2008-10-23,10,如烟,后青春期的诗,1.0,0.0
7675,22198023,笑脸,n,1,7,38235,后青春期的诗,录音室专辑,2008-10-23,10,如烟,后青春期的诗,1.0,0.0
7676,22198023,最美,a,1,7,38235,后青春期的诗,录音室专辑,2008-10-23,10,如烟,后青春期的诗,1.0,0.0
7677,22198023,书包,n,1,7,38235,后青春期的诗,录音室专辑,2008-10-23,10,如烟,后青春期的诗,1.0,0.0
7678,22198023,里面,f,1,7,38235,后青春期的诗,录音室专辑,2008-10-23,10,如烟,后青春期的诗,1.0,0.0
7679,22198023,装满,v,1,7,38235,后青春期的诗,录音室专辑,2008-10-23,10,如烟,后青春期的诗,1.0,0.0
7680,22198023,蛋糕,n,1,7,38235,后青春期的诗,录音室专辑,2008-10-23,10,如烟,后青春期的诗,1.0,0.0
7681,22198023,汽水,n,1,7,38235,后青春期的诗,录音室专辑,2008-10-23,10,如烟,后青春期的诗,1.0,0.0
7682,22198023,无猜,v,1,7,38235,后青春期的诗,录音室专辑,2008-10-23,10,如烟,后青春期的诗,1.0,0.0
7683,22198023,无邪,v,1,7,38235,后青春期的诗,录音室专辑,2008-10-23,10,如烟,后青春期的诗,1.0,0.0
7684,22198023,无法无天,l,1,7,38235,后青春期的诗,录音室专辑,2008-10-23,10,如烟,后青春期的诗,1.0,0.0
7685,22198023,一首,m,1,7,38235,后青春期的诗,录音室专辑,2008-10-23,10,如烟,后青春期的诗,1.0,0.0
7686,22198023,诗篇,n,1,7,38235,后青春期的诗,录音室专辑,2008-10-23,10,如烟,后青春期的诗,1.0,0.0
7687,22198023,找,v,1,7,38235,后青春期的诗,录音室专辑,2008-10-23,10,如烟,后青春期的诗,1.0,0.0
7688,22198023,不到,v,1,7,38235,后青春期的诗,录音室专辑,2008-10-23,10,如烟,后青春期的诗,1.0,0.0
7689,22198023,句点,n,1,7,38235,后青春期的诗,录音室专辑,2008-10-23,10,如烟,后青春期的诗,1.0,0.0
7690,22198023,青春,n,1,7,38235,后青春期的诗,录音室专辑,2008-10-23,10,如烟,后青春期的诗,1.0,0.0
7691,22198023,定居,v,1,7,38235,后青春期的诗,录音室专辑,2008-10-23,10,如烟,后青春期的诗,1.0,0.0
7692,22198023,男孩,n,1,7,38235,后青春期的诗,录音室专辑,2008-10-23,10,如烟,后青春期的诗,1.0,0.0
7693,22198023,女孩,n,1,7,38235,后青春期的诗,录音室专辑,2008-10-23,10,如烟,后青春期的诗,1.0,0.0
7694,22198023,笑,v,1,7,38235,后青春期的诗,录音室专辑,2008-10-23,10,如烟,后青春期的诗,1.0,0.0
7695,22198023,忘,v,1,7,38235,后青春期的诗,录音室专辑,2008-10-23,10,如烟,后青春期的诗,1.0,0.0
7696,22198023,苦痛,a,1,7,38235,后青春期的诗,录音室专辑,2008-10-23,10,如烟,后青春期的诗,1.0,0.0
7697,22198023,甜美,a,1,7,38235,后青春期的诗,录音室专辑,2008-10-23,10,如烟,后青春期的诗,1.0,0.0
7698,22198023,明天,t,1,7,38235,后青春期的诗,录音室专辑,2008-10-23,10,如烟,后青春期的诗,1.0,0.0
7699,22198023,重头,n,1,7,38235,后青春期的诗,录音室专辑,2008-10-23,10,如烟,后青春期的诗,1.0,0.0
7700,22198023,活,vn,1,7,38235,后青春期的诗,录音室专辑,2008-10-23,10,如烟,后青春期的诗,1.0,0.0
7701,22198023,一遍,m,1,7,38235,后青春期的诗,录音室专辑,2008-10-23,10,如烟,后青春期的诗,1.0,0.0
7702,22198023,再次,d,1,7,38235,后青春期的诗,录音室专辑,2008-10-23,10,如烟,后青春期的诗,1.0,0.0
7703,22198023,感受,v,1,7,38235,后青春期的诗,录音室专辑,2008-10-23,10,如烟,后青春期的诗,1.0,0.0
7704,22198023,曾,d,1,7,38235,后青春期的诗,录音室专辑,2008-10-23,10,如烟,后青春期的诗,1.0,0.0
7705,22198023,挥霍,v,1,7,38235,后青春期的诗,录音室专辑,2008-10-23,10,如烟,后青春期的诗,1.0,0.0
7706,22198023,昨天,t,1,7,38235,后青春期的诗,录音室专辑,2008-10-23,10,如烟,后青春期的诗,1.0,0.0
7707,22198023,无论,c,1,7,38235,后青春期的诗,录音室专辑,2008-10-23,10,如烟,后青春期的诗,1.0,0.0
7708,22198023,生存,v,1,7,38235,后青春期的诗,录音室专辑,2008-10-23,10,如烟,后青春期的诗,1.0,0.0
7709,22198023,或,c,1,7,38235,后青春期的诗,录音室专辑,2008-10-23,10,如烟,后青春期的诗,1.0,0.0
7710,22198023,生活,vn,1,7,38235,后青春期的诗,录音室专辑,2008-10-23,10,如烟,后青春期的诗,1.0,0.0
7711,22198023,浪费,v,1,7,38235,后青春期的诗,录音室专辑,2008-10-23,10,如烟,后青春期的诗,1.0,0.0
7712,22198023,不让,v,1,7,38235,后青春期的诗,录音室专辑,2008-10-23,10,如烟,后青春期的诗,1.0,0.0
7713,22198023,这么,r,1,7,38235,后青春期的诗,录音室专辑,2008-10-23,10,如烟,后青春期的诗,1.0,0.0
7714,22198023,不要,df,1,7,38235,后青春期的诗,录音室专辑,2008-10-23,10,如烟,后青春期的诗,1.0,0.0
7715,22198023,告别,v,1,7,38235,后青春期的诗,录音室专辑,2008-10-23,10,如烟,后青春期的诗,1.0,0.0
7716,22198023,看着,v,1,7,38235,后青春期的诗,录音室专辑,2008-10-23,10,如烟,后青春期的诗,1.0,0.0
7717,22198023,指尖,n,1,7,38235,后青春期的诗,录音室专辑,2008-10-23,10,如烟,后青春期的诗,1.0,0.0
7718,22198023,已经,d,1,7,38235,后青春期的诗,录音室专辑,2008-10-23,10,如烟,后青春期的诗,1.0,0.0
7719,22198023,如,v,1,7,38235,后青春期的诗,录音室专辑,2008-10-23,10,如烟,后青春期的诗,1.0,0.0
7720,22198023,烟,n,1,7,38235,后青春期的诗,录音室专辑,2008-10-23,10,如烟,后青春期的诗,1.0,0.0
7721,22198024,的,uj,3,7,38235,后青春期的诗,录音室专辑,2008-10-23,11,后青春期的诗,后青春期的诗,1.0,0.0
7722,22198024,着,uz,3,7,38235,后青春期的诗,录音室专辑,2008-10-23,11,后青春期的诗,后青春期的诗,1.0,0.0
7723,22198024,未来,t,3,7,38235,后青春期的诗,录音室专辑,2008-10-23,11,后青春期的诗,后青春期的诗,1.0,0.0
7724,22198024,当,t,2,7,38235,后青春期的诗,录音室专辑,2008-10-23,11,后青春期的诗,后青春期的诗,1.0,0.0
7725,22198024,已,d,2,7,38235,后青春期的诗,录音室专辑,2008-10-23,11,后青春期的诗,后青春期的诗,1.0,0.0
7726,22198024,成,n,2,7,38235,后青春期的诗,录音室专辑,2008-10-23,11,后青春期的诗,后青春期的诗,1.0,0.0
7727,22198024,我,r,2,7,38235,后青春期的诗,录音室专辑,2008-10-23,11,后青春期的诗,后青春期的诗,1.0,0.0
7728,22198024,我们,r,2,7,38235,后青春期的诗,录音室专辑,2008-10-23,11,后青春期的诗,后青春期的诗,1.0,0.0
7729,22198024,灿烂,a,2,7,38235,后青春期的诗,录音室专辑,2008-10-23,11,后青春期的诗,后青春期的诗,1.0,0.0
7730,22198024,让,v,2,7,38235,后青春期的诗,录音室专辑,2008-10-23,11,后青春期的诗,后青春期的诗,1.0,0.0
7731,22198024,烟雾,n,1,7,38235,后青春期的诗,录音室专辑,2008-10-23,11,后青春期的诗,后青春期的诗,1.0,0.0
7732,22198024,随,v,1,7,38235,后青春期的诗,录音室专辑,2008-10-23,11,后青春期的诗,后青春期的诗,1.0,0.0
7733,22198024,晨光,n,1,7,38235,后青春期的诗,录音室专辑,2008-10-23,11,后青春期的诗,后青春期的诗,1.0,0.0
7734,22198024,飘散,v,1,7,38235,后青春期的诗,录音室专辑,2008-10-23,11,后青春期的诗,后青春期的诗,1.0,0.0
7735,22198024,枕畔,n,1,7,38235,后青春期的诗,录音室专辑,2008-10-23,11,后青春期的诗,后青春期的诗,1.0,0.0
7736,22198024,湖,n,1,7,38235,后青春期的诗,录音室专辑,2008-10-23,11,后青春期的诗,后青春期的诗,1.0,0.0
7737,22198024,风干,n,1,7,38235,后青春期的诗,录音室专辑,2008-10-23,11,后青春期的诗,后青春期的诗,1.0,0.0
7738,22198024,期待,vn,1,7,38235,后青春期的诗,录音室专辑,2008-10-23,11,后青春期的诗,后青春期的诗,1.0,0.0
7739,22198024,退化,v,1,7,38235,后青春期的诗,录音室专辑,2008-10-23,11,后青春期的诗,后青春期的诗,1.0,0.0
7740,22198024,等待,vn,1,7,38235,后青春期的诗,录音室专辑,2008-10-23,11,后青春期的诗,后青春期的诗,1.0,0.0
7741,22198024,而,c,1,7,38235,后青春期的诗,录音室专辑,2008-10-23,11,后青春期的诗,后青春期的诗,1.0,0.0
7742,22198024,告别,v,1,7,38235,后青春期的诗,录音室专辑,2008-10-23,11,后青春期的诗,后青春期的诗,1.0,0.0
7743,22198024,了,ul,1,7,38235,后青春期的诗,录音室专辑,2008-10-23,11,后青春期的诗,后青春期的诗,1.0,0.0
7744,22198024,突然,ad,1,7,38235,后青春期的诗,录音室专辑,2008-10-23,11,后青春期的诗,后青春期的诗,1.0,0.0
7745,22198024,泪痕,n,1,7,38235,后青春期的诗,录音室专辑,2008-10-23,11,后青春期的诗,后青春期的诗,1.0,0.0
7746,22198024,勾勒,nrt,1,7,38235,后青春期的诗,录音室专辑,2008-10-23,11,后青春期的诗,后青春期的诗,1.0,0.0
7747,22198024,遗憾,a,1,7,38235,后青春期的诗,录音室专辑,2008-10-23,11,后青春期的诗,后青春期的诗,1.0,0.0
7748,22198024,回忆,v,1,7,38235,后青春期的诗,录音室专辑,2008-10-23,11,后青春期的诗,后青春期的诗,1.0,0.0
7749,22198024,夸饰,v,1,7,38235,后青春期的诗,录音室专辑,2008-10-23,11,后青春期的诗,后青春期的诗,1.0,0.0
7750,22198024,伤感,n,1,7,38235,后青春期的诗,录音室专辑,2008-10-23,11,后青春期的诗,后青春期的诗,1.0,0.0
7751,22198024,逝水,v,1,7,38235,后青春期的诗,录音室专辑,2008-10-23,11,后青春期的诗,后青春期的诗,1.0,0.0
7752,22198024,比喻,n,1,7,38235,后青春期的诗,录音室专辑,2008-10-23,11,后青春期的诗,后青春期的诗,1.0,0.0
7753,22198024,时光荏苒,i,1,7,38235,后青春期的诗,录音室专辑,2008-10-23,11,后青春期的诗,后青春期的诗,1.0,0.0
7754,22198024,终於,nr,1,7,38235,后青春期的诗,录音室专辑,2008-10-23,11,后青春期的诗,后青春期的诗,1.0,0.0
7755,22198024,不再,d,1,7,38235,后青春期的诗,录音室专辑,2008-10-23,11,后青春期的诗,后青春期的诗,1.0,0.0
7756,22198024,为了,p,1,7,38235,后青春期的诗,录音室专辑,2008-10-23,11,后青春期的诗,后青春期的诗,1.0,0.0
7757,22198024,生命,vn,1,7,38235,后青春期的诗,录音室专辑,2008-10-23,11,后青春期的诗,后青春期的诗,1.0,0.0
7758,22198024,狂欢,v,1,7,38235,后青春期的诗,录音室专辑,2008-10-23,11,后青春期的诗,后青春期的诗,1.0,0.0
7759,22198024,为,p,1,7,38235,后青春期的诗,录音室专辑,2008-10-23,11,后青春期的诗,后青春期的诗,1.0,0.0
7760,22198024,爱情,n,1,7,38235,后青春期的诗,录音室专辑,2008-10-23,11,后青春期的诗,后青春期的诗,1.0,0.0
7761,22198024,狂乱,a,1,7,38235,后青春期的诗,录音室专辑,2008-10-23,11,后青春期的诗,后青春期的诗,1.0,0.0
7762,22198024,然而,c,1,7,38235,后青春期的诗,录音室专辑,2008-10-23,11,后青春期的诗,后青春期的诗,1.0,0.0
7763,22198024,青春,n,1,7,38235,后青春期的诗,录音室专辑,2008-10-23,11,后青春期的诗,后青春期的诗,1.0,0.0
7764,22198024,彼岸,s,1,7,38235,后青春期的诗,录音室专辑,2008-10-23,11,后青春期的诗,后青春期的诗,1.0,0.0
7765,22198024,盛夏,t,1,7,38235,后青春期的诗,录音室专辑,2008-10-23,11,后青春期的诗,后青春期的诗,1.0,0.0
7766,22198024,正要,a,1,7,38235,后青春期的诗,录音室专辑,2008-10-23,11,后青春期的诗,后青春期的诗,1.0,0.0
7767,22198024,一天,m,1,7,38235,后青春期的诗,录音室专辑,2008-10-23,11,后青春期的诗,后青春期的诗,1.0,0.0
7768,22198024,一天一天,l,1,7,38235,后青春期的诗,录音室专辑,2008-10-23,11,后青春期的诗,后青春期的诗,1.0,0.0
7769,22198024,然后,c,1,7,38235,后青春期的诗,录音室专辑,2008-10-23,11,后青春期的诗,后青春期的诗,1.0,0.0
7770,22198024,呢,y,1,7,38235,后青春期的诗,录音室专辑,2008-10-23,11,后青春期的诗,后青春期的诗,1.0,0.0
7771,22198024,一起,m,1,7,38235,后青春期的诗,录音室专辑,2008-10-23,11,后青春期的诗,后青春期的诗,1.0,0.0
7772,22198024,走,v,1,7,38235,后青春期的诗,录音室专辑,2008-10-23,11,后青春期的诗,后青春期的诗,1.0,0.0
7773,22198024,吧,y,1,7,38235,后青春期的诗,录音室专辑,2008-10-23,11,后青春期的诗,后青春期的诗,1.0,0.0
7774,22198024,谁,r,1,7,38235,后青春期的诗,录音室专辑,2008-10-23,11,后青春期的诗,后青春期的诗,1.0,0.0
7775,22198024,说,v,1,7,38235,后青春期的诗,录音室专辑,2008-10-23,11,后青春期的诗,后青春期的诗,1.0,0.0
7776,22198024,不能,v,1,7,38235,后青春期的诗,录音室专辑,2008-10-23,11,后青春期的诗,后青春期的诗,1.0,0.0
7777,22198024,此生唯一,l,1,7,38235,后青春期的诗,录音室专辑,2008-10-23,11,后青春期的诗,后青春期的诗,1.0,0.0
7778,22198024,自传,n,1,7,38235,后青春期的诗,录音室专辑,2008-10-23,11,后青春期的诗,后青春期的诗,1.0,0.0
7779,22198024,如同,d,1,7,38235,后青春期的诗,录音室专辑,2008-10-23,11,后青春期的诗,后青春期的诗,1.0,0.0
7780,22198024,诗,n,1,7,38235,后青春期的诗,录音室专辑,2008-10-23,11,后青春期的诗,后青春期的诗,1.0,0.0
7781,22198024,一般,a,1,7,38235,后青春期的诗,录音室专辑,2008-10-23,11,后青春期的诗,后青春期的诗,1.0,0.0
7782,22198024,无论,c,1,7,38235,后青春期的诗,录音室专辑,2008-10-23,11,后青春期的诗,后青春期的诗,1.0,0.0
7783,22198024,多,m,1,7,38235,后青春期的诗,录音室专辑,2008-10-23,11,后青春期的诗,后青春期的诗,1.0,0.0
7784,22198024,远,a,1,7,38235,后青春期的诗,录音室专辑,2008-10-23,11,后青春期的诗,后青春期的诗,1.0,0.0
7785,22198024,读,v,1,7,38235,后青春期的诗,录音室专辑,2008-10-23,11,后青春期的诗,后青春期的诗,1.0,0.0
7786,22198024,来,v,1,7,38235,后青春期的诗,录音室专辑,2008-10-23,11,后青春期的诗,后青春期的诗,1.0,0.0
7787,22198024,依然,d,1,7,38235,后青春期的诗,录音室专辑,2008-10-23,11,后青春期的诗,后青春期的诗,1.0,0.0
7788,22198024,一字一句,l,1,7,38235,后青春期的诗,录音室专辑,2008-10-23,11,后青春期的诗,后青春期的诗,1.0,0.0
7789,22198024,一篇,m,1,7,38235,后青春期的诗,录音室专辑,2008-10-23,11,后青春期的诗,后青春期的诗,1.0,0.0
7790,22198024,都,d,1,7,38235,后青春期的诗,录音室专辑,2008-10-23,11,后青春期的诗,后青春期的诗,1.0,0.0
7791,22198024,天空,n,1,7,38235,后青春期的诗,录音室专辑,2008-10-23,11,后青春期的诗,后青春期的诗,1.0,0.0
7792,22198024,解释,v,1,7,38235,后青春期的诗,录音室专辑,2008-10-23,11,后青春期的诗,后青春期的诗,1.0,0.0
7793,22198024,蔚蓝,a,1,7,38235,后青春期的诗,录音室专辑,2008-10-23,11,后青春期的诗,后青春期的诗,1.0,0.0
7794,22198024,浮云,n,1,7,38235,后青春期的诗,录音室专辑,2008-10-23,11,后青春期的诗,后青春期的诗,1.0,0.0
7795,22198024,定义,n,1,7,38235,后青春期的诗,录音室专辑,2008-10-23,11,后青春期的诗,后青春期的诗,1.0,0.0
7796,22198024,洁白,a,1,7,38235,后青春期的诗,录音室专辑,2008-10-23,11,后青春期的诗,后青春期的诗,1.0,0.0
7797,22198024,落花,n,1,7,38235,后青春期的诗,录音室专辑,2008-10-23,11,后青春期的诗,后青春期的诗,1.0,0.0
7798,22198024,铺陈,v,1,7,38235,后青春期的诗,录音室专辑,2008-10-23,11,后青春期的诗,后青春期的诗,1.0,0.0
7799,22198024,一片,m,1,7,38235,后青春期的诗,录音室专辑,2008-10-23,11,后青春期的诗,后青春期的诗,1.0,0.0
7800,22198024,红色,n,1,7,38235,后青春期的诗,录音室专辑,2008-10-23,11,后青春期的诗,后青春期的诗,1.0,0.0
7801,22198024,地毯,n,1,7,38235,后青春期的诗,录音室专辑,2008-10-23,11,后青春期的诗,后青春期的诗,1.0,0.0
7802,22198024,迎接,v,1,7,38235,后青春期的诗,录音室专辑,2008-10-23,11,后青春期的诗,后青春期的诗,1.0,0.0
7803,22198024,到,v,1,7,38235,后青春期的诗,录音室专辑,2008-10-23,11,后青春期的诗,后青春期的诗,1.0,0.0
7804,22198024,精彩,n,1,7,38235,后青春期的诗,录音室专辑,2008-10-23,11,后青春期的诗,后青春期的诗,1.0,0.0
7805,22198024,未,d,1,7,38235,后青春期的诗,录音室专辑,2008-10-23,11,后青春期的诗,后青春期的诗,1.0,0.0
7806,22198024,完,v,1,7,38235,后青春期的诗,录音室专辑,2008-10-23,11,后青春期的诗,后青春期的诗,1.0,0.0
7807,22198025,了,ul,14,7,38235,后青春期的诗,录音室专辑,2008-10-23,12,笑忘歌,后青春期的诗,1.0,0.0
7808,22198025,的,uj,12,7,38235,后青春期的诗,录音室专辑,2008-10-23,12,笑忘歌,后青春期的诗,1.0,0.0
7809,22198025,这,r,11,7,38235,后青春期的诗,录音室专辑,2008-10-23,12,笑忘歌,后青春期的诗,1.0,0.0
7810,22198025,都,d,10,7,38235,后青春期的诗,录音室专辑,2008-10-23,12,笑忘歌,后青春期的诗,1.0,0.0
7811,22198025,歌,n,7,7,38235,后青春期的诗,录音室专辑,2008-10-23,12,笑忘歌,后青春期的诗,1.0,0.0
7812,22198025,笑,v,7,7,38235,后青春期的诗,录音室专辑,2008-10-23,12,笑忘歌,后青春期的诗,1.0,0.0
7813,22198025,很,d,7,7,38235,后青春期的诗,录音室专辑,2008-10-23,12,笑忘歌,后青春期的诗,1.0,0.0
7814,22198025,快乐,a,7,7,38235,后青春期的诗,录音室专辑,2008-10-23,12,笑忘歌,后青春期的诗,1.0,0.0
7815,22198025,首,m,6,7,38235,后青春期的诗,录音室专辑,2008-10-23,12,笑忘歌,后青春期的诗,1.0,0.0
7816,22198025,忘,v,6,7,38235,后青春期的诗,录音室专辑,2008-10-23,12,笑忘歌,后青春期的诗,1.0,0.0
7817,22198025,这样,r,6,7,38235,后青春期的诗,录音室专辑,2008-10-23,12,笑忘歌,后青春期的诗,1.0,0.0
7818,22198025,呢,y,6,7,38235,后青春期的诗,录音室专辑,2008-10-23,12,笑忘歌,后青春期的诗,1.0,0.0
7819,22198025,是,v,5,7,38235,后青春期的诗,录音室专辑,2008-10-23,12,笑忘歌,后青春期的诗,1.0,0.0
7820,22198025,我们,r,5,7,38235,后青春期的诗,录音室专辑,2008-10-23,12,笑忘歌,后青春期的诗,1.0,0.0
7821,22198025,再,d,5,7,38235,后青春期的诗,录音室专辑,2008-10-23,12,笑忘歌,后青春期的诗,1.0,0.0
7822,22198025,谁,r,5,7,38235,后青春期的诗,录音室专辑,2008-10-23,12,笑忘歌,后青春期的诗,1.0,0.0
7823,22198025,说,v,5,7,38235,后青春期的诗,录音室专辑,2008-10-23,12,笑忘歌,后青春期的诗,1.0,0.0
7824,22198025,不,d,5,7,38235,后青春期的诗,录音室专辑,2008-10-23,12,笑忘歌,后青春期的诗,1.0,0.0
7825,22198025,伟大,a,5,7,38235,后青春期的诗,录音室专辑,2008-10-23,12,笑忘歌,后青春期的诗,1.0,0.0
7826,22198025,天空,n,4,7,38235,后青春期的诗,录音室专辑,2008-10-23,12,笑忘歌,后青春期的诗,1.0,0.0
7827,22198025,会,v,4,7,38235,后青春期的诗,录音室专辑,2008-10-23,12,笑忘歌,后青春期的诗,1.0,0.0
7828,22198025,唱,v,4,7,38235,后青春期的诗,录音室专辑,2008-10-23,12,笑忘歌,后青春期的诗,1.0,0.0
7829,22198025,我,r,4,7,38235,后青春期的诗,录音室专辑,2008-10-23,12,笑忘歌,后青春期的诗,1.0,0.0
7830,22198025,和,c,4,7,38235,后青春期的诗,录音室专辑,2008-10-23,12,笑忘歌,后青春期的诗,1.0,0.0
7831,22198025,一生,m,4,7,38235,后青春期的诗,录音室专辑,2008-10-23,12,笑忘歌,后青春期的诗,1.0,0.0
7832,22198025,志愿,n,4,7,38235,后青春期的诗,录音室专辑,2008-10-23,12,笑忘歌,后青春期的诗,1.0,0.0
7833,22198025,只要,c,4,7,38235,后青春期的诗,录音室专辑,2008-10-23,12,笑忘歌,后青春期的诗,1.0,0.0
7834,22198025,平凡,a,4,7,38235,后青春期的诗,录音室专辑,2008-10-23,12,笑忘歌,后青春期的诗,1.0,0.0
7835,22198025,不会,v,3,7,38235,后青春期的诗,录音室专辑,2008-10-23,12,笑忘歌,后青春期的诗,1.0,0.0
7836,22198025,伤心,n,3,7,38235,后青春期的诗,录音室专辑,2008-10-23,12,笑忘歌,后青春期的诗,1.0,0.0
7837,22198025,忘记,v,3,7,38235,后青春期的诗,录音室专辑,2008-10-23,12,笑忘歌,后青春期的诗,1.0,0.0
7838,22198025,只,d,3,7,38235,后青春期的诗,录音室专辑,2008-10-23,12,笑忘歌,后青春期的诗,1.0,0.0
7839,22198025,记得,v,3,7,38235,后青春期的诗,录音室专辑,2008-10-23,12,笑忘歌,后青春期的诗,1.0,0.0
7840,22198025,那,r,3,7,38235,后青春期的诗,录音室专辑,2008-10-23,12,笑忘歌,后青春期的诗,1.0,0.0
7841,22198025,一年,m,3,7,38235,后青春期的诗,录音室专辑,2008-10-23,12,笑忘歌,后青春期的诗,1.0,0.0
7842,22198025,高,a,3,7,38235,后青春期的诗,录音室专辑,2008-10-23,12,笑忘歌,后青春期的诗,1.0,0.0
7843,22198025,风,n,3,7,38235,后青春期的诗,录音室专辑,2008-10-23,12,笑忘歌,后青春期的诗,1.0,0.0
7844,22198025,清澈,a,3,7,38235,后青春期的诗,录音室专辑,2008-10-23,12,笑忘歌,后青春期的诗,1.0,0.0
7845,22198025,从头到脚,l,3,7,38235,后青春期的诗,录音室专辑,2008-10-23,12,笑忘歌,后青春期的诗,1.0,0.0
7846,22198025,趾都,n,3,7,38235,后青春期的诗,录音室专辑,2008-10-23,12,笑忘歌,后青春期的诗,1.0,0.0
7847,22198025,你,r,3,7,38235,后青春期的诗,录音室专辑,2008-10-23,12,笑忘歌,后青春期的诗,1.0,0.0
7848,22198025,约,d,3,7,38235,后青春期的诗,录音室专辑,2008-10-23,12,笑忘歌,后青春期的诗,1.0,0.0
7849,22198025,好,a,3,7,38235,后青春期的诗,录音室专辑,2008-10-23,12,笑忘歌,后青春期的诗,1.0,0.0
7850,22198025,要,v,3,7,38235,后青春期的诗,录音室专辑,2008-10-23,12,笑忘歌,后青春期的诗,1.0,0.0
7851,22198025,有,v,3,7,38235,后青春期的诗,录音室专辑,2008-10-23,12,笑忘歌,后青春期的诗,1.0,0.0
7852,22198025,也,d,2,7,38235,后青春期的诗,录音室专辑,2008-10-23,12,笑忘歌,后青春期的诗,1.0,0.0
7853,22198025,更,d,2,7,38235,后青春期的诗,录音室专辑,2008-10-23,12,笑忘歌,后青春期的诗,1.0,0.0
7854,22198025,多,m,2,7,38235,后青春期的诗,录音室专辑,2008-10-23,12,笑忘歌,后青春期的诗,1.0,0.0
7855,22198025,OH,eng,2,7,38235,后青春期的诗,录音室专辑,2008-10-23,12,笑忘歌,后青春期的诗,1.0,0.0
7856,22198025,HO,eng,2,7,38235,后青春期的诗,录音室专辑,2008-10-23,12,笑忘歌,后青春期的诗,1.0,0.0
7857,22198025,青春,n,2,7,38235,后青春期的诗,录音室专辑,2008-10-23,12,笑忘歌,后青春期的诗,1.0,0.0
7858,22198025,自己,r,2,7,38235,后青春期的诗,录音室专辑,2008-10-23,12,笑忘歌,后青春期的诗,1.0,0.0
7859,22198025,想,v,2,7,38235,后青春期的诗,录音室专辑,2008-10-23,12,笑忘歌,后青春期的诗,1.0,0.0
7860,22198025,多少,m,2,7,38235,后青春期的诗,录音室专辑,2008-10-23,12,笑忘歌,后青春期的诗,1.0,0.0
7861,22198025,还,d,2,7,38235,后青春期的诗,录音室专辑,2008-10-23,12,笑忘歌,后青春期的诗,1.0,0.0
7862,22198025,错,v,2,7,38235,后青春期的诗,录音室专辑,2008-10-23,12,笑忘歌,后青春期的诗,1.0,0.0
7863,22198025,屋顶,n,1,7,38235,后青春期的诗,录音室专辑,2008-10-23,12,笑忘歌,后青春期的诗,1.0,0.0
7864,22198025,放学,n,1,7,38235,后青春期的诗,录音室专辑,2008-10-23,12,笑忘歌,后青春期的诗,1.0,0.0
7865,22198025,后,f,1,7,38235,后青春期的诗,录音室专辑,2008-10-23,12,笑忘歌,后青春期的诗,1.0,0.0
7866,22198025,夕阳,ns,1,7,38235,后青春期的诗,录音室专辑,2008-10-23,12,笑忘歌,后青春期的诗,1.0,0.0
7867,22198025,让步,v,1,7,38235,后青春期的诗,录音室专辑,2008-10-23,12,笑忘歌,后青春期的诗,1.0,0.0
7868,22198025,一首,m,1,7,38235,后青春期的诗,录音室专辑,2008-10-23,12,笑忘歌,后青春期的诗,1.0,0.0
7869,22198025,属于,v,1,7,38235,后青春期的诗,录音室专辑,2008-10-23,12,笑忘歌,后青春期的诗,1.0,0.0
7870,22198025,让,v,1,7,38235,后青春期的诗,录音室专辑,2008-10-23,12,笑忘歌,后青春期的诗,1.0,0.0
7871,22198025,伤,v,1,7,38235,后青春期的诗,录音室专辑,2008-10-23,12,笑忘歌,后青春期的诗,1.0,0.0
7872,22198025,慢慢,d,1,7,38235,后青春期的诗,录音室专辑,2008-10-23,12,笑忘歌,后青春期的诗,1.0,0.0
7873,22198025,慢,a,1,7,38235,后青春期的诗,录音室专辑,2008-10-23,12,笑忘歌,后青春期的诗,1.0,0.0
7874,22198025,愈合,v,1,7,38235,后青春期的诗,录音室专辑,2008-10-23,12,笑忘歌,后青春期的诗,1.0,0.0
7875,22198025,明天,t,1,7,38235,后青春期的诗,录音室专辑,2008-10-23,12,笑忘歌,后青春期的诗,1.0,0.0
7876,22198025,又,d,1,7,38235,后青春期的诗,录音室专辑,2008-10-23,12,笑忘歌,后青春期的诗,1.0,0.0
7877,22198025,全新,d,1,7,38235,后青春期的诗,录音室专辑,2008-10-23,12,笑忘歌,后青春期的诗,1.0,0.0
7878,22198025,手牵手,i,1,7,38235,后青春期的诗,录音室专辑,2008-10-23,12,笑忘歌,后青春期的诗,1.0,0.0
7879,22198025,坐上,v,1,7,38235,后青春期的诗,录音室专辑,2008-10-23,12,笑忘歌,后青春期的诗,1.0,0.0
7880,22198025,永不,d,1,7,38235,后青春期的诗,录音室专辑,2008-10-23,12,笑忘歌,后青春期的诗,1.0,0.0
7881,22198025,回头,v,1,7,38235,后青春期的诗,录音室专辑,2008-10-23,12,笑忘歌,后青春期的诗,1.0,0.0
7882,22198025,火车,n,1,7,38235,后青春期的诗,录音室专辑,2008-10-23,12,笑忘歌,后青春期的诗,1.0,0.0
7883,22198025,总有一天,l,1,7,38235,后青春期的诗,录音室专辑,2008-10-23,12,笑忘歌,后青春期的诗,1.0,0.0
7884,22198025,老,a,1,7,38235,后青春期的诗,录音室专辑,2008-10-23,12,笑忘歌,后青春期的诗,1.0,0.0
7885,22198025,遗憾,a,1,7,38235,后青春期的诗,录音室专辑,2008-10-23,12,笑忘歌,后青春期的诗,1.0,0.0
7886,22198025,就,d,1,7,38235,后青春期的诗,录音室专辑,2008-10-23,12,笑忘歌,后青春期的诗,1.0,0.0
7887,22198025,OK,eng,1,7,38235,后青春期的诗,录音室专辑,2008-10-23,12,笑忘歌,后青春期的诗,1.0,0.0
7888,22198025,打,v,1,7,38235,后青春期的诗,录音室专辑,2008-10-23,12,笑忘歌,后青春期的诗,1.0,0.0
7889,22198025,一架,m,1,7,38235,后青春期的诗,录音室专辑,2008-10-23,12,笑忘歌,后青春期的诗,1.0,0.0
7890,22198025,通,p,1,7,38235,后青春期的诗,录音室专辑,2008-10-23,12,笑忘歌,后青春期的诗,1.0,0.0
7891,22198025,想不通,l,1,7,38235,后青春期的诗,录音室专辑,2008-10-23,12,笑忘歌,后青春期的诗,1.0,0.0
7892,22198025,反正,d,1,7,38235,后青春期的诗,录音室专辑,2008-10-23,12,笑忘歌,后青春期的诗,1.0,0.0
7893,22198025,就是,d,1,7,38235,后青春期的诗,录音室专辑,2008-10-23,12,笑忘歌,后青春期的诗,1.0,0.0
7894,22198025,流泪,n,1,7,38235,后青春期的诗,录音室专辑,2008-10-23,12,笑忘歌,后青春期的诗,1.0,0.0
7895,22198025,错误,n,1,7,38235,后青春期的诗,录音室专辑,2008-10-23,12,笑忘歌,后青春期的诗,1.0,0.0
7896,22198025,重蹈覆辙,i,1,7,38235,后青春期的诗,录音室专辑,2008-10-23,12,笑忘歌,后青春期的诗,1.0,0.0
7897,22198025,苦痛,a,1,7,38235,后青春期的诗,录音室专辑,2008-10-23,12,笑忘歌,后青春期的诗,1.0,0.0
7898,22198025,不是,c,1,7,38235,后青春期的诗,录音室专辑,2008-10-23,12,笑忘歌,后青春期的诗,1.0,0.0
7899,22198025,过来,t,1,7,38235,后青春期的诗,录音室专辑,2008-10-23,12,笑忘歌,后青春期的诗,1.0,0.0
7900,22198025,起来,v,1,7,38235,后青春期的诗,录音室专辑,2008-10-23,12,笑忘歌,后青春期的诗,1.0,0.0
7901,22198025,甚至,d,1,7,38235,后青春期的诗,录音室专辑,2008-10-23,12,笑忘歌,后青春期的诗,1.0,0.0
7902,22198025,人生,n,1,7,38235,后青春期的诗,录音室专辑,2008-10-23,12,笑忘歌,后青春期的诗,1.0,0.0
7903,22198025,实验课,n,1,7,38235,后青春期的诗,录音室专辑,2008-10-23,12,笑忘歌,后青春期的诗,1.0,0.0
7904,22198025,得,ud,1,7,38235,后青春期的诗,录音室专辑,2008-10-23,12,笑忘歌,后青春期的诗,1.0,0.0
7905,22198025,值得,v,1,7,38235,后青春期的诗,录音室专辑,2008-10-23,12,笑忘歌,后青春期的诗,1.0,0.0
7906,22198025,就算,v,1,7,38235,后青春期的诗,录音室专辑,2008-10-23,12,笑忘歌,后青春期的诗,1.0,0.0
7907,22198025,某,r,1,7,38235,后青春期的诗,录音室专辑,2008-10-23,12,笑忘歌,后青春期的诗,1.0,0.0
7908,22198025,天,q,1,7,38235,后青春期的诗,录音室专辑,2008-10-23,12,笑忘歌,后青春期的诗,1.0,0.0
7909,22198025,唱起,v,1,7,38235,后青春期的诗,录音室专辑,2008-10-23,12,笑忘歌,后青春期的诗,1.0,0.0
7910,22198025,首歌,n,1,7,38235,后青春期的诗,录音室专辑,2008-10-23,12,笑忘歌,后青春期的诗,1.0,0.0
7911,22198025,眼眶,n,1,7,38235,后青春期的诗,录音室专辑,2008-10-23,12,笑忘歌,后青春期的诗,1.0,0.0
7912,22198025,一点,m,1,7,38235,后青春期的诗,录音室专辑,2008-10-23,12,笑忘歌,后青春期的诗,1.0,0.0
7913,22198025,湿热,z,1,7,38235,后青春期的诗,录音室专辑,2008-10-23,12,笑忘歌,后青春期的诗,1.0,0.0
7914,22196001,的,uj,17,8,2040001,第二人生 (明日版),录音室专辑,2011-12-16,1,有些事现在不做 一辈子都不会做了,第二人生,1.0,0.0
7915,22196001,你,r,14,8,2040001,第二人生 (明日版),录音室专辑,2011-12-16,1,有些事现在不做 一辈子都不会做了,第二人生,1.0,0.0
7916,22196001,都,d,9,8,2040001,第二人生 (明日版),录音室专辑,2011-12-16,1,有些事现在不做 一辈子都不会做了,第二人生,1.0,0.0
7917,22196001,会,v,5,8,2040001,第二人生 (明日版),录音室专辑,2011-12-16,1,有些事现在不做 一辈子都不会做了,第二人生,1.0,0.0
7918,22196001,钟,n,3,8,2040001,第二人生 (明日版),录音室专辑,2011-12-16,1,有些事现在不做 一辈子都不会做了,第二人生,1.0,0.0
7919,22196001,最,d,3,8,2040001,第二人生 (明日版),录音室专辑,2011-12-16,1,有些事现在不做 一辈子都不会做了,第二人生,1.0,0.0
7920,22196001,是,v,3,8,2040001,第二人生 (明日版),录音室专辑,2011-12-16,1,有些事现在不做 一辈子都不会做了,第二人生,1.0,0.0
7921,22196001,着,uz,3,8,2040001,第二人生 (明日版),录音室专辑,2011-12-16,1,有些事现在不做 一辈子都不会做了,第二人生,1.0,0.0
7922,22196001,每个,r,3,8,2040001,第二人生 (明日版),录音室专辑,2011-12-16,1,有些事现在不做 一辈子都不会做了,第二人生,1.0,0.0
7923,22196001,自我,r,3,8,2040001,第二人生 (明日版),录音室专辑,2011-12-16,1,有些事现在不做 一辈子都不会做了,第二人生,1.0,0.0
7924,22196001,懂,v,3,8,2040001,第二人生 (明日版),录音室专辑,2011-12-16,1,有些事现在不做 一辈子都不会做了,第二人生,1.0,0.0
7925,22196001,理由,n,3,8,2040001,第二人生 (明日版),录音室专辑,2011-12-16,1,有些事现在不做 一辈子都不会做了,第二人生,1.0,0.0
7926,22196001,里面,f,2,8,2040001,第二人生 (明日版),录音室专辑,2011-12-16,1,有些事现在不做 一辈子都不会做了,第二人生,1.0,0.0
7927,22196001,有,v,2,8,2040001,第二人生 (明日版),录音室专辑,2011-12-16,1,有些事现在不做 一辈子都不会做了,第二人生,1.0,0.0
7928,22196001,皱纹,n,2,8,2040001,第二人生 (明日版),录音室专辑,2011-12-16,1,有些事现在不做 一辈子都不会做了,第二人生,1.0,0.0
7929,22196001,以后,f,2,8,2040001,第二人生 (明日版),录音室专辑,2011-12-16,1,有些事现在不做 一辈子都不会做了,第二人生,1.0,0.0
7930,22196001,有痛,a,2,8,2040001,第二人生 (明日版),录音室专辑,2011-12-16,1,有些事现在不做 一辈子都不会做了,第二人生,1.0,0.0
7931,22196001,想象,n,2,8,2040001,第二人生 (明日版),录音室专辑,2011-12-16,1,有些事现在不做 一辈子都不会做了,第二人生,1.0,0.0
7932,22196001,等,u,2,8,2040001,第二人生 (明日版),录音室专辑,2011-12-16,1,有些事现在不做 一辈子都不会做了,第二人生,1.0,0.0
7933,22196001,平凡,a,2,8,2040001,第二人生 (明日版),录音室专辑,2011-12-16,1,有些事现在不做 一辈子都不会做了,第二人生,1.0,0.0
7934,22196001,曾,d,2,8,2040001,第二人生 (明日版),录音室专辑,2011-12-16,1,有些事现在不做 一辈子都不会做了,第二人生,1.0,0.0
7935,22196001,幻想,n,2,8,2040001,第二人生 (明日版),录音室专辑,2011-12-16,1,有些事现在不做 一辈子都不会做了,第二人生,1.0,0.0
7936,22196001,过,ug,2,8,2040001,第二人生 (明日版),录音室专辑,2011-12-16,1,有些事现在不做 一辈子都不会做了,第二人生,1.0,0.0
7937,22196001,只,d,2,8,2040001,第二人生 (明日版),录音室专辑,2011-12-16,1,有些事现在不做 一辈子都不会做了,第二人生,1.0,0.0
7938,22196001,什么,r,2,8,2040001,第二人生 (明日版),录音室专辑,2011-12-16,1,有些事现在不做 一辈子都不会做了,第二人生,1.0,0.0
7939,22196001,不,d,2,8,2040001,第二人生 (明日版),录音室专辑,2011-12-16,1,有些事现在不做 一辈子都不会做了,第二人生,1.0,0.0
7940,22196001,和,c,2,8,2040001,第二人生 (明日版),录音室专辑,2011-12-16,1,有些事现在不做 一辈子都不会做了,第二人生,1.0,0.0
7941,22196001,不同,a,2,8,2040001,第二人生 (明日版),录音室专辑,2011-12-16,1,有些事现在不做 一辈子都不会做了,第二人生,1.0,0.0
7942,22196001,就是,d,2,8,2040001,第二人生 (明日版),录音室专辑,2011-12-16,1,有些事现在不做 一辈子都不会做了,第二人生,1.0,0.0
7943,22196001,那些,r,2,8,2040001,第二人生 (明日版),录音室专辑,2011-12-16,1,有些事现在不做 一辈子都不会做了,第二人生,1.0,0.0
7944,22196001,冲动,vn,2,8,2040001,第二人生 (明日版),录音室专辑,2011-12-16,1,有些事现在不做 一辈子都不会做了,第二人生,1.0,0.0
7945,22196001,然而,c,2,8,2040001,第二人生 (明日版),录音室专辑,2011-12-16,1,有些事现在不做 一辈子都不会做了,第二人生,1.0,0.0
7946,22196001,后,f,2,8,2040001,第二人生 (明日版),录音室专辑,2011-12-16,1,有些事现在不做 一辈子都不会做了,第二人生,1.0,0.0
7947,22196001,年轮,n,1,8,2040001,第二人生 (明日版),录音室专辑,2011-12-16,1,有些事现在不做 一辈子都不会做了,第二人生,1.0,0.0
7948,22196001,就算,v,1,8,2040001,第二人生 (明日版),录音室专辑,2011-12-16,1,有些事现在不做 一辈子都不会做了,第二人生,1.0,0.0
7949,22196001,暂停,d,1,8,2040001,第二人生 (明日版),录音室专辑,2011-12-16,1,有些事现在不做 一辈子都不会做了,第二人生,1.0,0.0
7950,22196001,全世界,n,1,8,2040001,第二人生 (明日版),录音室专辑,2011-12-16,1,有些事现在不做 一辈子都不会做了,第二人生,1.0,0.0
7951,22196001,也,d,1,8,2040001,第二人生 (明日版),录音室专辑,2011-12-16,1,有些事现在不做 一辈子都不会做了,第二人生,1.0,0.0
7952,22196001,停,v,1,8,2040001,第二人生 (明日版),录音室专辑,2011-12-16,1,有些事现在不做 一辈子都不会做了,第二人生,1.0,0.0
7953,22196001,不了,v,1,8,2040001,第二人生 (明日版),录音室专辑,2011-12-16,1,有些事现在不做 一辈子都不会做了,第二人生,1.0,0.0
7954,22196001,一秒钟,i,1,8,2040001,第二人生 (明日版),录音室专辑,2011-12-16,1,有些事现在不做 一辈子都不会做了,第二人生,1.0,0.0
7955,22196001,跌倒,v,1,8,2040001,第二人生 (明日版),录音室专辑,2011-12-16,1,有些事现在不做 一辈子都不会做了,第二人生,1.0,0.0
7956,22196001,后悔,v,1,8,2040001,第二人生 (明日版),录音室专辑,2011-12-16,1,有些事现在不做 一辈子都不会做了,第二人生,1.0,0.0
7957,22196001,问,v,1,8,2040001,第二人生 (明日版),录音室专辑,2011-12-16,1,有些事现在不做 一辈子都不会做了,第二人生,1.0,0.0
7958,22196001,痛,a,1,8,2040001,第二人生 (明日版),录音室专辑,2011-12-16,1,有些事现在不做 一辈子都不会做了,第二人生,1.0,0.0
7959,22196001,哪,r,1,8,2040001,第二人生 (明日版),录音室专辑,2011-12-16,1,有些事现在不做 一辈子都不会做了,第二人生,1.0,0.0
7960,22196001,一种,m,1,8,2040001,第二人生 (明日版),录音室专辑,2011-12-16,1,有些事现在不做 一辈子都不会做了,第二人生,1.0,0.0
7961,22196001,答案,n,1,8,2040001,第二人生 (明日版),录音室专辑,2011-12-16,1,有些事现在不做 一辈子都不会做了,第二人生,1.0,0.0
7962,22196001,说明,v,1,8,2040001,第二人生 (明日版),录音室专辑,2011-12-16,1,有些事现在不做 一辈子都不会做了,第二人生,1.0,0.0
7963,22196001,所有,b,1,8,2040001,第二人生 (明日版),录音室专辑,2011-12-16,1,有些事现在不做 一辈子都不会做了,第二人生,1.0,0.0
7964,22196001,孙子,nr,1,8,2040001,第二人生 (明日版),录音室专辑,2011-12-16,1,有些事现在不做 一辈子都不会做了,第二人生,1.0,0.0
7965,22196001,孙女,nr,1,8,2040001,第二人生 (明日版),录音室专辑,2011-12-16,1,有些事现在不做 一辈子都不会做了,第二人生,1.0,0.0
7966,22196001,充满,a,1,8,2040001,第二人生 (明日版),录音室专辑,2011-12-16,1,有些事现在不做 一辈子都不会做了,第二人生,1.0,0.0
7967,22196001,光,n,1,8,2040001,第二人生 (明日版),录音室专辑,2011-12-16,1,有些事现在不做 一辈子都不会做了,第二人生,1.0,0.0
7968,22196001,瞳孔,n,1,8,2040001,第二人生 (明日版),录音室专辑,2011-12-16,1,有些事现在不做 一辈子都不会做了,第二人生,1.0,0.0
7969,22196001,正,d,1,8,2040001,第二人生 (明日版),录音室专辑,2011-12-16,1,有些事现在不做 一辈子都不会做了,第二人生,1.0,0.0
7970,22196001,开口,n,1,8,2040001,第二人生 (明日版),录音室专辑,2011-12-16,1,有些事现在不做 一辈子都不会做了,第二人生,1.0,0.0
7971,22196001,说,v,1,8,2040001,第二人生 (明日版),录音室专辑,2011-12-16,1,有些事现在不做 一辈子都不会做了,第二人生,1.0,0.0
7972,22196001,光辉,nr,1,8,2040001,第二人生 (明日版),录音室专辑,2011-12-16,1,有些事现在不做 一辈子都不会做了,第二人生,1.0,0.0
7973,22196001,一次,m,1,8,2040001,第二人生 (明日版),录音室专辑,2011-12-16,1,有些事现在不做 一辈子都不会做了,第二人生,1.0,0.0
7974,22196001,传说,n,1,8,2040001,第二人生 (明日版),录音室专辑,2011-12-16,1,有些事现在不做 一辈子都不会做了,第二人生,1.0,0.0
7975,22196001,以,p,1,8,2040001,第二人生 (明日版),录音室专辑,2011-12-16,1,有些事现在不做 一辈子都不会做了,第二人生,1.0,0.0
7976,22196001,为名,v,1,8,2040001,第二人生 (明日版),录音室专辑,2011-12-16,1,有些事现在不做 一辈子都不会做了,第二人生,1.0,0.0
7977,22196001,小说,n,1,8,2040001,第二人生 (明日版),录音室专辑,2011-12-16,1,有些事现在不做 一辈子都不会做了,第二人生,1.0,0.0
7978,22196001,枯燥,a,1,8,2040001,第二人生 (明日版),录音室专辑,2011-12-16,1,有些事现在不做 一辈子都不会做了,第二人生,1.0,0.0
7979,22196001,或是,c,1,8,2040001,第二人生 (明日版),录音室专辑,2011-12-16,1,有些事现在不做 一辈子都不会做了,第二人生,1.0,0.0
7980,22196001,隽永,a,1,8,2040001,第二人生 (明日版),录音室专辑,2011-12-16,1,有些事现在不做 一辈子都不会做了,第二人生,1.0,0.0
7981,22196001,从前,t,1,8,2040001,第二人生 (明日版),录音室专辑,2011-12-16,1,有些事现在不做 一辈子都不会做了,第二人生,1.0,0.0
7982,22196001,想,v,1,8,2040001,第二人生 (明日版),录音室专辑,2011-12-16,1,有些事现在不做 一辈子都不会做了,第二人生,1.0,0.0
7983,22196001,装懂,v,1,8,2040001,第二人生 (明日版),录音室专辑,2011-12-16,1,有些事现在不做 一辈子都不会做了,第二人生,1.0,0.0
7984,22196001,装作,v,1,8,2040001,第二人生 (明日版),录音室专辑,2011-12-16,1,有些事现在不做 一辈子都不会做了,第二人生,1.0,0.0
7985,22196001,懂得,v,1,8,2040001,第二人生 (明日版),录音室专辑,2011-12-16,1,有些事现在不做 一辈子都不会做了,第二人生,1.0,0.0
7986,22196001,生存,v,1,8,2040001,第二人生 (明日版),录音室专辑,2011-12-16,1,有些事现在不做 一辈子都不会做了,第二人生,1.0,0.0
7987,22196001,规则,n,1,8,2040001,第二人生 (明日版),录音室专辑,2011-12-16,1,有些事现在不做 一辈子都不会做了,第二人生,1.0,0.0
7988,22196001,之后,f,1,8,2040001,第二人生 (明日版),录音室专辑,2011-12-16,1,有些事现在不做 一辈子都不会做了,第二人生,1.0,0.0
7989,22196001,却,d,1,8,2040001,第二人生 (明日版),录音室专辑,2011-12-16,1,有些事现在不做 一辈子都不会做了,第二人生,1.0,0.0
7990,22196001,想要,v,1,8,2040001,第二人生 (明日版),录音室专辑,2011-12-16,1,有些事现在不做 一辈子都不会做了,第二人生,1.0,0.0
7991,22196001,如果,c,1,8,2040001,第二人生 (明日版),录音室专辑,2011-12-16,1,有些事现在不做 一辈子都不会做了,第二人生,1.0,0.0
7992,22196001,人类,n,1,8,2040001,第二人生 (明日版),录音室专辑,2011-12-16,1,有些事现在不做 一辈子都不会做了,第二人生,1.0,0.0
7993,22196001,脸,n,1,8,2040001,第二人生 (明日版),录音室专辑,2011-12-16,1,有些事现在不做 一辈子都不会做了,第二人生,1.0,0.0
7994,22196001,长,a,1,8,2040001,第二人生 (明日版),录音室专辑,2011-12-16,1,有些事现在不做 一辈子都不会做了,第二人生,1.0,0.0
7995,22196001,得,ud,1,8,2040001,第二人生 (明日版),录音室专辑,2011-12-16,1,有些事现在不做 一辈子都不会做了,第二人生,1.0,0.0
7996,22196001,全都,n,1,8,2040001,第二人生 (明日版),录音室专辑,2011-12-16,1,有些事现在不做 一辈子都不会做了,第二人生,1.0,0.0
7997,22196001,相同,d,1,8,2040001,第二人生 (明日版),录音室专辑,2011-12-16,1,有些事现在不做 一辈子都不会做了,第二人生,1.0,0.0
7998,22196001,那么,r,1,8,2040001,第二人生 (明日版),录音室专辑,2011-12-16,1,有些事现在不做 一辈子都不会做了,第二人生,1.0,0.0
7999,22196001,人们,n,1,8,2040001,第二人生 (明日版),录音室专辑,2011-12-16,1,有些事现在不做 一辈子都不会做了,第二人生,1.0,0.0
8000,22196001,就,d,1,8,2040001,第二人生 (明日版),录音室专辑,2011-12-16,1,有些事现在不做 一辈子都不会做了,第二人生,1.0,0.0
8001,22196001,看,v,1,8,2040001,第二人生 (明日版),录音室专辑,2011-12-16,1,有些事现在不做 一辈子都不会做了,第二人生,1.0,0.0
8002,22196001,怎么,r,1,8,2040001,第二人生 (明日版),录音室专辑,2011-12-16,1,有些事现在不做 一辈子都不会做了,第二人生,1.0,0.0
8003,22196001,活,vn,1,8,2040001,第二人生 (明日版),录音室专辑,2011-12-16,1,有些事现在不做 一辈子都不会做了,第二人生,1.0,0.0
8004,22196001,白发,nr,1,8,2040001,第二人生 (明日版),录音室专辑,2011-12-16,1,有些事现在不做 一辈子都不会做了,第二人生,1.0,0.0
8005,22196001,紧贴,a,1,8,2040001,第二人生 (明日版),录音室专辑,2011-12-16,1,有些事现在不做 一辈子都不会做了,第二人生,1.0,0.0
8006,22196001,轮廓,n,1,8,2040001,第二人生 (明日版),录音室专辑,2011-12-16,1,有些事现在不做 一辈子都不会做了,第二人生,1.0,0.0
8007,22196001,最终,d,1,8,2040001,第二人生 (明日版),录音室专辑,2011-12-16,1,有些事现在不做 一辈子都不会做了,第二人生,1.0,0.0
8008,22196001,朋友,n,1,8,2040001,第二人生 (明日版),录音室专辑,2011-12-16,1,有些事现在不做 一辈子都不会做了,第二人生,1.0,0.0
8009,22196001,此刻,r,1,8,2040001,第二人生 (明日版),录音室专辑,2011-12-16,1,有些事现在不做 一辈子都不会做了,第二人生,1.0,0.0
8010,22196001,疯,v,1,8,2040001,第二人生 (明日版),录音室专辑,2011-12-16,1,有些事现在不做 一辈子都不会做了,第二人生,1.0,0.0
8011,22196001,最爱,a,1,8,2040001,第二人生 (明日版),录音室专辑,2011-12-16,1,有些事现在不做 一辈子都不会做了,第二人生,1.0,0.0
8012,22196001,最痛,a,1,8,2040001,第二人生 (明日版),录音室专辑,2011-12-16,1,有些事现在不做 一辈子都不会做了,第二人生,1.0,0.0
8013,22196001,每次,r,1,8,2040001,第二人生 (明日版),录音室专辑,2011-12-16,1,有些事现在不做 一辈子都不会做了,第二人生,1.0,0.0
8014,22196001,留下,v,1,8,2040001,第二人生 (明日版),录音室专辑,2011-12-16,1,有些事现在不做 一辈子都不会做了,第二人生,1.0,0.0
8015,22196001,有所不同,l,1,8,2040001,第二人生 (明日版),录音室专辑,2011-12-16,1,有些事现在不做 一辈子都不会做了,第二人生,1.0,0.0
8016,22196001,有天,r,1,8,2040001,第二人生 (明日版),录音室专辑,2011-12-16,1,有些事现在不做 一辈子都不会做了,第二人生,1.0,0.0
8017,22196001,让,v,1,8,2040001,第二人生 (明日版),录音室专辑,2011-12-16,1,有些事现在不做 一辈子都不会做了,第二人生,1.0,0.0
8018,22196001,每,r,1,8,2040001,第二人生 (明日版),录音室专辑,2011-12-16,1,有些事现在不做 一辈子都不会做了,第二人生,1.0,0.0
8019,22196001,滴,v,1,8,2040001,第二人生 (明日版),录音室专辑,2011-12-16,1,有些事现在不做 一辈子都不会做了,第二人生,1.0,0.0
8020,22196001,眼泪,n,1,8,2040001,第二人生 (明日版),录音室专辑,2011-12-16,1,有些事现在不做 一辈子都不会做了,第二人生,1.0,0.0
8021,22196001,挣脱,v,1,8,2040001,第二人生 (明日版),录音室专辑,2011-12-16,1,有些事现在不做 一辈子都不会做了,第二人生,1.0,0.0
8022,22196001,带走,v,1,8,2040001,第二人生 (明日版),录音室专辑,2011-12-16,1,有些事现在不做 一辈子都不会做了,第二人生,1.0,0.0
8023,22196001,懦弱,ad,1,8,2040001,第二人生 (明日版),录音室专辑,2011-12-16,1,有些事现在不做 一辈子都不会做了,第二人生,1.0,0.0
8024,22196001,感动,v,1,8,2040001,第二人生 (明日版),录音室专辑,2011-12-16,1,有些事现在不做 一辈子都不会做了,第二人生,1.0,0.0
8025,22196001,总,b,1,8,2040001,第二人生 (明日版),录音室专辑,2011-12-16,1,有些事现在不做 一辈子都不会做了,第二人生,1.0,0.0
8026,22196001,在,p,1,8,2040001,第二人生 (明日版),录音室专辑,2011-12-16,1,有些事现在不做 一辈子都不会做了,第二人生,1.0,0.0
8027,22196001,苦涩,a,1,8,2040001,第二人生 (明日版),录音室专辑,2011-12-16,1,有些事现在不做 一辈子都不会做了,第二人生,1.0,0.0
8028,22196001,回忆,v,1,8,2040001,第二人生 (明日版),录音室专辑,2011-12-16,1,有些事现在不做 一辈子都不会做了,第二人生,1.0,0.0
8029,22196001,温柔,nw,1,8,2040001,第二人生 (明日版),录音室专辑,2011-12-16,1,有些事现在不做 一辈子都不会做了,第二人生,1.0,0.0
8030,22196001,大多,m,1,8,2040001,第二人生 (明日版),录音室专辑,2011-12-16,1,有些事现在不做 一辈子都不会做了,第二人生,1.0,0.0
8031,22196001,紧抓,v,1,8,2040001,第二人生 (明日版),录音室专辑,2011-12-16,1,有些事现在不做 一辈子都不会做了,第二人生,1.0,0.0
8032,22196001,某个,r,1,8,2040001,第二人生 (明日版),录音室专辑,2011-12-16,1,有些事现在不做 一辈子都不会做了,第二人生,1.0,0.0
8033,22196001,渺小,a,1,8,2040001,第二人生 (明日版),录音室专辑,2011-12-16,1,有些事现在不做 一辈子都不会做了,第二人生,1.0,0.0
8034,22196001,困住,v,1,8,2040001,第二人生 (明日版),录音室专辑,2011-12-16,1,有些事现在不做 一辈子都不会做了,第二人生,1.0,0.0
8035,22196001,自由,a,1,8,2040001,第二人生 (明日版),录音室专辑,2011-12-16,1,有些事现在不做 一辈子都不会做了,第二人生,1.0,0.0
8036,22196001,有些,r,1,8,2040001,第二人生 (明日版),录音室专辑,2011-12-16,1,有些事现在不做 一辈子都不会做了,第二人生,1.0,0.0
8037,22196001,事情,n,1,8,2040001,第二人生 (明日版),录音室专辑,2011-12-16,1,有些事现在不做 一辈子都不会做了,第二人生,1.0,0.0
8038,22196001,还,d,1,8,2040001,第二人生 (明日版),录音室专辑,2011-12-16,1,有些事现在不做 一辈子都不会做了,第二人生,1.0,0.0
8039,22196001,做,v,1,8,2040001,第二人生 (明日版),录音室专辑,2011-12-16,1,有些事现在不做 一辈子都不会做了,第二人生,1.0,0.0
8040,22196002,你,r,24,8,2040001,第二人生 (明日版),录音室专辑,2011-12-16,2,我不愿让你一个人,第二人生,1.0,0.0
8041,22196002,的,uj,13,8,2040001,第二人生 (明日版),录音室专辑,2011-12-16,2,我不愿让你一个人,第二人生,1.0,0.0
8042,22196002,我,r,11,8,2040001,第二人生 (明日版),录音室专辑,2011-12-16,2,我不愿让你一个人,第二人生,1.0,0.0
8043,22196002,不,d,10,8,2040001,第二人生 (明日版),录音室专辑,2011-12-16,2,我不愿让你一个人,第二人生,1.0,0.0
8044,22196002,人,n,9,8,2040001,第二人生 (明日版),录音室专辑,2011-12-16,2,我不愿让你一个人,第二人生,1.0,0.0
8045,22196002,愿,v,8,8,2040001,第二人生 (明日版),录音室专辑,2011-12-16,2,我不愿让你一个人,第二人生,1.0,0.0
8046,22196002,一个,m,8,8,2040001,第二人生 (明日版),录音室专辑,2011-12-16,2,我不愿让你一个人,第二人生,1.0,0.0
8047,22196002,在,p,4,8,2040001,第二人生 (明日版),录音室专辑,2011-12-16,2,我不愿让你一个人,第二人生,1.0,0.0
8048,22196002,让,v,4,8,2040001,第二人生 (明日版),录音室专辑,2011-12-16,2,我不愿让你一个人,第二人生,1.0,0.0
8049,22196002,会,v,3,8,2040001,第二人生 (明日版),录音室专辑,2011-12-16,2,我不愿让你一个人,第二人生,1.0,0.0
8050,22196002,和,c,3,8,2040001,第二人生 (明日版),录音室专辑,2011-12-16,2,我不愿让你一个人,第二人生,1.0,0.0
8051,22196002,说,v,2,8,2040001,第二人生 (明日版),录音室专辑,2011-12-16,2,我不愿让你一个人,第二人生,1.0,0.0
8052,22196002,呢,y,2,8,2040001,第二人生 (明日版),录音室专辑,2011-12-16,2,我不愿让你一个人,第二人生,1.0,0.0
8053,22196002,明知,v,2,8,2040001,第二人生 (明日版),录音室专辑,2011-12-16,2,我不愿让你一个人,第二人生,1.0,0.0
8054,22196002,还是,c,2,8,2040001,第二人生 (明日版),录音室专辑,2011-12-16,2,我不愿让你一个人,第二人生,1.0,0.0
8055,22196002,问,v,2,8,2040001,第二人生 (明日版),录音室专辑,2011-12-16,2,我不愿让你一个人,第二人生,1.0,0.0
8056,22196002,习惯,n,2,8,2040001,第二人生 (明日版),录音室专辑,2011-12-16,2,我不愿让你一个人,第二人生,1.0,0.0
8057,22196002,就,d,2,8,2040001,第二人生 (明日版),录音室专辑,2011-12-16,2,我不愿让你一个人,第二人生,1.0,0.0
8058,22196002,多,m,2,8,2040001,第二人生 (明日版),录音室专辑,2011-12-16,2,我不愿让你一个人,第二人生,1.0,0.0
8059,22196002,为,p,2,8,2040001,第二人生 (明日版),录音室专辑,2011-12-16,2,我不愿让你一个人,第二人生,1.0,0.0
8060,22196002,人海,n,2,8,2040001,第二人生 (明日版),录音室专辑,2011-12-16,2,我不愿让你一个人,第二人生,1.0,0.0
8061,22196002,浮沉,a,2,8,2040001,第二人生 (明日版),录音室专辑,2011-12-16,2,我不愿让你一个人,第二人生,1.0,0.0
8062,22196002,独自,d,2,8,2040001,第二人生 (明日版),录音室专辑,2011-12-16,2,我不愿让你一个人,第二人生,1.0,0.0
8063,22196002,走过,v,2,8,2040001,第二人生 (明日版),录音室专辑,2011-12-16,2,我不愿让你一个人,第二人生,1.0,0.0
8064,22196002,风雨,n,2,8,2040001,第二人生 (明日版),录音室专辑,2011-12-16,2,我不愿让你一个人,第二人生,1.0,0.0
8065,22196002,时分,n,2,8,2040001,第二人生 (明日版),录音室专辑,2011-12-16,2,我不愿让你一个人,第二人生,1.0,0.0
8066,22196002,承受,v,2,8,2040001,第二人生 (明日版),录音室专辑,2011-12-16,2,我不愿让你一个人,第二人生,1.0,0.0
8067,22196002,这,r,2,8,2040001,第二人生 (明日版),录音室专辑,2011-12-16,2,我不愿让你一个人,第二人生,1.0,0.0
8068,22196002,世界,n,2,8,2040001,第二人生 (明日版),录音室专辑,2011-12-16,2,我不愿让你一个人,第二人生,1.0,0.0
8069,22196002,残忍,a,2,8,2040001,第二人生 (明日版),录音室专辑,2011-12-16,2,我不愿让你一个人,第二人生,1.0,0.0
8070,22196002,眼泪,n,2,8,2040001,第二人生 (明日版),录音室专辑,2011-12-16,2,我不愿让你一个人,第二人生,1.0,0.0
8071,22196002,陪你到,l,2,8,2040001,第二人生 (明日版),录音室专辑,2011-12-16,2,我不愿让你一个人,第二人生,1.0,0.0
8072,22196002,永恒,z,2,8,2040001,第二人生 (明日版),录音室专辑,2011-12-16,2,我不愿让你一个人,第二人生,1.0,0.0
8073,22196002,最后,f,2,8,2040001,第二人生 (明日版),录音室专辑,2011-12-16,2,我不愿让你一个人,第二人生,1.0,0.0
8074,22196002,只,d,2,8,2040001,第二人生 (明日版),录音室专辑,2011-12-16,2,我不愿让你一个人,第二人生,1.0,0.0
8075,22196002,旅程,n,2,8,2040001,第二人生 (明日版),录音室专辑,2011-12-16,2,我不愿让你一个人,第二人生,1.0,0.0
8076,22196002,幸福,a,2,8,2040001,第二人生 (明日版),录音室专辑,2011-12-16,2,我不愿让你一个人,第二人生,1.0,0.0
8077,22196002,只求,v,2,8,2040001,第二人生 (明日版),录音室专辑,2011-12-16,2,我不愿让你一个人,第二人生,1.0,0.0
8078,22196002,飞奔,v,2,8,2040001,第二人生 (明日版),录音室专辑,2011-12-16,2,我不愿让你一个人,第二人生,1.0,0.0
8079,22196002,空气,n,1,8,2040001,第二人生 (明日版),录音室专辑,2011-12-16,2,我不愿让你一个人,第二人生,1.0,0.0
8080,22196002,却,d,1,8,2040001,第二人生 (明日版),录音室专辑,2011-12-16,2,我不愿让你一个人,第二人生,1.0,0.0
8081,22196002,不能,v,1,8,2040001,第二人生 (明日版),录音室专辑,2011-12-16,2,我不愿让你一个人,第二人生,1.0,0.0
8082,22196002,代替,v,1,8,2040001,第二人生 (明日版),录音室专辑,2011-12-16,2,我不愿让你一个人,第二人生,1.0,0.0
8083,22196002,出声,v,1,8,2040001,第二人生 (明日版),录音室专辑,2011-12-16,2,我不愿让你一个人,第二人生,1.0,0.0
8084,22196002,像,v,1,8,2040001,第二人生 (明日版),录音室专辑,2011-12-16,2,我不愿让你一个人,第二人生,1.0,0.0
8085,22196002,永不,d,1,8,2040001,第二人生 (明日版),录音室专辑,2011-12-16,2,我不愿让你一个人,第二人生,1.0,0.0
8086,22196002,愈合,v,1,8,2040001,第二人生 (明日版),录音室专辑,2011-12-16,2,我不愿让你一个人,第二人生,1.0,0.0
8087,22196002,固执,a,1,8,2040001,第二人生 (明日版),录音室专辑,2011-12-16,2,我不愿让你一个人,第二人生,1.0,0.0
8088,22196002,伤痕,n,1,8,2040001,第二人生 (明日版),录音室专辑,2011-12-16,2,我不愿让你一个人,第二人生,1.0,0.0
8089,22196002,一,m,1,8,2040001,第二人生 (明日版),录音室专辑,2011-12-16,2,我不愿让你一个人,第二人生,1.0,0.0
8090,22196002,思念,n,1,8,2040001,第二人生 (明日版),录音室专辑,2011-12-16,2,我不愿让你一个人,第二人生,1.0,0.0
8091,22196002,撕裂,v,1,8,2040001,第二人生 (明日版),录音室专辑,2011-12-16,2,我不愿让你一个人,第二人生,1.0,0.0
8092,22196002,灵魂,n,1,8,2040001,第二人生 (明日版),录音室专辑,2011-12-16,2,我不愿让你一个人,第二人生,1.0,0.0
8093,22196002,把,p,1,8,2040001,第二人生 (明日版),录音室专辑,2011-12-16,2,我不愿让你一个人,第二人生,1.0,0.0
8094,22196002,相片,n,1,8,2040001,第二人生 (明日版),录音室专辑,2011-12-16,2,我不愿让你一个人,第二人生,1.0,0.0
8095,22196002,让你能,n,1,8,2040001,第二人生 (明日版),录音室专辑,2011-12-16,2,我不愿让你一个人,第二人生,1.0,0.0
8096,22196002,保存,v,1,8,2040001,第二人生 (明日版),录音室专辑,2011-12-16,2,我不愿让你一个人,第二人生,1.0,0.0
8097,22196002,洗,v,1,8,2040001,第二人生 (明日版),录音室专辑,2011-12-16,2,我不愿让你一个人,第二人生,1.0,0.0
8098,22196002,一本,m,1,8,2040001,第二人生 (明日版),录音室专辑,2011-12-16,2,我不愿让你一个人,第二人生,1.0,0.0
8099,22196002,毛衣,n,1,8,2040001,第二人生 (明日版),录音室专辑,2011-12-16,2,我不愿让你一个人,第二人生,1.0,0.0
8100,22196002,也,d,1,8,2040001,第二人生 (明日版),录音室专辑,2011-12-16,2,我不愿让你一个人,第二人生,1.0,0.0
8101,22196002,准备,v,1,8,2040001,第二人生 (明日版),录音室专辑,2011-12-16,2,我不愿让你一个人,第二人生,1.0,0.0
8102,22196002,多一层,m,1,8,2040001,第二人生 (明日版),录音室专辑,2011-12-16,2,我不愿让你一个人,第二人生,1.0,0.0
8103,22196002,但是,c,1,8,2040001,第二人生 (明日版),录音室专辑,2011-12-16,2,我不愿让你一个人,第二人生,1.0,0.0
8104,22196002,孤单,a,1,8,2040001,第二人生 (明日版),录音室专辑,2011-12-16,2,我不愿让你一个人,第二人生,1.0,0.0
8105,22196002,时刻,n,1,8,2040001,第二人生 (明日版),录音室专辑,2011-12-16,2,我不愿让你一个人,第二人生,1.0,0.0
8106,22196002,安慰,v,1,8,2040001,第二人生 (明日版),录音室专辑,2011-12-16,2,我不愿让你一个人,第二人生,1.0,0.0
8107,22196002,体温,n,1,8,2040001,第二人生 (明日版),录音室专辑,2011-12-16,2,我不愿让你一个人,第二人生,1.0,0.0
8108,22196002,怎么,r,1,8,2040001,第二人生 (明日版),录音室专辑,2011-12-16,2,我不愿让你一个人,第二人生,1.0,0.0
8109,22196002,留,v,1,8,2040001,第二人生 (明日版),录音室专辑,2011-12-16,2,我不愿让你一个人,第二人生,1.0,0.0
8110,22196002,一份,m,1,8,2040001,第二人生 (明日版),录音室专辑,2011-12-16,2,我不愿让你一个人,第二人生,1.0,0.0
8111,22196002,走,v,1,8,2040001,第二人生 (明日版),录音室专辑,2011-12-16,2,我不愿让你一个人,第二人生,1.0,0.0
8112,22196002,后,f,1,8,2040001,第二人生 (明日版),录音室专辑,2011-12-16,2,我不愿让你一个人,第二人生,1.0,0.0
8113,22196002,爱情,n,1,8,2040001,第二人生 (明日版),录音室专辑,2011-12-16,2,我不愿让你一个人,第二人生,1.0,0.0
8114,22196002,遗迹,n,1,8,2040001,第二人生 (明日版),录音室专辑,2011-12-16,2,我不愿让你一个人,第二人生,1.0,0.0
8115,22196002,像是,v,1,8,2040001,第二人生 (明日版),录音室专辑,2011-12-16,2,我不愿让你一个人,第二人生,1.0,0.0
8116,22196002,空城,n,1,8,2040001,第二人生 (明日版),录音室专辑,2011-12-16,2,我不愿让你一个人,第二人生,1.0,0.0
8117,22196002,遗落,n,1,8,2040001,第二人生 (明日版),录音室专辑,2011-12-16,2,我不愿让你一个人,第二人生,1.0,0.0
8118,22196002,杯子,n,1,8,2040001,第二人生 (明日版),录音室专辑,2011-12-16,2,我不愿让你一个人,第二人生,1.0,0.0
8119,22196002,手套,n,1,8,2040001,第二人生 (明日版),录音室专辑,2011-12-16,2,我不愿让你一个人,第二人生,1.0,0.0
8120,22196002,笑声,n,1,8,2040001,第二人生 (明日版),录音室专辑,2011-12-16,2,我不愿让你一个人,第二人生,1.0,0.0
8121,22196002,带走,v,1,8,2040001,第二人生 (明日版),录音室专辑,2011-12-16,2,我不愿让你一个人,第二人生,1.0,0.0
8122,22196002,脆弱,a,1,8,2040001,第二人生 (明日版),录音室专辑,2011-12-16,2,我不愿让你一个人,第二人生,1.0,0.0
8123,22196002,单纯,a,1,8,2040001,第二人生 (明日版),录音室专辑,2011-12-16,2,我不愿让你一个人,第二人生,1.0,0.0
8124,22196002,最,d,1,8,2040001,第二人生 (明日版),录音室专辑,2011-12-16,2,我不愿让你一个人,第二人生,1.0,0.0
8125,22196002,放不下,v,1,8,2040001,第二人生 (明日版),录音室专辑,2011-12-16,2,我不愿让你一个人,第二人生,1.0,0.0
8126,22196002,也许,d,1,8,2040001,第二人生 (明日版),录音室专辑,2011-12-16,2,我不愿让你一个人,第二人生,1.0,0.0
8127,22196002,未来,t,1,8,2040001,第二人生 (明日版),录音室专辑,2011-12-16,2,我不愿让你一个人,第二人生,1.0,0.0
8128,22196002,找到,v,1,8,2040001,第二人生 (明日版),录音室专辑,2011-12-16,2,我不愿让你一个人,第二人生,1.0,0.0
8129,22196002,懂,v,1,8,2040001,第二人生 (明日版),录音室专辑,2011-12-16,2,我不愿让你一个人,第二人生,1.0,0.0
8130,22196002,疼,v,1,8,2040001,第二人生 (明日版),录音室专辑,2011-12-16,2,我不愿让你一个人,第二人生,1.0,0.0
8131,22196002,更好,d,1,8,2040001,第二人生 (明日版),录音室专辑,2011-12-16,2,我不愿让你一个人,第二人生,1.0,0.0
8132,22196002,下,f,1,8,2040001,第二人生 (明日版),录音室专辑,2011-12-16,2,我不愿让你一个人,第二人生,1.0,0.0
8133,22196002,段,q,1,8,2040001,第二人生 (明日版),录音室专辑,2011-12-16,2,我不愿让你一个人,第二人生,1.0,0.0
8134,22196002,一定,d,1,8,2040001,第二人生 (明日版),录音室专辑,2011-12-16,2,我不愿让你一个人,第二人生,1.0,0.0
8135,22196002,要,v,1,8,2040001,第二人生 (明日版),录音室专辑,2011-12-16,2,我不愿让你一个人,第二人生,1.0,0.0
8136,22196002,更,d,1,8,2040001,第二人生 (明日版),录音室专辑,2011-12-16,2,我不愿让你一个人,第二人生,1.0,0.0
8137,22196002,丰盛,a,1,8,2040001,第二人生 (明日版),录音室专辑,2011-12-16,2,我不愿让你一个人,第二人生,1.0,0.0
8138,22196002,因,p,1,8,2040001,第二人生 (明日版),录音室专辑,2011-12-16,2,我不愿让你一个人,第二人生,1.0,0.0
8139,22196002,满足,v,1,8,2040001,第二人生 (明日版),录音室专辑,2011-12-16,2,我不愿让你一个人,第二人生,1.0,0.0
8140,22196002,眼神,n,1,8,2040001,第二人生 (明日版),录音室专辑,2011-12-16,2,我不愿让你一个人,第二人生,1.0,0.0
8141,22196002,只是,c,1,8,2040001,第二人生 (明日版),录音室专辑,2011-12-16,2,我不愿让你一个人,第二人生,1.0,0.0
8142,22196002,奢求,n,1,8,2040001,第二人生 (明日版),录音室专辑,2011-12-16,2,我不愿让你一个人,第二人生,1.0,0.0
8143,22196002,可能,v,1,8,2040001,第二人生 (明日版),录音室专辑,2011-12-16,2,我不愿让你一个人,第二人生,1.0,0.0
8144,22196002,有,v,1,8,2040001,第二人生 (明日版),录音室专辑,2011-12-16,2,我不愿让你一个人,第二人生,1.0,0.0
8145,22196002,快乐,a,1,8,2040001,第二人生 (明日版),录音室专辑,2011-12-16,2,我不愿让你一个人,第二人生,1.0,0.0
8146,22196002,人生,n,1,8,2040001,第二人生 (明日版),录音室专辑,2011-12-16,2,我不愿让你一个人,第二人生,1.0,0.0
8147,22196002,命运,n,1,8,2040001,第二人生 (明日版),录音室专辑,2011-12-16,2,我不愿让你一个人,第二人生,1.0,0.0
8148,22196002,带你去,n,1,8,2040001,第二人生 (明日版),录音室专辑,2011-12-16,2,我不愿让你一个人,第二人生,1.0,0.0
8149,22196002,一段,m,1,8,2040001,第二人生 (明日版),录音室专辑,2011-12-16,2,我不愿让你一个人,第二人生,1.0,0.0
8150,22196002,全新,d,1,8,2040001,第二人生 (明日版),录音室专辑,2011-12-16,2,我不愿让你一个人,第二人生,1.0,0.0
8151,22196002,往,zg,1,8,2040001,第二人生 (明日版),录音室专辑,2011-12-16,2,我不愿让你一个人,第二人生,1.0,0.0
8152,22196002,天涯,n,1,8,2040001,第二人生 (明日版),录音室专辑,2011-12-16,2,我不愿让你一个人,第二人生,1.0,0.0
8153,22196002,别,r,1,8,2040001,第二人生 (明日版),录音室专辑,2011-12-16,2,我不愿让你一个人,第二人生,1.0,0.0
8154,22196002,回头,v,1,8,2040001,第二人生 (明日版),录音室专辑,2011-12-16,2,我不愿让你一个人,第二人生,1.0,0.0
8155,22196002,往前,t,1,8,2040001,第二人生 (明日版),录音室专辑,2011-12-16,2,我不愿让你一个人,第二人生,1.0,0.0
8156,22196002,请,v,1,8,2040001,第二人生 (明日版),录音室专辑,2011-12-16,2,我不愿让你一个人,第二人生,1.0,0.0
8157,22196002,忘,v,1,8,2040001,第二人生 (明日版),录音室专辑,2011-12-16,2,我不愿让你一个人,第二人生,1.0,0.0
8158,22196002,了,ul,1,8,2040001,第二人生 (明日版),录音室专辑,2011-12-16,2,我不愿让你一个人,第二人生,1.0,0.0
8159,22196002,还,d,1,8,2040001,第二人生 (明日版),录音室专辑,2011-12-16,2,我不愿让你一个人,第二人生,1.0,0.0
8160,22197001,的,uj,15,8,2040001,第二人生 (明日版),录音室专辑,2011-12-16,3,星空,第二人生,1.0,0.0
8161,22197001,星空,n,10,8,2040001,第二人生 (明日版),录音室专辑,2011-12-16,3,星空,第二人生,1.0,0.0
8162,22197001,着,uz,7,8,2040001,第二人生 (明日版),录音室专辑,2011-12-16,3,星空,第二人生,1.0,0.0
8163,22197001,我,r,7,8,2040001,第二人生 (明日版),录音室专辑,2011-12-16,3,星空,第二人生,1.0,0.0
8164,22197001,是否,v,5,8,2040001,第二人生 (明日版),录音室专辑,2011-12-16,3,星空,第二人生,1.0,0.0
8165,22197001,人,n,5,8,2040001,第二人生 (明日版),录音室专辑,2011-12-16,3,星空,第二人生,1.0,0.0
8166,22197001,一个,m,4,8,2040001,第二人生 (明日版),录音室专辑,2011-12-16,3,星空,第二人生,1.0,0.0
8167,22197001,只,d,4,8,2040001,第二人生 (明日版),录音室专辑,2011-12-16,3,星空,第二人生,1.0,0.0
8168,22197001,你,r,4,8,2040001,第二人生 (明日版),录音室专辑,2011-12-16,3,星空,第二人生,1.0,0.0
8169,22197001,过,ug,4,8,2040001,第二人生 (明日版),录音室专辑,2011-12-16,3,星空,第二人生,1.0,0.0
8170,22197001,我们,r,4,8,2040001,第二人生 (明日版),录音室专辑,2011-12-16,3,星空,第二人生,1.0,0.0
8171,22197001,望,v,4,8,2040001,第二人生 (明日版),录音室专辑,2011-12-16,3,星空,第二人生,1.0,0.0
8172,22197001,回忆,v,4,8,2040001,第二人生 (明日版),录音室专辑,2011-12-16,3,星空,第二人生,1.0,0.0
8173,22197001,叫,v,3,8,2040001,第二人生 (明日版),录音室专辑,2011-12-16,3,星空,第二人生,1.0,0.0
8174,22197001,拥抱,v,3,8,2040001,第二人生 (明日版),录音室专辑,2011-12-16,3,星空,第二人生,1.0,0.0
8175,22197001,留下,v,3,8,2040001,第二人生 (明日版),录音室专辑,2011-12-16,3,星空,第二人生,1.0,0.0
8176,22197001,那,r,3,8,2040001,第二人生 (明日版),录音室专辑,2011-12-16,3,星空,第二人生,1.0,0.0
8177,22197001,一年,m,3,8,2040001,第二人生 (明日版),录音室专辑,2011-12-16,3,星空,第二人生,1.0,0.0
8178,22197001,有,v,3,8,2040001,第二人生 (明日版),录音室专辑,2011-12-16,3,星空,第二人生,1.0,0.0
8179,22197001,会,v,3,8,2040001,第二人生 (明日版),录音室专辑,2011-12-16,3,星空,第二人生,1.0,0.0
8180,22197001,像,v,3,8,2040001,第二人生 (明日版),录音室专辑,2011-12-16,3,星空,第二人生,1.0,0.0
8181,22197001,不变,v,3,8,2040001,第二人生 (明日版),录音室专辑,2011-12-16,3,星空,第二人生,1.0,0.0
8182,22197001,陪,v,3,8,2040001,第二人生 (明日版),录音室专辑,2011-12-16,3,星空,第二人生,1.0,0.0
8183,22197001,失去,v,3,8,2040001,第二人生 (明日版),录音室专辑,2011-12-16,3,星空,第二人生,1.0,0.0
8184,22197001,摸不到,l,2,8,2040001,第二人生 (明日版),录音室专辑,2011-12-16,3,星空,第二人生,1.0,0.0
8185,22197001,颜色,n,2,8,2040001,第二人生 (明日版),录音室专辑,2011-12-16,3,星空,第二人生,1.0,0.0
8186,22197001,彩虹,nz,2,8,2040001,第二人生 (明日版),录音室专辑,2011-12-16,3,星空,第二人生,1.0,0.0
8187,22197001,看不到,v,2,8,2040001,第二人生 (明日版),录音室专辑,2011-12-16,3,星空,第二人生,1.0,0.0
8188,22197001,叫做,v,2,8,2040001,第二人生 (明日版),录音室专辑,2011-12-16,3,星空,第二人生,1.0,0.0
8189,22197001,微风,n,2,8,2040001,第二人生 (明日版),录音室专辑,2011-12-16,3,星空,第二人生,1.0,0.0
8190,22197001,就,d,2,8,2040001,第二人生 (明日版),录音室专辑,2011-12-16,3,星空,第二人生,1.0,0.0
8191,22197001,寂寞,a,2,8,2040001,第二人生 (明日版),录音室专辑,2011-12-16,3,星空,第二人生,1.0,0.0
8192,22197001,偷走,v,2,8,2040001,第二人生 (明日版),录音室专辑,2011-12-16,3,星空,第二人生,1.0,0.0
8193,22197001,如果,c,2,8,2040001,第二人生 (明日版),录音室专辑,2011-12-16,3,星空,第二人生,1.0,0.0
8194,22197001,然后,c,2,8,2040001,第二人生 (明日版),录音室专辑,2011-12-16,3,星空,第二人生,1.0,0.0
8195,22197001,那么,r,2,8,2040001,第二人生 (明日版),录音室专辑,2011-12-16,3,星空,第二人生,1.0,0.0
8196,22197001,多,m,2,8,2040001,第二人生 (明日版),录音室专辑,2011-12-16,3,星空,第二人生,1.0,0.0
8197,22197001,灿烂,a,2,8,2040001,第二人生 (明日版),录音室专辑,2011-12-16,3,星空,第二人生,1.0,0.0
8198,22197001,梦,n,2,8,2040001,第二人生 (明日版),录音室专辑,2011-12-16,3,星空,第二人生,1.0,0.0
8199,22197001,永久,d,2,8,2040001,第二人生 (明日版),录音室专辑,2011-12-16,3,星空,第二人生,1.0,0.0
8200,22197001,沉默,a,2,8,2040001,第二人生 (明日版),录音室专辑,2011-12-16,3,星空,第二人生,1.0,0.0
8201,22197001,未来,t,2,8,2040001,第二人生 (明日版),录音室专辑,2011-12-16,3,星空,第二人生,1.0,0.0
8202,22197001,从没,d,2,8,2040001,第二人生 (明日版),录音室专辑,2011-12-16,3,星空,第二人生,1.0,0.0
8203,22197001,美梦,nz,2,8,2040001,第二人生 (明日版),录音室专辑,2011-12-16,3,星空,第二人生,1.0,0.0
8204,22197001,这,r,2,8,2040001,第二人生 (明日版),录音室专辑,2011-12-16,3,星空,第二人生,1.0,0.0
8205,22197001,伸手,v,2,8,2040001,第二人生 (明日版),录音室专辑,2011-12-16,3,星空,第二人生,1.0,0.0
8206,22197001,细数,n,2,8,2040001,第二人生 (明日版),录音室专辑,2011-12-16,3,星空,第二人生,1.0,0.0
8207,22197001,从前,t,2,8,2040001,第二人生 (明日版),录音室专辑,2011-12-16,3,星空,第二人生,1.0,0.0
8208,22197001,可以,c,2,8,2040001,第二人生 (明日版),录音室专辑,2011-12-16,3,星空,第二人生,1.0,0.0
8209,22197001,是,v,2,8,2040001,第二人生 (明日版),录音室专辑,2011-12-16,3,星空,第二人生,1.0,0.0
8210,22197001,享受,v,2,8,2040001,第二人生 (明日版),录音室专辑,2011-12-16,3,星空,第二人生,1.0,0.0
8211,22197001,想着,v,1,8,2040001,第二人生 (明日版),录音室专辑,2011-12-16,3,星空,第二人生,1.0,0.0
8212,22197001,命运,n,1,8,2040001,第二人生 (明日版),录音室专辑,2011-12-16,3,星空,第二人生,1.0,0.0
8213,22197001,结果,n,1,8,2040001,第二人生 (明日版),录音室专辑,2011-12-16,3,星空,第二人生,1.0,0.0
8214,22197001,时间,n,1,8,2040001,第二人生 (明日版),录音室专辑,2011-12-16,3,星空,第二人生,1.0,0.0
8215,22197001,初衷,d,1,8,2040001,第二人生 (明日版),录音室专辑,2011-12-16,3,星空,第二人生,1.0,0.0
8216,22197001,了,ul,1,8,2040001,第二人生 (明日版),录音室专辑,2011-12-16,3,星空,第二人生,1.0,0.0
8217,22197001,苦衷,n,1,8,2040001,第二人生 (明日版),录音室专辑,2011-12-16,3,星空,第二人生,1.0,0.0
8218,22197001,来,v,1,8,2040001,第二人生 (明日版),录音室专辑,2011-12-16,3,星空,第二人生,1.0,0.0
8219,22197001,走,v,1,8,2040001,第二人生 (明日版),录音室专辑,2011-12-16,3,星空,第二人生,1.0,0.0
8220,22197001,后,f,1,8,2040001,第二人生 (明日版),录音室专辑,2011-12-16,3,星空,第二人生,1.0,0.0
8221,22197001,以为,c,1,8,2040001,第二人生 (明日版),录音室专辑,2011-12-16,3,星空,第二人生,1.0,0.0
8222,22197001,快乐,a,1,8,2040001,第二人生 (明日版),录音室专辑,2011-12-16,3,星空,第二人生,1.0,0.0
8223,22197001,猎户,n,1,8,2040001,第二人生 (明日版),录音室专辑,2011-12-16,3,星空,第二人生,1.0,0.0
8224,22197001,天狼,nz,1,8,2040001,第二人生 (明日版),录音室专辑,2011-12-16,3,星空,第二人生,1.0,0.0
8225,22197001,织女,n,1,8,2040001,第二人生 (明日版),录音室专辑,2011-12-16,3,星空,第二人生,1.0,0.0
8226,22197001,光年,n,1,8,2040001,第二人生 (明日版),录音室专辑,2011-12-16,3,星空,第二人生,1.0,0.0
8227,22197001,外,f,1,8,2040001,第二人生 (明日版),录音室专辑,2011-12-16,3,星空,第二人生,1.0,0.0
8228,22197001,青春,n,1,8,2040001,第二人生 (明日版),录音室专辑,2011-12-16,3,星空,第二人生,1.0,0.0
8229,22197001,梦想,n,1,8,2040001,第二人生 (明日版),录音室专辑,2011-12-16,3,星空,第二人生,1.0,0.0
8230,22197001,何时,c,1,8,2040001,第二人生 (明日版),录音室专辑,2011-12-16,3,星空,第二人生,1.0,0.0
8231,22197001,偷偷,d,1,8,2040001,第二人生 (明日版),录音室专辑,2011-12-16,3,星空,第二人生,1.0,0.0
8232,22197001,陨落,n,1,8,2040001,第二人生 (明日版),录音室专辑,2011-12-16,3,星空,第二人生,1.0,0.0
8233,22197001,爱,v,1,8,2040001,第二人生 (明日版),录音室专辑,2011-12-16,3,星空,第二人生,1.0,0.0
8234,22197001,海里,s,1,8,2040001,第二人生 (明日版),录音室专辑,2011-12-16,3,星空,第二人生,1.0,0.0
8235,22197001,漂流,a,1,8,2040001,第二人生 (明日版),录音室专辑,2011-12-16,3,星空,第二人生,1.0,0.0
8236,22197001,想,v,1,8,2040001,第二人生 (明日版),录音室专辑,2011-12-16,3,星空,第二人生,1.0,0.0
8237,22197001,当,t,1,8,2040001,第二人生 (明日版),录音室专辑,2011-12-16,3,星空,第二人生,1.0,0.0
8238,22197001,故事,n,1,8,2040001,第二人生 (明日版),录音室专辑,2011-12-16,3,星空,第二人生,1.0,0.0
8239,22197001,线索,n,1,8,2040001,第二人生 (明日版),录音室专辑,2011-12-16,3,星空,第二人生,1.0,0.0
8240,22197001,而,c,1,8,2040001,第二人生 (明日版),录音室专辑,2011-12-16,3,星空,第二人生,1.0,0.0
8241,22197001,联络,n,1,8,2040001,第二人生 (明日版),录音室专辑,2011-12-16,3,星空,第二人生,1.0,0.0
8242,22197001,一片,m,1,8,2040001,第二人生 (明日版),录音室专辑,2011-12-16,3,星空,第二人生,1.0,0.0
8243,22197001,无言,c,1,8,2040001,第二人生 (明日版),录音室专辑,2011-12-16,3,星空,第二人生,1.0,0.0
8244,22197001,无,v,1,8,2040001,第二人生 (明日版),录音室专辑,2011-12-16,3,星空,第二人生,1.0,0.0
8245,22197001,语,ng,1,8,2040001,第二人生 (明日版),录音室专辑,2011-12-16,3,星空,第二人生,1.0,0.0
8246,22197001,为什么,r,1,8,2040001,第二人生 (明日版),录音室专辑,2011-12-16,3,星空,第二人生,1.0,0.0
8247,22197001,静静,nr,1,8,2040001,第二人生 (明日版),录音室专辑,2011-12-16,3,星空,第二人生,1.0,0.0
8248,22197001,看,v,1,8,2040001,第二人生 (明日版),录音室专辑,2011-12-16,3,星空,第二人生,1.0,0.0
8249,22197001,泪流,n,1,8,2040001,第二人生 (明日版),录音室专辑,2011-12-16,3,星空,第二人生,1.0,0.0
8250,22197001,在,p,1,8,2040001,第二人生 (明日版),录音室专辑,2011-12-16,3,星空,第二人生,1.0,0.0
8251,22197001,时候,n,1,8,2040001,第二人生 (明日版),录音室专辑,2011-12-16,3,星空,第二人生,1.0,0.0
8252,22197001,不会,v,1,8,2040001,第二人生 (明日版),录音室专辑,2011-12-16,3,星空,第二人生,1.0,0.0
8253,22197001,繁星,n,1,8,2040001,第二人生 (明日版),录音室专辑,2011-12-16,3,星空,第二人生,1.0,0.0
8254,22197001,闪烁,v,1,8,2040001,第二人生 (明日版),录音室专辑,2011-12-16,3,星空,第二人生,1.0,0.0
8255,22197001,此生,t,1,8,2040001,第二人生 (明日版),录音室专辑,2011-12-16,3,星空,第二人生,1.0,0.0
8256,22197001,奔波,v,1,8,2040001,第二人生 (明日版),录音室专辑,2011-12-16,3,星空,第二人生,1.0,0.0
8257,22197001,原来,d,1,8,2040001,第二人生 (明日版),录音室专辑,2011-12-16,3,星空,第二人生,1.0,0.0
8258,22197001,所有,b,1,8,2040001,第二人生 (明日版),录音室专辑,2011-12-16,3,星空,第二人生,1.0,0.0
8259,22197001,所得,v,1,8,2040001,第二人生 (明日版),录音室专辑,2011-12-16,3,星空,第二人生,1.0,0.0
8260,22197001,所,u,1,8,2040001,第二人生 (明日版),录音室专辑,2011-12-16,3,星空,第二人生,1.0,0.0
8261,22197001,获,v,1,8,2040001,第二人生 (明日版),录音室专辑,2011-12-16,3,星空,第二人生,1.0,0.0
8262,22197001,不如,c,1,8,2040001,第二人生 (明日版),录音室专辑,2011-12-16,3,星空,第二人生,1.0,0.0
8263,22197001,一夜,m,1,8,2040001,第二人生 (明日版),录音室专辑,2011-12-16,3,星空,第二人生,1.0,0.0
8264,22197001,空气,n,1,8,2040001,第二人生 (明日版),录音室专辑,2011-12-16,3,星空,第二人生,1.0,0.0
8265,22197001,中,f,1,8,2040001,第二人生 (明日版),录音室专辑,2011-12-16,3,星空,第二人生,1.0,0.0
8266,22197001,温柔,nw,1,8,2040001,第二人生 (明日版),录音室专辑,2011-12-16,3,星空,第二人生,1.0,0.0
8267,22197001,笑容,n,1,8,2040001,第二人生 (明日版),录音室专辑,2011-12-16,3,星空,第二人生,1.0,0.0
8268,22197001,彷佛,v,1,8,2040001,第二人生 (明日版),录音室专辑,2011-12-16,3,星空,第二人生,1.0,0.0
8269,22197001,只要,c,1,8,2040001,第二人生 (明日版),录音室专辑,2011-12-16,3,星空,第二人生,1.0,0.0
8270,22197001,能,v,1,8,2040001,第二人生 (明日版),录音室专辑,2011-12-16,3,星空,第二人生,1.0,0.0
8271,22197001,触摸,v,1,8,2040001,第二人生 (明日版),录音室专辑,2011-12-16,3,星空,第二人生,1.0,0.0
8272,22197001,习惯,n,1,8,2040001,第二人生 (明日版),录音室专辑,2011-12-16,3,星空,第二人生,1.0,0.0
8273,22197001,一刻,m,1,8,2040001,第二人生 (明日版),录音室专辑,2011-12-16,3,星空,第二人生,1.0,0.0
8274,22197001,独自,d,1,8,2040001,第二人生 (明日版),录音室专辑,2011-12-16,3,星空,第二人生,1.0,0.0
8275,22197001,变,v,1,8,2040001,第二人生 (明日版),录音室专辑,2011-12-16,3,星空,第二人生,1.0,0.0
8276,22197001,忍受,v,1,8,2040001,第二人生 (明日版),录音室专辑,2011-12-16,3,星空,第二人生,1.0,0.0
8277,22197001,也,d,1,8,2040001,第二人生 (明日版),录音室专辑,2011-12-16,3,星空,第二人生,1.0,0.0
8278,22197001,仅,d,1,8,2040001,第二人生 (明日版),录音室专辑,2011-12-16,3,星空,第二人生,1.0,0.0
8279,22197001,拥有,v,1,8,2040001,第二人生 (明日版),录音室专辑,2011-12-16,3,星空,第二人生,1.0,0.0
8280,22197001,至少,d,1,8,2040001,第二人生 (明日版),录音室专辑,2011-12-16,3,星空,第二人生,1.0,0.0
8281,22197001,最后,f,1,8,2040001,第二人生 (明日版),录音室专辑,2011-12-16,3,星空,第二人生,1.0,0.0
8282,22197001,剩下,v,1,8,2040001,第二人生 (明日版),录音室专辑,2011-12-16,3,星空,第二人生,1.0,0.0
8283,22197003,的,uj,16,8,2040001,第二人生 (明日版),录音室专辑,2011-12-16,4,洗衣机,第二人生,1.0,0.0
8284,22197003,了,ul,14,8,2040001,第二人生 (明日版),录音室专辑,2011-12-16,4,洗衣机,第二人生,1.0,0.0
8285,22197003,洗衣机,n,8,8,2040001,第二人生 (明日版),录音室专辑,2011-12-16,4,洗衣机,第二人生,1.0,0.0
8286,22197003,是,v,7,8,2040001,第二人生 (明日版),录音室专辑,2011-12-16,4,洗衣机,第二人生,1.0,0.0
8287,22197003,多少,m,7,8,2040001,第二人生 (明日版),录音室专辑,2011-12-16,4,洗衣机,第二人生,1.0,0.0
8288,22197003,都,d,6,8,2040001,第二人生 (明日版),录音室专辑,2011-12-16,4,洗衣机,第二人生,1.0,0.0
8289,22197003,它,r,6,8,2040001,第二人生 (明日版),录音室专辑,2011-12-16,4,洗衣机,第二人生,1.0,0.0
8290,22197003,旋转,v,6,8,2040001,第二人生 (明日版),录音室专辑,2011-12-16,4,洗衣机,第二人生,1.0,0.0
8291,22197003,又,d,5,8,2040001,第二人生 (明日版),录音室专辑,2011-12-16,4,洗衣机,第二人生,1.0,0.0
8292,22197003,洗,v,4,8,2040001,第二人生 (明日版),录音室专辑,2011-12-16,4,洗衣机,第二人生,1.0,0.0
8293,22197003,却,d,4,8,2040001,第二人生 (明日版),录音室专辑,2011-12-16,4,洗衣机,第二人生,1.0,0.0
8294,22197003,我,r,4,8,2040001,第二人生 (明日版),录音室专辑,2011-12-16,4,洗衣机,第二人生,1.0,0.0
8295,22197003,和,c,4,8,2040001,第二人生 (明日版),录音室专辑,2011-12-16,4,洗衣机,第二人生,1.0,0.0
8296,22197003,才,d,4,8,2040001,第二人生 (明日版),录音室专辑,2011-12-16,4,洗衣机,第二人生,1.0,0.0
8297,22197003,发现,v,4,8,2040001,第二人生 (明日版),录音室专辑,2011-12-16,4,洗衣机,第二人生,1.0,0.0
8298,22197003,她,r,4,8,2040001,第二人生 (明日版),录音室专辑,2011-12-16,4,洗衣机,第二人生,1.0,0.0
8299,22197003,上,f,3,8,2040001,第二人生 (明日版),录音室专辑,2011-12-16,4,洗衣机,第二人生,1.0,0.0
8300,22197003,在,p,3,8,2040001,第二人生 (明日版),录音室专辑,2011-12-16,4,洗衣机,第二人生,1.0,0.0
8301,22197003,没有,v,3,8,2040001,第二人生 (明日版),录音室专辑,2011-12-16,4,洗衣机,第二人生,1.0,0.0
8302,22197003,年,m,3,8,2040001,第二人生 (明日版),录音室专辑,2011-12-16,4,洗衣机,第二人生,1.0,0.0
8303,22197003,时间,n,3,8,2040001,第二人生 (明日版),录音室专辑,2011-12-16,4,洗衣机,第二人生,1.0,0.0
8304,22197003,一眨眼,i,3,8,2040001,第二人生 (明日版),录音室专辑,2011-12-16,4,洗衣机,第二人生,1.0,0.0
8305,22197003,过去,t,3,8,2040001,第二人生 (明日版),录音室专辑,2011-12-16,4,洗衣机,第二人生,1.0,0.0
8306,22197003,孤独,a,3,8,2040001,第二人生 (明日版),录音室专辑,2011-12-16,4,洗衣机,第二人生,1.0,0.0
8307,22197003,一直,d,3,8,2040001,第二人生 (明日版),录音室专辑,2011-12-16,4,洗衣机,第二人生,1.0,0.0
8308,22197003,阳台,n,2,8,2040001,第二人生 (明日版),录音室专辑,2011-12-16,4,洗衣机,第二人生,1.0,0.0
8309,22197003,风吹雨淋,i,2,8,2040001,第二人生 (明日版),录音室专辑,2011-12-16,4,洗衣机,第二人生,1.0,0.0
8310,22197003,孩子,n,2,8,2040001,第二人生 (明日版),录音室专辑,2011-12-16,4,洗衣机,第二人生,1.0,0.0
8311,22197003,外型,b,2,8,2040001,第二人生 (明日版),录音室专辑,2011-12-16,4,洗衣机,第二人生,1.0,0.0
8312,22197003,就算,v,2,8,2040001,第二人生 (明日版),录音室专辑,2011-12-16,4,洗衣机,第二人生,1.0,0.0
8313,22197003,也,d,2,8,2040001,第二人生 (明日版),录音室专辑,2011-12-16,4,洗衣机,第二人生,1.0,0.0
8314,22197003,谁,r,2,8,2040001,第二人生 (明日版),录音室专辑,2011-12-16,4,洗衣机,第二人生,1.0,0.0
8315,22197003,木讷,z,2,8,2040001,第二人生 (明日版),录音室专辑,2011-12-16,4,洗衣机,第二人生,1.0,0.0
8316,22197003,从,p,2,8,2040001,第二人生 (明日版),录音室专辑,2011-12-16,4,洗衣机,第二人生,1.0,0.0
8317,22197003,只有,c,2,8,2040001,第二人生 (明日版),录音室专辑,2011-12-16,4,洗衣机,第二人生,1.0,0.0
8318,22197003,从来,d,2,8,2040001,第二人生 (明日版),录音室专辑,2011-12-16,4,洗衣机,第二人生,1.0,0.0
8319,22197003,一句,m,2,8,2040001,第二人生 (明日版),录音室专辑,2011-12-16,4,洗衣机,第二人生,1.0,0.0
8320,22197003,怨言,n,2,8,2040001,第二人生 (明日版),录音室专辑,2011-12-16,4,洗衣机,第二人生,1.0,0.0
8321,22197003,你,r,2,8,2040001,第二人生 (明日版),录音室专辑,2011-12-16,4,洗衣机,第二人生,1.0,0.0
8322,22197003,丢,v,2,8,2040001,第二人生 (明日版),录音室专辑,2011-12-16,4,洗衣机,第二人生,1.0,0.0
8323,22197003,总是,c,2,8,2040001,第二人生 (明日版),录音室专辑,2011-12-16,4,洗衣机,第二人生,1.0,0.0
8324,22197003,全心,n,2,8,2040001,第二人生 (明日版),录音室专辑,2011-12-16,4,洗衣机,第二人生,1.0,0.0
8325,22197003,全力,n,2,8,2040001,第二人生 (明日版),录音室专辑,2011-12-16,4,洗衣机,第二人生,1.0,0.0
8326,22197003,直到,v,2,8,2040001,第二人生 (明日版),录音室专辑,2011-12-16,4,洗衣机,第二人生,1.0,0.0
8327,22197003,颤抖,v,2,8,2040001,第二人生 (明日版),录音室专辑,2011-12-16,4,洗衣机,第二人生,1.0,0.0
8328,22197003,身体,n,2,8,2040001,第二人生 (明日版),录音室专辑,2011-12-16,4,洗衣机,第二人生,1.0,0.0
8329,22197003,年纪,t,2,8,2040001,第二人生 (明日版),录音室专辑,2011-12-16,4,洗衣机,第二人生,1.0,0.0
8330,22197003,依然,d,2,8,2040001,第二人生 (明日版),录音室专辑,2011-12-16,4,洗衣机,第二人生,1.0,0.0
8331,22197003,尽力,d,2,8,2040001,第二人生 (明日版),录音室专辑,2011-12-16,4,洗衣机,第二人生,1.0,0.0
8332,22197003,勇敢,a,2,8,2040001,第二人生 (明日版),录音室专辑,2011-12-16,4,洗衣机,第二人生,1.0,0.0
8333,22197003,带,v,2,8,2040001,第二人生 (明日版),录音室专辑,2011-12-16,4,洗衣机,第二人生,1.0,0.0
8334,22197003,以来,f,2,8,2040001,第二人生 (明日版),录音室专辑,2011-12-16,4,洗衣机,第二人生,1.0,0.0
8335,22197003,衣服,n,2,8,2040001,第二人生 (明日版),录音室专辑,2011-12-16,4,洗衣机,第二人生,1.0,0.0
8336,22197003,妈妈,n,2,8,2040001,第二人生 (明日版),录音室专辑,2011-12-16,4,洗衣机,第二人生,1.0,0.0
8337,22197003,无法,n,2,8,2040001,第二人生 (明日版),录音室专辑,2011-12-16,4,洗衣机,第二人生,1.0,0.0
8338,22197003,穿着,v,1,8,2040001,第二人生 (明日版),录音室专辑,2011-12-16,4,洗衣机,第二人生,1.0,0.0
8339,22197003,一身,m,1,8,2040001,第二人生 (明日版),录音室专辑,2011-12-16,4,洗衣机,第二人生,1.0,0.0
8340,22197003,褪色,v,1,8,2040001,第二人生 (明日版),录音室专辑,2011-12-16,4,洗衣机,第二人生,1.0,0.0
8341,22197003,塑料,n,1,8,2040001,第二人生 (明日版),录音室专辑,2011-12-16,4,洗衣机,第二人生,1.0,0.0
8342,22197003,亚克力,nr,1,8,2040001,第二人生 (明日版),录音室专辑,2011-12-16,4,洗衣机,第二人生,1.0,0.0
8343,22197003,独,v,1,8,2040001,第二人生 (明日版),录音室专辑,2011-12-16,4,洗衣机,第二人生,1.0,0.0
8344,22197003,坐在,v,1,8,2040001,第二人生 (明日版),录音室专辑,2011-12-16,4,洗衣机,第二人生,1.0,0.0
8345,22197003,受,v,1,8,2040001,第二人生 (明日版),录音室专辑,2011-12-16,4,洗衣机,第二人生,1.0,0.0
8346,22197003,日晒,nrt,1,8,2040001,第二人生 (明日版),录音室专辑,2011-12-16,4,洗衣机,第二人生,1.0,0.0
8347,22197003,电视机,n,1,8,2040001,第二人生 (明日版),录音室专辑,2011-12-16,4,洗衣机,第二人生,1.0,0.0
8348,22197003,们,k,1,8,2040001,第二人生 (明日版),录音室专辑,2011-12-16,4,洗衣机,第二人生,1.0,0.0
8349,22197003,目光,n,1,8,2040001,第二人生 (明日版),录音室专辑,2011-12-16,4,洗衣机,第二人生,1.0,0.0
8350,22197003,以,p,1,8,2040001,第二人生 (明日版),录音室专辑,2011-12-16,4,洗衣机,第二人生,1.0,0.0
8351,22197003,为,p,1,8,2040001,第二人生 (明日版),录音室专辑,2011-12-16,4,洗衣机,第二人生,1.0,0.0
8352,22197003,中心,n,1,8,2040001,第二人生 (明日版),录音室专辑,2011-12-16,4,洗衣机,第二人生,1.0,0.0
8353,22197003,黑色,n,1,8,2040001,第二人生 (明日版),录音室专辑,2011-12-16,4,洗衣机,第二人生,1.0,0.0
8354,22197003,简约,d,1,8,2040001,第二人生 (明日版),录音室专辑,2011-12-16,4,洗衣机,第二人生,1.0,0.0
8355,22197003,多,m,1,8,2040001,第二人生 (明日版),录音室专辑,2011-12-16,4,洗衣机,第二人生,1.0,0.0
8356,22197003,适合,v,1,8,2040001,第二人生 (明日版),录音室专辑,2011-12-16,4,洗衣机,第二人生,1.0,0.0
8357,22197003,客厅,n,1,8,2040001,第二人生 (明日版),录音室专辑,2011-12-16,4,洗衣机,第二人生,1.0,0.0
8358,22197003,吹风机,n,1,8,2040001,第二人生 (明日版),录音室专辑,2011-12-16,4,洗衣机,第二人生,1.0,0.0
8359,22197003,有,v,1,8,2040001,第二人生 (明日版),录音室专辑,2011-12-16,4,洗衣机,第二人生,1.0,0.0
8360,22197003,流线,n,1,8,2040001,第二人生 (明日版),录音室专辑,2011-12-16,4,洗衣机,第二人生,1.0,0.0
8361,22197003,紧握,v,1,8,2040001,第二人生 (明日版),录音室专辑,2011-12-16,4,洗衣机,第二人生,1.0,0.0
8362,22197003,手心,n,1,8,2040001,第二人生 (明日版),录音室专辑,2011-12-16,4,洗衣机,第二人生,1.0,0.0
8363,22197003,像,v,1,8,2040001,第二人生 (明日版),录音室专辑,2011-12-16,4,洗衣机,第二人生,1.0,0.0
8364,22197003,跳舞,v,1,8,2040001,第二人生 (明日版),录音室专辑,2011-12-16,4,洗衣机,第二人生,1.0,0.0
8365,22197003,亲密,a,1,8,2040001,第二人生 (明日版),录音室专辑,2011-12-16,4,洗衣机,第二人生,1.0,0.0
8366,22197003,光荣,nr,1,8,2040001,第二人生 (明日版),录音室专辑,2011-12-16,4,洗衣机,第二人生,1.0,0.0
8367,22197003,电唱机,n,1,8,2040001,第二人生 (明日版),录音室专辑,2011-12-16,4,洗衣机,第二人生,1.0,0.0
8368,22197003,晋,nr,1,8,2040001,第二人生 (明日版),录音室专辑,2011-12-16,4,洗衣机,第二人生,1.0,0.0
8369,22197003,身为,v,1,8,2040001,第二人生 (明日版),录音室专辑,2011-12-16,4,洗衣机,第二人生,1.0,0.0
8370,22197003,古董,nr,1,8,2040001,第二人生 (明日版),录音室专辑,2011-12-16,4,洗衣机,第二人生,1.0,0.0
8371,22197003,级,q,1,8,2040001,第二人生 (明日版),录音室专辑,2011-12-16,4,洗衣机,第二人生,1.0,0.0
8372,22197003,典雅,a,1,8,2040001,第二人生 (明日版),录音室专辑,2011-12-16,4,洗衣机,第二人生,1.0,0.0
8373,22197003,中音,n,1,8,2040001,第二人生 (明日版),录音室专辑,2011-12-16,4,洗衣机,第二人生,1.0,0.0
8374,22197003,比,p,1,8,2040001,第二人生 (明日版),录音室专辑,2011-12-16,4,洗衣机,第二人生,1.0,0.0
8375,22197003,更,d,1,8,2040001,第二人生 (明日版),录音室专辑,2011-12-16,4,洗衣机,第二人生,1.0,0.0
8376,22197003,受欢迎,v,1,8,2040001,第二人生 (明日版),录音室专辑,2011-12-16,4,洗衣机,第二人生,1.0,0.0
8377,22197003,主题曲,n,1,8,2040001,第二人生 (明日版),录音室专辑,2011-12-16,4,洗衣机,第二人生,1.0,0.0
8378,22197003,风霜,n,1,8,2040001,第二人生 (明日版),录音室专辑,2011-12-16,4,洗衣机,第二人生,1.0,0.0
8379,22197003,灰尘,n,1,8,2040001,第二人生 (明日版),录音室专辑,2011-12-16,4,洗衣机,第二人生,1.0,0.0
8380,22197003,让,v,1,8,2040001,第二人生 (明日版),录音室专辑,2011-12-16,4,洗衣机,第二人生,1.0,0.0
8381,22197003,人,n,1,8,2040001,第二人生 (明日版),录音室专辑,2011-12-16,4,洗衣机,第二人生,1.0,0.0
8382,22197003,不想,v,1,8,2040001,第二人生 (明日版),录音室专辑,2011-12-16,4,洗衣机,第二人生,1.0,0.0
8383,22197003,接近,v,1,8,2040001,第二人生 (明日版),录音室专辑,2011-12-16,4,洗衣机,第二人生,1.0,0.0
8384,22197003,脱水,v,1,8,2040001,第二人生 (明日版),录音室专辑,2011-12-16,4,洗衣机,第二人生,1.0,0.0
8385,22197003,咖啡机,n,1,8,2040001,第二人生 (明日版),录音室专辑,2011-12-16,4,洗衣机,第二人生,1.0,0.0
8386,22197003,欧洲,ns,1,8,2040001,第二人生 (明日版),录音室专辑,2011-12-16,4,洗衣机,第二人生,1.0,0.0
8387,22197003,进口,vn,1,8,2040001,第二人生 (明日版),录音室专辑,2011-12-16,4,洗衣机,第二人生,1.0,0.0
8388,22197003,著书,n,1,8,2040001,第二人生 (明日版),录音室专辑,2011-12-16,4,洗衣机,第二人生,1.0,0.0
8389,22197003,卷,m,1,8,2040001,第二人生 (明日版),录音室专辑,2011-12-16,4,洗衣机,第二人生,1.0,0.0
8390,22197003,贵族气,n,1,8,2040001,第二人生 (明日版),录音室专辑,2011-12-16,4,洗衣机,第二人生,1.0,0.0
8391,22197003,长大,ns,1,8,2040001,第二人生 (明日版),录音室专辑,2011-12-16,4,洗衣机,第二人生,1.0,0.0
8392,22197003,爱,v,1,8,2040001,第二人生 (明日版),录音室专辑,2011-12-16,4,洗衣机,第二人生,1.0,0.0
8393,22197003,围著,v,1,8,2040001,第二人生 (明日版),录音室专辑,2011-12-16,4,洗衣机,第二人生,1.0,0.0
8394,22197003,喝,vg,1,8,2040001,第二人生 (明日版),录音室专辑,2011-12-16,4,洗衣机,第二人生,1.0,0.0
8395,22197003,拿,v,1,8,2040001,第二人生 (明日版),录音室专辑,2011-12-16,4,洗衣机,第二人生,1.0,0.0
8396,22197003,铁,n,1,8,2040001,第二人生 (明日版),录音室专辑,2011-12-16,4,洗衣机,第二人生,1.0,0.0
8397,22197003,度量,n,1,8,2040001,第二人生 (明日版),录音室专辑,2011-12-16,4,洗衣机,第二人生,1.0,0.0
8398,22197003,很大,a,1,8,2040001,第二人生 (明日版),录音室专辑,2011-12-16,4,洗衣机,第二人生,1.0,0.0
8399,22197003,没,v,1,8,2040001,第二人生 (明日版),录音室专辑,2011-12-16,4,洗衣机,第二人生,1.0,0.0
8400,22197003,心机,n,1,8,2040001,第二人生 (明日版),录音室专辑,2011-12-16,4,洗衣机,第二人生,1.0,0.0
8401,22197003,唯一,b,1,8,2040001,第二人生 (明日版),录音室专辑,2011-12-16,4,洗衣机,第二人生,1.0,0.0
8402,22197003,关心,n,1,8,2040001,第二人生 (明日版),录音室专辑,2011-12-16,4,洗衣机,第二人生,1.0,0.0
8403,22197003,何时,c,1,8,2040001,第二人生 (明日版),录音室专辑,2011-12-16,4,洗衣机,第二人生,1.0,0.0
8404,22197003,放晴,v,1,8,2040001,第二人生 (明日版),录音室专辑,2011-12-16,4,洗衣机,第二人生,1.0,0.0
8405,22197003,已,d,1,8,2040001,第二人生 (明日版),录音室专辑,2011-12-16,4,洗衣机,第二人生,1.0,0.0
8406,22197003,退役,v,1,8,2040001,第二人生 (明日版),录音室专辑,2011-12-16,4,洗衣机,第二人生,1.0,0.0
8407,22197003,那,r,1,8,2040001,第二人生 (明日版),录音室专辑,2011-12-16,4,洗衣机,第二人生,1.0,0.0
8408,22197003,台,q,1,8,2040001,第二人生 (明日版),录音室专辑,2011-12-16,4,洗衣机,第二人生,1.0,0.0
8409,22197003,光碟机,n,1,8,2040001,第二人生 (明日版),录音室专辑,2011-12-16,4,洗衣机,第二人生,1.0,0.0
8410,22197003,经历,n,1,8,2040001,第二人生 (明日版),录音室专辑,2011-12-16,4,洗衣机,第二人生,1.0,0.0
8411,22197003,冒险,n,1,8,2040001,第二人生 (明日版),录音室专辑,2011-12-16,4,洗衣机,第二人生,1.0,0.0
8412,22197003,爱情,n,1,8,2040001,第二人生 (明日版),录音室专辑,2011-12-16,4,洗衣机,第二人生,1.0,0.0
8413,22197003,冰箱,n,1,8,2040001,第二人生 (明日版),录音室专辑,2011-12-16,4,洗衣机,第二人生,1.0,0.0
8414,22197003,肚子,n,1,8,2040001,第二人生 (明日版),录音室专辑,2011-12-16,4,洗衣机,第二人生,1.0,0.0
8415,22197003,里,f,1,8,2040001,第二人生 (明日版),录音室专辑,2011-12-16,4,洗衣机,第二人生,1.0,0.0
8416,22197003,啤酒,n,1,8,2040001,第二人生 (明日版),录音室专辑,2011-12-16,4,洗衣机,第二人生,1.0,0.0
8417,22197003,冰淇淋,nr,1,8,2040001,第二人生 (明日版),录音室专辑,2011-12-16,4,洗衣机,第二人生,1.0,0.0
8418,22197003,抚慰,v,1,8,2040001,第二人生 (明日版),录音室专辑,2011-12-16,4,洗衣机,第二人生,1.0,0.0
8419,22197003,失眠,v,1,8,2040001,第二人生 (明日版),录音室专辑,2011-12-16,4,洗衣机,第二人生,1.0,0.0
8420,22197003,失恋,v,1,8,2040001,第二人生 (明日版),录音室专辑,2011-12-16,4,洗衣机,第二人生,1.0,0.0
8421,22197003,心,n,1,8,2040001,第二人生 (明日版),录音室专辑,2011-12-16,4,洗衣机,第二人生,1.0,0.0
8422,22197003,学,n,1,8,2040001,第二人生 (明日版),录音室专辑,2011-12-16,4,洗衣机,第二人生,1.0,0.0
8423,22197003,不会,v,1,8,2040001,第二人生 (明日版),录音室专辑,2011-12-16,4,洗衣机,第二人生,1.0,0.0
8424,22197003,讨喜,v,1,8,2040001,第二人生 (明日版),录音室专辑,2011-12-16,4,洗衣机,第二人生,1.0,0.0
8425,22197003,过,ug,1,8,2040001,第二人生 (明日版),录音室专辑,2011-12-16,4,洗衣机,第二人生,1.0,0.0
8426,22197003,四季,m,1,8,2040001,第二人生 (明日版),录音室专辑,2011-12-16,4,洗衣机,第二人生,1.0,0.0
8427,22197003,然后,c,1,8,2040001,第二人生 (明日版),录音室专辑,2011-12-16,4,洗衣机,第二人生,1.0,0.0
8428,22197003,再,d,1,8,2040001,第二人生 (明日版),录音室专辑,2011-12-16,4,洗衣机,第二人生,1.0,0.0
8429,22197003,一,m,1,8,2040001,第二人生 (明日版),录音室专辑,2011-12-16,4,洗衣机,第二人生,1.0,0.0
8430,22197003,世纪,n,1,8,2040001,第二人生 (明日版),录音室专辑,2011-12-16,4,洗衣机,第二人生,1.0,0.0
8431,22197003,所有,b,1,8,2040001,第二人生 (明日版),录音室专辑,2011-12-16,4,洗衣机,第二人生,1.0,0.0
8432,22197003,电器,n,1,8,2040001,第二人生 (明日版),录音室专辑,2011-12-16,4,洗衣机,第二人生,1.0,0.0
8433,22197003,住,v,1,8,2040001,第二人生 (明日版),录音室专辑,2011-12-16,4,洗衣机,第二人生,1.0,0.0
8434,22197003,屋檐下,n,1,8,2040001,第二人生 (明日版),录音室专辑,2011-12-16,4,洗衣机,第二人生,1.0,0.0
8435,22197003,不必,d,1,8,2040001,第二人生 (明日版),录音室专辑,2011-12-16,4,洗衣机,第二人生,1.0,0.0
8436,22197003,守,v,1,8,2040001,第二人生 (明日版),录音室专辑,2011-12-16,4,洗衣机,第二人生,1.0,0.0
8437,22197003,角落里,n,1,8,2040001,第二人生 (明日版),录音室专辑,2011-12-16,4,洗衣机,第二人生,1.0,0.0
8438,22197003,运行,v,1,8,2040001,第二人生 (明日版),录音室专辑,2011-12-16,4,洗衣机,第二人生,1.0,0.0
8439,22197003,突然,ad,1,8,2040001,第二人生 (明日版),录音室专辑,2011-12-16,4,洗衣机,第二人生,1.0,0.0
8440,22197003,有天,r,1,8,2040001,第二人生 (明日版),录音室专辑,2011-12-16,4,洗衣机,第二人生,1.0,0.0
8441,22197003,好想,v,1,8,2040001,第二人生 (明日版),录音室专辑,2011-12-16,4,洗衣机,第二人生,1.0,0.0
8442,22197003,要,v,1,8,2040001,第二人生 (明日版),录音室专辑,2011-12-16,4,洗衣机,第二人生,1.0,0.0
8443,22197003,帮忙,v,1,8,2040001,第二人生 (明日版),录音室专辑,2011-12-16,4,洗衣机,第二人生,1.0,0.0
8444,22197003,放进,v,1,8,2040001,第二人生 (明日版),录音室专辑,2011-12-16,4,洗衣机,第二人生,1.0,0.0
8445,22197003,早就,d,1,8,2040001,第二人生 (明日版),录音室专辑,2011-12-16,4,洗衣机,第二人生,1.0,0.0
8446,22197003,坏,a,1,8,2040001,第二人生 (明日版),录音室专辑,2011-12-16,4,洗衣机,第二人生,1.0,0.0
8447,22197003,只是,c,1,8,2040001,第二人生 (明日版),录音室专辑,2011-12-16,4,洗衣机,第二人生,1.0,0.0
8448,22197003,舍不得,v,1,8,2040001,第二人生 (明日版),录音室专辑,2011-12-16,4,洗衣机,第二人生,1.0,0.0
8449,22197003,换,nz,1,8,2040001,第二人生 (明日版),录音室专辑,2011-12-16,4,洗衣机,第二人生,1.0,0.0
8450,22197003,新,a,1,8,2040001,第二人生 (明日版),录音室专辑,2011-12-16,4,洗衣机,第二人生,1.0,0.0
8451,22197003,奇怪,v,1,8,2040001,第二人生 (明日版),录音室专辑,2011-12-16,4,洗衣机,第二人生,1.0,0.0
8452,22197003,清洗,v,1,8,2040001,第二人生 (明日版),录音室专辑,2011-12-16,4,洗衣机,第二人生,1.0,0.0
8453,22197003,著,n,1,8,2040001,第二人生 (明日版),录音室专辑,2011-12-16,4,洗衣机,第二人生,1.0,0.0
8454,22197003,闯,v,1,8,2040001,第二人生 (明日版),录音室专辑,2011-12-16,4,洗衣机,第二人生,1.0,0.0
8455,22197003,祸,n,1,8,2040001,第二人生 (明日版),录音室专辑,2011-12-16,4,洗衣机,第二人生,1.0,0.0
8456,22197003,污泥,n,1,8,2040001,第二人生 (明日版),录音室专辑,2011-12-16,4,洗衣机,第二人生,1.0,0.0
8457,22197003,好久,m,1,8,2040001,第二人生 (明日版),录音室专辑,2011-12-16,4,洗衣机,第二人生,1.0,0.0
8458,22197003,原来,d,1,8,2040001,第二人生 (明日版),录音室专辑,2011-12-16,4,洗衣机,第二人生,1.0,0.0
8459,22197003,全部都是,n,1,8,2040001,第二人生 (明日版),录音室专辑,2011-12-16,4,洗衣机,第二人生,1.0,0.0
8460,22197003,无声,d,1,8,2040001,第二人生 (明日版),录音室专辑,2011-12-16,4,洗衣机,第二人生,1.0,0.0
8461,22197003,皱纹,n,1,8,2040001,第二人生 (明日版),录音室专辑,2011-12-16,4,洗衣机,第二人生,1.0,0.0
8462,22197003,偿还,v,1,8,2040001,第二人生 (明日版),录音室专辑,2011-12-16,4,洗衣机,第二人生,1.0,0.0
8463,22197003,借据,p,1,8,2040001,第二人生 (明日版),录音室专辑,2011-12-16,4,洗衣机,第二人生,1.0,0.0
8464,22197003,背影,n,1,8,2040001,第二人生 (明日版),录音室专辑,2011-12-16,4,洗衣机,第二人生,1.0,0.0
8465,22197003,释怀,nr,1,8,2040001,第二人生 (明日版),录音室专辑,2011-12-16,4,洗衣机,第二人生,1.0,0.0
8466,22197003,风景,n,1,8,2040001,第二人生 (明日版),录音室专辑,2011-12-16,4,洗衣机,第二人生,1.0,0.0
8467,22197004,傻瓜,n,19,8,2040001,第二人生 (明日版),录音室专辑,2011-12-16,5,三个傻瓜,第二人生,1.0,0.0
8468,22197004,他,r,7,8,2040001,第二人生 (明日版),录音室专辑,2011-12-16,5,三个傻瓜,第二人生,1.0,0.0
8469,22197004,就,d,7,8,2040001,第二人生 (明日版),录音室专辑,2011-12-16,5,三个傻瓜,第二人生,1.0,0.0
8470,22197004,吗,y,6,8,2040001,第二人生 (明日版),录音室专辑,2011-12-16,5,三个傻瓜,第二人生,1.0,0.0
8471,22197004,一转眼,d,6,8,2040001,第二人生 (明日版),录音室专辑,2011-12-16,5,三个傻瓜,第二人生,1.0,0.0
8472,22197004,我,r,5,8,2040001,第二人生 (明日版),录音室专辑,2011-12-16,5,三个傻瓜,第二人生,1.0,0.0
8473,22197004,是,v,4,8,2040001,第二人生 (明日版),录音室专辑,2011-12-16,5,三个傻瓜,第二人生,1.0,0.0
8474,22197004,啊,zg,4,8,2040001,第二人生 (明日版),录音室专辑,2011-12-16,5,三个傻瓜,第二人生,1.0,0.0
8475,22197004,的,uj,4,8,2040001,第二人生 (明日版),录音室专辑,2011-12-16,5,三个傻瓜,第二人生,1.0,0.0
8476,22197004,不,d,4,8,2040001,第二人生 (明日版),录音室专辑,2011-12-16,5,三个傻瓜,第二人生,1.0,0.0
8477,22197004,和,c,4,8,2040001,第二人生 (明日版),录音室专辑,2011-12-16,5,三个傻瓜,第二人生,1.0,0.0
8478,22197004,都,d,4,8,2040001,第二人生 (明日版),录音室专辑,2011-12-16,5,三个傻瓜,第二人生,1.0,0.0
8479,22197004,谁,r,3,8,2040001,第二人生 (明日版),录音室专辑,2011-12-16,5,三个傻瓜,第二人生,1.0,0.0
8480,22197004,不是,c,3,8,2040001,第二人生 (明日版),录音室专辑,2011-12-16,5,三个傻瓜,第二人生,1.0,0.0
8481,22197004,你,r,3,8,2040001,第二人生 (明日版),录音室专辑,2011-12-16,5,三个傻瓜,第二人生,1.0,0.0
8482,22197004,傻,a,3,8,2040001,第二人生 (明日版),录音室专辑,2011-12-16,5,三个傻瓜,第二人生,1.0,0.0
8483,22197004,一样,r,3,8,2040001,第二人生 (明日版),录音室专辑,2011-12-16,5,三个傻瓜,第二人生,1.0,0.0
8484,22197004,老花,n,3,8,2040001,第二人生 (明日版),录音室专辑,2011-12-16,5,三个傻瓜,第二人生,1.0,0.0
8485,22197004,白发,nr,3,8,2040001,第二人生 (明日版),录音室专辑,2011-12-16,5,三个傻瓜,第二人生,1.0,0.0
8486,22197004,一,m,3,8,2040001,第二人生 (明日版),录音室专辑,2011-12-16,5,三个傻瓜,第二人生,1.0,0.0
8487,22197004,转,v,3,8,2040001,第二人生 (明日版),录音室专辑,2011-12-16,5,三个傻瓜,第二人生,1.0,0.0
8488,22197004,岁月,t,3,8,2040001,第二人生 (明日版),录音室专辑,2011-12-16,5,三个傻瓜,第二人生,1.0,0.0
8489,22197004,也,d,3,8,2040001,第二人生 (明日版),录音室专辑,2011-12-16,5,三个傻瓜,第二人生,1.0,0.0
8490,22197004,在,p,3,8,2040001,第二人生 (明日版),录音室专辑,2011-12-16,5,三个傻瓜,第二人生,1.0,0.0
8491,22197004,了,ul,3,8,2040001,第二人生 (明日版),录音室专辑,2011-12-16,5,三个傻瓜,第二人生,1.0,0.0
8492,22197004,小小的,z,2,8,2040001,第二人生 (明日版),录音室专辑,2011-12-16,5,三个傻瓜,第二人生,1.0,0.0
8493,22197004,看着,v,2,8,2040001,第二人生 (明日版),录音室专辑,2011-12-16,5,三个傻瓜,第二人生,1.0,0.0
8494,22197004,想着,v,2,8,2040001,第二人生 (明日版),录音室专辑,2011-12-16,5,三个傻瓜,第二人生,1.0,0.0
8495,22197004,会,v,2,8,2040001,第二人生 (明日版),录音室专辑,2011-12-16,5,三个傻瓜,第二人生,1.0,0.0
8496,22197004,长大,ns,2,8,2040001,第二人生 (明日版),录音室专辑,2011-12-16,5,三个傻瓜,第二人生,1.0,0.0
8497,22197004,学,n,2,8,2040001,第二人生 (明日版),录音室专辑,2011-12-16,5,三个傻瓜,第二人生,1.0,0.0
8498,22197004,文法,n,2,8,2040001,第二人生 (明日版),录音室专辑,2011-12-16,5,三个傻瓜,第二人生,1.0,0.0
8499,22197004,分不清,l,2,8,2040001,第二人生 (明日版),录音室专辑,2011-12-16,5,三个傻瓜,第二人生,1.0,0.0
8500,22197004,时间,n,2,8,2040001,第二人生 (明日版),录音室专辑,2011-12-16,5,三个傻瓜,第二人生,1.0,0.0
8501,22197004,追杀,v,2,8,2040001,第二人生 (明日版),录音室专辑,2011-12-16,5,三个傻瓜,第二人生,1.0,0.0
8502,22197004,场景,n,2,8,2040001,第二人生 (明日版),录音室专辑,2011-12-16,5,三个傻瓜,第二人生,1.0,0.0
8503,22197004,变化,vn,2,8,2040001,第二人生 (明日版),录音室专辑,2011-12-16,5,三个傻瓜,第二人生,1.0,0.0
8504,22197004,这么,r,2,8,2040001,第二人生 (明日版),录音室专辑,2011-12-16,5,三个傻瓜,第二人生,1.0,0.0
8505,22197004,就是,d,2,8,2040001,第二人生 (明日版),录音室专辑,2011-12-16,5,三个傻瓜,第二人生,1.0,0.0
8506,22197004,别怕,c,2,8,2040001,第二人生 (明日版),录音室专辑,2011-12-16,5,三个傻瓜,第二人生,1.0,0.0
8507,22197004,终于,d,2,8,2040001,第二人生 (明日版),录音室专辑,2011-12-16,5,三个傻瓜,第二人生,1.0,0.0
8508,22197004,最后,f,2,8,2040001,第二人生 (明日版),录音室专辑,2011-12-16,5,三个傻瓜,第二人生,1.0,0.0
8509,22197004,什么,r,2,8,2040001,第二人生 (明日版),录音室专辑,2011-12-16,5,三个傻瓜,第二人生,1.0,0.0
8510,22197004,可以,c,2,8,2040001,第二人生 (明日版),录音室专辑,2011-12-16,5,三个傻瓜,第二人生,1.0,0.0
8511,22197004,让,v,2,8,2040001,第二人生 (明日版),录音室专辑,2011-12-16,5,三个傻瓜,第二人生,1.0,0.0
8512,22197004,悲伤,a,2,8,2040001,第二人生 (明日版),录音室专辑,2011-12-16,5,三个傻瓜,第二人生,1.0,0.0
8513,22197004,个子,n,1,8,2040001,第二人生 (明日版),录音室专辑,2011-12-16,5,三个傻瓜,第二人生,1.0,0.0
8514,22197004,看到,v,1,8,2040001,第二人生 (明日版),录音室专辑,2011-12-16,5,三个傻瓜,第二人生,1.0,0.0
8515,22197004,张开嘴,nr,1,8,2040001,第二人生 (明日版),录音室专辑,2011-12-16,5,三个傻瓜,第二人生,1.0,0.0
8516,22197004,那,r,1,8,2040001,第二人生 (明日版),录音室专辑,2011-12-16,5,三个傻瓜,第二人生,1.0,0.0
8517,22197004,第一个,m,1,8,2040001,第二人生 (明日版),录音室专辑,2011-12-16,5,三个傻瓜,第二人生,1.0,0.0
8518,22197004,心愿,n,1,8,2040001,第二人生 (明日版),录音室专辑,2011-12-16,5,三个傻瓜,第二人生,1.0,0.0
8519,22197004,想要,v,1,8,2040001,第二人生 (明日版),录音室专辑,2011-12-16,5,三个傻瓜,第二人生,1.0,0.0
8520,22197004,快,a,1,8,2040001,第二人生 (明日版),录音室专辑,2011-12-16,5,三个傻瓜,第二人生,1.0,0.0
8521,22197004,上学,n,1,8,2040001,第二人生 (明日版),录音室专辑,2011-12-16,5,三个傻瓜,第二人生,1.0,0.0
8522,22197004,可不可以,c,1,8,2040001,第二人生 (明日版),录音室专辑,2011-12-16,5,三个傻瓜,第二人生,1.0,0.0
8523,22197004,妈妈,n,1,8,2040001,第二人生 (明日版),录音室专辑,2011-12-16,5,三个傻瓜,第二人生,1.0,0.0
8524,22197004,一定,d,1,8,2040001,第二人生 (明日版),录音室专辑,2011-12-16,5,三个傻瓜,第二人生,1.0,0.0
8525,22197004,有,v,1,8,2040001,第二人生 (明日版),录音室专辑,2011-12-16,5,三个傻瓜,第二人生,1.0,0.0
8526,22197004,很多,m,1,8,2040001,第二人生 (明日版),录音室专辑,2011-12-16,5,三个傻瓜,第二人生,1.0,0.0
8527,22197004,老师,n,1,8,2040001,第二人生 (明日版),录音室专辑,2011-12-16,5,三个傻瓜,第二人生,1.0,0.0
8528,22197004,同学,n,1,8,2040001,第二人生 (明日版),录音室专辑,2011-12-16,5,三个傻瓜,第二人生,1.0,0.0
8529,22197004,新,a,1,8,2040001,第二人生 (明日版),录音室专辑,2011-12-16,5,三个傻瓜,第二人生,1.0,0.0
8530,22197004,书包,n,1,8,2040001,第二人生 (明日版),录音室专辑,2011-12-16,5,三个傻瓜,第二人生,1.0,0.0
8531,22197004,书本,n,1,8,2040001,第二人生 (明日版),录音室专辑,2011-12-16,5,三个傻瓜,第二人生,1.0,0.0
8532,22197004,还有,v,1,8,2040001,第二人生 (明日版),录音室专辑,2011-12-16,5,三个傻瓜,第二人生,1.0,0.0
8533,22197004,第一条,m,1,8,2040001,第二人生 (明日版),录音室专辑,2011-12-16,5,三个傻瓜,第二人生,1.0,0.0
8534,22197004,手帕,n,1,8,2040001,第二人生 (明日版),录音室专辑,2011-12-16,5,三个傻瓜,第二人生,1.0,0.0
8535,22197004,没想到,l,1,8,2040001,第二人生 (明日版),录音室专辑,2011-12-16,5,三个傻瓜,第二人生,1.0,0.0
8536,22197004,将,d,1,8,2040001,第二人生 (明日版),录音室专辑,2011-12-16,5,三个傻瓜,第二人生,1.0,0.0
8537,22197004,用尽,v,1,8,2040001,第二人生 (明日版),录音室专辑,2011-12-16,5,三个傻瓜,第二人生,1.0,0.0
8538,22197004,所有,b,1,8,2040001,第二人生 (明日版),录音室专辑,2011-12-16,5,三个傻瓜,第二人生,1.0,0.0
8539,22197004,精华,nz,1,8,2040001,第二人生 (明日版),录音室专辑,2011-12-16,5,三个傻瓜,第二人生,1.0,0.0
8540,22197004,年华,j,1,8,2040001,第二人生 (明日版),录音室专辑,2011-12-16,5,三个傻瓜,第二人生,1.0,0.0
8541,22197004,但有,c,1,8,2040001,第二人生 (明日版),录音室专辑,2011-12-16,5,三个傻瓜,第二人生,1.0,0.0
8542,22197004,能,v,1,8,2040001,第二人生 (明日版),录音室专辑,2011-12-16,5,三个傻瓜,第二人生,1.0,0.0
8543,22197004,脱队,n,1,8,2040001,第二人生 (明日版),录音室专辑,2011-12-16,5,三个傻瓜,第二人生,1.0,0.0
8544,22197004,玩耍,v,1,8,2040001,第二人生 (明日版),录音室专辑,2011-12-16,5,三个傻瓜,第二人生,1.0,0.0
8545,22197004,画画,n,1,8,2040001,第二人生 (明日版),录音室专辑,2011-12-16,5,三个傻瓜,第二人生,1.0,0.0
8546,22197004,能够,v,1,8,2040001,第二人生 (明日版),录音室专辑,2011-12-16,5,三个傻瓜,第二人生,1.0,0.0
8547,22197004,玩沙,n,1,8,2040001,第二人生 (明日版),录音室专辑,2011-12-16,5,三个傻瓜,第二人生,1.0,0.0
8548,22197004,书法,n,1,8,2040001,第二人生 (明日版),录音室专辑,2011-12-16,5,三个傻瓜,第二人生,1.0,0.0
8549,22197004,加法,v,1,8,2040001,第二人生 (明日版),录音室专辑,2011-12-16,5,三个傻瓜,第二人生,1.0,0.0
8550,22197004,减法,v,1,8,2040001,第二人生 (明日版),录音室专辑,2011-12-16,5,三个傻瓜,第二人生,1.0,0.0
8551,22197004,只能,v,1,8,2040001,第二人生 (明日版),录音室专辑,2011-12-16,5,三个傻瓜,第二人生,1.0,0.0
8552,22197004,向前,t,1,8,2040001,第二人生 (明日版),录音室专辑,2011-12-16,5,三个傻瓜,第二人生,1.0,0.0
8553,22197004,走,v,1,8,2040001,第二人生 (明日版),录音室专辑,2011-12-16,5,三个傻瓜,第二人生,1.0,0.0
8554,22197004,不能,v,1,8,2040001,第二人生 (明日版),录音室专辑,2011-12-16,5,三个傻瓜,第二人生,1.0,0.0
8555,22197004,谈恋爱,v,1,8,2040001,第二人生 (明日版),录音室专辑,2011-12-16,5,三个傻瓜,第二人生,1.0,0.0
8556,22197004,认真,ad,1,8,2040001,第二人生 (明日版),录音室专辑,2011-12-16,5,三个傻瓜,第二人生,1.0,0.0
8557,22197004,登场,n,1,8,2040001,第二人生 (明日版),录音室专辑,2011-12-16,5,三个傻瓜,第二人生,1.0,0.0
8558,22197004,第二个,m,1,8,2040001,第二人生 (明日版),录音室专辑,2011-12-16,5,三个傻瓜,第二人生,1.0,0.0
8559,22197004,大人,n,1,8,2040001,第二人生 (明日版),录音室专辑,2011-12-16,5,三个傻瓜,第二人生,1.0,0.0
8560,22197004,告诉,v,1,8,2040001,第二人生 (明日版),录音室专辑,2011-12-16,5,三个傻瓜,第二人生,1.0,0.0
8561,22197004,爱情,n,1,8,2040001,第二人生 (明日版),录音室专辑,2011-12-16,5,三个傻瓜,第二人生,1.0,0.0
8562,22197004,青春,n,1,8,2040001,第二人生 (明日版),录音室专辑,2011-12-16,5,三个傻瓜,第二人生,1.0,0.0
8563,22197004,未来,t,1,8,2040001,第二人生 (明日版),录音室专辑,2011-12-16,5,三个傻瓜,第二人生,1.0,0.0
8564,22197004,等,u,1,8,2040001,第二人生 (明日版),录音室专辑,2011-12-16,5,三个傻瓜,第二人生,1.0,0.0
8565,22197004,着,uz,1,8,2040001,第二人生 (明日版),录音室专辑,2011-12-16,5,三个傻瓜,第二人生,1.0,0.0
8566,22197004,所以,c,1,8,2040001,第二人生 (明日版),录音室专辑,2011-12-16,5,三个傻瓜,第二人生,1.0,0.0
8567,22197004,丢,v,1,8,2040001,第二人生 (明日版),录音室专辑,2011-12-16,5,三个傻瓜,第二人生,1.0,0.0
8568,22197004,诗,n,1,8,2040001,第二人生 (明日版),录音室专辑,2011-12-16,5,三个傻瓜,第二人生,1.0,0.0
8569,22197004,天真,nz,1,8,2040001,第二人生 (明日版),录音室专辑,2011-12-16,5,三个傻瓜,第二人生,1.0,0.0
8570,22197004,哭,v,1,8,2040001,第二人生 (明日版),录音室专辑,2011-12-16,5,三个傻瓜,第二人生,1.0,0.0
8571,22197004,那天,r,1,8,2040001,第二人生 (明日版),录音室专辑,2011-12-16,5,三个傻瓜,第二人生,1.0,0.0
8572,22197004,回忆,v,1,8,2040001,第二人生 (明日版),录音室专辑,2011-12-16,5,三个傻瓜,第二人生,1.0,0.0
8573,22197004,缺席,n,1,8,2040001,第二人生 (明日版),录音室专辑,2011-12-16,5,三个傻瓜,第二人生,1.0,0.0
8574,22197004,一次,m,1,8,2040001,第二人生 (明日版),录音室专辑,2011-12-16,5,三个傻瓜,第二人生,1.0,0.0
8575,22197004,凤凰花,nz,1,8,2040001,第二人生 (明日版),录音室专辑,2011-12-16,5,三个傻瓜,第二人生,1.0,0.0
8576,22197004,世界,n,1,8,2040001,第二人生 (明日版),录音室专辑,2011-12-16,5,三个傻瓜,第二人生,1.0,0.0
8577,22197004,如果,c,1,8,2040001,第二人生 (明日版),录音室专辑,2011-12-16,5,三个傻瓜,第二人生,1.0,0.0
8578,22197004,平,v,1,8,2040001,第二人生 (明日版),录音室专辑,2011-12-16,5,三个傻瓜,第二人生,1.0,0.0
8579,22197004,为何,r,1,8,2040001,第二人生 (明日版),录音室专辑,2011-12-16,5,三个傻瓜,第二人生,1.0,0.0
8580,22197004,人们,n,1,8,2040001,第二人生 (明日版),录音室专辑,2011-12-16,5,三个傻瓜,第二人生,1.0,0.0
8581,22197004,要,v,1,8,2040001,第二人生 (明日版),录音室专辑,2011-12-16,5,三个傻瓜,第二人生,1.0,0.0
8582,22197004,往上爬,v,1,8,2040001,第二人生 (明日版),录音室专辑,2011-12-16,5,三个傻瓜,第二人生,1.0,0.0
8583,22197004,活着,v,1,8,2040001,第二人生 (明日版),录音室专辑,2011-12-16,5,三个傻瓜,第二人生,1.0,0.0
8584,22197004,赢家,n,1,8,2040001,第二人生 (明日版),录音室专辑,2011-12-16,5,三个傻瓜,第二人生,1.0,0.0
8585,22197004,输家,n,1,8,2040001,第二人生 (明日版),录音室专辑,2011-12-16,5,三个傻瓜,第二人生,1.0,0.0
8586,22197004,敢输,v,1,8,2040001,第二人生 (明日版),录音室专辑,2011-12-16,5,三个傻瓜,第二人生,1.0,0.0
8587,22197004,掉,v,1,8,2040001,第二人生 (明日版),录音室专辑,2011-12-16,5,三个傻瓜,第二人生,1.0,0.0
8588,22197004,还,d,1,8,2040001,第二人生 (明日版),录音室专辑,2011-12-16,5,三个傻瓜,第二人生,1.0,0.0
8589,22197004,继续,v,1,8,2040001,第二人生 (明日版),录音室专辑,2011-12-16,5,三个傻瓜,第二人生,1.0,0.0
8590,22197004,挣扎,v,1,8,2040001,第二人生 (明日版),录音室专辑,2011-12-16,5,三个傻瓜,第二人生,1.0,0.0
8591,22197004,公式,n,1,8,2040001,第二人生 (明日版),录音室专辑,2011-12-16,5,三个傻瓜,第二人生,1.0,0.0
8592,22197004,找到,v,1,8,2040001,第二人生 (明日版),录音室专辑,2011-12-16,5,三个傻瓜,第二人生,1.0,0.0
8593,22197004,残缺,a,1,8,2040001,第二人生 (明日版),录音室专辑,2011-12-16,5,三个傻瓜,第二人生,1.0,0.0
8594,22197004,解答,v,1,8,2040001,第二人生 (明日版),录音室专辑,2011-12-16,5,三个傻瓜,第二人生,1.0,0.0
8595,22197004,句型,n,1,8,2040001,第二人生 (明日版),录音室专辑,2011-12-16,5,三个傻瓜,第二人生,1.0,0.0
8596,22197004,说出,v,1,8,2040001,第二人生 (明日版),录音室专辑,2011-12-16,5,三个傻瓜,第二人生,1.0,0.0
8597,22197004,十九年,m,1,8,2040001,第二人生 (明日版),录音室专辑,2011-12-16,5,三个傻瓜,第二人生,1.0,0.0
8598,22197004,后,f,1,8,2040001,第二人生 (明日版),录音室专辑,2011-12-16,5,三个傻瓜,第二人生,1.0,0.0
8599,22197004,换来,v,1,8,2040001,第二人生 (明日版),录音室专辑,2011-12-16,5,三个傻瓜,第二人生,1.0,0.0
8600,22197004,五张,m,1,8,2040001,第二人生 (明日版),录音室专辑,2011-12-16,5,三个傻瓜,第二人生,1.0,0.0
8601,22197004,证书,n,1,8,2040001,第二人生 (明日版),录音室专辑,2011-12-16,5,三个傻瓜,第二人生,1.0,0.0
8602,22197004,半片,m,1,8,2040001,第二人生 (明日版),录音室专辑,2011-12-16,5,三个傻瓜,第二人生,1.0,0.0
8603,22197004,天涯,n,1,8,2040001,第二人生 (明日版),录音室专辑,2011-12-16,5,三个傻瓜,第二人生,1.0,0.0
8604,22197004,发现,v,1,8,2040001,第二人生 (明日版),录音室专辑,2011-12-16,5,三个傻瓜,第二人生,1.0,0.0
8605,22197004,第一第二,m,1,8,2040001,第二人生 (明日版),录音室专辑,2011-12-16,5,三个傻瓜,第二人生,1.0,0.0
8606,22197004,第三个,m,1,8,2040001,第二人生 (明日版),录音室专辑,2011-12-16,5,三个傻瓜,第二人生,1.0,0.0
8607,22197004,这,r,1,8,2040001,第二人生 (明日版),录音室专辑,2011-12-16,5,三个傻瓜,第二人生,1.0,0.0
8608,22197004,故事,n,1,8,2040001,第二人生 (明日版),录音室专辑,2011-12-16,5,三个傻瓜,第二人生,1.0,0.0
8609,22197004,熟悉,v,1,8,2040001,第二人生 (明日版),录音室专辑,2011-12-16,5,三个傻瓜,第二人生,1.0,0.0
8610,22197004,走过,v,1,8,2040001,第二人生 (明日版),录音室专辑,2011-12-16,5,三个傻瓜,第二人生,1.0,0.0
8611,22197004,无奈,d,1,8,2040001,第二人生 (明日版),录音室专辑,2011-12-16,5,三个傻瓜,第二人生,1.0,0.0
8612,22197004,心痛,n,1,8,2040001,第二人生 (明日版),录音室专辑,2011-12-16,5,三个傻瓜,第二人生,1.0,0.0
8613,22197004,代价,n,1,8,2040001,第二人生 (明日版),录音室专辑,2011-12-16,5,三个傻瓜,第二人生,1.0,0.0
8614,22197004,无价,v,1,8,2040001,第二人生 (明日版),录音室专辑,2011-12-16,5,三个傻瓜,第二人生,1.0,0.0
8615,22197004,到,v,1,8,2040001,第二人生 (明日版),录音室专辑,2011-12-16,5,三个傻瓜,第二人生,1.0,0.0
8616,22197004,眼泪,n,1,8,2040001,第二人生 (明日版),录音室专辑,2011-12-16,5,三个傻瓜,第二人生,1.0,0.0
8617,22197004,爆炸,v,1,8,2040001,第二人生 (明日版),录音室专辑,2011-12-16,5,三个傻瓜,第二人生,1.0,0.0
8618,22197004,只,d,1,8,2040001,第二人生 (明日版),录音室专辑,2011-12-16,5,三个傻瓜,第二人生,1.0,0.0
8619,22197004,剩,v,1,8,2040001,第二人生 (明日版),录音室专辑,2011-12-16,5,三个傻瓜,第二人生,1.0,0.0
8620,22197004,三个,m,1,8,2040001,第二人生 (明日版),录音室专辑,2011-12-16,5,三个傻瓜,第二人生,1.0,0.0
8621,22197004,只好,d,1,8,2040001,第二人生 (明日版),录音室专辑,2011-12-16,5,三个傻瓜,第二人生,1.0,0.0
8622,22197004,音量,n,1,8,2040001,第二人生 (明日版),录音室专辑,2011-12-16,5,三个傻瓜,第二人生,1.0,0.0
8623,22197004,加大,v,1,8,2040001,第二人生 (明日版),录音室专辑,2011-12-16,5,三个傻瓜,第二人生,1.0,0.0
8624,22197005,歪,v,23,8,2040001,第二人生 (明日版),录音室专辑,2011-12-16,6,歪腰,第二人生,1.0,0.0
8625,22197005,腰,n,23,8,2040001,第二人生 (明日版),录音室专辑,2011-12-16,6,歪腰,第二人生,1.0,0.0
8626,22197005,的,uj,10,8,2040001,第二人生 (明日版),录音室专辑,2011-12-16,6,歪腰,第二人生,1.0,0.0
8627,22197005,也,d,9,8,2040001,第二人生 (明日版),录音室专辑,2011-12-16,6,歪腰,第二人生,1.0,0.0
8628,22197005,我,r,9,8,2040001,第二人生 (明日版),录音室专辑,2011-12-16,6,歪腰,第二人生,1.0,0.0
8629,22197005,就,d,7,8,2040001,第二人生 (明日版),录音室专辑,2011-12-16,6,歪腰,第二人生,1.0,0.0
8630,22197005,不会,v,7,8,2040001,第二人生 (明日版),录音室专辑,2011-12-16,6,歪腰,第二人生,1.0,0.0
8631,22197005,是,v,6,8,2040001,第二人生 (明日版),录音室专辑,2011-12-16,6,歪腰,第二人生,1.0,0.0
8632,22197005,鬼,n,6,8,2040001,第二人生 (明日版),录音室专辑,2011-12-16,6,歪腰,第二人生,1.0,0.0
8633,22197005,就算,v,5,8,2040001,第二人生 (明日版),录音室专辑,2011-12-16,6,歪腰,第二人生,1.0,0.0
8634,22197005,坏掉,v,5,8,2040001,第二人生 (明日版),录音室专辑,2011-12-16,6,歪腰,第二人生,1.0,0.0
8635,22197005,谁,r,5,8,2040001,第二人生 (明日版),录音室专辑,2011-12-16,6,歪腰,第二人生,1.0,0.0
8636,22197005,命运,n,5,8,2040001,第二人生 (明日版),录音室专辑,2011-12-16,6,歪腰,第二人生,1.0,0.0
8637,22197005,不,d,5,8,2040001,第二人生 (明日版),录音室专辑,2011-12-16,6,歪腰,第二人生,1.0,0.0
8638,22197005,要,v,4,8,2040001,第二人生 (明日版),录音室专辑,2011-12-16,6,歪腰,第二人生,1.0,0.0
8639,22197005,管,v,4,8,2040001,第二人生 (明日版),录音室专辑,2011-12-16,6,歪腰,第二人生,1.0,0.0
8640,22197005,他,r,4,8,2040001,第二人生 (明日版),录音室专辑,2011-12-16,6,歪腰,第二人生,1.0,0.0
8641,22197005,偶尔,d,4,8,2040001,第二人生 (明日版),录音室专辑,2011-12-16,6,歪腰,第二人生,1.0,0.0
8642,22197005,会,v,4,8,2040001,第二人生 (明日版),录音室专辑,2011-12-16,6,歪腰,第二人生,1.0,0.0
8643,22197005,顶多,d,4,8,2040001,第二人生 (明日版),录音室专辑,2011-12-16,6,歪腰,第二人生,1.0,0.0
8644,22197005,求饶,v,4,8,2040001,第二人生 (明日版),录音室专辑,2011-12-16,6,歪腰,第二人生,1.0,0.0
8645,22197005,人生,n,3,8,2040001,第二人生 (明日版),录音室专辑,2011-12-16,6,歪腰,第二人生,1.0,0.0
8646,22197005,像是,v,3,8,2040001,第二人生 (明日版),录音室专辑,2011-12-16,6,歪腰,第二人生,1.0,0.0
8647,22197005,需要,v,3,8,2040001,第二人生 (明日版),录音室专辑,2011-12-16,6,歪腰,第二人生,1.0,0.0
8648,22197005,坏,a,3,8,2040001,第二人生 (明日版),录音室专辑,2011-12-16,6,歪腰,第二人生,1.0,0.0
8649,22197005,好好笑,l,3,8,2040001,第二人生 (明日版),录音室专辑,2011-12-16,6,歪腰,第二人生,1.0,0.0
8650,22197005,吼,v,3,8,2040001,第二人生 (明日版),录音室专辑,2011-12-16,6,歪腰,第二人生,1.0,0.0
8651,22197005,叫,v,3,8,2040001,第二人生 (明日版),录音室专辑,2011-12-16,6,歪腰,第二人生,1.0,0.0
8652,22197005,搞笑,v,3,8,2040001,第二人生 (明日版),录音室专辑,2011-12-16,6,歪腰,第二人生,1.0,0.0
8653,22197005,绝对,d,3,8,2040001,第二人生 (明日版),录音室专辑,2011-12-16,6,歪腰,第二人生,1.0,0.0
8654,22197005,就是,d,2,8,2040001,第二人生 (明日版),录音室专辑,2011-12-16,6,歪腰,第二人生,1.0,0.0
8655,22197005,又,d,2,8,2040001,第二人生 (明日版),录音室专辑,2011-12-16,6,歪腰,第二人生,1.0,0.0
8656,22197005,没,v,2,8,2040001,第二人生 (明日版),录音室专辑,2011-12-16,6,歪腰,第二人生,1.0,0.0
8657,22197005,来,v,2,8,2040001,第二人生 (明日版),录音室专辑,2011-12-16,6,歪腰,第二人生,1.0,0.0
8658,22197005,上,f,2,8,2040001,第二人生 (明日版),录音室专辑,2011-12-16,6,歪腰,第二人生,1.0,0.0
8659,22197005,最,d,2,8,2040001,第二人生 (明日版),录音室专辑,2011-12-16,6,歪腰,第二人生,1.0,0.0
8660,22197005,越,d,2,8,2040001,第二人生 (明日版),录音室专辑,2011-12-16,6,歪腰,第二人生,1.0,0.0
8661,22197005,能,v,2,8,2040001,第二人生 (明日版),录音室专辑,2011-12-16,6,歪腰,第二人生,1.0,0.0
8662,22197005,到,v,2,8,2040001,第二人生 (明日版),录音室专辑,2011-12-16,6,歪腰,第二人生,1.0,0.0
8663,22197005,天生,n,1,8,2040001,第二人生 (明日版),录音室专辑,2011-12-16,6,歪腰,第二人生,1.0,0.0
8664,22197005,毛毛,nr,1,8,2040001,第二人生 (明日版),录音室专辑,2011-12-16,6,歪腰,第二人生,1.0,0.0
8665,22197005,躁躁,a,1,8,2040001,第二人生 (明日版),录音室专辑,2011-12-16,6,歪腰,第二人生,1.0,0.0
8666,22197005,冒冒失失,i,1,8,2040001,第二人生 (明日版),录音室专辑,2011-12-16,6,歪腰,第二人生,1.0,0.0
8667,22197005,乱糟糟,z,1,8,2040001,第二人生 (明日版),录音室专辑,2011-12-16,6,歪腰,第二人生,1.0,0.0
8668,22197005,乱,d,1,8,2040001,第二人生 (明日版),录音室专辑,2011-12-16,6,歪腰,第二人生,1.0,0.0
8669,22197005,大脑,n,1,8,2040001,第二人生 (明日版),录音室专辑,2011-12-16,6,歪腰,第二人生,1.0,0.0
8670,22197005,刚好,d,1,8,2040001,第二人生 (明日版),录音室专辑,2011-12-16,6,歪腰,第二人生,1.0,0.0
8671,22197005,烦恼,a,1,8,2040001,第二人生 (明日版),录音室专辑,2011-12-16,6,歪腰,第二人生,1.0,0.0
8672,22197005,省事,n,1,8,2040001,第二人生 (明日版),录音室专辑,2011-12-16,6,歪腰,第二人生,1.0,0.0
8673,22197005,不少,d,1,8,2040001,第二人生 (明日版),录音室专辑,2011-12-16,6,歪腰,第二人生,1.0,0.0
8674,22197005,明天,t,1,8,2040001,第二人生 (明日版),录音室专辑,2011-12-16,6,歪腰,第二人生,1.0,0.0
8675,22197005,末日,t,1,8,2040001,第二人生 (明日版),录音室专辑,2011-12-16,6,歪腰,第二人生,1.0,0.0
8676,22197005,来到,v,1,8,2040001,第二人生 (明日版),录音室专辑,2011-12-16,6,歪腰,第二人生,1.0,0.0
8677,22197005,今晚,t,1,8,2040001,第二人生 (明日版),录音室专辑,2011-12-16,6,歪腰,第二人生,1.0,0.0
8678,22197005,一样,r,1,8,2040001,第二人生 (明日版),录音室专辑,2011-12-16,6,歪腰,第二人生,1.0,0.0
8679,22197005,康熙,nrfg,1,8,2040001,第二人生 (明日版),录音室专辑,2011-12-16,6,歪腰,第二人生,1.0,0.0
8680,22197005,了,ul,1,8,2040001,第二人生 (明日版),录音室专辑,2011-12-16,6,歪腰,第二人生,1.0,0.0
8681,22197005,音效,n,1,8,2040001,第二人生 (明日版),录音室专辑,2011-12-16,6,歪腰,第二人生,1.0,0.0
8682,22197005,出现,v,1,8,2040001,第二人生 (明日版),录音室专辑,2011-12-16,6,歪腰,第二人生,1.0,0.0
8683,22197005,好,a,1,8,2040001,第二人生 (明日版),录音室专辑,2011-12-16,6,歪腰,第二人生,1.0,0.0
8684,22197005,惨变,v,1,8,2040001,第二人生 (明日版),录音室专辑,2011-12-16,6,歪腰,第二人生,1.0,0.0
8685,22197005,好笑,v,1,8,2040001,第二人生 (明日版),录音室专辑,2011-12-16,6,歪腰,第二人生,1.0,0.0
8686,22197005,整个,b,1,8,2040001,第二人生 (明日版),录音室专辑,2011-12-16,6,歪腰,第二人生,1.0,0.0
8687,22197005,歌手,n,1,8,2040001,第二人生 (明日版),录音室专辑,2011-12-16,6,歪腰,第二人生,1.0,0.0
8688,22197005,通告,n,1,8,2040001,第二人生 (明日版),录音室专辑,2011-12-16,6,歪腰,第二人生,1.0,0.0
8689,22197005,出其不意,i,1,8,2040001,第二人生 (明日版),录音室专辑,2011-12-16,6,歪腰,第二人生,1.0,0.0
8690,22197005,滑倒,v,1,8,2040001,第二人生 (明日版),录音室专辑,2011-12-16,6,歪腰,第二人生,1.0,0.0
8691,22197005,让,v,1,8,2040001,第二人生 (明日版),录音室专辑,2011-12-16,6,歪腰,第二人生,1.0,0.0
8692,22197005,眼泪,n,1,8,2040001,第二人生 (明日版),录音室专辑,2011-12-16,6,歪腰,第二人生,1.0,0.0
8693,22197005,交织,n,1,8,2040001,第二人生 (明日版),录音室专辑,2011-12-16,6,歪腰,第二人生,1.0,0.0
8694,22197005,哄堂,n,1,8,2040001,第二人生 (明日版),录音室专辑,2011-12-16,6,歪腰,第二人生,1.0,0.0
8695,22197005,大笑,v,1,8,2040001,第二人生 (明日版),录音室专辑,2011-12-16,6,歪腰,第二人生,1.0,0.0
8696,22197005,光荣,nr,1,8,2040001,第二人生 (明日版),录音室专辑,2011-12-16,6,歪腰,第二人生,1.0,0.0
8697,22197005,无论是,c,1,8,2040001,第二人生 (明日版),录音室专辑,2011-12-16,6,歪腰,第二人生,1.0,0.0
8698,22197005,无理,v,1,8,2040001,第二人生 (明日版),录音室专辑,2011-12-16,6,歪腰,第二人生,1.0,0.0
8699,22197005,取笑,v,1,8,2040001,第二人生 (明日版),录音室专辑,2011-12-16,6,歪腰,第二人生,1.0,0.0
8700,22197005,无论如何,l,1,8,2040001,第二人生 (明日版),录音室专辑,2011-12-16,6,歪腰,第二人生,1.0,0.0
8701,22197005,计较,v,1,8,2040001,第二人生 (明日版),录音室专辑,2011-12-16,6,歪腰,第二人生,1.0,0.0
8702,22197005,志向,n,1,8,2040001,第二人生 (明日版),录音室专辑,2011-12-16,6,歪腰,第二人生,1.0,0.0
8703,22197005,高越,d,1,8,2040001,第二人生 (明日版),录音室专辑,2011-12-16,6,歪腰,第二人生,1.0,0.0
8704,22197005,弯,v,1,8,2040001,第二人生 (明日版),录音室专辑,2011-12-16,6,歪腰,第二人生,1.0,0.0
8705,22197005,下腰,v,1,8,2040001,第二人生 (明日版),录音室专辑,2011-12-16,6,歪腰,第二人生,1.0,0.0
8706,22197005,连续剧,n,1,8,2040001,第二人生 (明日版),录音室专辑,2011-12-16,6,歪腰,第二人生,1.0,0.0
8707,22197005,预告,v,1,8,2040001,第二人生 (明日版),录音室专辑,2011-12-16,6,歪腰,第二人生,1.0,0.0
8708,22197005,排山倒海,i,1,8,2040001,第二人生 (明日版),录音室专辑,2011-12-16,6,歪腰,第二人生,1.0,0.0
8709,22197005,琼瑶,nr,1,8,2040001,第二人生 (明日版),录音室专辑,2011-12-16,6,歪腰,第二人生,1.0,0.0
8710,22197005,最后,f,1,8,2040001,第二人生 (明日版),录音室专辑,2011-12-16,6,歪腰,第二人生,1.0,0.0
8711,22197005,结局,n,1,8,2040001,第二人生 (明日版),录音室专辑,2011-12-16,6,歪腰,第二人生,1.0,0.0
8712,22197005,感人,n,1,8,2040001,第二人生 (明日版),录音室专辑,2011-12-16,6,歪腰,第二人生,1.0,0.0
8713,22197005,炸掉,v,1,8,2040001,第二人生 (明日版),录音室专辑,2011-12-16,6,歪腰,第二人生,1.0,0.0
8714,22197005,更,d,1,8,2040001,第二人生 (明日版),录音室专辑,2011-12-16,6,歪腰,第二人生,1.0,0.0
8715,22197005,剧情,n,1,8,2040001,第二人生 (明日版),录音室专辑,2011-12-16,6,歪腰,第二人生,1.0,0.0
8716,22197005,苦命,n,1,8,2040001,第二人生 (明日版),录音室专辑,2011-12-16,6,歪腰,第二人生,1.0,0.0
8717,22197005,荒谬,a,1,8,2040001,第二人生 (明日版),录音室专辑,2011-12-16,6,歪腰,第二人生,1.0,0.0
8718,22197005,好莱坞,ns,1,8,2040001,第二人生 (明日版),录音室专辑,2011-12-16,6,歪腰,第二人生,1.0,0.0
8719,22197005,主角,n,1,8,2040001,第二人生 (明日版),录音室专辑,2011-12-16,6,歪腰,第二人生,1.0,0.0
8720,22197005,只,d,1,8,2040001,第二人生 (明日版),录音室专辑,2011-12-16,6,歪腰,第二人生,1.0,0.0
8721,22197005,害怕,v,1,8,2040001,第二人生 (明日版),录音室专辑,2011-12-16,6,歪腰,第二人生,1.0,0.0
8722,22197005,灾难,n,1,8,2040001,第二人生 (明日版),录音室专辑,2011-12-16,6,歪腰,第二人生,1.0,0.0
8723,22197005,等级,b,1,8,2040001,第二人生 (明日版),录音室专辑,2011-12-16,6,歪腰,第二人生,1.0,0.0
8724,22197005,太,d,1,8,2040001,第二人生 (明日版),录音室专辑,2011-12-16,6,歪腰,第二人生,1.0,0.0
8725,22197005,无聊,a,1,8,2040001,第二人生 (明日版),录音室专辑,2011-12-16,6,歪腰,第二人生,1.0,0.0
8726,22197005,坐,v,1,8,2040001,第二人生 (明日版),录音室专辑,2011-12-16,6,歪腰,第二人生,1.0,0.0
8727,22197005,铁达尼,nr,1,8,2040001,第二人生 (明日版),录音室专辑,2011-12-16,6,歪腰,第二人生,1.0,0.0
8728,22197005,克,m,1,8,2040001,第二人生 (明日版),录音室专辑,2011-12-16,6,歪腰,第二人生,1.0,0.0
8729,22197005,号,m,1,8,2040001,第二人生 (明日版),录音室专辑,2011-12-16,6,歪腰,第二人生,1.0,0.0
8730,22197005,浪漫,a,1,8,2040001,第二人生 (明日版),录音室专辑,2011-12-16,6,歪腰,第二人生,1.0,0.0
8731,22197005,浪到,v,1,8,2040001,第二人生 (明日版),录音室专辑,2011-12-16,6,歪腰,第二人生,1.0,0.0
8732,22197005,炫耀,v,1,8,2040001,第二人生 (明日版),录音室专辑,2011-12-16,6,歪腰,第二人生,1.0,0.0
8733,22197005,很,d,1,8,2040001,第二人生 (明日版),录音室专辑,2011-12-16,6,歪腰,第二人生,1.0,0.0
8734,22197005,你,r,1,8,2040001,第二人生 (明日版),录音室专辑,2011-12-16,6,歪腰,第二人生,1.0,0.0
8735,22197005,吧,y,1,8,2040001,第二人生 (明日版),录音室专辑,2011-12-16,6,歪腰,第二人生,1.0,0.0
8736,22197007,的,uj,30,8,2040001,第二人生 (明日版),录音室专辑,2011-12-16,7,干杯,第二人生,1.0,0.0
8737,22197007,你,r,21,8,2040001,第二人生 (明日版),录音室专辑,2011-12-16,7,干杯,第二人生,1.0,0.0
8738,22197007,有,v,15,8,2040001,第二人生 (明日版),录音室专辑,2011-12-16,7,干杯,第二人生,1.0,0.0
8739,22197007,了,ul,13,8,2040001,第二人生 (明日版),录音室专辑,2011-12-16,7,干杯,第二人生,1.0,0.0
8740,22197007,我,r,12,8,2040001,第二人生 (明日版),录音室专辑,2011-12-16,7,干杯,第二人生,1.0,0.0
8741,22197007,会,v,11,8,2040001,第二人生 (明日版),录音室专辑,2011-12-16,7,干杯,第二人生,1.0,0.0
8742,22197007,一天,m,11,8,2040001,第二人生 (明日版),录音室专辑,2011-12-16,7,干杯,第二人生,1.0,0.0
8743,22197007,和,c,11,8,2040001,第二人生 (明日版),录音室专辑,2011-12-16,7,干杯,第二人生,1.0,0.0
8744,22197007,真的,d,8,8,2040001,第二人生 (明日版),录音室专辑,2011-12-16,7,干杯,第二人生,1.0,0.0
8745,22197007,再,d,7,8,2040001,第二人生 (明日版),录音室专辑,2011-12-16,7,干杯,第二人生,1.0,0.0
8746,22197007,不会,v,6,8,2040001,第二人生 (明日版),录音室专辑,2011-12-16,7,干杯,第二人生,1.0,0.0
8747,22197007,时间,n,6,8,2040001,第二人生 (明日版),录音室专辑,2011-12-16,7,干杯,第二人生,1.0,0.0
8748,22197007,世界,n,6,8,2040001,第二人生 (明日版),录音室专辑,2011-12-16,7,干杯,第二人生,1.0,0.0
8749,22197007,干,v,6,8,2040001,第二人生 (明日版),录音室专辑,2011-12-16,7,干杯,第二人生,1.0,0.0
8750,22197007,一杯,m,6,8,2040001,第二人生 (明日版),录音室专辑,2011-12-16,7,干杯,第二人生,1.0,0.0
8751,22197007,没,d,6,8,2040001,第二人生 (明日版),录音室专辑,2011-12-16,7,干杯,第二人生,1.0,0.0
8752,22197007,能,v,5,8,2040001,第二人生 (明日版),录音室专辑,2011-12-16,7,干杯,第二人生,1.0,0.0
8753,22197007,岁月,t,5,8,2040001,第二人生 (明日版),录音室专辑,2011-12-16,7,干杯,第二人生,1.0,0.0
8754,22197007,要,v,5,8,2040001,第二人生 (明日版),录音室专辑,2011-12-16,7,干杯,第二人生,1.0,0.0
8755,22197007,回忆,v,5,8,2040001,第二人生 (明日版),录音室专辑,2011-12-16,7,干杯,第二人生,1.0,0.0
8756,22197007,怀念,v,5,8,2040001,第二人生 (明日版),录音室专辑,2011-12-16,7,干杯,第二人生,1.0,0.0
8757,22197007,在,p,5,8,2040001,第二人生 (明日版),录音室专辑,2011-12-16,7,干杯,第二人生,1.0,0.0
8758,22197007,等,u,5,8,2040001,第二人生 (明日版),录音室专辑,2011-12-16,7,干杯,第二人生,1.0,0.0
8759,22197007,都,d,5,8,2040001,第二人生 (明日版),录音室专辑,2011-12-16,7,干杯,第二人生,1.0,0.0
8760,22197007,倒退,v,4,8,2040001,第二人生 (明日版),录音室专辑,2011-12-16,7,干杯,第二人生,1.0,0.0
8761,22197007,退回,v,4,8,2040001,第二人生 (明日版),录音室专辑,2011-12-16,7,干杯,第二人生,1.0,0.0
8762,22197007,回不去,v,4,8,2040001,第二人生 (明日版),录音室专辑,2011-12-16,7,干杯,第二人生,1.0,0.0
8763,22197007,悠悠的,z,4,8,2040001,第二人生 (明日版),录音室专辑,2011-12-16,7,干杯,第二人生,1.0,0.0
8764,22197007,也许,d,4,8,2040001,第二人生 (明日版),录音室专辑,2011-12-16,7,干杯,第二人生,1.0,0.0
8765,22197007,终点,n,4,8,2040001,第二人生 (明日版),录音室专辑,2011-12-16,7,干杯,第二人生,1.0,0.0
8766,22197007,也,d,4,8,2040001,第二人生 (明日版),录音室专辑,2011-12-16,7,干杯,第二人生,1.0,0.0
8767,22197007,举起,v,4,8,2040001,第二人生 (明日版),录音室专辑,2011-12-16,7,干杯,第二人生,1.0,0.0
8768,22197007,酿,v,4,8,2040001,第二人生 (明日版),录音室专辑,2011-12-16,7,干杯,第二人生,1.0,0.0
8769,22197007,甜,n,4,8,2040001,第二人生 (明日版),录音室专辑,2011-12-16,7,干杯,第二人生,1.0,0.0
8770,22197007,那,r,4,8,2040001,第二人生 (明日版),录音室专辑,2011-12-16,7,干杯,第二人生,1.0,0.0
8771,22197007,是,v,4,8,2040001,第二人生 (明日版),录音室专辑,2011-12-16,7,干杯,第二人生,1.0,0.0
8772,22197007,着,uz,4,8,2040001,第二人生 (明日版),录音室专辑,2011-12-16,7,干杯,第二人生,1.0,0.0
8773,22197007,就是,d,4,8,2040001,第二人生 (明日版),录音室专辑,2011-12-16,7,干杯,第二人生,1.0,0.0
8774,22197007,那个,r,3,8,2040001,第二人生 (明日版),录音室专辑,2011-12-16,7,干杯,第二人生,1.0,0.0
8775,22197007,边,d,3,8,2040001,第二人生 (明日版),录音室专辑,2011-12-16,7,干杯,第二人生,1.0,0.0
8776,22197007,年,m,3,8,2040001,第二人生 (明日版),录音室专辑,2011-12-16,7,干杯,第二人生,1.0,0.0
8777,22197007,买,v,3,8,2040001,第二人生 (明日版),录音室专辑,2011-12-16,7,干杯,第二人生,1.0,0.0
8778,22197007,却,d,3,8,2040001,第二人生 (明日版),录音室专辑,2011-12-16,7,干杯,第二人生,1.0,0.0
8779,22197007,停,v,3,8,2040001,第二人生 (明日版),录音室专辑,2011-12-16,7,干杯,第二人生,1.0,0.0
8780,22197007,又,d,3,8,2040001,第二人生 (明日版),录音室专辑,2011-12-16,7,干杯,第二人生,1.0,0.0
8781,22197007,眼泪,n,2,8,2040001,第二人生 (明日版),录音室专辑,2011-12-16,7,干杯,第二人生,1.0,0.0
8782,22197007,喝,vg,2,8,2040001,第二人生 (明日版),录音室专辑,2011-12-16,7,干杯,第二人生,1.0,0.0
8783,22197007,到,v,2,8,2040001,第二人生 (明日版),录音室专辑,2011-12-16,7,干杯,第二人生,1.0,0.0
8784,22197007,未来,t,2,8,2040001,第二人生 (明日版),录音室专辑,2011-12-16,7,干杯,第二人生,1.0,0.0
8785,22197007,为什么,r,2,8,2040001,第二人生 (明日版),录音室专辑,2011-12-16,7,干杯,第二人生,1.0,0.0
8786,22197007,身边,s,2,8,2040001,第二人生 (明日版),录音室专辑,2011-12-16,7,干杯,第二人生,1.0,0.0
8787,22197007,永远,d,2,8,2040001,第二人生 (明日版),录音室专辑,2011-12-16,7,干杯,第二人生,1.0,0.0
8788,22197007,追,v,2,8,2040001,第二人生 (明日版),录音室专辑,2011-12-16,7,干杯,第二人生,1.0,0.0
8789,22197007,只有,c,2,8,2040001,第二人生 (明日版),录音室专辑,2011-12-16,7,干杯,第二人生,1.0,0.0
8790,22197007,成熟,a,2,8,2040001,第二人生 (明日版),录音室专辑,2011-12-16,7,干杯,第二人生,1.0,0.0
8791,22197007,越,d,2,8,2040001,第二人生 (明日版),录音室专辑,2011-12-16,7,干杯,第二人生,1.0,0.0
8792,22197007,好想,v,2,8,2040001,第二人生 (明日版),录音室专辑,2011-12-16,7,干杯,第二人生,1.0,0.0
8793,22197007,流泪,n,2,8,2040001,第二人生 (明日版),录音室专辑,2011-12-16,7,干杯,第二人生,1.0,0.0
8794,22197007,他,r,2,8,2040001,第二人生 (明日版),录音室专辑,2011-12-16,7,干杯,第二人生,1.0,0.0
8795,22197007,谁,r,2,8,2040001,第二人生 (明日版),录音室专辑,2011-12-16,7,干杯,第二人生,1.0,0.0
8796,22197007,黑,a,2,8,2040001,第二人生 (明日版),录音室专辑,2011-12-16,7,干杯,第二人生,1.0,0.0
8797,22197007,亮,v,2,8,2040001,第二人生 (明日版),录音室专辑,2011-12-16,7,干杯,第二人生,1.0,0.0
8798,22197007,今天,t,2,8,2040001,第二人生 (明日版),录音室专辑,2011-12-16,7,干杯,第二人生,1.0,0.0
8799,22197007,岁,m,2,8,2040001,第二人生 (明日版),录音室专辑,2011-12-16,7,干杯,第二人生,1.0,0.0
8800,22197007,他们,r,2,8,2040001,第二人生 (明日版),录音室专辑,2011-12-16,7,干杯,第二人生,1.0,0.0
8801,22197007,回来,v,2,8,2040001,第二人生 (明日版),录音室专辑,2011-12-16,7,干杯,第二人生,1.0,0.0
8802,22197007,人,n,2,8,2040001,第二人生 (明日版),录音室专辑,2011-12-16,7,干杯,第二人生,1.0,0.0
8803,22197007,啊,y,2,8,2040001,第二人生 (明日版),录音室专辑,2011-12-16,7,干杯,第二人生,1.0,0.0
8804,22197007,来到,v,2,8,2040001,第二人生 (明日版),录音室专辑,2011-12-16,7,干杯,第二人生,1.0,0.0
8805,22197007,如果说,c,1,8,2040001,第二人生 (明日版),录音室专辑,2011-12-16,7,干杯,第二人生,1.0,0.0
8806,22197007,选出,v,1,8,2040001,第二人生 (明日版),录音室专辑,2011-12-16,7,干杯,第二人生,1.0,0.0
8807,22197007,代表,n,1,8,2040001,第二人生 (明日版),录音室专辑,2011-12-16,7,干杯,第二人生,1.0,0.0
8808,22197007,青春,n,1,8,2040001,第二人生 (明日版),录音室专辑,2011-12-16,7,干杯,第二人生,1.0,0.0
8809,22197007,画面,n,1,8,2040001,第二人生 (明日版),录音室专辑,2011-12-16,7,干杯,第二人生,1.0,0.0
8810,22197007,浮现,v,1,8,2040001,第二人生 (明日版),录音室专辑,2011-12-16,7,干杯,第二人生,1.0,0.0
8811,22197007,滴,v,1,8,2040001,第二人生 (明日版),录音室专辑,2011-12-16,7,干杯,第二人生,1.0,0.0
8812,22197007,片,q,1,8,2040001,第二人生 (明日版),录音室专辑,2011-12-16,7,干杯,第二人生,1.0,0.0
8813,22197007,蓝天,nr,1,8,2040001,第二人生 (明日版),录音室专辑,2011-12-16,7,干杯,第二人生,1.0,0.0
8814,22197007,那年,r,1,8,2040001,第二人生 (明日版),录音室专辑,2011-12-16,7,干杯,第二人生,1.0,0.0
8815,22197007,毕业,n,1,8,2040001,第二人生 (明日版),录音室专辑,2011-12-16,7,干杯,第二人生,1.0,0.0
8816,22197007,一张,m,1,8,2040001,第二人生 (明日版),录音室专辑,2011-12-16,7,干杯,第二人生,1.0,0.0
8817,22197007,哭,v,1,8,2040001,第二人生 (明日版),录音室专辑,2011-12-16,7,干杯,第二人生,1.0,0.0
8818,22197007,笑,v,1,8,2040001,第二人生 (明日版),录音室专辑,2011-12-16,7,干杯,第二人生,1.0,0.0
8819,22197007,还要,c,1,8,2040001,第二人生 (明日版),录音室专辑,2011-12-16,7,干杯,第二人生,1.0,0.0
8820,22197007,拥抱,v,1,8,2040001,第二人生 (明日版),录音室专辑,2011-12-16,7,干杯,第二人生,1.0,0.0
8821,22197007,脸,n,1,8,2040001,第二人生 (明日版),录音室专辑,2011-12-16,7,干杯,第二人生,1.0,0.0
8822,22197007,想,v,1,8,2040001,第二人生 (明日版),录音室专辑,2011-12-16,7,干杯,第二人生,1.0,0.0
8823,22197007,起来,v,1,8,2040001,第二人生 (明日版),录音室专辑,2011-12-16,7,干杯,第二人生,1.0,0.0
8824,22197007,可爱,v,1,8,2040001,第二人生 (明日版),录音室专辑,2011-12-16,7,干杯,第二人生,1.0,0.0
8825,22197007,可怜,v,1,8,2040001,第二人生 (明日版),录音室专辑,2011-12-16,7,干杯,第二人生,1.0,0.0
8826,22197007,可歌可泣,l,1,8,2040001,第二人生 (明日版),录音室专辑,2011-12-16,7,干杯,第二人生,1.0,0.0
8827,22197007,可是,c,1,8,2040001,第二人生 (明日版),录音室专辑,2011-12-16,7,干杯,第二人生,1.0,0.0
8828,22197007,多,m,1,8,2040001,第二人生 (明日版),录音室专辑,2011-12-16,7,干杯,第二人生,1.0,0.0
8829,22197007,总是,c,1,8,2040001,第二人生 (明日版),录音室专辑,2011-12-16,7,干杯,第二人生,1.0,0.0
8830,22197007,突然,ad,1,8,2040001,第二人生 (明日版),录音室专辑,2011-12-16,7,干杯,第二人生,1.0,0.0
8831,22197007,不,d,1,8,2040001,第二人生 (明日版),录音室专辑,2011-12-16,7,干杯,第二人生,1.0,0.0
8832,22197007,谈,v,1,8,2040001,第二人生 (明日版),录音室专辑,2011-12-16,7,干杯,第二人生,1.0,0.0
8833,22197007,条件,n,1,8,2040001,第二人生 (明日版),录音室专辑,2011-12-16,7,干杯,第二人生,1.0,0.0
8834,22197007,当,t,1,8,2040001,第二人生 (明日版),录音室专辑,2011-12-16,7,干杯,第二人生,1.0,0.0
8835,22197007,冲破,vn,1,8,2040001,第二人生 (明日版),录音室专辑,2011-12-16,7,干杯,第二人生,1.0,0.0
8836,22197007,考卷,v,1,8,2040001,第二人生 (明日版),录音室专辑,2011-12-16,7,干杯,第二人生,1.0,0.0
8837,22197007,冲出,v,1,8,2040001,第二人生 (明日版),录音室专辑,2011-12-16,7,干杯,第二人生,1.0,0.0
8838,22197007,眼前,t,1,8,2040001,第二人生 (明日版),录音室专辑,2011-12-16,7,干杯,第二人生,1.0,0.0
8839,22197007,留,v,1,8,2040001,第二人生 (明日版),录音室专辑,2011-12-16,7,干杯,第二人生,1.0,0.0
8840,22197007,汗水,n,1,8,2040001,第二人生 (明日版),录音室专辑,2011-12-16,7,干杯,第二人生,1.0,0.0
8841,22197007,汽水,n,1,8,2040001,第二人生 (明日版),录音室专辑,2011-12-16,7,干杯,第二人生,1.0,0.0
8842,22197007,操场,n,1,8,2040001,第二人生 (明日版),录音室专辑,2011-12-16,7,干杯,第二人生,1.0,0.0
8843,22197007,说好,v,1,8,2040001,第二人生 (明日版),录音室专辑,2011-12-16,7,干杯,第二人生,1.0,0.0
8844,22197007,无论如何,l,1,8,2040001,第二人生 (明日版),录音室专辑,2011-12-16,7,干杯,第二人生,1.0,0.0
8845,22197007,一起,m,1,8,2040001,第二人生 (明日版),录音室专辑,2011-12-16,7,干杯,第二人生,1.0,0.0
8846,22197007,走,v,1,8,2040001,第二人生 (明日版),录音室专辑,2011-12-16,7,干杯,第二人生,1.0,0.0
8847,22197007,现在,t,1,8,2040001,第二人生 (明日版),录音室专辑,2011-12-16,7,干杯,第二人生,1.0,0.0
8848,22197007,不是,c,1,8,2040001,第二人生 (明日版),录音室专辑,2011-12-16,7,干杯,第二人生,1.0,0.0
8849,22197007,同,p,1,8,2040001,第二人生 (明日版),录音室专辑,2011-12-16,7,干杯,第二人生,1.0,0.0
8850,22197007,一边,d,1,8,2040001,第二人生 (明日版),录音室专辑,2011-12-16,7,干杯,第二人生,1.0,0.0
8851,22197007,友情,n,1,8,2040001,第二人生 (明日版),录音室专辑,2011-12-16,7,干杯,第二人生,1.0,0.0
8852,22197007,曾,d,1,8,2040001,第二人生 (明日版),录音室专辑,2011-12-16,7,干杯,第二人生,1.0,0.0
8853,22197007,像,v,1,8,2040001,第二人生 (明日版),录音室专辑,2011-12-16,7,干杯,第二人生,1.0,0.0
8854,22197007,诺亚方舟,nz,1,8,2040001,第二人生 (明日版),录音室专辑,2011-12-16,7,干杯,第二人生,1.0,0.0
8855,22197007,坚强,v,1,8,2040001,第二人生 (明日版),录音室专辑,2011-12-16,7,干杯,第二人生,1.0,0.0
8856,22197007,誓言,n,1,8,2040001,第二人生 (明日版),录音室专辑,2011-12-16,7,干杯,第二人生,1.0,0.0
8857,22197007,只是,c,1,8,2040001,第二人生 (明日版),录音室专辑,2011-12-16,7,干杯,第二人生,1.0,0.0
8858,22197007,望,v,1,8,2040001,第二人生 (明日版),录音室专辑,2011-12-16,7,干杯,第二人生,1.0,0.0
8859,22197007,海面,n,1,8,2040001,第二人生 (明日版),录音室专辑,2011-12-16,7,干杯,第二人生,1.0,0.0
8860,22197007,模糊,a,1,8,2040001,第二人生 (明日版),录音室专辑,2011-12-16,7,干杯,第二人生,1.0,0.0
8861,22197007,视线,n,1,8,2040001,第二人生 (明日版),录音室专辑,2011-12-16,7,干杯,第二人生,1.0,0.0
8862,22197007,这些,r,1,8,2040001,第二人生 (明日版),录音室专辑,2011-12-16,7,干杯,第二人生,1.0,0.0
8863,22197007,四轮,m,1,8,2040001,第二人生 (明日版),录音室专辑,2011-12-16,7,干杯,第二人生,1.0,0.0
8864,22197007,手表,n,1,8,2040001,第二人生 (明日版),录音室专辑,2011-12-16,7,干杯,第二人生,1.0,0.0
8865,22197007,单眼,n,1,8,2040001,第二人生 (明日版),录音室专辑,2011-12-16,7,干杯,第二人生,1.0,0.0
8866,22197007,发现,v,1,8,2040001,第二人生 (明日版),录音室专辑,2011-12-16,7,干杯,第二人生,1.0,0.0
8867,22197007,不到,v,1,8,2040001,第二人生 (明日版),录音室专辑,2011-12-16,7,干杯,第二人生,1.0,0.0
8868,22197007,不了,v,1,8,2040001,第二人生 (明日版),录音室专辑,2011-12-16,7,干杯,第二人生,1.0,0.0
8869,22197007,还是,c,1,8,2040001,第二人生 (明日版),录音室专辑,2011-12-16,7,干杯,第二人生,1.0,0.0
8870,22197007,那些,r,1,8,2040001,第二人生 (明日版),录音室专辑,2011-12-16,7,干杯,第二人生,1.0,0.0
8871,22197007,人生,n,1,8,2040001,第二人生 (明日版),录音室专辑,2011-12-16,7,干杯,第二人生,1.0,0.0
8872,22197007,认命,v,1,8,2040001,第二人生 (明日版),录音室专辑,2011-12-16,7,干杯,第二人生,1.0,0.0
8873,22197007,只能,v,1,8,2040001,第二人生 (明日版),录音室专辑,2011-12-16,7,干杯,第二人生,1.0,0.0
8874,22197007,宿命,n,1,8,2040001,第二人生 (明日版),录音室专辑,2011-12-16,7,干杯,第二人生,1.0,0.0
8875,22197007,只好,d,1,8,2040001,第二人生 (明日版),录音室专辑,2011-12-16,7,干杯,第二人生,1.0,0.0
8876,22197007,宿醉,nr,1,8,2040001,第二人生 (明日版),录音室专辑,2011-12-16,7,干杯,第二人生,1.0,0.0
8877,22197007,只,d,1,8,2040001,第二人生 (明日版),录音室专辑,2011-12-16,7,干杯,第二人生,1.0,0.0
8878,22197007,剩下,v,1,8,2040001,第二人生 (明日版),录音室专辑,2011-12-16,7,干杯,第二人生,1.0,0.0
8879,22197007,高,a,1,8,2040001,第二人生 (明日版),录音室专辑,2011-12-16,7,干杯,第二人生,1.0,0.0
8880,22197007,笑点,n,1,8,2040001,第二人生 (明日版),录音室专辑,2011-12-16,7,干杯,第二人生,1.0,0.0
8881,22197007,低,a,1,8,2040001,第二人生 (明日版),录音室专辑,2011-12-16,7,干杯,第二人生,1.0,0.0
8882,22197007,哭点,n,1,8,2040001,第二人生 (明日版),录音室专辑,2011-12-16,7,干杯,第二人生,1.0,0.0
8883,22197007,点,m,1,8,2040001,第二人生 (明日版),录音室专辑,2011-12-16,7,干杯,第二人生,1.0,0.0
8884,22197007,幻想,n,1,8,2040001,第二人生 (明日版),录音室专辑,2011-12-16,7,干杯,第二人生,1.0,0.0
8885,22197007,幻灭,v,1,8,2040001,第二人生 (明日版),录音室专辑,2011-12-16,7,干杯,第二人生,1.0,0.0
8886,22197007,一场,m,1,8,2040001,第二人生 (明日版),录音室专辑,2011-12-16,7,干杯,第二人生,1.0,0.0
8887,22197007,磨炼,v,1,8,2040001,第二人生 (明日版),录音室专辑,2011-12-16,7,干杯,第二人生,1.0,0.0
8888,22197007,梦想,n,1,8,2040001,第二人生 (明日版),录音室专辑,2011-12-16,7,干杯,第二人生,1.0,0.0
8889,22197007,磨,v,1,8,2040001,第二人生 (明日版),录音室专辑,2011-12-16,7,干杯,第二人生,1.0,0.0
8890,22197007,小小,b,1,8,2040001,第二人生 (明日版),录音室专辑,2011-12-16,7,干杯,第二人生,1.0,0.0
8891,22197007,不见,v,1,8,2040001,第二人生 (明日版),录音室专辑,2011-12-16,7,干杯,第二人生,1.0,0.0
8892,22197007,有时候,l,1,8,2040001,第二人生 (明日版),录音室专辑,2011-12-16,7,干杯,第二人生,1.0,0.0
8893,22197007,期待,vn,1,8,2040001,第二人生 (明日版),录音室专辑,2011-12-16,7,干杯,第二人生,1.0,0.0
8894,22197007,开,v,1,8,2040001,第二人生 (明日版),录音室专辑,2011-12-16,7,干杯,第二人生,1.0,0.0
8895,22197007,个,q,1,8,2040001,第二人生 (明日版),录音室专辑,2011-12-16,7,干杯,第二人生,1.0,0.0
8896,22197007,同学会,n,1,8,2040001,第二人生 (明日版),录音室专辑,2011-12-16,7,干杯,第二人生,1.0,0.0
8897,22197007,等你你,b,1,8,2040001,第二人生 (明日版),录音室专辑,2011-12-16,7,干杯,第二人生,1.0,0.0
8898,22197007,孩子,n,1,8,2040001,第二人生 (明日版),录音室专辑,2011-12-16,7,干杯,第二人生,1.0,0.0
8899,22197007,没睡,v,1,8,2040001,第二人生 (明日版),录音室专辑,2011-12-16,7,干杯,第二人生,1.0,0.0
8900,22197007,电话,n,1,8,2040001,第二人生 (明日版),录音室专辑,2011-12-16,7,干杯,第二人生,1.0,0.0
8901,22197007,电,n,1,8,2040001,第二人生 (明日版),录音室专辑,2011-12-16,7,干杯,第二人生,1.0,0.0
8902,22197007,心情,n,1,8,2040001,第二人生 (明日版),录音室专辑,2011-12-16,7,干杯,第二人生,1.0,0.0
8903,22197007,准备,v,1,8,2040001,第二人生 (明日版),录音室专辑,2011-12-16,7,干杯,第二人生,1.0,0.0
8904,22197007,天空,n,1,8,2040001,第二人生 (明日版),录音室专辑,2011-12-16,7,干杯,第二人生,1.0,0.0
8905,22197007,不断,d,1,8,2040001,第二人生 (明日版),录音室专辑,2011-12-16,7,干杯,第二人生,1.0,0.0
8906,22197007,光阴,n,1,8,2040001,第二人生 (明日版),录音室专辑,2011-12-16,7,干杯,第二人生,1.0,0.0
8907,22197007,沧海桑田,ns,1,8,2040001,第二人生 (明日版),录音室专辑,2011-12-16,7,干杯,第二人生,1.0,0.0
8908,22197007,远走高飞,i,1,8,2040001,第二人生 (明日版),录音室专辑,2011-12-16,7,干杯,第二人生,1.0,0.0
8909,22197007,力气,n,1,8,2040001,第二人生 (明日版),录音室专辑,2011-12-16,7,干杯,第二人生,1.0,0.0
8910,22197007,终究会,n,1,8,2040001,第二人生 (明日版),录音室专辑,2011-12-16,7,干杯,第二人生,1.0,0.0
8911,22197007,我们,r,1,8,2040001,第二人生 (明日版),录音室专辑,2011-12-16,7,干杯,第二人生,1.0,0.0
8912,22197007,变成,v,1,8,2040001,第二人生 (明日版),录音室专辑,2011-12-16,7,干杯,第二人生,1.0,0.0
8913,22197007,昨天,t,1,8,2040001,第二人生 (明日版),录音室专辑,2011-12-16,7,干杯,第二人生,1.0,0.0
8914,22197007,陪,v,1,8,2040001,第二人生 (明日版),录音室专辑,2011-12-16,7,干杯,第二人生,1.0,0.0
8915,22197007,走过,v,1,8,2040001,第二人生 (明日版),录音室专辑,2011-12-16,7,干杯,第二人生,1.0,0.0
8916,22197007,一生,m,1,8,2040001,第二人生 (明日版),录音室专辑,2011-12-16,7,干杯,第二人生,1.0,0.0
8917,22197007,一回,m,1,8,2040001,第二人生 (明日版),录音室专辑,2011-12-16,7,干杯,第二人生,1.0,0.0
8918,22197007,匆匆,z,1,8,2040001,第二人生 (明日版),录音室专辑,2011-12-16,7,干杯,第二人生,1.0,0.0
8919,22197007,人间,n,1,8,2040001,第二人生 (明日版),录音室专辑,2011-12-16,7,干杯,第二人生,1.0,0.0
8920,22197007,说出,v,1,8,2040001,第二人生 (明日版),录音室专辑,2011-12-16,7,干杯,第二人生,1.0,0.0
8921,22197007,一直,d,1,8,2040001,第二人生 (明日版),录音室专辑,2011-12-16,7,干杯,第二人生,1.0,0.0
8922,22197007,说,v,1,8,2040001,第二人生 (明日版),录音室专辑,2011-12-16,7,干杯,第二人生,1.0,0.0
8923,22197007,对,p,1,8,2040001,第二人生 (明日版),录音室专辑,2011-12-16,7,干杯,第二人生,1.0,0.0
8924,22197007,感谢,v,1,8,2040001,第二人生 (明日版),录音室专辑,2011-12-16,7,干杯,第二人生,1.0,0.0
8925,22197007,就,d,1,8,2040001,第二人生 (明日版),录音室专辑,2011-12-16,7,干杯,第二人生,1.0,0.0
8926,22197007,万岁,m,1,8,2040001,第二人生 (明日版),录音室专辑,2011-12-16,7,干杯,第二人生,1.0,0.0
8927,22197008,的,uj,16,8,2040001,第二人生 (明日版),录音室专辑,2011-12-16,8,仓颉,第二人生,1.0,0.0
8928,22197008,多,m,15,8,2040001,第二人生 (明日版),录音室专辑,2011-12-16,8,仓颉,第二人生,1.0,0.0
8929,22197008,想,v,14,8,2040001,第二人生 (明日版),录音室专辑,2011-12-16,8,仓颉,第二人生,1.0,0.0
8930,22197008,你,r,14,8,2040001,第二人生 (明日版),录音室专辑,2011-12-16,8,仓颉,第二人生,1.0,0.0
8931,22197008,和,c,7,8,2040001,第二人生 (明日版),录音室专辑,2011-12-16,8,仓颉,第二人生,1.0,0.0
8932,22197008,有,v,5,8,2040001,第二人生 (明日版),录音室专辑,2011-12-16,8,仓颉,第二人生,1.0,0.0
8933,22197008,能,v,5,8,2040001,第二人生 (明日版),录音室专辑,2011-12-16,8,仓颉,第二人生,1.0,0.0
8934,22197008,描写,v,4,8,2040001,第二人生 (明日版),录音室专辑,2011-12-16,8,仓颉,第二人生,1.0,0.0
8935,22197008,想念,v,4,8,2040001,第二人生 (明日版),录音室专辑,2011-12-16,8,仓颉,第二人生,1.0,0.0
8936,22197008,我,r,4,8,2040001,第二人生 (明日版),录音室专辑,2011-12-16,8,仓颉,第二人生,1.0,0.0
8937,22197008,都,d,4,8,2040001,第二人生 (明日版),录音室专辑,2011-12-16,8,仓颉,第二人生,1.0,0.0
8938,22197008,穿越,v,4,8,2040001,第二人生 (明日版),录音室专辑,2011-12-16,8,仓颉,第二人生,1.0,0.0
8939,22197008,飞天,n,4,8,2040001,第二人生 (明日版),录音室专辑,2011-12-16,8,仓颉,第二人生,1.0,0.0
8940,22197008,变成,v,4,8,2040001,第二人生 (明日版),录音室专辑,2011-12-16,8,仓颉,第二人生,1.0,0.0
8941,22197008,造字,n,4,8,2040001,第二人生 (明日版),录音室专辑,2011-12-16,8,仓颉,第二人生,1.0,0.0
8942,22197008,仓颉,nr,4,8,2040001,第二人生 (明日版),录音室专辑,2011-12-16,8,仓颉,第二人生,1.0,0.0
8943,22197008,让,v,4,8,2040001,第二人生 (明日版),录音室专辑,2011-12-16,8,仓颉,第二人生,1.0,0.0
8944,22197008,一个,m,3,8,2040001,第二人生 (明日版),录音室专辑,2011-12-16,8,仓颉,第二人生,1.0,0.0
8945,22197008,遥远,a,3,8,2040001,第二人生 (明日版),录音室专辑,2011-12-16,8,仓颉,第二人生,1.0,0.0
8946,22197008,纠结,v,3,8,2040001,第二人生 (明日版),录音室专辑,2011-12-16,8,仓颉,第二人生,1.0,0.0
8947,22197008,无法,n,3,8,2040001,第二人生 (明日版),录音室专辑,2011-12-16,8,仓颉,第二人生,1.0,0.0
8948,22197008,疼痛,n,3,8,2040001,第二人生 (明日版),录音室专辑,2011-12-16,8,仓颉,第二人生,1.0,0.0
8949,22197008,疯癫,z,3,8,2040001,第二人生 (明日版),录音室专辑,2011-12-16,8,仓颉,第二人生,1.0,0.0
8950,22197008,看不见,v,3,8,2040001,第二人生 (明日版),录音室专辑,2011-12-16,8,仓颉,第二人生,1.0,0.0
8951,22197008,写出,v,3,8,2040001,第二人生 (明日版),录音室专辑,2011-12-16,8,仓颉,第二人生,1.0,0.0
8952,22197008,需要,v,3,8,2040001,第二人生 (明日版),录音室专辑,2011-12-16,8,仓颉,第二人生,1.0,0.0
8953,22197008,了,ul,2,8,2040001,第二人生 (明日版),录音室专辑,2011-12-16,8,仓颉,第二人生,1.0,0.0
8954,22197008,最,d,2,8,2040001,第二人生 (明日版),录音室专辑,2011-12-16,8,仓颉,第二人生,1.0,0.0
8955,22197008,快,d,2,8,2040001,第二人生 (明日版),录音室专辑,2011-12-16,8,仓颉,第二人生,1.0,0.0
8956,22197008,回来,v,2,8,2040001,第二人生 (明日版),录音室专辑,2011-12-16,8,仓颉,第二人生,1.0,0.0
8957,22197008,诗篇,n,2,8,2040001,第二人生 (明日版),录音室专辑,2011-12-16,8,仓颉,第二人生,1.0,0.0
8958,22197008,世界,n,2,8,2040001,第二人生 (明日版),录音室专辑,2011-12-16,8,仓颉,第二人生,1.0,0.0
8959,22197008,当,t,2,8,2040001,第二人生 (明日版),录音室专辑,2011-12-16,8,仓颉,第二人生,1.0,0.0
8960,22197008,一颗,m,1,8,2040001,第二人生 (明日版),录音室专辑,2011-12-16,8,仓颉,第二人生,1.0,0.0
8961,22197008,葡萄,n,1,8,2040001,第二人生 (明日版),录音室专辑,2011-12-16,8,仓颉,第二人生,1.0,0.0
8962,22197008,甜美,a,1,8,2040001,第二人生 (明日版),录音室专辑,2011-12-16,8,仓颉,第二人生,1.0,0.0
8963,22197008,用尽,v,1,8,2040001,第二人生 (明日版),录音室专辑,2011-12-16,8,仓颉,第二人生,1.0,0.0
8964,22197008,所有,b,1,8,2040001,第二人生 (明日版),录音室专辑,2011-12-16,8,仓颉,第二人生,1.0,0.0
8965,22197008,图腾,n,1,8,2040001,第二人生 (明日版),录音室专辑,2011-12-16,8,仓颉,第二人生,1.0,0.0
8966,22197008,语言,n,1,8,2040001,第二人生 (明日版),录音室专辑,2011-12-16,8,仓颉,第二人生,1.0,0.0
8967,22197008,人,n,1,8,2040001,第二人生 (明日版),录音室专辑,2011-12-16,8,仓颉,第二人生,1.0,0.0
8968,22197008,那,r,1,8,2040001,第二人生 (明日版),录音室专辑,2011-12-16,8,仓颉,第二人生,1.0,0.0
8969,22197008,又,d,1,8,2040001,第二人生 (明日版),录音室专辑,2011-12-16,8,仓颉,第二人生,1.0,0.0
8970,22197008,是,v,1,8,2040001,第二人生 (明日版),录音室专辑,2011-12-16,8,仓颉,第二人生,1.0,0.0
8971,22197008,文字,n,1,8,2040001,第二人生 (明日版),录音室专辑,2011-12-16,8,仓颉,第二人生,1.0,0.0
8972,22197008,失效,a,1,8,2040001,第二人生 (明日版),录音室专辑,2011-12-16,8,仓颉,第二人生,1.0,0.0
8973,22197008,瞬间,t,1,8,2040001,第二人生 (明日版),录音室专辑,2011-12-16,8,仓颉,第二人生,1.0,0.0
8974,22197008,结,n,1,8,2040001,第二人生 (明日版),录音室专辑,2011-12-16,8,仓颉,第二人生,1.0,0.0
8975,22197008,纪念,n,1,8,2040001,第二人生 (明日版),录音室专辑,2011-12-16,8,仓颉,第二人生,1.0,0.0
8976,22197008,绳结,n,1,8,2040001,第二人生 (明日版),录音室专辑,2011-12-16,8,仓颉,第二人生,1.0,0.0
8977,22197008,记录,n,1,8,2040001,第二人生 (明日版),录音室专辑,2011-12-16,8,仓颉,第二人生,1.0,0.0
8978,22197008,离去,v,1,8,2040001,第二人生 (明日版),录音室专辑,2011-12-16,8,仓颉,第二人生,1.0,0.0
8979,22197008,后,f,1,8,2040001,第二人生 (明日版),录音室专辑,2011-12-16,8,仓颉,第二人生,1.0,0.0
8980,22197008,万语,nz,1,8,2040001,第二人生 (明日版),录音室专辑,2011-12-16,8,仓颉,第二人生,1.0,0.0
8981,22197008,千言,n,1,8,2040001,第二人生 (明日版),录音室专辑,2011-12-16,8,仓颉,第二人生,1.0,0.0
8982,22197008,瓦解,v,1,8,2040001,第二人生 (明日版),录音室专辑,2011-12-16,8,仓颉,第二人生,1.0,0.0
8983,22197008,升起,v,1,8,2040001,第二人生 (明日版),录音室专辑,2011-12-16,8,仓颉,第二人生,1.0,0.0
8984,22197008,慌张,a,1,8,2040001,第二人生 (明日版),录音室专辑,2011-12-16,8,仓颉,第二人生,1.0,0.0
8985,22197008,狼烟,n,1,8,2040001,第二人生 (明日版),录音室专辑,2011-12-16,8,仓颉,第二人生,1.0,0.0
8986,22197008,遗落,n,1,8,2040001,第二人生 (明日版),录音室专辑,2011-12-16,8,仓颉,第二人生,1.0,0.0
8987,22197008,在,p,1,8,2040001,第二人生 (明日版),录音室专辑,2011-12-16,8,仓颉,第二人生,1.0,0.0
8988,22197008,孤独,a,1,8,2040001,第二人生 (明日版),录音室专辑,2011-12-16,8,仓颉,第二人生,1.0,0.0
8989,22197008,史前,nr,1,8,2040001,第二人生 (明日版),录音室专辑,2011-12-16,8,仓颉,第二人生,1.0,0.0
8990,22197008,荒野,n,1,8,2040001,第二人生 (明日版),录音室专辑,2011-12-16,8,仓颉,第二人生,1.0,0.0
8991,22197008,一只,m,1,8,2040001,第二人生 (明日版),录音室专辑,2011-12-16,8,仓颉,第二人生,1.0,0.0
8992,22197008,蝴蝶,n,1,8,2040001,第二人生 (明日版),录音室专辑,2011-12-16,8,仓颉,第二人生,1.0,0.0
8993,22197008,鲜艳,a,1,8,2040001,第二人生 (明日版),录音室专辑,2011-12-16,8,仓颉,第二人生,1.0,0.0
8994,22197008,不能,v,1,8,2040001,第二人生 (明日版),录音室专辑,2011-12-16,8,仓颉,第二人生,1.0,0.0
8995,22197008,飞越,v,1,8,2040001,第二人生 (明日版),录音室专辑,2011-12-16,8,仓颉,第二人生,1.0,0.0
8996,22197008,过,ug,1,8,2040001,第二人生 (明日版),录音室专辑,2011-12-16,8,仓颉,第二人生,1.0,0.0
8997,22197008,猜忌,v,1,8,2040001,第二人生 (明日版),录音室专辑,2011-12-16,8,仓颉,第二人生,1.0,0.0
8998,22197008,冷漠,n,1,8,2040001,第二人生 (明日版),录音室专辑,2011-12-16,8,仓颉,第二人生,1.0,0.0
8999,22197008,给,p,1,8,2040001,第二人生 (明日版),录音室专辑,2011-12-16,8,仓颉,第二人生,1.0,0.0
9000,22197008,简讯,n,1,8,2040001,第二人生 (明日版),录音室专辑,2011-12-16,8,仓颉,第二人生,1.0,0.0
9001,22197008,留言,v,1,8,2040001,第二人生 (明日版),录音室专辑,2011-12-16,8,仓颉,第二人生,1.0,0.0
9002,22197008,说不清,l,1,8,2040001,第二人生 (明日版),录音室专辑,2011-12-16,8,仓颉,第二人生,1.0,0.0
9003,22197008,万分之一,m,1,8,2040001,第二人生 (明日版),录音室专辑,2011-12-16,8,仓颉,第二人生,1.0,0.0
9004,22197008,追悔,v,1,8,2040001,第二人生 (明日版),录音室专辑,2011-12-16,8,仓颉,第二人生,1.0,0.0
9005,22197008,星宿,n,1,8,2040001,第二人生 (明日版),录音室专辑,2011-12-16,8,仓颉,第二人生,1.0,0.0
9006,22197008,沉没,v,1,8,2040001,第二人生 (明日版),录音室专辑,2011-12-16,8,仓颉,第二人生,1.0,0.0
9007,22197008,山岳,ns,1,8,2040001,第二人生 (明日版),录音室专辑,2011-12-16,8,仓颉,第二人生,1.0,0.0
9008,22197008,只,d,1,8,2040001,第二人生 (明日版),录音室专辑,2011-12-16,8,仓颉,第二人生,1.0,0.0
9009,22197008,盼,v,1,8,2040001,第二人生 (明日版),录音室专辑,2011-12-16,8,仓颉,第二人生,1.0,0.0
9010,22197008,会,v,1,8,2040001,第二人生 (明日版),录音室专辑,2011-12-16,8,仓颉,第二人生,1.0,0.0
9011,22197008,抬头,v,1,8,2040001,第二人生 (明日版),录音室专辑,2011-12-16,8,仓颉,第二人生,1.0,0.0
9012,22197008,看,v,1,8,2040001,第二人生 (明日版),录音室专辑,2011-12-16,8,仓颉,第二人生,1.0,0.0
9013,22197008,寄托,v,1,8,2040001,第二人生 (明日版),录音室专辑,2011-12-16,8,仓颉,第二人生,1.0,0.0
9014,22197008,弯,v,1,8,2040001,第二人生 (明日版),录音室专辑,2011-12-16,8,仓颉,第二人生,1.0,0.0
9015,22197008,月,m,1,8,2040001,第二人生 (明日版),录音室专辑,2011-12-16,8,仓颉,第二人生,1.0,0.0
9016,22197008,文明,nr,1,8,2040001,第二人生 (明日版),录音室专辑,2011-12-16,8,仓颉,第二人生,1.0,0.0
9017,22197008,即将,d,1,8,2040001,第二人生 (明日版),录音室专辑,2011-12-16,8,仓颉,第二人生,1.0,0.0
9018,22197008,熄灭,v,1,8,2040001,第二人生 (明日版),录音室专辑,2011-12-16,8,仓颉,第二人生,1.0,0.0
9019,22197008,什么,r,1,8,2040001,第二人生 (明日版),录音室专辑,2011-12-16,8,仓颉,第二人生,1.0,0.0
9020,22197008,证明,n,1,8,2040001,第二人生 (明日版),录音室专辑,2011-12-16,8,仓颉,第二人生,1.0,0.0
9021,22197008,存在,v,1,8,2040001,第二人生 (明日版),录音室专辑,2011-12-16,8,仓颉,第二人生,1.0,0.0
9022,22197008,岁月,t,1,8,2040001,第二人生 (明日版),录音室专辑,2011-12-16,8,仓颉,第二人生,1.0,0.0
9023,22197008,创造,v,1,8,2040001,第二人生 (明日版),录音室专辑,2011-12-16,8,仓颉,第二人生,1.0,0.0
9024,22197008,想起,v,1,8,2040001,第二人生 (明日版),录音室专辑,2011-12-16,8,仓颉,第二人生,1.0,0.0
9025,22197008,字眼,n,1,8,2040001,第二人生 (明日版),录音室专辑,2011-12-16,8,仓颉,第二人生,1.0,0.0
9026,22197008,诗,n,1,8,2040001,第二人生 (明日版),录音室专辑,2011-12-16,8,仓颉,第二人生,1.0,0.0
9027,22197008,逆转,v,1,8,2040001,第二人生 (明日版),录音室专辑,2011-12-16,8,仓颉,第二人生,1.0,0.0
9028,22197008,时间,n,1,8,2040001,第二人生 (明日版),录音室专辑,2011-12-16,8,仓颉,第二人生,1.0,0.0
9029,22197008,回到,v,1,8,2040001,第二人生 (明日版),录音室专辑,2011-12-16,8,仓颉,第二人生,1.0,0.0
9030,22197008,开始,v,1,8,2040001,第二人生 (明日版),录音室专辑,2011-12-16,8,仓颉,第二人生,1.0,0.0
9031,22197008,宇宙,n,1,8,2040001,第二人生 (明日版),录音室专辑,2011-12-16,8,仓颉,第二人生,1.0,0.0
9032,22197008,重来,v,1,8,2040001,第二人生 (明日版),录音室专辑,2011-12-16,8,仓颉,第二人生,1.0,0.0
9033,22197008,天雨粟,nr,1,8,2040001,第二人生 (明日版),录音室专辑,2011-12-16,8,仓颉,第二人生,1.0,0.0
9034,22197008,鬼,n,1,8,2040001,第二人生 (明日版),录音室专辑,2011-12-16,8,仓颉,第二人生,1.0,0.0
9035,22197008,夜,tg,1,8,2040001,第二人生 (明日版),录音室专辑,2011-12-16,8,仓颉,第二人生,1.0,0.0
9036,22197008,哭,v,1,8,2040001,第二人生 (明日版),录音室专辑,2011-12-16,8,仓颉,第二人生,1.0,0.0
9037,22197008,思念,n,1,8,2040001,第二人生 (明日版),录音室专辑,2011-12-16,8,仓颉,第二人生,1.0,0.0
9038,22197008,漫,a,1,8,2040001,第二人生 (明日版),录音室专辑,2011-12-16,8,仓颉,第二人生,1.0,0.0
9039,22197008,太古,ns,1,8,2040001,第二人生 (明日版),录音室专辑,2011-12-16,8,仓颉,第二人生,1.0,0.0
9040,22197009,的,uj,17,8,2040001,第二人生 (明日版),录音室专辑,2011-12-16,9,2012,第二人生,1.0,0.0
9041,22197009,是,v,6,8,2040001,第二人生 (明日版),录音室专辑,2011-12-16,9,2012,第二人生,1.0,0.0
9042,22197009,再,d,5,8,2040001,第二人生 (明日版),录音室专辑,2011-12-16,9,2012,第二人生,1.0,0.0
9043,22197009,没有,v,5,8,2040001,第二人生 (明日版),录音室专辑,2011-12-16,9,2012,第二人生,1.0,0.0
9044,22197009,在,p,5,8,2040001,第二人生 (明日版),录音室专辑,2011-12-16,9,2012,第二人生,1.0,0.0
9045,22197009,去,v,4,8,2040001,第二人生 (明日版),录音室专辑,2011-12-16,9,2012,第二人生,1.0,0.0
9046,22197009,梦,n,4,8,2040001,第二人生 (明日版),录音室专辑,2011-12-16,9,2012,第二人生,1.0,0.0
9047,22197009,谁,r,4,8,2040001,第二人生 (明日版),录音室专辑,2011-12-16,9,2012,第二人生,1.0,0.0
9048,22197009,我,r,3,8,2040001,第二人生 (明日版),录音室专辑,2011-12-16,9,2012,第二人生,1.0,0.0
9049,22197009,就,d,3,8,2040001,第二人生 (明日版),录音室专辑,2011-12-16,9,2012,第二人生,1.0,0.0
9050,22197009,却,d,3,8,2040001,第二人生 (明日版),录音室专辑,2011-12-16,9,2012,第二人生,1.0,0.0
9051,22197009,我们,r,3,8,2040001,第二人生 (明日版),录音室专辑,2011-12-16,9,2012,第二人生,1.0,0.0
9052,22197009,啊,zg,3,8,2040001,第二人生 (明日版),录音室专辑,2011-12-16,9,2012,第二人生,1.0,0.0
9053,22197009,宇宙,n,3,8,2040001,第二人生 (明日版),录音室专辑,2011-12-16,9,2012,第二人生,1.0,0.0
9054,22197009,今天,t,3,8,2040001,第二人生 (明日版),录音室专辑,2011-12-16,9,2012,第二人生,1.0,0.0
9055,22197009,珍重,a,3,8,2040001,第二人生 (明日版),录音室专辑,2011-12-16,9,2012,第二人生,1.0,0.0
9056,22197009,知道,v,3,8,2040001,第二人生 (明日版),录音室专辑,2011-12-16,9,2012,第二人生,1.0,0.0
9057,22197009,真是,d,3,8,2040001,第二人生 (明日版),录音室专辑,2011-12-16,9,2012,第二人生,1.0,0.0
9058,22197009,明天,t,3,8,2040001,第二人生 (明日版),录音室专辑,2011-12-16,9,2012,第二人生,1.0,0.0
9059,22197009,过后,t,3,8,2040001,第二人生 (明日版),录音室专辑,2011-12-16,9,2012,第二人生,1.0,0.0
9060,22197009,解答,v,3,8,2040001,第二人生 (明日版),录音室专辑,2011-12-16,9,2012,第二人生,1.0,0.0
9061,22197009,或,c,3,8,2040001,第二人生 (明日版),录音室专辑,2011-12-16,9,2012,第二人生,1.0,0.0
9062,22197009,解脱,v,3,8,2040001,第二人生 (明日版),录音室专辑,2011-12-16,9,2012,第二人生,1.0,0.0
9063,22197009,要,v,3,8,2040001,第二人生 (明日版),录音室专辑,2011-12-16,9,2012,第二人生,1.0,0.0
9064,22197009,你,r,3,8,2040001,第二人生 (明日版),录音室专辑,2011-12-16,9,2012,第二人生,1.0,0.0
9065,22197009,过,ug,3,8,2040001,第二人生 (明日版),录音室专辑,2011-12-16,9,2012,第二人生,1.0,0.0
9066,22197009,自己,r,3,8,2040001,第二人生 (明日版),录音室专辑,2011-12-16,9,2012,第二人生,1.0,0.0
9067,22197009,说,v,3,8,2040001,第二人生 (明日版),录音室专辑,2011-12-16,9,2012,第二人生,1.0,0.0
9068,22197009,能,v,2,8,2040001,第二人生 (明日版),录音室专辑,2011-12-16,9,2012,第二人生,1.0,0.0
9069,22197009,突然,ad,2,8,2040001,第二人生 (明日版),录音室专辑,2011-12-16,9,2012,第二人生,1.0,0.0
9070,22197009,着,uz,2,8,2040001,第二人生 (明日版),录音室专辑,2011-12-16,9,2012,第二人生,1.0,0.0
9071,22197009,追,v,2,8,2040001,第二人生 (明日版),录音室专辑,2011-12-16,9,2012,第二人生,1.0,0.0
9072,22197009,这么,r,2,8,2040001,第二人生 (明日版),录音室专辑,2011-12-16,9,2012,第二人生,1.0,0.0
9073,22197009,像,v,2,8,2040001,第二人生 (明日版),录音室专辑,2011-12-16,9,2012,第二人生,1.0,0.0
9074,22197009,爱,v,2,8,2040001,第二人生 (明日版),录音室专辑,2011-12-16,9,2012,第二人生,1.0,0.0
9075,22197009,一种,m,2,8,2040001,第二人生 (明日版),录音室专辑,2011-12-16,9,2012,第二人生,1.0,0.0
9076,22197009,落叶,n,2,8,2040001,第二人生 (明日版),录音室专辑,2011-12-16,9,2012,第二人生,1.0,0.0
9077,22197009,末日,t,2,8,2040001,第二人生 (明日版),录音室专辑,2011-12-16,9,2012,第二人生,1.0,0.0
9078,22197009,如果,c,2,8,2040001,第二人生 (明日版),录音室专辑,2011-12-16,9,2012,第二人生,1.0,0.0
9079,22197009,幸存,v,2,8,2040001,第二人生 (明日版),录音室专辑,2011-12-16,9,2012,第二人生,1.0,0.0
9080,22197009,平行,n,2,8,2040001,第二人生 (明日版),录音室专辑,2011-12-16,9,2012,第二人生,1.0,0.0
9081,22197009,请,v,2,8,2040001,第二人生 (明日版),录音室专辑,2011-12-16,9,2012,第二人生,1.0,0.0
9082,22197009,预言,v,2,8,2040001,第二人生 (明日版),录音室专辑,2011-12-16,9,2012,第二人生,1.0,0.0
9083,22197009,怎么,r,2,8,2040001,第二人生 (明日版),录音室专辑,2011-12-16,9,2012,第二人生,1.0,0.0
9084,22197009,对,p,2,8,2040001,第二人生 (明日版),录音室专辑,2011-12-16,9,2012,第二人生,1.0,0.0
9085,22197009,时间,n,1,8,2040001,第二人生 (明日版),录音室专辑,2011-12-16,9,2012,第二人生,1.0,0.0
9086,22197009,延后,nr,1,8,2040001,第二人生 (明日版),录音室专辑,2011-12-16,9,2012,第二人生,1.0,0.0
9087,22197009,后路,n,1,8,2040001,第二人生 (明日版),录音室专辑,2011-12-16,9,2012,第二人生,1.0,0.0
9088,22197009,逃脱,v,1,8,2040001,第二人生 (明日版),录音室专辑,2011-12-16,9,2012,第二人生,1.0,0.0
9089,22197009,备案,n,1,8,2040001,第二人生 (明日版),录音室专辑,2011-12-16,9,2012,第二人生,1.0,0.0
9090,22197009,逃生,v,1,8,2040001,第二人生 (明日版),录音室专辑,2011-12-16,9,2012,第二人生,1.0,0.0
9091,22197009,线索,n,1,8,2040001,第二人生 (明日版),录音室专辑,2011-12-16,9,2012,第二人生,1.0,0.0
9092,22197009,没,v,1,8,2040001,第二人生 (明日版),录音室专辑,2011-12-16,9,2012,第二人生,1.0,0.0
9093,22197009,蓝色,n,1,8,2040001,第二人生 (明日版),录音室专辑,2011-12-16,9,2012,第二人生,1.0,0.0
9094,22197009,天空,n,1,8,2040001,第二人生 (明日版),录音室专辑,2011-12-16,9,2012,第二人生,1.0,0.0
9095,22197009,想到,v,1,8,2040001,第二人生 (明日版),录音室专辑,2011-12-16,9,2012,第二人生,1.0,0.0
9096,22197009,小,a,1,8,2040001,第二人生 (明日版),录音室专辑,2011-12-16,9,2012,第二人生,1.0,0.0
9097,22197009,时候,n,1,8,2040001,第二人生 (明日版),录音室专辑,2011-12-16,9,2012,第二人生,1.0,0.0
9098,22197009,总,b,1,8,2040001,第二人生 (明日版),录音室专辑,2011-12-16,9,2012,第二人生,1.0,0.0
9099,22197009,等,u,1,8,2040001,第二人生 (明日版),录音室专辑,2011-12-16,9,2012,第二人生,1.0,0.0
9100,22197009,长大,ns,1,8,2040001,第二人生 (明日版),录音室专辑,2011-12-16,9,2012,第二人生,1.0,0.0
9101,22197009,活着,v,1,8,2040001,第二人生 (明日版),录音室专辑,2011-12-16,9,2012,第二人生,1.0,0.0
9102,22197009,西,f,1,8,2040001,第二人生 (明日版),录音室专辑,2011-12-16,9,2012,第二人生,1.0,0.0
9103,22197009,元,m,1,8,2040001,第二人生 (明日版),录音室专辑,2011-12-16,9,2012,第二人生,1.0,0.0
9104,22197009,尽头,d,1,8,2040001,第二人生 (明日版),录音室专辑,2011-12-16,9,2012,第二人生,1.0,0.0
9105,22197009,一件,m,1,8,2040001,第二人生 (明日版),录音室专辑,2011-12-16,9,2012,第二人生,1.0,0.0
9106,22197009,真的,d,1,8,2040001,第二人生 (明日版),录音室专辑,2011-12-16,9,2012,第二人生,1.0,0.0
9107,22197009,作,v,1,8,2040001,第二人生 (明日版),录音室专辑,2011-12-16,9,2012,第二人生,1.0,0.0
9108,22197009,看,v,1,8,2040001,第二人生 (明日版),录音室专辑,2011-12-16,9,2012,第二人生,1.0,0.0
9109,22197009,最后,f,1,8,2040001,第二人生 (明日版),录音室专辑,2011-12-16,9,2012,第二人生,1.0,0.0
9110,22197009,一眼,m,1,8,2040001,第二人生 (明日版),录音室专辑,2011-12-16,9,2012,第二人生,1.0,0.0
9111,22197009,青春,n,1,8,2040001,第二人生 (明日版),录音室专辑,2011-12-16,9,2012,第二人生,1.0,0.0
9112,22197009,星空,n,1,8,2040001,第二人生 (明日版),录音室专辑,2011-12-16,9,2012,第二人生,1.0,0.0
9113,22197009,灿烂,a,1,8,2040001,第二人生 (明日版),录音室专辑,2011-12-16,9,2012,第二人生,1.0,0.0
9114,22197009,火光,n,1,8,2040001,第二人生 (明日版),录音室专辑,2011-12-16,9,2012,第二人生,1.0,0.0
9115,22197009,盛夏,t,1,8,2040001,第二人生 (明日版),录音室专辑,2011-12-16,9,2012,第二人生,1.0,0.0
9116,22197009,烟火,n,1,8,2040001,第二人生 (明日版),录音室专辑,2011-12-16,9,2012,第二人生,1.0,0.0
9117,22197009,欢送,v,1,8,2040001,第二人生 (明日版),录音室专辑,2011-12-16,9,2012,第二人生,1.0,0.0
9118,22197009,挣扎,v,1,8,2040001,第二人生 (明日版),录音室专辑,2011-12-16,9,2012,第二人生,1.0,0.0
9119,22197009,万年,m,1,8,2040001,第二人生 (明日版),录音室专辑,2011-12-16,9,2012,第二人生,1.0,0.0
9120,22197009,文明,nr,1,8,2040001,第二人生 (明日版),录音室专辑,2011-12-16,9,2012,第二人生,1.0,0.0
9121,22197009,颠峰,n,1,8,2040001,第二人生 (明日版),录音室专辑,2011-12-16,9,2012,第二人生,1.0,0.0
9122,22197009,将,d,1,8,2040001,第二人生 (明日版),录音室专辑,2011-12-16,9,2012,第二人生,1.0,0.0
9123,22197009,变星,n,1,8,2040001,第二人生 (明日版),录音室专辑,2011-12-16,9,2012,第二人生,1.0,0.0
9124,22197009,尘,n,1,8,2040001,第二人生 (明日版),录音室专辑,2011-12-16,9,2012,第二人生,1.0,0.0
9125,22197009,永远,d,1,8,2040001,第二人生 (明日版),录音室专辑,2011-12-16,9,2012,第二人生,1.0,0.0
9126,22197009,飘,v,1,8,2040001,第二人生 (明日版),录音室专辑,2011-12-16,9,2012,第二人生,1.0,0.0
9127,22197009,黑暗,z,1,8,2040001,第二人生 (明日版),录音室专辑,2011-12-16,9,2012,第二人生,1.0,0.0
9128,22197009,摘,v,1,8,2040001,第二人生 (明日版),录音室专辑,2011-12-16,9,2012,第二人生,1.0,0.0
9129,22197009,一颗,m,1,8,2040001,第二人生 (明日版),录音室专辑,2011-12-16,9,2012,第二人生,1.0,0.0
9130,22197009,星星,nz,1,8,2040001,第二人生 (明日版),录音室专辑,2011-12-16,9,2012,第二人生,1.0,0.0
9131,22197009,要盖,v,1,8,2040001,第二人生 (明日版),录音室专辑,2011-12-16,9,2012,第二人生,1.0,0.0
9132,22197009,高楼,n,1,8,2040001,第二人生 (明日版),录音室专辑,2011-12-16,9,2012,第二人生,1.0,0.0
9133,22197009,自由,a,1,8,2040001,第二人生 (明日版),录音室专辑,2011-12-16,9,2012,第二人生,1.0,0.0
9134,22197009,燃尽,v,1,8,2040001,第二人生 (明日版),录音室专辑,2011-12-16,9,2012,第二人生,1.0,0.0
9135,22197009,石油,n,1,8,2040001,第二人生 (明日版),录音室专辑,2011-12-16,9,2012,第二人生,1.0,0.0
9136,22197009,富有,v,1,8,2040001,第二人生 (明日版),录音室专辑,2011-12-16,9,2012,第二人生,1.0,0.0
9137,22197009,挥霍,v,1,8,2040001,第二人生 (明日版),录音室专辑,2011-12-16,9,2012,第二人生,1.0,0.0
9138,22197009,所有,b,1,8,2040001,第二人生 (明日版),录音室专辑,2011-12-16,9,2012,第二人生,1.0,0.0
9139,22197009,寄生,v,1,8,2040001,第二人生 (明日版),录音室专辑,2011-12-16,9,2012,第二人生,1.0,0.0
9140,22197009,地表,n,1,8,2040001,第二人生 (明日版),录音室专辑,2011-12-16,9,2012,第二人生,1.0,0.0
9141,22197009,虫,n,1,8,2040001,第二人生 (明日版),录音室专辑,2011-12-16,9,2012,第二人生,1.0,0.0
9142,22197009,剂,zg,1,8,2040001,第二人生 (明日版),录音室专辑,2011-12-16,9,2012,第二人生,1.0,0.0
9143,22197009,制造,v,1,8,2040001,第二人生 (明日版),录音室专辑,2011-12-16,9,2012,第二人生,1.0,0.0
9144,22197009,秋,n,1,8,2040001,第二人生 (明日版),录音室专辑,2011-12-16,9,2012,第二人生,1.0,0.0
9145,22197009,辐射尘,n,1,8,2040001,第二人生 (明日版),录音室专辑,2011-12-16,9,2012,第二人生,1.0,0.0
9146,22197009,覆盖,v,1,8,2040001,第二人生 (明日版),录音室专辑,2011-12-16,9,2012,第二人生,1.0,0.0
9147,22197009,清晨,t,1,8,2040001,第二人生 (明日版),录音室专辑,2011-12-16,9,2012,第二人生,1.0,0.0
9148,22197009,冬,n,1,8,2040001,第二人生 (明日版),录音室专辑,2011-12-16,9,2012,第二人生,1.0,0.0
9149,22197009,地球,n,1,8,2040001,第二人生 (明日版),录音室专辑,2011-12-16,9,2012,第二人生,1.0,0.0
9150,22197009,还,d,1,8,2040001,第二人生 (明日版),录音室专辑,2011-12-16,9,2012,第二人生,1.0,0.0
9151,22197009,残喘,n,1,8,2040001,第二人生 (明日版),录音室专辑,2011-12-16,9,2012,第二人生,1.0,0.0
9152,22197009,人,n,1,8,2040001,第二人生 (明日版),录音室专辑,2011-12-16,9,2012,第二人生,1.0,0.0
9153,22197009,创作,vn,1,8,2040001,第二人生 (明日版),录音室专辑,2011-12-16,9,2012,第二人生,1.0,0.0
9154,22197009,又,d,1,8,2040001,第二人生 (明日版),录音室专辑,2011-12-16,9,2012,第二人生,1.0,0.0
9155,22197009,何必,d,1,8,2040001,第二人生 (明日版),录音室专辑,2011-12-16,9,2012,第二人生,1.0,0.0
9156,22197009,等到,v,1,8,2040001,第二人生 (明日版),录音室专辑,2011-12-16,9,2012,第二人生,1.0,0.0
9157,22197009,上帝,n,1,8,2040001,第二人生 (明日版),录音室专辑,2011-12-16,9,2012,第二人生,1.0,0.0
9158,22197009,没收,v,1,8,2040001,第二人生 (明日版),录音室专辑,2011-12-16,9,2012,第二人生,1.0,0.0
9159,22197009,把,p,1,8,2040001,第二人生 (明日版),录音室专辑,2011-12-16,9,2012,第二人生,1.0,0.0
9160,22197009,愉快,a,1,8,2040001,第二人生 (明日版),录音室专辑,2011-12-16,9,2012,第二人生,1.0,0.0
9161,22197009,愉,a,1,8,2040001,第二人生 (明日版),录音室专辑,2011-12-16,9,2012,第二人生,1.0,0.0
9162,22197009,换,nz,1,8,2040001,第二人生 (明日版),录音室专辑,2011-12-16,9,2012,第二人生,1.0,0.0
9163,22197009,偷窃,v,1,8,2040001,第二人生 (明日版),录音室专辑,2011-12-16,9,2012,第二人生,1.0,0.0
9164,22197009,偷,v,1,8,2040001,第二人生 (明日版),录音室专辑,2011-12-16,9,2012,第二人生,1.0,0.0
9165,22197009,难道,d,1,8,2040001,第二人生 (明日版),录音室专辑,2011-12-16,9,2012,第二人生,1.0,0.0
9166,22197009,自找,v,1,8,2040001,第二人生 (明日版),录音室专辑,2011-12-16,9,2012,第二人生,1.0,0.0
9167,22197009,找,v,1,8,2040001,第二人生 (明日版),录音室专辑,2011-12-16,9,2012,第二人生,1.0,0.0
9168,22197009,自我,r,1,8,2040001,第二人生 (明日版),录音室专辑,2011-12-16,9,2012,第二人生,1.0,0.0
9169,22197009,终于,d,1,8,2040001,第二人生 (明日版),录音室专辑,2011-12-16,9,2012,第二人生,1.0,0.0
9170,22197009,未来,t,1,8,2040001,第二人生 (明日版),录音室专辑,2011-12-16,9,2012,第二人生,1.0,0.0
9171,22197009,的未,d,1,8,2040001,第二人生 (明日版),录音室专辑,2011-12-16,9,2012,第二人生,1.0,0.0
9172,22197009,变,v,1,8,2040001,第二人生 (明日版),录音室专辑,2011-12-16,9,2012,第二人生,1.0,0.0
9173,22197009,末,n,1,8,2040001,第二人生 (明日版),录音室专辑,2011-12-16,9,2012,第二人生,1.0,0.0
9174,22197009,先,d,1,8,2040001,第二人生 (明日版),录音室专辑,2011-12-16,9,2012,第二人生,1.0,0.0
9175,22197009,坠落,v,1,8,2040001,第二人生 (明日版),录音室专辑,2011-12-16,9,2012,第二人生,1.0,0.0
9176,22197009,或先,d,1,8,2040001,第二人生 (明日版),录音室专辑,2011-12-16,9,2012,第二人生,1.0,0.0
9177,22197009,坠入,v,1,8,2040001,第二人生 (明日版),录音室专辑,2011-12-16,9,2012,第二人生,1.0,0.0
9178,22197009,自甘堕落,i,1,8,2040001,第二人生 (明日版),录音室专辑,2011-12-16,9,2012,第二人生,1.0,0.0
9179,22197009,记,n,1,8,2040001,第二人生 (明日版),录音室专辑,2011-12-16,9,2012,第二人生,1.0,0.0
9180,22197009,得,ud,1,8,2040001,第二人生 (明日版),录音室专辑,2011-12-16,9,2012,第二人生,1.0,0.0
9181,22197009,曾,d,1,8,2040001,第二人生 (明日版),录音室专辑,2011-12-16,9,2012,第二人生,1.0,0.0
9182,22197009,这,r,1,8,2040001,第二人生 (明日版),录音室专辑,2011-12-16,9,2012,第二人生,1.0,0.0
9183,22197009,首歌,n,1,8,2040001,第二人生 (明日版),录音室专辑,2011-12-16,9,2012,第二人生,1.0,0.0
9184,22197009,听,v,1,8,2040001,第二人生 (明日版),录音室专辑,2011-12-16,9,2012,第二人生,1.0,0.0
9185,22197009,无人,n,1,8,2040001,第二人生 (明日版),录音室专辑,2011-12-16,9,2012,第二人生,1.0,0.0
9186,22197009,电台,n,1,8,2040001,第二人生 (明日版),录音室专辑,2011-12-16,9,2012,第二人生,1.0,0.0
9187,22197009,最终,d,1,8,2040001,第二人生 (明日版),录音室专辑,2011-12-16,9,2012,第二人生,1.0,0.0
9188,22197009,播送,v,1,8,2040001,第二人生 (明日版),录音室专辑,2011-12-16,9,2012,第二人生,1.0,0.0
9189,22197009,那些,r,1,8,2040001,第二人生 (明日版),录音室专辑,2011-12-16,9,2012,第二人生,1.0,0.0
9190,22197009,歌,n,1,8,2040001,第二人生 (明日版),录音室专辑,2011-12-16,9,2012,第二人生,1.0,0.0
9191,22197009,浩瀚,a,1,8,2040001,第二人生 (明日版),录音室专辑,2011-12-16,9,2012,第二人生,1.0,0.0
9192,22197009,乡愁,n,1,8,2040001,第二人生 (明日版),录音室专辑,2011-12-16,9,2012,第二人生,1.0,0.0
9193,22197009,花朵,n,1,8,2040001,第二人生 (明日版),录音室专辑,2011-12-16,9,2012,第二人生,1.0,0.0
9194,22197009,长,a,1,8,2040001,第二人生 (明日版),录音室专辑,2011-12-16,9,2012,第二人生,1.0,0.0
9195,22197009,出,v,1,8,2040001,第二人生 (明日版),录音室专辑,2011-12-16,9,2012,第二人生,1.0,0.0
9196,22197009,云朵,n,1,8,2040001,第二人生 (明日版),录音室专辑,2011-12-16,9,2012,第二人生,1.0,0.0
9197,22197009,弹头,n,1,8,2040001,第二人生 (明日版),录音室专辑,2011-12-16,9,2012,第二人生,1.0,0.0
9198,22197009,落,v,1,8,2040001,第二人生 (明日版),录音室专辑,2011-12-16,9,2012,第二人生,1.0,0.0
9199,22197009,街头,s,1,8,2040001,第二人生 (明日版),录音室专辑,2011-12-16,9,2012,第二人生,1.0,0.0
9200,22197009,停不下来,v,1,8,2040001,第二人生 (明日版),录音室专辑,2011-12-16,9,2012,第二人生,1.0,0.0
9201,22197009,以为,c,1,8,2040001,第二人生 (明日版),录音室专辑,2011-12-16,9,2012,第二人生,1.0,0.0
9202,22197009,闯关,v,1,8,2040001,第二人生 (明日版),录音室专辑,2011-12-16,9,2012,第二人生,1.0,0.0
9203,22197009,闯祸,v,1,8,2040001,第二人生 (明日版),录音室专辑,2011-12-16,9,2012,第二人生,1.0,0.0
9204,22197009,做,v,1,8,2040001,第二人生 (明日版),录音室专辑,2011-12-16,9,2012,第二人生,1.0,0.0
9205,22197009,活,vn,1,8,2040001,第二人生 (明日版),录音室专辑,2011-12-16,9,2012,第二人生,1.0,0.0
9206,22197009,诚实,a,1,8,2040001,第二人生 (明日版),录音室专辑,2011-12-16,9,2012,第二人生,1.0,0.0
9207,22197009,快对,d,1,8,2040001,第二人生 (明日版),录音室专辑,2011-12-16,9,2012,第二人生,1.0,0.0
9208,22197010,你,r,19,8,2040001,第二人生 (明日版),录音室专辑,2011-12-16,10,第二人生,第二人生,1.0,0.0
9209,22197010,等,u,9,8,2040001,第二人生 (明日版),录音室专辑,2011-12-16,10,第二人生,第二人生,1.0,0.0
9210,22197010,的,uj,8,8,2040001,第二人生 (明日版),录音室专辑,2011-12-16,10,第二人生,第二人生,1.0,0.0
9211,22197010,没有,v,7,8,2040001,第二人生 (明日版),录音室专辑,2011-12-16,10,第二人生,第二人生,1.0,0.0
9212,22197010,在,p,6,8,2040001,第二人生 (明日版),录音室专辑,2011-12-16,10,第二人生,第二人生,1.0,0.0
9213,22197010,期待,vn,6,8,2040001,第二人生 (明日版),录音室专辑,2011-12-16,10,第二人生,第二人生,1.0,0.0
9214,22197010,旅程,n,4,8,2040001,第二人生 (明日版),录音室专辑,2011-12-16,10,第二人生,第二人生,1.0,0.0
9215,22197010,青春,n,4,8,2040001,第二人生 (明日版),录音室专辑,2011-12-16,10,第二人生,第二人生,1.0,0.0
9216,22197010,开始,v,4,8,2040001,第二人生 (明日版),录音室专辑,2011-12-16,10,第二人生,第二人生,1.0,0.0
9217,22197010,人生,n,3,8,2040001,第二人生 (明日版),录音室专辑,2011-12-16,10,第二人生,第二人生,1.0,0.0
9218,22197010,发生,v,3,8,2040001,第二人生 (明日版),录音室专辑,2011-12-16,10,第二人生,第二人生,1.0,0.0
9219,22197010,再,d,3,8,2040001,第二人生 (明日版),录音室专辑,2011-12-16,10,第二人生,第二人生,1.0,0.0
9220,22197010,和,c,3,8,2040001,第二人生 (明日版),录音室专辑,2011-12-16,10,第二人生,第二人生,1.0,0.0
9221,22197010,一趟,m,3,8,2040001,第二人生 (明日版),录音室专辑,2011-12-16,10,第二人生,第二人生,1.0,0.0
9222,22197010,精采,v,3,8,2040001,第二人生 (明日版),录音室专辑,2011-12-16,10,第二人生,第二人生,1.0,0.0
9223,22197010,万分,m,3,8,2040001,第二人生 (明日版),录音室专辑,2011-12-16,10,第二人生,第二人生,1.0,0.0
9224,22197010,还,d,3,8,2040001,第二人生 (明日版),录音室专辑,2011-12-16,10,第二人生,第二人生,1.0,0.0
9225,22197010,荒废,a,3,8,2040001,第二人生 (明日版),录音室专辑,2011-12-16,10,第二人生,第二人生,1.0,0.0
9226,22197010,用尽,v,3,8,2040001,第二人生 (明日版),录音室专辑,2011-12-16,10,第二人生,第二人生,1.0,0.0
9227,22197010,体温,n,3,8,2040001,第二人生 (明日版),录音室专辑,2011-12-16,10,第二人生,第二人生,1.0,0.0
9228,22197010,才,d,3,8,2040001,第二人生 (明日版),录音室专辑,2011-12-16,10,第二人生,第二人生,1.0,0.0
9229,22197010,悔恨,v,3,8,2040001,第二人生 (明日版),录音室专辑,2011-12-16,10,第二人生,第二人生,1.0,0.0
9230,22197010,一种,m,3,8,2040001,第二人生 (明日版),录音室专辑,2011-12-16,10,第二人生,第二人生,1.0,0.0
9231,22197010,永恒,z,3,8,2040001,第二人生 (明日版),录音室专辑,2011-12-16,10,第二人生,第二人生,1.0,0.0
9232,22197010,伤痕,n,3,8,2040001,第二人生 (明日版),录音室专辑,2011-12-16,10,第二人生,第二人生,1.0,0.0
9233,22197010,人,n,3,8,2040001,第二人生 (明日版),录音室专辑,2011-12-16,10,第二人生,第二人生,1.0,0.0
9234,22197010,如果,c,3,8,2040001,第二人生 (明日版),录音室专辑,2011-12-16,10,第二人生,第二人生,1.0,0.0
9235,22197010,有,v,3,8,2040001,第二人生 (明日版),录音室专辑,2011-12-16,10,第二人生,第二人生,1.0,0.0
9236,22197010,叫,v,3,8,2040001,第二人生 (明日版),录音室专辑,2011-12-16,10,第二人生,第二人生,1.0,0.0
9237,22197010,也,d,3,8,2040001,第二人生 (明日版),录音室专辑,2011-12-16,10,第二人生,第二人生,1.0,0.0
9238,22197010,每个,r,3,8,2040001,第二人生 (明日版),录音室专辑,2011-12-16,10,第二人生,第二人生,1.0,0.0
9239,22197010,只有,c,2,8,2040001,第二人生 (明日版),录音室专辑,2011-12-16,10,第二人生,第二人生,1.0,0.0
9240,22197010,让,v,2,8,2040001,第二人生 (明日版),录音室专辑,2011-12-16,10,第二人生,第二人生,1.0,0.0
9241,22197010,却,d,2,8,2040001,第二人生 (明日版),录音室专辑,2011-12-16,10,第二人生,第二人生,1.0,0.0
9242,22197010,等到,v,2,8,2040001,第二人生 (明日版),录音室专辑,2011-12-16,10,第二人生,第二人生,1.0,0.0
9243,22197010,一个,m,2,8,2040001,第二人生 (明日版),录音室专辑,2011-12-16,10,第二人生,第二人生,1.0,0.0
9244,22197010,就,d,2,8,2040001,第二人生 (明日版),录音室专辑,2011-12-16,10,第二人生,第二人生,1.0,0.0
9245,22197010,着,uz,2,8,2040001,第二人生 (明日版),录音室专辑,2011-12-16,10,第二人生,第二人生,1.0,0.0
9246,22197010,命运,n,2,8,2040001,第二人生 (明日版),录音室专辑,2011-12-16,10,第二人生,第二人生,1.0,0.0
9247,22197010,名字,n,2,8,2040001,第二人生 (明日版),录音室专辑,2011-12-16,10,第二人生,第二人生,1.0,0.0
9248,22197010,不是,c,2,8,2040001,第二人生 (明日版),录音室专辑,2011-12-16,10,第二人生,第二人生,1.0,0.0
9249,22197010,能,v,2,8,2040001,第二人生 (明日版),录音室专辑,2011-12-16,10,第二人生,第二人生,1.0,0.0
9250,22197010,而是,c,2,8,2040001,第二人生 (明日版),录音室专辑,2011-12-16,10,第二人生,第二人生,1.0,0.0
9251,22197010,生命,vn,2,8,2040001,第二人生 (明日版),录音室专辑,2011-12-16,10,第二人生,第二人生,1.0,0.0
9252,22197010,下,f,2,8,2040001,第二人生 (明日版),录音室专辑,2011-12-16,10,第二人生,第二人生,1.0,0.0
9253,22197010,一站,m,2,8,2040001,第二人生 (明日版),录音室专辑,2011-12-16,10,第二人生,第二人生,1.0,0.0
9254,22197010,即使,c,2,8,2040001,第二人生 (明日版),录音室专辑,2011-12-16,10,第二人生,第二人生,1.0,0.0
9255,22197010,奋不顾身,i,2,8,2040001,第二人生 (明日版),录音室专辑,2011-12-16,10,第二人生,第二人生,1.0,0.0
9256,22197010,第二人生,nw,2,8,2040001,第二人生 (明日版),录音室专辑,2011-12-16,10,第二人生,第二人生,1.0,0.0
9257,22197010,听到,v,1,8,2040001,第二人生 (明日版),录音室专辑,2011-12-16,10,第二人生,第二人生,1.0,0.0
9258,22197010,闹,v,1,8,2040001,第二人生 (明日版),录音室专辑,2011-12-16,10,第二人生,第二人生,1.0,0.0
9259,22197010,钟声,nr,1,8,2040001,第二人生 (明日版),录音室专辑,2011-12-16,10,第二人生,第二人生,1.0,0.0
9260,22197010,推开,v,1,8,2040001,第二人生 (明日版),录音室专辑,2011-12-16,10,第二人生,第二人生,1.0,0.0
9261,22197010,了抱,v,1,8,2040001,第二人生 (明日版),录音室专辑,2011-12-16,10,第二人生,第二人生,1.0,0.0
9262,22197010,枕,n,1,8,2040001,第二人生 (明日版),录音室专辑,2011-12-16,10,第二人生,第二人生,1.0,0.0
9263,22197010,醒,v,1,8,2040001,第二人生 (明日版),录音室专辑,2011-12-16,10,第二人生,第二人生,1.0,0.0
9264,22197010,无尽,d,1,8,2040001,第二人生 (明日版),录音室专辑,2011-12-16,10,第二人生,第二人生,1.0,0.0
9265,22197010,疲倦,a,1,8,2040001,第二人生 (明日版),录音室专辑,2011-12-16,10,第二人生,第二人生,1.0,0.0
9266,22197010,英雄,ns,1,8,2040001,第二人生 (明日版),录音室专辑,2011-12-16,10,第二人生,第二人生,1.0,0.0
9267,22197010,出现,v,1,8,2040001,第二人生 (明日版),录音室专辑,2011-12-16,10,第二人生,第二人生,1.0,0.0
9268,22197010,奇迹,n,1,8,2040001,第二人生 (明日版),录音室专辑,2011-12-16,10,第二人生,第二人生,1.0,0.0
9269,22197010,苦涩,a,1,8,2040001,第二人生 (明日版),录音室专辑,2011-12-16,10,第二人生,第二人生,1.0,0.0
9270,22197010,的即,d,1,8,2040001,第二人生 (明日版),录音室专辑,2011-12-16,10,第二人生,第二人生,1.0,0.0
9271,22197010,溶,v,1,8,2040001,第二人生 (明日版),录音室专辑,2011-12-16,10,第二人生,第二人生,1.0,0.0
9272,22197010,咖啡粉,n,1,8,2040001,第二人生 (明日版),录音室专辑,2011-12-16,10,第二人生,第二人生,1.0,0.0
9273,22197010,天天,t,1,8,2040001,第二人生 (明日版),录音室专辑,2011-12-16,10,第二人生,第二人生,1.0,0.0
9274,22197010,看,v,1,8,2040001,第二人生 (明日版),录音室专辑,2011-12-16,10,第二人生,第二人生,1.0,0.0
9275,22197010,新闻,n,1,8,2040001,第二人生 (明日版),录音室专辑,2011-12-16,10,第二人生,第二人生,1.0,0.0
9276,22197010,什么,r,1,8,2040001,第二人生 (明日版),录音室专辑,2011-12-16,10,第二人生,第二人生,1.0,0.0
9277,22197010,重头,n,1,8,2040001,第二人生 (明日版),录音室专辑,2011-12-16,10,第二人生,第二人生,1.0,0.0
9278,22197010,起死回生,i,1,8,2040001,第二人生 (明日版),录音室专辑,2011-12-16,10,第二人生,第二人生,1.0,0.0
9279,22197010,地,uv,1,8,2040001,第二人生 (明日版),录音室专辑,2011-12-16,10,第二人生,第二人生,1.0,0.0
9280,22197010,心,n,1,8,2040001,第二人生 (明日版),录音室专辑,2011-12-16,10,第二人生,第二人生,1.0,0.0
9281,22197010,沸腾,v,1,8,2040001,第二人生 (明日版),录音室专辑,2011-12-16,10,第二人生,第二人生,1.0,0.0
9282,22197010,陨石,n,1,8,2040001,第二人生 (明日版),录音室专辑,2011-12-16,10,第二人生,第二人生,1.0,0.0
9283,22197010,倾盆,n,1,8,2040001,第二人生 (明日版),录音室专辑,2011-12-16,10,第二人生,第二人生,1.0,0.0
9284,22197010,日子,n,1,8,2040001,第二人生 (明日版),录音室专辑,2011-12-16,10,第二人生,第二人生,1.0,0.0
9285,22197010,长满,a,1,8,2040001,第二人生 (明日版),录音室专辑,2011-12-16,10,第二人生,第二人生,1.0,0.0
9286,22197010,了,ul,1,8,2040001,第二人生 (明日版),录音室专辑,2011-12-16,10,第二人生,第二人生,1.0,0.0
9287,22197010,灰尘,n,1,8,2040001,第二人生 (明日版),录音室专辑,2011-12-16,10,第二人生,第二人生,1.0,0.0
9288,22197010,却怕,d,1,8,2040001,第二人生 (明日版),录音室专辑,2011-12-16,10,第二人生,第二人生,1.0,0.0
9289,22197010,怕,v,1,8,2040001,第二人生 (明日版),录音室专辑,2011-12-16,10,第二人生,第二人生,1.0,0.0
9290,22197010,碎骨粉身,n,1,8,2040001,第二人生 (明日版),录音室专辑,2011-12-16,10,第二人生,第二人生,1.0,0.0
9291,22197010,最后,f,1,8,2040001,第二人生 (明日版),录音室专辑,2011-12-16,10,第二人生,第二人生,1.0,0.0
9292,22197010,还是,c,1,8,2040001,第二人生 (明日版),录音室专辑,2011-12-16,10,第二人生,第二人生,1.0,0.0
9293,22197010,神,n,1,8,2040001,第二人生 (明日版),录音室专辑,2011-12-16,10,第二人生,第二人生,1.0,0.0
9294,22197010,孤独,a,1,8,2040001,第二人生 (明日版),录音室专辑,2011-12-16,10,第二人生,第二人生,1.0,0.0
9295,22197010,生存,v,1,8,2040001,第二人生 (明日版),录音室专辑,2011-12-16,10,第二人生,第二人生,1.0,0.0
9296,22197010,才刚,d,1,8,2040001,第二人生 (明日版),录音室专辑,2011-12-16,10,第二人生,第二人生,1.0,0.0
9297,22197010,出了门,i,1,8,2040001,第二人生 (明日版),录音室专辑,2011-12-16,10,第二人生,第二人生,1.0,0.0
9298,22197010,快,a,1,8,2040001,第二人生 (明日版),录音室专辑,2011-12-16,10,第二人生,第二人生,1.0,0.0
9299,22197010,回家,n,1,8,2040001,第二人生 (明日版),录音室专辑,2011-12-16,10,第二人生,第二人生,1.0,0.0
9300,22197010,回,v,1,8,2040001,第二人生 (明日版),录音室专辑,2011-12-16,10,第二人生,第二人生,1.0,0.0
9301,22197010,围城,n,1,8,2040001,第二人生 (明日版),录音室专辑,2011-12-16,10,第二人生,第二人生,1.0,0.0
9302,22197010,门,n,1,8,2040001,第二人生 (明日版),录音室专辑,2011-12-16,10,第二人生,第二人生,1.0,0.0
9303,22197010,心门,n,1,8,2040001,第二人生 (明日版),录音室专辑,2011-12-16,10,第二人生,第二人生,1.0,0.0
9304,22197010,并,c,1,8,2040001,第二人生 (明日版),录音室专辑,2011-12-16,10,第二人生,第二人生,1.0,0.0
9305,22197010,不能,v,1,8,2040001,第二人生 (明日版),录音室专辑,2011-12-16,10,第二人生,第二人生,1.0,0.0
9306,22197010,肯不肯,v,1,8,2040001,第二人生 (明日版),录音室专辑,2011-12-16,10,第二人生,第二人生,1.0,0.0
9307,22197010,过程,n,1,8,2040001,第二人生 (明日版),录音室专辑,2011-12-16,10,第二人生,第二人生,1.0,0.0
9308,22197010,美丽,ns,1,8,2040001,第二人生 (明日版),录音室专辑,2011-12-16,10,第二人生,第二人生,1.0,0.0
9309,22197010,风景,n,1,8,2040001,第二人生 (明日版),录音室专辑,2011-12-16,10,第二人生,第二人生,1.0,0.0
9310,22197010,有亮,a,1,8,2040001,第二人生 (明日版),录音室专辑,2011-12-16,10,第二人生,第二人生,1.0,0.0
9311,22197010,暗,v,1,8,2040001,第二人生 (明日版),录音室专辑,2011-12-16,10,第二人生,第二人生,1.0,0.0
9312,22197010,爱,v,1,8,2040001,第二人生 (明日版),录音室专辑,2011-12-16,10,第二人生,第二人生,1.0,0.0
9313,22197010,恨,v,1,8,2040001,第二人生 (明日版),录音室专辑,2011-12-16,10,第二人生,第二人生,1.0,0.0
9314,22197010,第一站,m,1,8,2040001,第二人生 (明日版),录音室专辑,2011-12-16,10,第二人生,第二人生,1.0,0.0
9315,22197010,天真,nz,1,8,2040001,第二人生 (明日版),录音室专辑,2011-12-16,10,第二人生,第二人生,1.0,0.0
9316,22197010,第二站,m,1,8,2040001,第二人生 (明日版),录音室专辑,2011-12-16,10,第二人生,第二人生,1.0,0.0
9317,22197010,去,v,1,8,2040001,第二人生 (明日版),录音室专辑,2011-12-16,10,第二人生,第二人生,1.0,0.0
9318,22197010,确认,v,1,8,2040001,第二人生 (明日版),录音室专辑,2011-12-16,10,第二人生,第二人生,1.0,0.0
9319,22197010,也许,d,1,8,2040001,第二人生 (明日版),录音室专辑,2011-12-16,10,第二人生,第二人生,1.0,0.0
9320,22197010,会,v,1,8,2040001,第二人生 (明日版),录音室专辑,2011-12-16,10,第二人生,第二人生,1.0,0.0
9321,22197010,陪,v,1,8,2040001,第二人生 (明日版),录音室专辑,2011-12-16,10,第二人生,第二人生,1.0,0.0
9322,22197010,向,p,1,8,2040001,第二人生 (明日版),录音室专辑,2011-12-16,10,第二人生,第二人生,1.0,0.0
9323,22197010,新,a,1,8,2040001,第二人生 (明日版),录音室专辑,2011-12-16,10,第二人生,第二人生,1.0,0.0
9324,22197010,启程,n,1,8,2040001,第二人生 (明日版),录音室专辑,2011-12-16,10,第二人生,第二人生,1.0,0.0
9325,22197010,灵魂,n,1,8,2040001,第二人生 (明日版),录音室专辑,2011-12-16,10,第二人生,第二人生,1.0,0.0
9326,22197010,每次,r,1,8,2040001,第二人生 (明日版),录音室专辑,2011-12-16,10,第二人生,第二人生,1.0,0.0
9327,22197010,劫后余生,l,1,8,2040001,第二人生 (明日版),录音室专辑,2011-12-16,10,第二人生,第二人生,1.0,0.0
9328,22197010,心跳,v,1,8,2040001,第二人生 (明日版),录音室专辑,2011-12-16,10,第二人生,第二人生,1.0,0.0
9329,22197010,每,zg,1,8,2040001,第二人生 (明日版),录音室专辑,2011-12-16,10,第二人生,第二人生,1.0,0.0
9330,22197010,滴泪,n,1,8,2040001,第二人生 (明日版),录音室专辑,2011-12-16,10,第二人生,第二人生,1.0,0.0
9331,22197010,绝处逢生,i,1,8,2040001,第二人生 (明日版),录音室专辑,2011-12-16,10,第二人生,第二人生,1.0,0.0
9332,22197010,注定,v,1,8,2040001,第二人生 (明日版),录音室专辑,2011-12-16,10,第二人生,第二人生,1.0,0.0
9333,22197010,诞生,v,1,8,2040001,第二人生 (明日版),录音室专辑,2011-12-16,10,第二人生,第二人生,1.0,0.0
9334,22197010,末日,t,1,8,2040001,第二人生 (明日版),录音室专辑,2011-12-16,10,第二人生,第二人生,1.0,0.0
9335,22197010,始终,d,1,8,2040001,第二人生 (明日版),录音室专辑,2011-12-16,10,第二人生,第二人生,1.0,0.0
9336,22197010,不要,df,1,8,2040001,第二人生 (明日版),录音室专辑,2011-12-16,10,第二人生,第二人生,1.0,0.0
9337,22197010,到来,d,1,8,2040001,第二人生 (明日版),录音室专辑,2011-12-16,10,第二人生,第二人生,1.0,0.0
9338,22197010,生,vn,1,8,2040001,第二人生 (明日版),录音室专辑,2011-12-16,10,第二人生,第二人生,1.0,0.0
9339,22197010,此时此刻,l,1,8,2040001,第二人生 (明日版),录音室专辑,2011-12-16,10,第二人生,第二人生,1.0,0.0
9340,22197010,不虚,a,1,8,2040001,第二人生 (明日版),录音室专辑,2011-12-16,10,第二人生,第二人生,1.0,0.0
9341,22197010,此生,t,1,8,2040001,第二人生 (明日版),录音室专辑,2011-12-16,10,第二人生,第二人生,1.0,0.0
9342,22197010,不该,v,1,8,2040001,第二人生 (明日版),录音室专辑,2011-12-16,10,第二人生,第二人生,1.0,0.0
9343,22197010,别,d,1,8,2040001,第二人生 (明日版),录音室专辑,2011-12-16,10,第二人生,第二人生,1.0,0.0
9344,22197010,到,v,1,8,2040001,第二人生 (明日版),录音室专辑,2011-12-16,10,第二人生,第二人生,1.0,0.0
9345,22197010,黄昏,t,1,8,2040001,第二人生 (明日版),录音室专辑,2011-12-16,10,第二人生,第二人生,1.0,0.0
9346,22197011,的,uj,11,8,2040001,第二人生 (明日版),录音室专辑,2011-12-16,11,诺亚方舟,第二人生,1.0,0.0
9347,22197011,告别,v,8,8,2040001,第二人生 (明日版),录音室专辑,2011-12-16,11,诺亚方舟,第二人生,1.0,0.0
9348,22197011,和,c,6,8,2040001,第二人生 (明日版),录音室专辑,2011-12-16,11,诺亚方舟,第二人生,1.0,0.0
9349,22197011,让,v,6,8,2040001,第二人生 (明日版),录音室专辑,2011-12-16,11,诺亚方舟,第二人生,1.0,0.0
9350,22197011,了,ul,5,8,2040001,第二人生 (明日版),录音室专辑,2011-12-16,11,诺亚方舟,第二人生,1.0,0.0
9351,22197011,当,t,5,8,2040001,第二人生 (明日版),录音室专辑,2011-12-16,11,诺亚方舟,第二人生,1.0,0.0
9352,22197011,再见,v,4,8,2040001,第二人生 (明日版),录音室专辑,2011-12-16,11,诺亚方舟,第二人生,1.0,0.0
9353,22197011,谁,r,4,8,2040001,第二人生 (明日版),录音室专辑,2011-12-16,11,诺亚方舟,第二人生,1.0,0.0
9354,22197011,要,v,4,8,2040001,第二人生 (明日版),录音室专辑,2011-12-16,11,诺亚方舟,第二人生,1.0,0.0
9355,22197011,你,r,4,8,2040001,第二人生 (明日版),录音室专辑,2011-12-16,11,诺亚方舟,第二人生,1.0,0.0
9356,22197011,晚安,n,4,8,2040001,第二人生 (明日版),录音室专辑,2011-12-16,11,诺亚方舟,第二人生,1.0,0.0
9357,22197011,诺亚方舟,nz,4,8,2040001,第二人生 (明日版),录音室专辑,2011-12-16,11,诺亚方舟,第二人生,1.0,0.0
9358,22197011,航向,n,4,8,2040001,第二人生 (明日版),录音室专辑,2011-12-16,11,诺亚方舟,第二人生,1.0,0.0
9359,22197011,回忆,v,3,8,2040001,第二人生 (明日版),录音室专辑,2011-12-16,11,诺亚方舟,第二人生,1.0,0.0
9360,22197011,我们,r,3,8,2040001,第二人生 (明日版),录音室专辑,2011-12-16,11,诺亚方舟,第二人生,1.0,0.0
9361,22197011,最后,f,3,8,2040001,第二人生 (明日版),录音室专辑,2011-12-16,11,诺亚方舟,第二人生,1.0,0.0
9362,22197011,如果,c,3,8,2040001,第二人生 (明日版),录音室专辑,2011-12-16,11,诺亚方舟,第二人生,1.0,0.0
9363,22197011,会,v,3,8,2040001,第二人生 (明日版),录音室专辑,2011-12-16,11,诺亚方舟,第二人生,1.0,0.0
9364,22197011,在,p,3,8,2040001,第二人生 (明日版),录音室专辑,2011-12-16,11,诺亚方舟,第二人生,1.0,0.0
9365,22197011,终于,d,3,8,2040001,第二人生 (明日版),录音室专辑,2011-12-16,11,诺亚方舟,第二人生,1.0,0.0
9366,22197011,变成,v,3,8,2040001,第二人生 (明日版),录音室专辑,2011-12-16,11,诺亚方舟,第二人生,1.0,0.0
9367,22197011,雨点,n,2,8,2040001,第二人生 (明日版),录音室专辑,2011-12-16,11,诺亚方舟,第二人生,1.0,0.0
9368,22197011,是,v,2,8,2040001,第二人生 (明日版),录音室专辑,2011-12-16,11,诺亚方舟,第二人生,1.0,0.0
9369,22197011,只能,v,2,8,2040001,第二人生 (明日版),录音室专辑,2011-12-16,11,诺亚方舟,第二人生,1.0,0.0
9370,22197011,人类,n,2,8,2040001,第二人生 (明日版),录音室专辑,2011-12-16,11,诺亚方舟,第二人生,1.0,0.0
9371,22197011,像,v,2,8,2040001,第二人生 (明日版),录音室专辑,2011-12-16,11,诺亚方舟,第二人生,1.0,0.0
9372,22197011,幻想,n,2,8,2040001,第二人生 (明日版),录音室专辑,2011-12-16,11,诺亚方舟,第二人生,1.0,0.0
9373,22197011,比,p,2,8,2040001,第二人生 (明日版),录音室专辑,2011-12-16,11,诺亚方舟,第二人生,1.0,0.0
9374,22197011,还是,c,2,8,2040001,第二人生 (明日版),录音室专辑,2011-12-16,11,诺亚方舟,第二人生,1.0,0.0
9375,22197011,什么,r,2,8,2040001,第二人生 (明日版),录音室专辑,2011-12-16,11,诺亚方舟,第二人生,1.0,0.0
9376,22197011,没有,v,2,8,2040001,第二人生 (明日版),录音室专辑,2011-12-16,11,诺亚方舟,第二人生,1.0,0.0
9377,22197011,一种,m,2,8,2040001,第二人生 (明日版),录音室专辑,2011-12-16,11,诺亚方舟,第二人生,1.0,0.0
9378,22197011,勇敢,a,2,8,2040001,第二人生 (明日版),录音室专辑,2011-12-16,11,诺亚方舟,第二人生,1.0,0.0
9379,22197011,草莓,n,1,8,2040001,第二人生 (明日版),录音室专辑,2011-12-16,11,诺亚方舟,第二人生,1.0,0.0
9380,22197011,甜甜,a,1,8,2040001,第二人生 (明日版),录音室专辑,2011-12-16,11,诺亚方舟,第二人生,1.0,0.0
9381,22197011,圈,q,1,8,2040001,第二人生 (明日版),录音室专辑,2011-12-16,11,诺亚方舟,第二人生,1.0,0.0
9382,22197011,街角,n,1,8,2040001,第二人生 (明日版),录音室专辑,2011-12-16,11,诺亚方舟,第二人生,1.0,0.0
9383,22197011,咖啡店,n,1,8,2040001,第二人生 (明日版),录音室专辑,2011-12-16,11,诺亚方舟,第二人生,1.0,0.0
9384,22197011,落下,v,1,8,2040001,第二人生 (明日版),录音室专辑,2011-12-16,11,诺亚方舟,第二人生,1.0,0.0
9385,22197011,黑白,z,1,8,2040001,第二人生 (明日版),录音室专辑,2011-12-16,11,诺亚方舟,第二人生,1.0,0.0
9386,22197011,老照片,n,1,8,2040001,第二人生 (明日版),录音室专辑,2011-12-16,11,诺亚方舟,第二人生,1.0,0.0
9387,22197011,电影院,n,1,8,2040001,第二人生 (明日版),录音室专辑,2011-12-16,11,诺亚方舟,第二人生,1.0,0.0
9388,22197011,埋进,v,1,8,2040001,第二人生 (明日版),录音室专辑,2011-12-16,11,诺亚方舟,第二人生,1.0,0.0
9389,22197011,地面,n,1,8,2040001,第二人生 (明日版),录音室专辑,2011-12-16,11,诺亚方舟,第二人生,1.0,0.0
9390,22197011,初识,n,1,8,2040001,第二人生 (明日版),录音室专辑,2011-12-16,11,诺亚方舟,第二人生,1.0,0.0
9391,22197011,那个,r,1,8,2040001,第二人生 (明日版),录音室专辑,2011-12-16,11,诺亚方舟,第二人生,1.0,0.0
9392,22197011,公园,n,1,8,2040001,第二人生 (明日版),录音室专辑,2011-12-16,11,诺亚方舟,第二人生,1.0,0.0
9393,22197011,那天,r,1,8,2040001,第二人生 (明日版),录音室专辑,2011-12-16,11,诺亚方舟,第二人生,1.0,0.0
9394,22197011,先,d,1,8,2040001,第二人生 (明日版),录音室专辑,2011-12-16,11,诺亚方舟,第二人生,1.0,0.0
9395,22197011,吻,v,1,8,2040001,第二人生 (明日版),录音室专辑,2011-12-16,11,诺亚方舟,第二人生,1.0,0.0
9396,22197011,被,p,1,8,2040001,第二人生 (明日版),录音室专辑,2011-12-16,11,诺亚方舟,第二人生,1.0,0.0
9397,22197011,遗忘,v,1,8,2040001,第二人生 (明日版),录音室专辑,2011-12-16,11,诺亚方舟,第二人生,1.0,0.0
9398,22197011,秋千,nr,1,8,2040001,第二人生 (明日版),录音室专辑,2011-12-16,11,诺亚方舟,第二人生,1.0,0.0
9399,22197011,那么,r,1,8,2040001,第二人生 (明日版),录音室专辑,2011-12-16,11,诺亚方舟,第二人生,1.0,0.0
9400,22197011,多名,m,1,8,2040001,第二人生 (明日版),录音室专辑,2011-12-16,11,诺亚方舟,第二人生,1.0,0.0
9401,22197011,车,zg,1,8,2040001,第二人生 (明日版),录音室专辑,2011-12-16,11,诺亚方舟,第二人生,1.0,0.0
9402,22197011,名表,n,1,8,2040001,第二人生 (明日版),录音室专辑,2011-12-16,11,诺亚方舟,第二人生,1.0,0.0
9403,22197011,名鞋,n,1,8,2040001,第二人生 (明日版),录音室专辑,2011-12-16,11,诺亚方舟,第二人生,1.0,0.0
9404,22197011,带走,v,1,8,2040001,第二人生 (明日版),录音室专辑,2011-12-16,11,诺亚方舟,第二人生,1.0,0.0
9405,22197011,名为,v,1,8,2040001,第二人生 (明日版),录音室专辑,2011-12-16,11,诺亚方舟,第二人生,1.0,0.0
9406,22197011,花园,n,1,8,2040001,第二人生 (明日版),录音室专辑,2011-12-16,11,诺亚方舟,第二人生,1.0,0.0
9407,22197011,今夜,t,1,8,2040001,第二人生 (明日版),录音室专辑,2011-12-16,11,诺亚方舟,第二人生,1.0,0.0
9408,22197011,就要,d,1,8,2040001,第二人生 (明日版),录音室专辑,2011-12-16,11,诺亚方舟,第二人生,1.0,0.0
9409,22197011,一切,r,1,8,2040001,第二人生 (明日版),录音室专辑,2011-12-16,11,诺亚方舟,第二人生,1.0,0.0
9410,22197011,打,v,1,8,2040001,第二人生 (明日版),录音室专辑,2011-12-16,11,诺亚方舟,第二人生,1.0,0.0
9411,22197011,一,m,1,8,2040001,第二人生 (明日版),录音室专辑,2011-12-16,11,诺亚方舟,第二人生,1.0,0.0
9412,22197011,通电话,l,1,8,2040001,第二人生 (明日版),录音室专辑,2011-12-16,11,诺亚方舟,第二人生,1.0,0.0
9413,22197011,拨给,v,1,8,2040001,第二人生 (明日版),录音室专辑,2011-12-16,11,诺亚方舟,第二人生,1.0,0.0
9414,22197011,鹦鹉,n,1,8,2040001,第二人生 (明日版),录音室专辑,2011-12-16,11,诺亚方舟,第二人生,1.0,0.0
9415,22197011,孔雀,nr,1,8,2040001,第二人生 (明日版),录音室专辑,2011-12-16,11,诺亚方舟,第二人生,1.0,0.0
9416,22197011,花豹,n,1,8,2040001,第二人生 (明日版),录音室专辑,2011-12-16,11,诺亚方舟,第二人生,1.0,0.0
9417,22197011,望著,v,1,8,2040001,第二人生 (明日版),录音室专辑,2011-12-16,11,诺亚方舟,第二人生,1.0,0.0
9418,22197011,海面,n,1,8,2040001,第二人生 (明日版),录音室专辑,2011-12-16,11,诺亚方舟,第二人生,1.0,0.0
9419,22197011,底片,n,1,8,2040001,第二人生 (明日版),录音室专辑,2011-12-16,11,诺亚方舟,第二人生,1.0,0.0
9420,22197011,唱片,n,1,8,2040001,第二人生 (明日版),录音室专辑,2011-12-16,11,诺亚方舟,第二人生,1.0,0.0
9421,22197011,沉浮,v,1,8,2040001,第二人生 (明日版),录音室专辑,2011-12-16,11,诺亚方舟,第二人生,1.0,0.0
9422,22197011,浪间,n,1,8,2040001,第二人生 (明日版),录音室专辑,2011-12-16,11,诺亚方舟,第二人生,1.0,0.0
9423,22197011,就,d,1,8,2040001,第二人生 (明日版),录音室专辑,2011-12-16,11,诺亚方舟,第二人生,1.0,0.0
9424,22197011,诗篇,n,1,8,2040001,第二人生 (明日版),录音室专辑,2011-12-16,11,诺亚方舟,第二人生,1.0,0.0
9425,22197011,自由女神,i,1,8,2040001,第二人生 (明日版),录音室专辑,2011-12-16,11,诺亚方舟,第二人生,1.0,0.0
9426,22197011,漂到,v,1,8,2040001,第二人生 (明日版),录音室专辑,2011-12-16,11,诺亚方舟,第二人生,1.0,0.0
9427,22197011,华尔街,ns,1,8,2040001,第二人生 (明日版),录音室专辑,2011-12-16,11,诺亚方舟,第二人生,1.0,0.0
9428,22197011,甲板,n,1,8,2040001,第二人生 (明日版),录音室专辑,2011-12-16,11,诺亚方舟,第二人生,1.0,0.0
9429,22197011,上,f,1,8,2040001,第二人生 (明日版),录音室专辑,2011-12-16,11,诺亚方舟,第二人生,1.0,0.0
9430,22197011,摸到,v,1,8,2040001,第二人生 (明日版),录音室专辑,2011-12-16,11,诺亚方舟,第二人生,1.0,0.0
9431,22197011,杜拜,nr,1,8,2040001,第二人生 (明日版),录音室专辑,2011-12-16,11,诺亚方舟,第二人生,1.0,0.0
9432,22197011,塔顶,ns,1,8,2040001,第二人生 (明日版),录音室专辑,2011-12-16,11,诺亚方舟,第二人生,1.0,0.0
9433,22197011,塔尖,nr,1,8,2040001,第二人生 (明日版),录音室专辑,2011-12-16,11,诺亚方舟,第二人生,1.0,0.0
9434,22197011,海豚,n,1,8,2040001,第二人生 (明日版),录音室专辑,2011-12-16,11,诺亚方舟,第二人生,1.0,0.0
9435,22197011,跃出,v,1,8,2040001,第二人生 (明日版),录音室专辑,2011-12-16,11,诺亚方舟,第二人生,1.0,0.0
9436,22197011,西藏,ns,1,8,2040001,第二人生 (明日版),录音室专辑,2011-12-16,11,诺亚方舟,第二人生,1.0,0.0
9437,22197011,屋檐,n,1,8,2040001,第二人生 (明日版),录音室专辑,2011-12-16,11,诺亚方舟,第二人生,1.0,0.0
9438,22197011,原来,d,1,8,2040001,第二人生 (明日版),录音室专辑,2011-12-16,11,诺亚方舟,第二人生,1.0,0.0
9439,22197011,中,f,1,8,2040001,第二人生 (明日版),录音室专辑,2011-12-16,11,诺亚方舟,第二人生,1.0,0.0
9440,22197011,这天,r,1,8,2040001,第二人生 (明日版),录音室专辑,2011-12-16,11,诺亚方舟,第二人生,1.0,0.0
9441,22197011,更,d,1,8,2040001,第二人生 (明日版),录音室专辑,2011-12-16,11,诺亚方舟,第二人生,1.0,0.0
9442,22197011,唯美,a,1,8,2040001,第二人生 (明日版),录音室专辑,2011-12-16,11,诺亚方舟,第二人生,1.0,0.0
9443,22197011,放弃,v,1,8,2040001,第二人生 (明日版),录音室专辑,2011-12-16,11,诺亚方舟,第二人生,1.0,0.0
9444,22197011,海拔,n,1,8,2040001,第二人生 (明日版),录音室专辑,2011-12-16,11,诺亚方舟,第二人生,1.0,0.0
9445,22197011,以下,f,1,8,2040001,第二人生 (明日版),录音室专辑,2011-12-16,11,诺亚方舟,第二人生,1.0,0.0
9446,22197011,世界,n,1,8,2040001,第二人生 (明日版),录音室专辑,2011-12-16,11,诺亚方舟,第二人生,1.0,0.0
9447,22197011,装进,v,1,8,2040001,第二人生 (明日版),录音室专辑,2011-12-16,11,诺亚方舟,第二人生,1.0,0.0
9448,22197011,纪念,n,1,8,2040001,第二人生 (明日版),录音室专辑,2011-12-16,11,诺亚方舟,第二人生,1.0,0.0
9449,22197011,行李,n,1,8,2040001,第二人生 (明日版),录音室专辑,2011-12-16,11,诺亚方舟,第二人生,1.0,0.0
9450,22197011,里面,f,1,8,2040001,第二人生 (明日版),录音室专辑,2011-12-16,11,诺亚方舟,第二人生,1.0,0.0
9451,22197011,更多,d,1,8,2040001,第二人生 (明日版),录音室专辑,2011-12-16,11,诺亚方舟,第二人生,1.0,0.0
9452,22197011,明天,t,1,8,2040001,第二人生 (明日版),录音室专辑,2011-12-16,11,诺亚方舟,第二人生,1.0,0.0
9453,22197011,追,v,1,8,2040001,第二人生 (明日版),录音室专辑,2011-12-16,11,诺亚方舟,第二人生,1.0,0.0
9454,22197011,有,v,1,8,2040001,第二人生 (明日版),录音室专辑,2011-12-16,11,诺亚方舟,第二人生,1.0,0.0
9455,22197011,遗憾,a,1,8,2040001,第二人生 (明日版),录音室专辑,2011-12-16,11,诺亚方舟,第二人生,1.0,0.0
9456,22197011,依然,d,1,8,2040001,第二人生 (明日版),录音室专辑,2011-12-16,11,诺亚方舟,第二人生,1.0,0.0
9457,22197011,残缺,a,1,8,2040001,第二人生 (明日版),录音室专辑,2011-12-16,11,诺亚方舟,第二人生,1.0,0.0
9458,22197011,还,d,1,8,2040001,第二人生 (明日版),录音室专辑,2011-12-16,11,诺亚方舟,第二人生,1.0,0.0
9459,22197011,完美,a,1,8,2040001,第二人生 (明日版),录音室专辑,2011-12-16,11,诺亚方舟,第二人生,1.0,0.0
9460,22197011,彗星,n,1,8,2040001,第二人生 (明日版),录音室专辑,2011-12-16,11,诺亚方舟,第二人生,1.0,0.0
9461,22197011,燃烧,v,1,8,2040001,第二人生 (明日版),录音室专辑,2011-12-16,11,诺亚方舟,第二人生,1.0,0.0
9462,22197011,天边,s,1,8,2040001,第二人生 (明日版),录音室专辑,2011-12-16,11,诺亚方舟,第二人生,1.0,0.0
9463,22197011,陨石,n,1,8,2040001,第二人生 (明日版),录音室专辑,2011-12-16,11,诺亚方舟,第二人生,1.0,0.0
9464,22197011,辐射,v,1,8,2040001,第二人生 (明日版),录音室专辑,2011-12-16,11,诺亚方舟,第二人生,1.0,0.0
9465,22197011,阳光,nr,1,8,2040001,第二人生 (明日版),录音室专辑,2011-12-16,11,诺亚方舟,第二人生,1.0,0.0
9466,22197011,还要,c,1,8,2040001,第二人生 (明日版),录音室专辑,2011-12-16,11,诺亚方舟,第二人生,1.0,0.0
9467,22197011,炽烈,a,1,8,2040001,第二人生 (明日版),录音室专辑,2011-12-16,11,诺亚方舟,第二人生,1.0,0.0
9468,22197011,爱,v,1,8,2040001,第二人生 (明日版),录音室专辑,2011-12-16,11,诺亚方舟,第二人生,1.0,0.0
9469,22197011,变得,v,1,8,2040001,第二人生 (明日版),录音室专辑,2011-12-16,11,诺亚方舟,第二人生,1.0,0.0
9470,22197011,浓烈,a,1,8,2040001,第二人生 (明日版),录音室专辑,2011-12-16,11,诺亚方舟,第二人生,1.0,0.0
9471,22197011,每段,r,1,8,2040001,第二人生 (明日版),录音室专辑,2011-12-16,11,诺亚方舟,第二人生,1.0,0.0
9472,22197011,命运,n,1,8,2040001,第二人生 (明日版),录音室专辑,2011-12-16,11,诺亚方舟,第二人生,1.0,0.0
9473,22197011,更加,d,1,8,2040001,第二人生 (明日版),录音室专辑,2011-12-16,11,诺亚方舟,第二人生,1.0,0.0
9474,22197011,壮烈,a,1,8,2040001,第二人生 (明日版),录音室专辑,2011-12-16,11,诺亚方舟,第二人生,1.0,0.0
9475,22197011,永远,d,1,8,2040001,第二人生 (明日版),录音室专辑,2011-12-16,11,诺亚方舟,第二人生,1.0,0.0
9476,22197011,遥远,a,1,8,2040001,第二人生 (明日版),录音室专辑,2011-12-16,11,诺亚方舟,第二人生,1.0,0.0
9477,22197011,句点,n,1,8,2040001,第二人生 (明日版),录音室专辑,2011-12-16,11,诺亚方舟,第二人生,1.0,0.0
9478,22197011,观点,n,1,8,2040001,第二人生 (明日版),录音室专辑,2011-12-16,11,诺亚方舟,第二人生,1.0,0.0
9479,22197011,同类,n,1,8,2040001,第二人生 (明日版),录音室专辑,2011-12-16,11,诺亚方舟,第二人生,1.0,0.0
9480,22197011,地向,n,1,8,2040001,第二人生 (明日版),录音室专辑,2011-12-16,11,诺亚方舟,第二人生,1.0,0.0
9481,22197011,过去,t,1,8,2040001,第二人生 (明日版),录音室专辑,2011-12-16,11,诺亚方舟,第二人生,1.0,0.0
9482,22197011,未来,t,1,8,2040001,第二人生 (明日版),录音室专辑,2011-12-16,11,诺亚方舟,第二人生,1.0,0.0
9483,22197011,每,zg,1,8,2040001,第二人生 (明日版),录音室专辑,2011-12-16,11,诺亚方舟,第二人生,1.0,0.0
9484,22197011,段,q,1,8,2040001,第二人生 (明日版),录音室专辑,2011-12-16,11,诺亚方舟,第二人生,1.0,0.0
9485,22197011,血缘,n,1,8,2040001,第二人生 (明日版),录音室专辑,2011-12-16,11,诺亚方舟,第二人生,1.0,0.0
9486,22197011,身分,n,1,8,2040001,第二人生 (明日版),录音室专辑,2011-12-16,11,诺亚方舟,第二人生,1.0,0.0
9487,22197011,地位,n,1,8,2040001,第二人生 (明日版),录音室专辑,2011-12-16,11,诺亚方舟,第二人生,1.0,0.0
9488,22197011,聪明,a,1,8,2040001,第二人生 (明日版),录音室专辑,2011-12-16,11,诺亚方舟,第二人生,1.0,0.0
9489,22197011,或,c,1,8,2040001,第二人生 (明日版),录音室专辑,2011-12-16,11,诺亚方舟,第二人生,1.0,0.0
9490,22197011,愚昧,a,1,8,2040001,第二人生 (明日版),录音室专辑,2011-12-16,11,诺亚方舟,第二人生,1.0,0.0
9491,22197011,一个,m,1,8,2040001,第二人生 (明日版),录音室专辑,2011-12-16,11,诺亚方舟,第二人生,1.0,0.0
9492,22197011,心愿,n,1,8,2040001,第二人生 (明日版),录音室专辑,2011-12-16,11,诺亚方舟,第二人生,1.0,0.0
9493,22197011,学会,n,1,8,2040001,第二人生 (明日版),录音室专辑,2011-12-16,11,诺亚方舟,第二人生,1.0,0.0
9494,22197011,高飞,nr,1,8,2040001,第二人生 (明日版),录音室专辑,2011-12-16,11,诺亚方舟,第二人生,1.0,0.0
9495,22197011,飞在,v,1,8,2040001,第二人生 (明日版),录音室专辑,2011-12-16,11,诺亚方舟,第二人生,1.0,0.0
9496,22197011,不,d,1,8,2040001,第二人生 (明日版),录音室专辑,2011-12-16,11,诺亚方舟,第二人生,1.0,0.0
9497,22197011,存在,v,1,8,2040001,第二人生 (明日版),录音室专辑,2011-12-16,11,诺亚方舟,第二人生,1.0,0.0
9498,22197011,高山,ns,1,8,2040001,第二人生 (明日版),录音室专辑,2011-12-16,11,诺亚方舟,第二人生,1.0,0.0
9499,22197011,草原,n,1,8,2040001,第二人生 (明日版),录音室专辑,2011-12-16,11,诺亚方舟,第二人生,1.0,0.0
9500,22197011,星空,n,1,8,2040001,第二人生 (明日版),录音室专辑,2011-12-16,11,诺亚方舟,第二人生,1.0,0.0
9501,22197011,蓝天,nr,1,8,2040001,第二人生 (明日版),录音室专辑,2011-12-16,11,诺亚方舟,第二人生,1.0,0.0
9502,22197011,海平线,nz,1,8,2040001,第二人生 (明日版),录音室专辑,2011-12-16,11,诺亚方舟,第二人生,1.0,0.0
9503,22197011,换日线,nz,1,8,2040001,第二人生 (明日版),录音室专辑,2011-12-16,11,诺亚方舟,第二人生,1.0,0.0
9504,22197011,天际线,nz,1,8,2040001,第二人生 (明日版),录音室专辑,2011-12-16,11,诺亚方舟,第二人生,1.0,0.0
9505,22197011,无限,v,1,8,2040001,第二人生 (明日版),录音室专辑,2011-12-16,11,诺亚方舟,第二人生,1.0,0.0
9506,22197014,OA,eng,27,8,2040001,第二人生 (明日版),录音室专辑,2011-12-16,13,OAOA (现在就是永远),第二人生,1.0,0.0
9507,22197014,我,r,26,8,2040001,第二人生 (明日版),录音室专辑,2011-12-16,13,OAOA (现在就是永远),第二人生,1.0,0.0
9508,22197014,的,uj,24,8,2040001,第二人生 (明日版),录音室专辑,2011-12-16,13,OAOA (现在就是永远),第二人生,1.0,0.0
9509,22197014,相信,v,14,8,2040001,第二人生 (明日版),录音室专辑,2011-12-16,13,OAOA (现在就是永远),第二人生,1.0,0.0
9510,22197014,不信,v,9,8,2040001,第二人生 (明日版),录音室专辑,2011-12-16,13,OAOA (现在就是永远),第二人生,1.0,0.0
9511,22197014,去,v,9,8,2040001,第二人生 (明日版),录音室专辑,2011-12-16,13,OAOA (现在就是永远),第二人生,1.0,0.0
9512,22197014,就,d,8,8,2040001,第二人生 (明日版),录音室专辑,2011-12-16,13,OAOA (现在就是永远),第二人生,1.0,0.0
9513,22197014,秒,m,6,8,2040001,第二人生 (明日版),录音室专辑,2011-12-16,13,OAOA (现在就是永远),第二人生,1.0,0.0
9514,22197014,永远,d,6,8,2040001,第二人生 (明日版),录音室专辑,2011-12-16,13,OAOA (现在就是永远),第二人生,1.0,0.0
9515,22197014,你,r,6,8,2040001,第二人生 (明日版),录音室专辑,2011-12-16,13,OAOA (现在就是永远),第二人生,1.0,0.0
9516,22197014,再,d,6,8,2040001,第二人生 (明日版),录音室专辑,2011-12-16,13,OAOA (现在就是永远),第二人生,1.0,0.0
9517,22197014,人生,n,6,8,2040001,第二人生 (明日版),录音室专辑,2011-12-16,13,OAOA (现在就是永远),第二人生,1.0,0.0
9518,22197014,都,d,6,8,2040001,第二人生 (明日版),录音室专辑,2011-12-16,13,OAOA (现在就是永远),第二人生,1.0,0.0
9519,22197014,太,d,6,8,2040001,第二人生 (明日版),录音室专辑,2011-12-16,13,OAOA (现在就是永远),第二人生,1.0,0.0
9520,22197014,短暂,a,6,8,2040001,第二人生 (明日版),录音室专辑,2011-12-16,13,OAOA (现在就是永远),第二人生,1.0,0.0
9521,22197014,别,r,6,8,2040001,第二人生 (明日版),录音室专辑,2011-12-16,13,OAOA (现在就是永远),第二人生,1.0,0.0
9522,22197014,音乐,n,4,8,2040001,第二人生 (明日版),录音室专辑,2011-12-16,13,OAOA (现在就是永远),第二人生,1.0,0.0
9523,22197014,瞬间,t,3,8,2040001,第二人生 (明日版),录音室专辑,2011-12-16,13,OAOA (现在就是永远),第二人生,1.0,0.0
9524,22197014,年年,t,3,8,2040001,第二人生 (明日版),录音室专辑,2011-12-16,13,OAOA (现在就是永远),第二人生,1.0,0.0
9525,22197014,摇滚,z,3,8,2040001,第二人生 (明日版),录音室专辑,2011-12-16,13,OAOA (现在就是永远),第二人生,1.0,0.0
9526,22197014,能,v,3,8,2040001,第二人生 (明日版),录音室专辑,2011-12-16,13,OAOA (现在就是永远),第二人生,1.0,0.0
9527,22197014,万岁,m,3,8,2040001,第二人生 (明日版),录音室专辑,2011-12-16,13,OAOA (现在就是永远),第二人生,1.0,0.0
9528,22197014,快,a,3,8,2040001,第二人生 (明日版),录音室专辑,2011-12-16,13,OAOA (现在就是永远),第二人生,1.0,0.0
9529,22197014,张开,nr,3,8,2040001,第二人生 (明日版),录音室专辑,2011-12-16,13,OAOA (现在就是永远),第二人生,1.0,0.0
9530,22197014,嘴,n,3,8,2040001,第二人生 (明日版),录音室专辑,2011-12-16,13,OAOA (现在就是永远),第二人生,1.0,0.0
9531,22197014,不管,c,3,8,2040001,第二人生 (明日版),录音室专辑,2011-12-16,13,OAOA (现在就是永远),第二人生,1.0,0.0
9532,22197014,是,v,3,8,2040001,第二人生 (明日版),录音室专辑,2011-12-16,13,OAOA (现在就是永远),第二人生,1.0,0.0
9533,22197014,谁,r,3,8,2040001,第二人生 (明日版),录音室专辑,2011-12-16,13,OAOA (现在就是永远),第二人生,1.0,0.0
9534,22197014,想,v,3,8,2040001,第二人生 (明日版),录音室专辑,2011-12-16,13,OAOA (现在就是永远),第二人生,1.0,0.0
9535,22197014,别怕,c,3,8,2040001,第二人生 (明日版),录音室专辑,2011-12-16,13,OAOA (现在就是永远),第二人生,1.0,0.0
9536,22197014,后退,v,3,8,2040001,第二人生 (明日版),录音室专辑,2011-12-16,13,OAOA (现在就是永远),第二人生,1.0,0.0
9537,22197014,现在,t,3,8,2040001,第二人生 (明日版),录音室专辑,2011-12-16,13,OAOA (现在就是永远),第二人生,1.0,0.0
9538,22197014,就是,d,3,8,2040001,第二人生 (明日版),录音室专辑,2011-12-16,13,OAOA (现在就是永远),第二人生,1.0,0.0
9539,22197014,出生,v,3,8,2040001,第二人生 (明日版),录音室专辑,2011-12-16,13,OAOA (现在就是永远),第二人生,1.0,0.0
9540,22197014,那,r,3,8,2040001,第二人生 (明日版),录音室专辑,2011-12-16,13,OAOA (现在就是永远),第二人生,1.0,0.0
9541,22197014,一年,m,3,8,2040001,第二人生 (明日版),录音室专辑,2011-12-16,13,OAOA (现在就是永远),第二人生,1.0,0.0
9542,22197014,转眼,v,3,8,2040001,第二人生 (明日版),录音室专辑,2011-12-16,13,OAOA (现在就是永远),第二人生,1.0,0.0
9543,22197014,这,r,3,8,2040001,第二人生 (明日版),录音室专辑,2011-12-16,13,OAOA (现在就是永远),第二人生,1.0,0.0
9544,22197014,一天,m,3,8,2040001,第二人生 (明日版),录音室专辑,2011-12-16,13,OAOA (现在就是永远),第二人生,1.0,0.0
9545,22197014,疯,v,3,8,2040001,第二人生 (明日版),录音室专辑,2011-12-16,13,OAOA (现在就是永远),第二人生,1.0,0.0
9546,22197014,爱,v,3,8,2040001,第二人生 (明日版),录音室专辑,2011-12-16,13,OAOA (现在就是永远),第二人生,1.0,0.0
9547,22197014,浪费,v,3,8,2040001,第二人生 (明日版),录音室专辑,2011-12-16,13,OAOA (现在就是永远),第二人生,1.0,0.0
9548,22197014,和,c,3,8,2040001,第二人生 (明日版),录音室专辑,2011-12-16,13,OAOA (现在就是永远),第二人生,1.0,0.0
9549,22197014,唱,v,3,8,2040001,第二人生 (明日版),录音室专辑,2011-12-16,13,OAOA (现在就是永远),第二人生,1.0,0.0
9550,22197014,OAOA,eng,3,8,2040001,第二人生 (明日版),录音室专辑,2011-12-16,13,OAOA (现在就是永远),第二人生,1.0,0.0
9551,22197014,苦涩,a,2,8,2040001,第二人生 (明日版),录音室专辑,2011-12-16,13,OAOA (现在就是永远),第二人生,1.0,0.0
9552,22197014,眼泪,n,2,8,2040001,第二人生 (明日版),录音室专辑,2011-12-16,13,OAOA (现在就是永远),第二人生,1.0,0.0
9553,22197014,甜美,a,2,8,2040001,第二人生 (明日版),录音室专辑,2011-12-16,13,OAOA (现在就是永远),第二人生,1.0,0.0
9554,22197014,誓言,n,2,8,2040001,第二人生 (明日版),录音室专辑,2011-12-16,13,OAOA (现在就是永远),第二人生,1.0,0.0
9555,22197014,该,r,2,8,2040001,第二人生 (明日版),录音室专辑,2011-12-16,13,OAOA (现在就是永远),第二人生,1.0,0.0
9556,22197014,爱情,n,2,8,2040001,第二人生 (明日版),录音室专辑,2011-12-16,13,OAOA (现在就是永远),第二人生,1.0,0.0
9557,22197014,纯粹,a,2,8,2040001,第二人生 (明日版),录音室专辑,2011-12-16,13,OAOA (现在就是永远),第二人生,1.0,0.0
9558,22197014,华丽,nr,2,8,2040001,第二人生 (明日版),录音室专辑,2011-12-16,13,OAOA (现在就是永远),第二人生,1.0,0.0
9559,22197014,诗篇,n,2,8,2040001,第二人生 (明日版),录音室专辑,2011-12-16,13,OAOA (现在就是永远),第二人生,1.0,0.0
9560,22197014,热烈,a,2,8,2040001,第二人生 (明日版),录音室专辑,2011-12-16,13,OAOA (现在就是永远),第二人生,1.0,0.0
9561,22197014,争辩,v,2,8,2040001,第二人生 (明日版),录音室专辑,2011-12-16,13,OAOA (现在就是永远),第二人生,1.0,0.0
9562,22197014,无声,d,2,8,2040001,第二人生 (明日版),录音室专辑,2011-12-16,13,OAOA (现在就是永远),第二人生,1.0,0.0
9563,22197014,和谐,a,2,8,2040001,第二人生 (明日版),录音室专辑,2011-12-16,13,OAOA (现在就是永远),第二人生,1.0,0.0
9564,2008204010,121,m,8,8,2040001,第二人生 (明日版),录音室专辑,2011-12-16,14,T1213121,第二人生,1.0,0.0
9565,2008204010,3121,m,7,8,2040001,第二人生 (明日版),录音室专辑,2011-12-16,14,T1213121,第二人生,1.0,0.0
9566,2008204010,你,r,4,8,2040001,第二人生 (明日版),录音室专辑,2011-12-16,14,T1213121,第二人生,1.0,0.0
9567,2008204010,都,d,4,8,2040001,第二人生 (明日版),录音室专辑,2011-12-16,14,T1213121,第二人生,1.0,0.0
9568,2008204010,了,ul,4,8,2040001,第二人生 (明日版),录音室专辑,2011-12-16,14,T1213121,第二人生,1.0,0.0
9569,2008204010,的,uj,4,8,2040001,第二人生 (明日版),录音室专辑,2011-12-16,14,T1213121,第二人生,1.0,0.0
9570,2008204010,时间,n,2,8,2040001,第二人生 (明日版),录音室专辑,2011-12-16,14,T1213121,第二人生,1.0,0.0
9571,2008204010,停,v,2,8,2040001,第二人生 (明日版),录音室专辑,2011-12-16,14,T1213121,第二人生,1.0,0.0
9572,2008204010,他们,r,2,8,2040001,第二人生 (明日版),录音室专辑,2011-12-16,14,T1213121,第二人生,1.0,0.0
9573,2008204010,回来,v,2,8,2040001,第二人生 (明日版),录音室专辑,2011-12-16,14,T1213121,第二人生,1.0,0.0
9574,2008204010,怀念,v,2,8,2040001,第二人生 (明日版),录音室专辑,2011-12-16,14,T1213121,第二人生,1.0,0.0
9575,2008204010,人,n,2,8,2040001,第二人生 (明日版),录音室专辑,2011-12-16,14,T1213121,第二人生,1.0,0.0
9576,2008204010,啊,y,2,8,2040001,第二人生 (明日版),录音室专辑,2011-12-16,14,T1213121,第二人生,1.0,0.0
9577,2008204010,等,u,2,8,2040001,第二人生 (明日版),录音室专辑,2011-12-16,14,T1213121,第二人生,1.0,0.0
9578,2008204010,来到,v,2,8,2040001,第二人生 (明日版),录音室专辑,2011-12-16,14,T1213121,第二人生,1.0,0.0
9579,2008204010,提议,v,1,8,2040001,第二人生 (明日版),录音室专辑,2011-12-16,14,T1213121,第二人生,1.0,0.0
9580,2008204010,而已,y,1,8,2040001,第二人生 (明日版),录音室专辑,2011-12-16,14,T1213121,第二人生,1.0,0.0
9581,2008204010,尚翊二,nr,1,8,2040001,第二人生 (明日版),录音室专辑,2011-12-16,14,T1213121,第二人生,1.0,0.0
9582,2008204010,一,m,1,8,2040001,第二人生 (明日版),录音室专辑,2011-12-16,14,T1213121,第二人生,1.0,0.0
9583,2008204010,体验,n,1,8,2040001,第二人生 (明日版),录音室专辑,2011-12-16,14,T1213121,第二人生,1.0,0.0
9584,2008204010,恶女,n,1,8,2040001,第二人生 (明日版),录音室专辑,2011-12-16,14,T1213121,第二人生,1.0,0.0
9585,2008204010,善意,v,1,8,2040001,第二人生 (明日版),录音室专辑,2011-12-16,14,T1213121,第二人生,1.0,0.0
9586,2008204010,恶意,v,1,8,2040001,第二人生 (明日版),录音室专辑,2011-12-16,14,T1213121,第二人生,1.0,0.0
9587,2008204010,替,p,1,8,2040001,第二人生 (明日版),录音室专辑,2011-12-16,14,T1213121,第二人生,1.0,0.0
9588,2008204010,恶心,n,1,8,2040001,第二人生 (明日版),录音室专辑,2011-12-16,14,T1213121,第二人生,1.0,0.0
9589,2008204010,伤,v,1,8,2040001,第二人生 (明日版),录音室专辑,2011-12-16,14,T1213121,第二人生,1.0,0.0
9590,2008204010,和,c,1,8,2040001,第二人生 (明日版),录音室专辑,2011-12-16,14,T1213121,第二人生,1.0,0.0
9591,2008204010,气,n,1,8,2040001,第二人生 (明日版),录音室专辑,2011-12-16,14,T1213121,第二人生,1.0,0.0
9592,2008204010,体力,n,1,8,2040001,第二人生 (明日版),录音室专辑,2011-12-16,14,T1213121,第二人生,1.0,0.0
9593,2008204010,耐力,nz,1,8,2040001,第二人生 (明日版),录音室专辑,2011-12-16,14,T1213121,第二人生,1.0,0.0
9594,2008204010,擅自,d,1,8,2040001,第二人生 (明日版),录音室专辑,2011-12-16,14,T1213121,第二人生,1.0,0.0
9595,2008204010,儿戏,n,1,8,2040001,第二人生 (明日版),录音室专辑,2011-12-16,14,T1213121,第二人生,1.0,0.0
9596,385563,OA,eng,27,8,38214,第二人生 (末日版),录音室专辑,2011-12-16,10,OAOA (丢掉名字性别),第二人生,1.0,0.0
9597,385563,的,uj,24,8,38214,第二人生 (末日版),录音室专辑,2011-12-16,10,OAOA (丢掉名字性别),第二人生,1.0,0.0
9598,385563,这,r,12,8,38214,第二人生 (末日版),录音室专辑,2011-12-16,10,OAOA (丢掉名字性别),第二人生,1.0,0.0
9599,385563,太,d,9,8,38214,第二人生 (末日版),录音室专辑,2011-12-16,10,OAOA (丢掉名字性别),第二人生,1.0,0.0
9600,385563,去,v,9,8,38214,第二人生 (末日版),录音室专辑,2011-12-16,10,OAOA (丢掉名字性别),第二人生,1.0,0.0
9601,385563,你,r,6,8,38214,第二人生 (末日版),录音室专辑,2011-12-16,10,OAOA (丢掉名字性别),第二人生,1.0,0.0
9602,385563,再,d,6,8,38214,第二人生 (末日版),录音室专辑,2011-12-16,10,OAOA (丢掉名字性别),第二人生,1.0,0.0
9603,385563,人生,n,6,8,38214,第二人生 (末日版),录音室专辑,2011-12-16,10,OAOA (丢掉名字性别),第二人生,1.0,0.0
9604,385563,都,d,6,8,38214,第二人生 (末日版),录音室专辑,2011-12-16,10,OAOA (丢掉名字性别),第二人生,1.0,0.0
9605,385563,短暂,a,6,8,38214,第二人生 (末日版),录音室专辑,2011-12-16,10,OAOA (丢掉名字性别),第二人生,1.0,0.0
9606,385563,别,d,6,8,38214,第二人生 (末日版),录音室专辑,2011-12-16,10,OAOA (丢掉名字性别),第二人生,1.0,0.0
9607,385563,唱,v,5,8,38214,第二人生 (末日版),录音室专辑,2011-12-16,10,OAOA (丢掉名字性别),第二人生,1.0,0.0
9608,385563,一下,m,4,8,38214,第二人生 (末日版),录音室专辑,2011-12-16,10,OAOA (丢掉名字性别),第二人生,1.0,0.0
9609,385563,一个,m,4,8,38214,第二人生 (末日版),录音室专辑,2011-12-16,10,OAOA (丢掉名字性别),第二人生,1.0,0.0
9610,385563,一生,m,3,8,38214,第二人生 (末日版),录音室专辑,2011-12-16,10,OAOA (丢掉名字性别),第二人生,1.0,0.0
9611,385563,多,m,3,8,38214,第二人生 (末日版),录音室专辑,2011-12-16,10,OAOA (丢掉名字性别),第二人生,1.0,0.0
9612,385563,妥协,v,3,8,38214,第二人生 (末日版),录音室专辑,2011-12-16,10,OAOA (丢掉名字性别),第二人生,1.0,0.0
9613,385563,一刻,m,3,8,38214,第二人生 (末日版),录音室专辑,2011-12-16,10,OAOA (丢掉名字性别),第二人生,1.0,0.0
9614,385563,彻底,ad,3,8,38214,第二人生 (末日版),录音室专辑,2011-12-16,10,OAOA (丢掉名字性别),第二人生,1.0,0.0
9615,385563,打碎,v,3,8,38214,第二人生 (末日版),录音室专辑,2011-12-16,10,OAOA (丢掉名字性别),第二人生,1.0,0.0
9616,385563,一次,m,3,8,38214,第二人生 (末日版),录音室专辑,2011-12-16,10,OAOA (丢掉名字性别),第二人生,1.0,0.0
9617,385563,丢掉,v,3,8,38214,第二人生 (末日版),录音室专辑,2011-12-16,10,OAOA (丢掉名字性别),第二人生,1.0,0.0
9618,385563,名字,n,3,8,38214,第二人生 (末日版),录音室专辑,2011-12-16,10,OAOA (丢掉名字性别),第二人生,1.0,0.0
9619,385563,性别,n,3,8,38214,第二人生 (末日版),录音室专辑,2011-12-16,10,OAOA (丢掉名字性别),第二人生,1.0,0.0
9620,385563,快,a,3,8,38214,第二人生 (末日版),录音室专辑,2011-12-16,10,OAOA (丢掉名字性别),第二人生,1.0,0.0
9621,385563,张开,nr,3,8,38214,第二人生 (末日版),录音室专辑,2011-12-16,10,OAOA (丢掉名字性别),第二人生,1.0,0.0
9622,385563,嘴,n,3,8,38214,第二人生 (末日版),录音室专辑,2011-12-16,10,OAOA (丢掉名字性别),第二人生,1.0,0.0
9623,385563,不管,c,3,8,38214,第二人生 (末日版),录音室专辑,2011-12-16,10,OAOA (丢掉名字性别),第二人生,1.0,0.0
9624,385563,是,v,3,8,38214,第二人生 (末日版),录音室专辑,2011-12-16,10,OAOA (丢掉名字性别),第二人生,1.0,0.0
9625,385563,谁,r,3,8,38214,第二人生 (末日版),录音室专辑,2011-12-16,10,OAOA (丢掉名字性别),第二人生,1.0,0.0
9626,385563,想,v,3,8,38214,第二人生 (末日版),录音室专辑,2011-12-16,10,OAOA (丢掉名字性别),第二人生,1.0,0.0
9627,385563,别怕,c,3,8,38214,第二人生 (末日版),录音室专辑,2011-12-16,10,OAOA (丢掉名字性别),第二人生,1.0,0.0
9628,385563,後,nr,3,8,38214,第二人生 (末日版),录音室专辑,2011-12-16,10,OAOA (丢掉名字性别),第二人生,1.0,0.0
9629,385563,退,v,3,8,38214,第二人生 (末日版),录音室专辑,2011-12-16,10,OAOA (丢掉名字性别),第二人生,1.0,0.0
9630,385563,现在,t,3,8,38214,第二人生 (末日版),录音室专辑,2011-12-16,10,OAOA (丢掉名字性别),第二人生,1.0,0.0
9631,385563,就是,d,3,8,38214,第二人生 (末日版),录音室专辑,2011-12-16,10,OAOA (丢掉名字性别),第二人生,1.0,0.0
9632,385563,永远,d,3,8,38214,第二人生 (末日版),录音室专辑,2011-12-16,10,OAOA (丢掉名字性别),第二人生,1.0,0.0
9633,385563,出生,v,3,8,38214,第二人生 (末日版),录音室专辑,2011-12-16,10,OAOA (丢掉名字性别),第二人生,1.0,0.0
9634,385563,那,r,3,8,38214,第二人生 (末日版),录音室专辑,2011-12-16,10,OAOA (丢掉名字性别),第二人生,1.0,0.0
9635,385563,一年,m,3,8,38214,第二人生 (末日版),录音室专辑,2011-12-16,10,OAOA (丢掉名字性别),第二人生,1.0,0.0
9636,385563,转眼,v,3,8,38214,第二人生 (末日版),录音室专辑,2011-12-16,10,OAOA (丢掉名字性别),第二人生,1.0,0.0
9637,385563,就,d,3,8,38214,第二人生 (末日版),录音室专辑,2011-12-16,10,OAOA (丢掉名字性别),第二人生,1.0,0.0
9638,385563,一天,m,3,8,38214,第二人生 (末日版),录音室专辑,2011-12-16,10,OAOA (丢掉名字性别),第二人生,1.0,0.0
9639,385563,疯,a,3,8,38214,第二人生 (末日版),录音室专辑,2011-12-16,10,OAOA (丢掉名字性别),第二人生,1.0,0.0
9640,385563,爱,v,3,8,38214,第二人生 (末日版),录音室专辑,2011-12-16,10,OAOA (丢掉名字性别),第二人生,1.0,0.0
9641,385563,浪费,v,3,8,38214,第二人生 (末日版),录音室专辑,2011-12-16,10,OAOA (丢掉名字性别),第二人生,1.0,0.0
9642,385563,和,c,3,8,38214,第二人生 (末日版),录音室专辑,2011-12-16,10,OAOA (丢掉名字性别),第二人生,1.0,0.0
9643,385563,我,r,3,8,38214,第二人生 (末日版),录音室专辑,2011-12-16,10,OAOA (丢掉名字性别),第二人生,1.0,0.0
9644,385563,OAOA,eng,3,8,38214,第二人生 (末日版),录音室专辑,2011-12-16,10,OAOA (丢掉名字性别),第二人生,1.0,0.0
9645,385563,舔,v,2,8,38214,第二人生 (末日版),录音室专辑,2011-12-16,10,OAOA (丢掉名字性别),第二人生,1.0,0.0
9646,385563,饥渴,n,2,8,38214,第二人生 (末日版),录音室专辑,2011-12-16,10,OAOA (丢掉名字性别),第二人生,1.0,0.0
9647,385563,味蕾,n,2,8,38214,第二人生 (末日版),录音室专辑,2011-12-16,10,OAOA (丢掉名字性别),第二人生,1.0,0.0
9648,385563,跳,v,2,8,38214,第二人生 (末日版),录音室专辑,2011-12-16,10,OAOA (丢掉名字性别),第二人生,1.0,0.0
9649,385563,期盼,v,2,8,38214,第二人生 (末日版),录音室专辑,2011-12-16,10,OAOA (丢掉名字性别),第二人生,1.0,0.0
9650,385563,脚尖,n,2,8,38214,第二人生 (末日版),录音室专辑,2011-12-16,10,OAOA (丢掉名字性别),第二人生,1.0,0.0
9651,385563,恨,v,2,8,38214,第二人生 (末日版),录音室专辑,2011-12-16,10,OAOA (丢掉名字性别),第二人生,1.0,0.0
9652,385563,一种,m,2,8,38214,第二人生 (末日版),录音室专辑,2011-12-16,10,OAOA (丢掉名字性别),第二人生,1.0,0.0
9653,385563,无止尽,i,2,8,38214,第二人生 (末日版),录音室专辑,2011-12-16,10,OAOA (丢掉名字性别),第二人生,1.0,0.0
9654,385563,和谐,a,2,8,38214,第二人生 (末日版),录音室专辑,2011-12-16,10,OAOA (丢掉名字性别),第二人生,1.0,0.0
9655,385563,等,u,2,8,38214,第二人生 (末日版),录音室专辑,2011-12-16,10,OAOA (丢掉名字性别),第二人生,1.0,0.0
9656,385563,复活,vn,2,8,38214,第二人生 (末日版),录音室专辑,2011-12-16,10,OAOA (丢掉名字性别),第二人生,1.0,0.0
9657,385563,瞬间,t,2,8,38214,第二人生 (末日版),录音室专辑,2011-12-16,10,OAOA (丢掉名字性别),第二人生,1.0,0.0
9658,385563,喝,vg,2,8,38214,第二人生 (末日版),录音室专辑,2011-12-16,10,OAOA (丢掉名字性别),第二人生,1.0,0.0
9659,385563,一滴,m,2,8,38214,第二人生 (末日版),录音室专辑,2011-12-16,10,OAOA (丢掉名字性别),第二人生,1.0,0.0
9660,385563,甜美,a,2,8,38214,第二人生 (末日版),录音室专辑,2011-12-16,10,OAOA (丢掉名字性别),第二人生,1.0,0.0
9661,385563,眼泪,n,2,8,38214,第二人生 (末日版),录音室专辑,2011-12-16,10,OAOA (丢掉名字性别),第二人生,1.0,0.0
9662,385563,一首,m,2,8,38214,第二人生 (末日版),录音室专辑,2011-12-16,10,OAOA (丢掉名字性别),第二人生,1.0,0.0
9663,385563,透明,v,2,8,38214,第二人生 (末日版),录音室专辑,2011-12-16,10,OAOA (丢掉名字性别),第二人生,1.0,0.0
9664,385563,摇滚乐,i,2,8,38214,第二人生 (末日版),录音室专辑,2011-12-16,10,OAOA (丢掉名字性别),第二人生,1.0,0.0
9665,385563,创,n,2,8,38214,第二人生 (末日版),录音室专辑,2011-12-16,10,OAOA (丢掉名字性别),第二人生,1.0,0.0
9666,385563,颠峰,n,2,8,38214,第二人生 (末日版),录音室专辑,2011-12-16,10,OAOA (丢掉名字性别),第二人生,1.0,0.0
9667,385563,疯癫,z,2,8,38214,第二人生 (末日版),录音室专辑,2011-12-16,10,OAOA (丢掉名字性别),第二人生,1.0,0.0
9668,417953659,你,r,9,9,34746073,自传,录音室专辑,2016-07-21,1,如果我们不曾相遇,自传,1.0,0.0
9669,417953659,不曾,d,8,9,34746073,自传,录音室专辑,2016-07-21,1,如果我们不曾相遇,自传,1.0,0.0
9670,417953659,我们,r,7,9,34746073,自传,录音室专辑,2016-07-21,1,如果我们不曾相遇,自传,1.0,0.0
9671,417953659,的,uj,7,9,34746073,自传,录音室专辑,2016-07-21,1,如果我们不曾相遇,自传,1.0,0.0
9672,417953659,如果,c,6,9,34746073,自传,录音室专辑,2016-07-21,1,如果我们不曾相遇,自传,1.0,0.0
9673,417953659,在,p,5,9,34746073,自传,录音室专辑,2016-07-21,1,如果我们不曾相遇,自传,1.0,0.0
9674,417953659,从,p,5,9,34746073,自传,录音室专辑,2016-07-21,1,如果我们不曾相遇,自传,1.0,0.0
9675,417953659,我,r,5,9,34746073,自传,录音室专辑,2016-07-21,1,如果我们不曾相遇,自传,1.0,0.0
9676,417953659,相遇,v,4,9,34746073,自传,录音室专辑,2016-07-21,1,如果我们不曾相遇,自传,1.0,0.0
9677,417953659,都,d,4,9,34746073,自传,录音室专辑,2016-07-21,1,如果我们不曾相遇,自传,1.0,0.0
9678,417953659,一天,m,4,9,34746073,自传,录音室专辑,2016-07-21,1,如果我们不曾相遇,自传,1.0,0.0
9679,417953659,里,f,4,9,34746073,自传,录音室专辑,2016-07-21,1,如果我们不曾相遇,自传,1.0,0.0
9680,417953659,是,v,3,9,34746073,自传,录音室专辑,2016-07-21,1,如果我们不曾相遇,自传,1.0,0.0
9681,417953659,哪里,r,3,9,34746073,自传,录音室专辑,2016-07-21,1,如果我们不曾相遇,自传,1.0,0.0
9682,417953659,相识,v,3,9,34746073,自传,录音室专辑,2016-07-21,1,如果我们不曾相遇,自传,1.0,0.0
9683,417953659,每秒,r,3,9,34746073,自传,录音室专辑,2016-07-21,1,如果我们不曾相遇,自传,1.0,0.0
9684,417953659,谁,r,3,9,34746073,自传,录音室专辑,2016-07-21,1,如果我们不曾相遇,自传,1.0,0.0
9685,417953659,那,r,3,9,34746073,自传,录音室专辑,2016-07-21,1,如果我们不曾相遇,自传,1.0,0.0
9686,417953659,那一刻,r,3,9,34746073,自传,录音室专辑,2016-07-21,1,如果我们不曾相遇,自传,1.0,0.0
9687,417953659,那个,r,3,9,34746073,自传,录音室专辑,2016-07-21,1,如果我们不曾相遇,自传,1.0,0.0
9688,417953659,场景,n,3,9,34746073,自传,录音室专辑,2016-07-21,1,如果我们不曾相遇,自传,1.0,0.0
9689,417953659,出现,v,3,9,34746073,自传,录音室专辑,2016-07-21,1,如果我们不曾相遇,自传,1.0,0.0
9690,417953659,生命,vn,3,9,34746073,自传,录音室专辑,2016-07-21,1,如果我们不曾相遇,自传,1.0,0.0
9691,417953659,又,d,3,9,34746073,自传,录音室专辑,2016-07-21,1,如果我们不曾相遇,自传,1.0,0.0
9692,417953659,有,v,3,9,34746073,自传,录音室专辑,2016-07-21,1,如果我们不曾相遇,自传,1.0,0.0
9693,417953659,而,c,3,9,34746073,自传,录音室专辑,2016-07-21,1,如果我们不曾相遇,自传,1.0,0.0
9694,417953659,我会,n,2,9,34746073,自传,录音室专辑,2016-07-21,1,如果我们不曾相遇,自传,1.0,0.0
9695,417953659,不,d,2,9,34746073,自传,录音室专辑,2016-07-21,1,如果我们不曾相遇,自传,1.0,0.0
9696,417953659,存在,v,2,9,34746073,自传,录音室专辑,2016-07-21,1,如果我们不曾相遇,自传,1.0,0.0
9697,417953659,这,r,2,9,34746073,自传,录音室专辑,2016-07-21,1,如果我们不曾相遇,自传,1.0,0.0
9698,417953659,首歌曲,n,2,9,34746073,自传,录音室专辑,2016-07-21,1,如果我们不曾相遇,自传,1.0,0.0
9699,417953659,人生,n,2,9,34746073,自传,录音室专辑,2016-07-21,1,如果我们不曾相遇,自传,1.0,0.0
9700,417953659,向,p,2,9,34746073,自传,录音室专辑,2016-07-21,1,如果我们不曾相遇,自传,1.0,0.0
9701,417953659,故事,n,2,9,34746073,自传,录音室专辑,2016-07-21,1,如果我们不曾相遇,自传,1.0,0.0
9702,417953659,与,p,2,9,34746073,自传,录音室专辑,2016-07-21,1,如果我们不曾相遇,自传,1.0,0.0
9703,417953659,了,ul,2,9,34746073,自传,录音室专辑,2016-07-21,1,如果我们不曾相遇,自传,1.0,0.0
9704,417953659,充满,a,2,9,34746073,自传,录音室专辑,2016-07-21,1,如果我们不曾相遇,自传,1.0,0.0
9705,417953659,某,r,2,9,34746073,自传,录音室专辑,2016-07-21,1,如果我们不曾相遇,自传,1.0,0.0
9706,417953659,诗句,n,2,9,34746073,自传,录音室专辑,2016-07-21,1,如果我们不曾相遇,自传,1.0,0.0
9707,417953659,活着,v,1,9,34746073,自传,录音室专辑,2016-07-21,1,如果我们不曾相遇,自传,1.0,0.0
9708,417953659,死去,v,1,9,34746073,自传,录音室专辑,2016-07-21,1,如果我们不曾相遇,自传,1.0,0.0
9709,417953659,问,v,1,9,34746073,自传,录音室专辑,2016-07-21,1,如果我们不曾相遇,自传,1.0,0.0
9710,417953659,着,uz,1,9,34746073,自传,录音室专辑,2016-07-21,1,如果我们不曾相遇,自传,1.0,0.0
9711,417953659,自己,r,1,9,34746073,自传,录音室专辑,2016-07-21,1,如果我们不曾相遇,自传,1.0,0.0
9712,417953659,找寻,v,1,9,34746073,自传,录音室专辑,2016-07-21,1,如果我们不曾相遇,自传,1.0,0.0
9713,417953659,怀疑,v,1,9,34746073,自传,录音室专辑,2016-07-21,1,如果我们不曾相遇,自传,1.0,0.0
9714,417953659,茫茫,z,1,9,34746073,自传,录音室专辑,2016-07-21,1,如果我们不曾相遇,自传,1.0,0.0
9715,417953659,奔,zg,1,9,34746073,自传,录音室专辑,2016-07-21,1,如果我们不曾相遇,自传,1.0,0.0
9716,417953659,何地,r,1,9,34746073,自传,录音室专辑,2016-07-21,1,如果我们不曾相遇,自传,1.0,0.0
9717,417953659,从此,c,1,9,34746073,自传,录音室专辑,2016-07-21,1,如果我们不曾相遇,自传,1.0,0.0
9718,417953659,后,f,1,9,34746073,自传,录音室专辑,2016-07-21,1,如果我们不曾相遇,自传,1.0,0.0
9719,417953659,重新,a,1,9,34746073,自传,录音室专辑,2016-07-21,1,如果我们不曾相遇,自传,1.0,0.0
9720,417953659,定义,n,1,9,34746073,自传,录音室专辑,2016-07-21,1,如果我们不曾相遇,自传,1.0,0.0
9721,417953659,苏醒,nr,1,9,34746073,自传,录音室专辑,2016-07-21,1,如果我们不曾相遇,自传,1.0,0.0
9722,417953659,又会在,l,1,9,34746073,自传,录音室专辑,2016-07-21,1,如果我们不曾相遇,自传,1.0,0.0
9723,417953659,人间,n,1,9,34746073,自传,录音室专辑,2016-07-21,1,如果我们不曾相遇,自传,1.0,0.0
9724,417953659,如何,r,1,9,34746073,自传,录音室专辑,2016-07-21,1,如果我们不曾相遇,自传,1.0,0.0
9725,417953659,运行,v,1,9,34746073,自传,录音室专辑,2016-07-21,1,如果我们不曾相遇,自传,1.0,0.0
9726,417953659,晒伤,v,1,9,34746073,自传,录音室专辑,2016-07-21,1,如果我们不曾相遇,自传,1.0,0.0
9727,417953659,脱皮,n,1,9,34746073,自传,录音室专辑,2016-07-21,1,如果我们不曾相遇,自传,1.0,0.0
9728,417953659,意外,a,1,9,34746073,自传,录音室专辑,2016-07-21,1,如果我们不曾相遇,自传,1.0,0.0
9729,417953659,雪景,n,1,9,34746073,自传,录音室专辑,2016-07-21,1,如果我们不曾相遇,自传,1.0,0.0
9730,417953659,相依,nr,1,9,34746073,自传,录音室专辑,2016-07-21,1,如果我们不曾相遇,自传,1.0,0.0
9731,417953659,四季,m,1,9,34746073,自传,录音室专辑,2016-07-21,1,如果我们不曾相遇,自传,1.0,0.0
9732,417953659,苍狗,nr,1,9,34746073,自传,录音室专辑,2016-07-21,1,如果我们不曾相遇,自传,1.0,0.0
9733,417953659,白云,nr,1,9,34746073,自传,录音室专辑,2016-07-21,1,如果我们不曾相遇,自传,1.0,0.0
9734,417953659,身旁,s,1,9,34746073,自传,录音室专辑,2016-07-21,1,如果我们不曾相遇,自传,1.0,0.0
9735,417953659,匆匆,z,1,9,34746073,自传,录音室专辑,2016-07-21,1,如果我们不曾相遇,自传,1.0,0.0
9736,417953659,轮回,v,1,9,34746073,自传,录音室专辑,2016-07-21,1,如果我们不曾相遇,自传,1.0,0.0
9737,417953659,何惧,v,1,9,34746073,自传,录音室专辑,2016-07-21,1,如果我们不曾相遇,自传,1.0,0.0
9738,417953659,每一分,d,1,9,34746073,自传,录音室专辑,2016-07-21,1,如果我们不曾相遇,自传,1.0,0.0
9739,417953659,每一秒,r,1,9,34746073,自传,录音室专辑,2016-07-21,1,如果我们不曾相遇,自传,1.0,0.0
9740,417953659,每个,r,1,9,34746073,自传,录音室专辑,2016-07-21,1,如果我们不曾相遇,自传,1.0,0.0
9741,417953659,表情,n,1,9,34746073,自传,录音室专辑,2016-07-21,1,如果我们不曾相遇,自传,1.0,0.0
9742,417953659,惊奇,a,1,9,34746073,自传,录音室专辑,2016-07-21,1,如果我们不曾相遇,自传,1.0,0.0
9743,417953659,偶然,d,1,9,34746073,自传,录音室专辑,2016-07-21,1,如果我们不曾相遇,自传,1.0,0.0
9744,417953659,巧合,v,1,9,34746073,自传,录音室专辑,2016-07-21,1,如果我们不曾相遇,自传,1.0,0.0
9745,417953659,舞动,n,1,9,34746073,自传,录音室专辑,2016-07-21,1,如果我们不曾相遇,自传,1.0,0.0
9746,417953659,蝶翼,n,1,9,34746073,自传,录音室专辑,2016-07-21,1,如果我们不曾相遇,自传,1.0,0.0
9747,417953659,心头,s,1,9,34746073,自传,录音室专辑,2016-07-21,1,如果我们不曾相遇,自传,1.0,0.0
9748,417953659,风,n,1,9,34746073,自传,录音室专辑,2016-07-21,1,如果我们不曾相遇,自传,1.0,0.0
9749,417953659,起,v,1,9,34746073,自传,录音室专辑,2016-07-21,1,如果我们不曾相遇,自传,1.0,0.0
9750,417953659,前仆,n,1,9,34746073,自传,录音室专辑,2016-07-21,1,如果我们不曾相遇,自传,1.0,0.0
9751,417953659,后继,nr,1,9,34746073,自传,录音室专辑,2016-07-21,1,如果我们不曾相遇,自传,1.0,0.0
9752,417953659,万千,m,1,9,34746073,自传,录音室专辑,2016-07-21,1,如果我们不曾相遇,自传,1.0,0.0
9753,417953659,人,n,1,9,34746073,自传,录音室专辑,2016-07-21,1,如果我们不曾相遇,自传,1.0,0.0
9754,417953659,追寻,v,1,9,34746073,自传,录音室专辑,2016-07-21,1,如果我们不曾相遇,自传,1.0,0.0
9755,417953659,荒漠,n,1,9,34746073,自传,录音室专辑,2016-07-21,1,如果我们不曾相遇,自传,1.0,0.0
9756,417953659,唯一,b,1,9,34746073,自传,录音室专辑,2016-07-21,1,如果我们不曾相遇,自传,1.0,0.0
9757,417953659,菩提,n,1,9,34746073,自传,录音室专辑,2016-07-21,1,如果我们不曾相遇,自传,1.0,0.0
9758,417953659,擦身,v,1,9,34746073,自传,录音室专辑,2016-07-21,1,如果我们不曾相遇,自传,1.0,0.0
9759,417953659,或,c,1,9,34746073,自传,录音室专辑,2016-07-21,1,如果我们不曾相遇,自传,1.0,0.0
9760,417953659,擦肩,v,1,9,34746073,自传,录音室专辑,2016-07-21,1,如果我们不曾相遇,自传,1.0,0.0
9761,417953659,去,v,1,9,34746073,自传,录音室专辑,2016-07-21,1,如果我们不曾相遇,自传,1.0,0.0
9762,417953659,命运,n,1,9,34746073,自传,录音室专辑,2016-07-21,1,如果我们不曾相遇,自传,1.0,0.0
9763,417953659,犹如,v,1,9,34746073,自传,录音室专辑,2016-07-21,1,如果我们不曾相遇,自传,1.0,0.0
9764,417953659,险,a,1,9,34746073,自传,录音室专辑,2016-07-21,1,如果我们不曾相遇,自传,1.0,0.0
9765,417953659,棋,n,1,9,34746073,自传,录音室专辑,2016-07-21,1,如果我们不曾相遇,自传,1.0,0.0
9766,417953659,无数,m,1,9,34746073,自传,录音室专辑,2016-07-21,1,如果我们不曾相遇,自传,1.0,0.0
9767,417953659,时间,n,1,9,34746073,自传,录音室专辑,2016-07-21,1,如果我们不曾相遇,自传,1.0,0.0
9768,417953659,线,n,1,9,34746073,自传,录音室专辑,2016-07-21,1,如果我们不曾相遇,自传,1.0,0.0
9769,417953659,无尽,d,1,9,34746073,自传,录音室专辑,2016-07-21,1,如果我们不曾相遇,自传,1.0,0.0
9770,417953659,可能性,n,1,9,34746073,自传,录音室专辑,2016-07-21,1,如果我们不曾相遇,自传,1.0,0.0
9771,417953659,终于,d,1,9,34746073,自传,录音室专辑,2016-07-21,1,如果我们不曾相遇,自传,1.0,0.0
9772,417953659,交织,n,1,9,34746073,自传,录音室专辑,2016-07-21,1,如果我们不曾相遇,自传,1.0,0.0
9773,417953659,未知,v,1,9,34746073,自传,录音室专辑,2016-07-21,1,如果我们不曾相遇,自传,1.0,0.0
9774,417953659,未来,t,1,9,34746073,自传,录音室专辑,2016-07-21,1,如果我们不曾相遇,自传,1.0,0.0
9775,417953659,未定,d,1,9,34746073,自传,录音室专辑,2016-07-21,1,如果我们不曾相遇,自传,1.0,0.0
9776,417953659,机率,n,1,9,34746073,自传,录音室专辑,2016-07-21,1,如果我们不曾相遇,自传,1.0,0.0
9777,417953659,然而,c,1,9,34746073,自传,录音室专辑,2016-07-21,1,如果我们不曾相遇,自传,1.0,0.0
9778,417953659,此刻,r,1,9,34746073,自传,录音室专辑,2016-07-21,1,如果我们不曾相遇,自传,1.0,0.0
9779,417953659,拥有,v,1,9,34746073,自传,录音室专辑,2016-07-21,1,如果我们不曾相遇,自传,1.0,0.0
9780,417953659,一刻,m,1,9,34746073,自传,录音室专辑,2016-07-21,1,如果我们不曾相遇,自传,1.0,0.0
9781,417953659,某次,r,1,9,34746073,自传,录音室专辑,2016-07-21,1,如果我们不曾相遇,自传,1.0,0.0
9782,417953659,呼吸,v,1,9,34746073,自传,录音室专辑,2016-07-21,1,如果我们不曾相遇,自传,1.0,0.0
9783,417953659,终将,d,1,9,34746073,自传,录音室专辑,2016-07-21,1,如果我们不曾相遇,自传,1.0,0.0
9784,417953659,再,d,1,9,34746073,自传,录音室专辑,2016-07-21,1,如果我们不曾相遇,自传,1.0,0.0
9785,417953659,分离,v,1,9,34746073,自传,录音室专辑,2016-07-21,1,如果我们不曾相遇,自传,1.0,0.0
9786,417953659,自传,n,1,9,34746073,自传,录音室专辑,2016-07-21,1,如果我们不曾相遇,自传,1.0,0.0
9787,417953659,曾经,d,1,9,34746073,自传,录音室专辑,2016-07-21,1,如果我们不曾相遇,自传,1.0,0.0
9788,417953659,没有,v,1,9,34746073,自传,录音室专辑,2016-07-21,1,如果我们不曾相遇,自传,1.0,0.0
9789,417953659,遗憾,a,1,9,34746073,自传,录音室专辑,2016-07-21,1,如果我们不曾相遇,自传,1.0,0.0
9790,417953659,感激,v,1,9,34746073,自传,录音室专辑,2016-07-21,1,如果我们不曾相遇,自传,1.0,0.0
9791,422094252,的,uj,30,9,34746073,自传,录音室专辑,2016-07-21,2,成名在望,自传,1.0,0.0
9792,422094252,那,r,14,9,34746073,自传,录音室专辑,2016-07-21,2,成名在望,自传,1.0,0.0
9793,422094252,又,d,7,9,34746073,自传,录音室专辑,2016-07-21,2,成名在望,自传,1.0,0.0
9794,422094252,在,p,6,9,34746073,自传,录音室专辑,2016-07-21,2,成名在望,自传,1.0,0.0
9795,422094252,谁,r,5,9,34746073,自传,录音室专辑,2016-07-21,2,成名在望,自传,1.0,0.0
9796,422094252,是,v,4,9,34746073,自传,录音室专辑,2016-07-21,2,成名在望,自传,1.0,0.0
9797,422094252,尽头,d,4,9,34746073,自传,录音室专辑,2016-07-21,2,成名在望,自传,1.0,0.0
9798,422094252,成名在望,nw,4,9,34746073,自传,录音室专辑,2016-07-21,2,成名在望,自传,1.0,0.0
9799,422094252,怎么样,r,4,9,34746073,自传,录音室专辑,2016-07-21,2,成名在望,自传,1.0,0.0
9800,422094252,黑,a,3,9,34746073,自传,录音室专辑,2016-07-21,2,成名在望,自传,1.0,0.0
9801,422094252,终点,n,3,9,34746073,自传,录音室专辑,2016-07-21,2,成名在望,自传,1.0,0.0
9802,422094252,可有,v,3,9,34746073,自传,录音室专辑,2016-07-21,2,成名在望,自传,1.0,0.0
9803,422094252,光,n,3,9,34746073,自传,录音室专辑,2016-07-21,2,成名在望,自传,1.0,0.0
9804,422094252,那夜,t,3,9,34746073,自传,录音室专辑,2016-07-21,2,成名在望,自传,1.0,0.0
9805,422094252,亮,v,3,9,34746073,自传,录音室专辑,2016-07-21,2,成名在望,自传,1.0,0.0
9806,422094252,会,v,3,9,34746073,自传,录音室专辑,2016-07-21,2,成名在望,自传,1.0,0.0
9807,422094252,上,f,3,9,34746073,自传,录音室专辑,2016-07-21,2,成名在望,自传,1.0,0.0
9808,422094252,我们,r,3,9,34746073,自传,录音室专辑,2016-07-21,2,成名在望,自传,1.0,0.0
9809,422094252,或,c,3,9,34746073,自传,录音室专辑,2016-07-21,2,成名在望,自传,1.0,0.0
9810,422094252,少年,m,3,9,34746073,自传,录音室专辑,2016-07-21,2,成名在望,自传,1.0,0.0
9811,422094252,回头,v,3,9,34746073,自传,录音室专辑,2016-07-21,2,成名在望,自传,1.0,0.0
9812,422094252,望,v,3,9,34746073,自传,录音室专辑,2016-07-21,2,成名在望,自传,1.0,0.0
9813,422094252,我,r,3,9,34746073,自传,录音室专辑,2016-07-21,2,成名在望,自传,1.0,0.0
9814,422094252,和,c,3,9,34746073,自传,录音室专辑,2016-07-21,2,成名在望,自传,1.0,0.0
9815,422094252,能,v,3,9,34746073,自传,录音室专辑,2016-07-21,2,成名在望,自传,1.0,0.0
9816,422094252,唱,v,2,9,34746073,自传,录音室专辑,2016-07-21,2,成名在望,自传,1.0,0.0
9817,422094252,起点,n,2,9,34746073,自传,录音室专辑,2016-07-21,2,成名在望,自传,1.0,0.0
9818,422094252,没,v,2,9,34746073,自传,录音室专辑,2016-07-21,2,成名在望,自传,1.0,0.0
9819,422094252,不,d,2,9,34746073,自传,录音室专辑,2016-07-21,2,成名在望,自传,1.0,0.0
9820,422094252,可会,v,2,9,34746073,自传,录音室专辑,2016-07-21,2,成名在望,自传,1.0,0.0
9821,422094252,希望,v,2,9,34746073,自传,录音室专辑,2016-07-21,2,成名在望,自传,1.0,0.0
9822,422094252,或者,c,2,9,34746073,自传,录音室专辑,2016-07-21,2,成名在望,自传,1.0,0.0
9823,422094252,过,ug,2,9,34746073,自传,录音室专辑,2016-07-21,2,成名在望,自传,1.0,0.0
9824,422094252,才,d,2,9,34746073,自传,录音室专辑,2016-07-21,2,成名在望,自传,1.0,0.0
9825,422094252,重量,n,2,9,34746073,自传,录音室专辑,2016-07-21,2,成名在望,自传,1.0,0.0
9826,422094252,与,p,2,9,34746073,自传,录音室专辑,2016-07-21,2,成名在望,自传,1.0,0.0
9827,422094252,梦,n,2,9,34746073,自传,录音室专辑,2016-07-21,2,成名在望,自传,1.0,0.0
9828,422094252,绽放,v,2,9,34746073,自传,录音室专辑,2016-07-21,2,成名在望,自传,1.0,0.0
9829,422094252,多少,m,2,9,34746073,自传,录音室专辑,2016-07-21,2,成名在望,自传,1.0,0.0
9830,422094252,早已,d,2,9,34746073,自传,录音室专辑,2016-07-21,2,成名在望,自传,1.0,0.0
9831,422094252,苍茫,z,2,9,34746073,自传,录音室专辑,2016-07-21,2,成名在望,自传,1.0,0.0
9832,422094252,一站,m,2,9,34746073,自传,录音室专辑,2016-07-21,2,成名在望,自传,1.0,0.0
9833,422094252,一遍,m,2,9,34746073,自传,录音室专辑,2016-07-21,2,成名在望,自传,1.0,0.0
9834,422094252,一双,m,2,9,34746073,自传,录音室专辑,2016-07-21,2,成名在望,自传,1.0,0.0
9835,422094252,像,v,2,9,34746073,自传,录音室专辑,2016-07-21,2,成名在望,自传,1.0,0.0
9836,422094252,风光,n,2,9,34746073,自传,录音室专辑,2016-07-21,2,成名在望,自传,1.0,0.0
9837,422094252,多,m,2,9,34746073,自传,录音室专辑,2016-07-21,2,成名在望,自传,1.0,0.0
9838,422094252,信仰,n,2,9,34746073,自传,录音室专辑,2016-07-21,2,成名在望,自传,1.0,0.0
9839,422094252,那路,r,2,9,34746073,自传,录音室专辑,2016-07-21,2,成名在望,自传,1.0,0.0
9840,422094252,你,r,2,9,34746073,自传,录音室专辑,2016-07-21,2,成名在望,自传,1.0,0.0
9841,422094252,谁又能,l,2,9,34746073,自传,录音室专辑,2016-07-21,2,成名在望,自传,1.0,0.0
9842,422094252,怎样,r,2,9,34746073,自传,录音室专辑,2016-07-21,2,成名在望,自传,1.0,0.0
9843,422094252,找,v,1,9,34746073,自传,录音室专辑,2016-07-21,2,成名在望,自传,1.0,0.0
9844,422094252,一个,m,1,9,34746073,自传,录音室专辑,2016-07-21,2,成名在望,自传,1.0,0.0
9845,422094252,和弦,nr,1,9,34746073,自传,录音室专辑,2016-07-21,2,成名在望,自传,1.0,0.0
9846,422094252,开始,v,1,9,34746073,自传,录音室专辑,2016-07-21,2,成名在望,自传,1.0,0.0
9847,422094252,故事,n,1,9,34746073,自传,录音室专辑,2016-07-21,2,成名在望,自传,1.0,0.0
9848,422094252,遗忘,v,1,9,34746073,自传,录音室专辑,2016-07-21,2,成名在望,自传,1.0,0.0
9849,422094252,时光,n,1,9,34746073,自传,录音室专辑,2016-07-21,2,成名在望,自传,1.0,0.0
9850,422094252,平凡,a,1,9,34746073,自传,录音室专辑,2016-07-21,2,成名在望,自传,1.0,0.0
9851,422094252,成长,v,1,9,34746073,自传,录音室专辑,2016-07-21,2,成名在望,自传,1.0,0.0
9852,422094252,一年,m,1,9,34746073,自传,录音室专辑,2016-07-21,2,成名在望,自传,1.0,0.0
9853,422094252,舞台,n,1,9,34746073,自传,录音室专辑,2016-07-21,2,成名在望,自传,1.0,0.0
9854,422094252,掌声,n,1,9,34746073,自传,录音室专辑,2016-07-21,2,成名在望,自传,1.0,0.0
9855,422094252,聚光,n,1,9,34746073,自传,录音室专辑,2016-07-21,2,成名在望,自传,1.0,0.0
9856,422094252,只有,c,1,9,34746073,自传,录音室专辑,2016-07-21,2,成名在望,自传,1.0,0.0
9857,422094252,盆地,n,1,9,34746073,自传,录音室专辑,2016-07-21,2,成名在望,自传,1.0,0.0
9858,422094252,边缘,n,1,9,34746073,自传,录音室专辑,2016-07-21,2,成名在望,自传,1.0,0.0
9859,422094252,认输,vn,1,9,34746073,自传,录音室专辑,2016-07-21,2,成名在望,自传,1.0,0.0
9860,422094252,倔强,nw,1,9,34746073,自传,录音室专辑,2016-07-21,2,成名在望,自传,1.0,0.0
9861,422094252,排练,vn,1,9,34746073,自传,录音室专辑,2016-07-21,2,成名在望,自传,1.0,0.0
9862,422094252,室,n,1,9,34746073,自传,录音室专辑,2016-07-21,2,成名在望,自传,1.0,0.0
9863,422094252,日夜,t,1,9,34746073,自传,录音室专辑,2016-07-21,2,成名在望,自传,1.0,0.0
9864,422094252,争论,v,1,9,34746073,自传,录音室专辑,2016-07-21,2,成名在望,自传,1.0,0.0
9865,422094252,激荡,v,1,9,34746073,自传,录音室专辑,2016-07-21,2,成名在望,自传,1.0,0.0
9866,422094252,以,p,1,9,34746073,自传,录音室专辑,2016-07-21,2,成名在望,自传,1.0,0.0
9867,422094252,音量,n,1,9,34746073,自传,录音室专辑,2016-07-21,2,成名在望,自传,1.0,0.0
9868,422094252,去,v,1,9,34746073,自传,录音室专辑,2016-07-21,2,成名在望,自传,1.0,0.0
9869,422094252,吞噬,v,1,9,34746073,自传,录音室专辑,2016-07-21,2,成名在望,自传,1.0,0.0
9870,422094252,无,v,1,9,34746073,自传,录音室专辑,2016-07-21,2,成名在望,自传,1.0,0.0
9871,422094252,退路,v,1,9,34746073,自传,录音室专辑,2016-07-21,2,成名在望,自传,1.0,0.0
9872,422094252,彷徨,v,1,9,34746073,自传,录音室专辑,2016-07-21,2,成名在望,自传,1.0,0.0
9873,422094252,有,v,1,9,34746073,自传,录音室专辑,2016-07-21,2,成名在望,自传,1.0,0.0
9874,422094252,无知,v,1,9,34746073,自传,录音室专辑,2016-07-21,2,成名在望,自传,1.0,0.0
9875,422094252,狂妄,a,1,9,34746073,自传,录音室专辑,2016-07-21,2,成名在望,自传,1.0,0.0
9876,422094252,混迹,n,1,9,34746073,自传,录音室专辑,2016-07-21,2,成名在望,自传,1.0,0.0
9877,422094252,酒场,n,1,9,34746073,自传,录音室专辑,2016-07-21,2,成名在望,自传,1.0,0.0
9878,422094252,驻唱,v,1,9,34746073,自传,录音室专辑,2016-07-21,2,成名在望,自传,1.0,0.0
9879,422094252,读懂,v,1,9,34746073,自传,录音室专辑,2016-07-21,2,成名在望,自传,1.0,0.0
9880,422094252,人性,n,1,9,34746073,自传,录音室专辑,2016-07-21,2,成名在望,自传,1.0,0.0
9881,422094252,寻常,a,1,9,34746073,自传,录音室专辑,2016-07-21,2,成名在望,自传,1.0,0.0
9882,422094252,背负,v,1,9,34746073,自传,录音室专辑,2016-07-21,2,成名在望,自传,1.0,0.0
9883,422094252,音乐节,n,1,9,34746073,自传,录音室专辑,2016-07-21,2,成名在望,自传,1.0,0.0
9884,422094252,体会,n,1,9,34746073,自传,录音室专辑,2016-07-21,2,成名在望,自传,1.0,0.0
9885,422094252,每场,r,1,9,34746073,自传,录音室专辑,2016-07-21,2,成名在望,自传,1.0,0.0
9886,422094252,仗,n,1,9,34746073,自传,录音室专辑,2016-07-21,2,成名在望,自传,1.0,0.0
9887,422094252,都,d,1,9,34746073,自传,录音室专辑,2016-07-21,2,成名在望,自传,1.0,0.0
9888,422094252,仰赖,v,1,9,34746073,自传,录音室专辑,2016-07-21,2,成名在望,自传,1.0,0.0
9889,422094252,枪,n,1,9,34746073,自传,录音室专辑,2016-07-21,2,成名在望,自传,1.0,0.0
9890,422094252,粮,n,1,9,34746073,自传,录音室专辑,2016-07-21,2,成名在望,自传,1.0,0.0
9891,422094252,把,p,1,9,34746073,自传,录音室专辑,2016-07-21,2,成名在望,自传,1.0,0.0
9892,422094252,热血,n,1,9,34746073,自传,录音室专辑,2016-07-21,2,成名在望,自传,1.0,0.0
9893,422094252,和汗,nr,1,9,34746073,自传,录音室专辑,2016-07-21,2,成名在望,自传,1.0,0.0
9894,422094252,泪,n,1,9,34746073,自传,录音室专辑,2016-07-21,2,成名在望,自传,1.0,0.0
9895,422094252,熬,v,1,9,34746073,自传,录音室专辑,2016-07-21,2,成名在望,自传,1.0,0.0
9896,422094252,成,v,1,9,34746073,自传,录音室专辑,2016-07-21,2,成名在望,自传,1.0,0.0
9897,422094252,汤,n,1,9,34746073,自传,录音室专辑,2016-07-21,2,成名在望,自传,1.0,0.0
9898,422094252,浇灌,v,1,9,34746073,自传,录音室专辑,2016-07-21,2,成名在望,自传,1.0,0.0
9899,422094252,干涸,v,1,9,34746073,自传,录音室专辑,2016-07-21,2,成名在望,自传,1.0,0.0
9900,422094252,贫瘠,a,1,9,34746073,自传,录音室专辑,2016-07-21,2,成名在望,自传,1.0,0.0
9901,422094252,现实,n,1,9,34746073,自传,录音室专辑,2016-07-21,2,成名在望,自传,1.0,0.0
9902,422094252,当,t,1,9,34746073,自传,录音室专辑,2016-07-21,2,成名在望,自传,1.0,0.0
9903,422094252,日常,d,1,9,34746073,自传,录音室专辑,2016-07-21,2,成名在望,自传,1.0,0.0
9904,422094252,让,v,1,9,34746073,自传,录音室专辑,2016-07-21,2,成名在望,自传,1.0,0.0
9905,422094252,反抗,v,1,9,34746073,自传,录音室专辑,2016-07-21,2,成名在望,自传,1.0,0.0
9906,422094252,倒地,n,1,9,34746073,自传,录音室专辑,2016-07-21,2,成名在望,自传,1.0,0.0
9907,422094252,后才,t,1,9,34746073,自传,录音室专辑,2016-07-21,2,成名在望,自传,1.0,0.0
9908,422094252,发现,v,1,9,34746073,自传,录音室专辑,2016-07-21,2,成名在望,自传,1.0,0.0
9909,422094252,荒地,n,1,9,34746073,自传,录音室专辑,2016-07-21,2,成名在望,自传,1.0,0.0
9910,422094252,渺茫,a,1,9,34746073,自传,录音室专辑,2016-07-21,2,成名在望,自传,1.0,0.0
9911,422094252,穿过,v,1,9,34746073,自传,录音室专辑,2016-07-21,2,成名在望,自传,1.0,0.0
9912,422094252,了,ul,1,9,34746073,自传,录音室专辑,2016-07-21,2,成名在望,自传,1.0,0.0
9913,422094252,摇滚,z,1,9,34746073,自传,录音室专辑,2016-07-21,2,成名在望,自传,1.0,0.0
9914,422094252,糖霜,n,1,9,34746073,自传,录音室专辑,2016-07-21,2,成名在望,自传,1.0,0.0
9915,422094252,昧,v,1,9,34746073,自传,录音室专辑,2016-07-21,2,成名在望,自传,1.0,0.0
9916,422094252,俗,a,1,9,34746073,自传,录音室专辑,2016-07-21,2,成名在望,自传,1.0,0.0
9917,422094252,理想,n,1,9,34746073,自传,录音室专辑,2016-07-21,2,成名在望,自传,1.0,0.0
9918,422094252,批判,v,1,9,34746073,自传,录音室专辑,2016-07-21,2,成名在望,自传,1.0,0.0
9919,422094252,传唱,v,1,9,34746073,自传,录音室专辑,2016-07-21,2,成名在望,自传,1.0,0.0
9920,422094252,道路,n,1,9,34746073,自传,录音室专辑,2016-07-21,2,成名在望,自传,1.0,0.0
9921,422094252,只能,v,1,9,34746073,自传,录音室专辑,2016-07-21,2,成名在望,自传,1.0,0.0
9922,422094252,看,v,1,9,34746073,自传,录音室专辑,2016-07-21,2,成名在望,自传,1.0,0.0
9923,422094252,远方,s,1,9,34746073,自传,录音室专辑,2016-07-21,2,成名在望,自传,1.0,0.0
9924,422094252,最远,a,1,9,34746073,自传,录音室专辑,2016-07-21,2,成名在望,自传,1.0,0.0
9925,422094252,地方,n,1,9,34746073,自传,录音室专辑,2016-07-21,2,成名在望,自传,1.0,0.0
9926,422094252,应许,v,1,9,34746073,自传,录音室专辑,2016-07-21,2,成名在望,自传,1.0,0.0
9927,422094252,他,r,1,9,34746073,自传,录音室专辑,2016-07-21,2,成名在望,自传,1.0,0.0
9928,422094252,方,n,1,9,34746073,自传,录音室专辑,2016-07-21,2,成名在望,自传,1.0,0.0
9929,422094252,不停,d,1,9,34746073,自传,录音室专辑,2016-07-21,2,成名在望,自传,1.0,0.0
9930,422094252,冲撞,vn,1,9,34746073,自传,录音室专辑,2016-07-21,2,成名在望,自传,1.0,0.0
9931,422094252,看过,v,1,9,34746073,自传,录音室专辑,2016-07-21,2,成名在望,自传,1.0,0.0
9932,422094252,脸庞,n,1,9,34746073,自传,录音室专辑,2016-07-21,2,成名在望,自传,1.0,0.0
9933,422094252,飞过,v,1,9,34746073,自传,录音室专辑,2016-07-21,2,成名在望,自传,1.0,0.0
9934,422094252,异乡,n,1,9,34746073,自传,录音室专辑,2016-07-21,2,成名在望,自传,1.0,0.0
9935,422094252,何方,r,1,9,34746073,自传,录音室专辑,2016-07-21,2,成名在望,自传,1.0,0.0
9936,422094252,流浪,v,1,9,34746073,自传,录音室专辑,2016-07-21,2,成名在望,自传,1.0,0.0
9937,422094252,旅馆,n,1,9,34746073,自传,录音室专辑,2016-07-21,2,成名在望,自传,1.0,0.0
9938,422094252,空港,n,1,9,34746073,自传,录音室专辑,2016-07-21,2,成名在望,自传,1.0,0.0
9939,422094252,采访,v,1,9,34746073,自传,录音室专辑,2016-07-21,2,成名在望,自传,1.0,0.0
9940,422094252,攻防,v,1,9,34746073,自传,录音室专辑,2016-07-21,2,成名在望,自传,1.0,0.0
9941,422094252,目光,n,1,9,34746073,自传,录音室专辑,2016-07-21,2,成名在望,自传,1.0,0.0
9942,422094252,监狱,n,1,9,34746073,自传,录音室专辑,2016-07-21,2,成名在望,自传,1.0,0.0
9943,422094252,高墙,n,1,9,34746073,自传,录音室专辑,2016-07-21,2,成名在望,自传,1.0,0.0
9944,422094252,墙里,s,1,9,34746073,自传,录音室专辑,2016-07-21,2,成名在望,自传,1.0,0.0
9945,422094252,是不是,l,1,9,34746073,自传,录音室专辑,2016-07-21,2,成名在望,自传,1.0,0.0
9946,422094252,如,v,1,9,34746073,自传,录音室专辑,2016-07-21,2,成名在望,自传,1.0,0.0
9947,422094252,当初,t,1,9,34746073,自传,录音室专辑,2016-07-21,2,成名在望,自传,1.0,0.0
9948,422094252,想像,v,1,9,34746073,自传,录音室专辑,2016-07-21,2,成名在望,自传,1.0,0.0
9949,422094252,是否,v,1,9,34746073,自传,录音室专辑,2016-07-21,2,成名在望,自传,1.0,0.0
9950,422094252,疯狂,a,1,9,34746073,自传,录音室专辑,2016-07-21,2,成名在望,自传,1.0,0.0
9951,422094252,火光,n,1,9,34746073,自传,录音室专辑,2016-07-21,2,成名在望,自传,1.0,0.0
9952,422094252,该,r,1,9,34746073,自传,录音室专辑,2016-07-21,2,成名在望,自传,1.0,0.0
9953,422094252,While,eng,1,9,34746073,自传,录音室专辑,2016-07-21,2,成名在望,自传,1.0,0.0
9954,422094252,we,eng,1,9,34746073,自传,录音室专辑,2016-07-21,2,成名在望,自传,1.0,0.0
9955,422094252,were,eng,1,9,34746073,自传,录音室专辑,2016-07-21,2,成名在望,自传,1.0,0.0
9956,422094252,so,eng,1,9,34746073,自传,录音室专辑,2016-07-21,2,成名在望,自传,1.0,0.0
9957,422094252,young,eng,1,9,34746073,自传,录音室专辑,2016-07-21,2,成名在望,自传,1.0,0.0
9958,422094252,到,v,1,9,34746073,自传,录音室专辑,2016-07-21,2,成名在望,自传,1.0,0.0
9959,422094252,当时,t,1,9,34746073,自传,录音室专辑,2016-07-21,2,成名在望,自传,1.0,0.0
9960,422094252,翻过,v,1,9,34746073,自传,录音室专辑,2016-07-21,2,成名在望,自传,1.0,0.0
9961,422094252,墙,n,1,9,34746073,自传,录音室专辑,2016-07-21,2,成名在望,自传,1.0,0.0
9962,422094252,曼陀罗花,ns,1,9,34746073,自传,录音室专辑,2016-07-21,2,成名在望,自传,1.0,0.0
9963,422094252,沿途,b,1,9,34746073,自传,录音室专辑,2016-07-21,2,成名在望,自传,1.0,0.0
9964,422094252,光脚,n,1,9,34746073,自传,录音室专辑,2016-07-21,2,成名在望,自传,1.0,0.0
9965,422094252,越过,d,1,9,34746073,自传,录音室专辑,2016-07-21,2,成名在望,自传,1.0,0.0
9966,422094252,人间,n,1,9,34746073,自传,录音室专辑,2016-07-21,2,成名在望,自传,1.0,0.0
9967,422094252,荒唐,a,1,9,34746073,自传,录音室专辑,2016-07-21,2,成名在望,自传,1.0,0.0
9968,422094252,We,eng,1,9,34746073,自传,录音室专辑,2016-07-21,2,成名在望,自传,1.0,0.0
9969,422094252,re,eng,1,9,34746073,自传,录音室专辑,2016-07-21,2,成名在望,自传,1.0,0.0
9970,422094252,stupid,eng,1,9,34746073,自传,录音室专辑,2016-07-21,2,成名在望,自传,1.0,0.0
9971,422094252,but,eng,1,9,34746073,自传,录音室专辑,2016-07-21,2,成名在望,自传,1.0,0.0
9972,422094252,strong,eng,1,9,34746073,自传,录音室专辑,2016-07-21,2,成名在望,自传,1.0,0.0
9973,422094252,放学,n,1,9,34746073,自传,录音室专辑,2016-07-21,2,成名在望,自传,1.0,0.0
9974,422094252,屋顶,n,1,9,34746073,自传,录音室专辑,2016-07-21,2,成名在望,自传,1.0,0.0
9975,422094252,万,m,1,9,34746073,自传,录音室专辑,2016-07-21,2,成名在望,自传,1.0,0.0
9976,422094252,人,n,1,9,34746073,自传,录音室专辑,2016-07-21,2,成名在望,自传,1.0,0.0
9977,422094252,广场,n,1,9,34746073,自传,录音室专辑,2016-07-21,2,成名在望,自传,1.0,0.0
9978,422094252,从不,d,1,9,34746073,自传,录音室专辑,2016-07-21,2,成名在望,自传,1.0,0.0
9979,422094252,想,v,1,9,34746073,自传,录音室专辑,2016-07-21,2,成名在望,自传,1.0,0.0
9980,422094252,只是,c,1,9,34746073,自传,录音室专辑,2016-07-21,2,成名在望,自传,1.0,0.0
9981,422094252,笑,v,1,9,34746073,自传,录音室专辑,2016-07-21,2,成名在望,自传,1.0,0.0
9982,422094252,还,d,1,9,34746073,自传,录音室专辑,2016-07-21,2,成名在望,自传,1.0,0.0
9983,422094252,不快,d,1,9,34746073,自传,录音室专辑,2016-07-21,2,成名在望,自传,1.0,0.0
9984,422094252,跟上,f,1,9,34746073,自传,录音室专辑,2016-07-21,2,成名在望,自传,1.0,0.0
9985,422094252,忘,v,1,9,34746073,自传,录音室专辑,2016-07-21,2,成名在望,自传,1.0,0.0
9986,422094252,曾,d,1,9,34746073,自传,录音室专辑,2016-07-21,2,成名在望,自传,1.0,0.0
9987,422094252,失望,v,1,9,34746073,自传,录音室专辑,2016-07-21,2,成名在望,自传,1.0,0.0
9988,422094252,却,d,1,9,34746073,自传,录音室专辑,2016-07-21,2,成名在望,自传,1.0,0.0
9989,422094252,更,d,1,9,34746073,自传,录音室专辑,2016-07-21,2,成名在望,自传,1.0,0.0
9990,422094252,盼望,v,1,9,34746073,自传,录音室专辑,2016-07-21,2,成名在望,自传,1.0,0.0
9991,422094252,天将,n,1,9,34746073,自传,录音室专辑,2016-07-21,2,成名在望,自传,1.0,0.0
9992,422094252,无关,v,1,9,34746073,自传,录音室专辑,2016-07-21,2,成名在望,自传,1.0,0.0
9993,422094252,真相,d,1,9,34746073,自传,录音室专辑,2016-07-21,2,成名在望,自传,1.0,0.0
9994,422094252,如果,c,1,9,34746073,自传,录音室专辑,2016-07-21,2,成名在望,自传,1.0,0.0
9995,422094252,心,s,1,9,34746073,自传,录音室专辑,2016-07-21,2,成名在望,自传,1.0,0.0
9996,422094252,始终,d,1,9,34746073,自传,录音室专辑,2016-07-21,2,成名在望,自传,1.0,0.0
9997,422094252,就,d,1,9,34746073,自传,录音室专辑,2016-07-21,2,成名在望,自传,1.0,0.0
9998,422094252,飞翔,nz,1,9,34746073,自传,录音室专辑,2016-07-21,2,成名在望,自传,1.0,0.0
9999,422094253,的,uj,12,9,34746073,自传,录音室专辑,2016-07-21,3,好好 (想把你写成一首歌),自传,1.0,0.0
10000,422094253,你,r,6,9,34746073,自传,录音室专辑,2016-07-21,3,好好 (想把你写成一首歌),自传,1.0,0.0
10001,422094253,我,r,6,9,34746073,自传,录音室专辑,2016-07-21,3,好好 (想把你写成一首歌),自传,1.0,0.0
10002,422094253,好好,d,5,9,34746073,自传,录音室专辑,2016-07-21,3,好好 (想把你写成一首歌),自传,1.0,0.0
10003,422094253,我们,r,4,9,34746073,自传,录音室专辑,2016-07-21,3,好好 (想把你写成一首歌),自传,1.0,0.0
10004,422094253,好,a,4,9,34746073,自传,录音室专辑,2016-07-21,3,好好 (想把你写成一首歌),自传,1.0,0.0
10005,422094253,了,ul,4,9,34746073,自传,录音室专辑,2016-07-21,3,好好 (想把你写成一首歌),自传,1.0,0.0
10006,422094253,知道,v,4,9,34746073,自传,录音室专辑,2016-07-21,3,好好 (想把你写成一首歌),自传,1.0,0.0
10007,422094253,把,p,3,9,34746073,自传,录音室专辑,2016-07-21,3,好好 (想把你写成一首歌),自传,1.0,0.0
10008,422094253,在,p,3,9,34746073,自传,录音室专辑,2016-07-21,3,好好 (想把你写成一首歌),自传,1.0,0.0
10009,422094253,和,c,3,9,34746073,自传,录音室专辑,2016-07-21,3,好好 (想把你写成一首歌),自传,1.0,0.0
10010,422094253,忘,v,3,9,34746073,自传,录音室专辑,2016-07-21,3,好好 (想把你写成一首歌),自传,1.0,0.0
10011,422094253,最,d,3,9,34746073,自传,录音室专辑,2016-07-21,3,好好 (想把你写成一首歌),自传,1.0,0.0
10012,422094253,一只,m,2,9,34746073,自传,录音室专辑,2016-07-21,3,好好 (想把你写成一首歌),自传,1.0,0.0
10013,422094253,大人,n,2,9,34746073,自传,录音室专辑,2016-07-21,3,好好 (想把你写成一首歌),自传,1.0,0.0
10014,422094253,到,v,2,9,34746073,自传,录音室专辑,2016-07-21,3,好好 (想把你写成一首歌),自传,1.0,0.0
10015,422094253,像,v,2,9,34746073,自传,录音室专辑,2016-07-21,3,好好 (想把你写成一首歌),自传,1.0,0.0
10016,422094253,再,d,2,9,34746073,自传,录音室专辑,2016-07-21,3,好好 (想把你写成一首歌),自传,1.0,0.0
10017,422094253,不过,c,2,9,34746073,自传,录音室专辑,2016-07-21,3,好好 (想把你写成一首歌),自传,1.0,0.0
10018,422094253,没有,v,2,9,34746073,自传,录音室专辑,2016-07-21,3,好好 (想把你写成一首歌),自传,1.0,0.0
10019,422094253,名为,v,2,9,34746073,自传,录音室专辑,2016-07-21,3,好好 (想把你写成一首歌),自传,1.0,0.0
10020,422094253,要,v,2,9,34746073,自传,录音室专辑,2016-07-21,3,好好 (想把你写成一首歌),自传,1.0,0.0
10021,422094253,时间,n,2,9,34746073,自传,录音室专辑,2016-07-21,3,好好 (想把你写成一首歌),自传,1.0,0.0
10022,422094253,有,v,2,9,34746073,自传,录音室专辑,2016-07-21,3,好好 (想把你写成一首歌),自传,1.0,0.0
10023,422094253,喧嚣,v,2,9,34746073,自传,录音室专辑,2016-07-21,3,好好 (想把你写成一首歌),自传,1.0,0.0
10024,422094253,着,uz,2,9,34746073,自传,录音室专辑,2016-07-21,3,好好 (想把你写成一首歌),自传,1.0,0.0
10025,422094253,不,d,2,9,34746073,自传,录音室专辑,2016-07-21,3,好好 (想把你写成一首歌),自传,1.0,0.0
10026,422094253,最后,f,2,9,34746073,自传,录音室专辑,2016-07-21,3,好好 (想把你写成一首歌),自传,1.0,0.0
10027,422094253,想,v,1,9,34746073,自传,录音室专辑,2016-07-21,3,好好 (想把你写成一首歌),自传,1.0,0.0
10028,422094253,写成,v,1,9,34746073,自传,录音室专辑,2016-07-21,3,好好 (想把你写成一首歌),自传,1.0,0.0
10029,422094253,一首歌,m,1,9,34746073,自传,录音室专辑,2016-07-21,3,好好 (想把你写成一首歌),自传,1.0,0.0
10030,422094253,想养,v,1,9,34746073,自传,录音室专辑,2016-07-21,3,好好 (想把你写成一首歌),自传,1.0,0.0
10031,422094253,猫,n,1,9,34746073,自传,录音室专辑,2016-07-21,3,好好 (想把你写成一首歌),自传,1.0,0.0
10032,422094253,想要,v,1,9,34746073,自传,录音室专辑,2016-07-21,3,好好 (想把你写成一首歌),自传,1.0,0.0
10033,422094253,回到,v,1,9,34746073,自传,录音室专辑,2016-07-21,3,好好 (想把你写成一首歌),自传,1.0,0.0
10034,422094253,每个,r,1,9,34746073,自传,录音室专辑,2016-07-21,3,好好 (想把你写成一首歌),自传,1.0,0.0
10035,422094253,场景,n,1,9,34746073,自传,录音室专辑,2016-07-21,3,好好 (想把你写成一首歌),自传,1.0,0.0
10036,422094253,拨慢,v,1,9,34746073,自传,录音室专辑,2016-07-21,3,好好 (想把你写成一首歌),自传,1.0,0.0
10037,422094253,每,r,1,9,34746073,自传,录音室专辑,2016-07-21,3,好好 (想把你写成一首歌),自传,1.0,0.0
10038,422094253,只,d,1,9,34746073,自传,录音室专辑,2016-07-21,3,好好 (想把你写成一首歌),自传,1.0,0.0
10039,422094253,表,v,1,9,34746073,自传,录音室专辑,2016-07-21,3,好好 (想把你写成一首歌),自传,1.0,0.0
10040,422094253,小孩,n,1,9,34746073,自传,录音室专辑,2016-07-21,3,好好 (想把你写成一首歌),自传,1.0,0.0
10041,422094253,转角,n,1,9,34746073,自传,录音室专辑,2016-07-21,3,好好 (想把你写成一首歌),自传,1.0,0.0
10042,422094253,盖,v,1,9,34746073,自传,录音室专辑,2016-07-21,3,好好 (想把你写成一首歌),自传,1.0,0.0
10043,422094253,一座,m,1,9,34746073,自传,录音室专辑,2016-07-21,3,好好 (想把你写成一首歌),自传,1.0,0.0
10044,422094253,城堡,n,1,9,34746073,自传,录音室专辑,2016-07-21,3,好好 (想把你写成一首歌),自传,1.0,0.0
10045,422094253,疯,v,1,9,34746073,自传,录音室专辑,2016-07-21,3,好好 (想把你写成一首歌),自传,1.0,0.0
10046,422094253,掉,v,1,9,34746073,自传,录音室专辑,2016-07-21,3,好好 (想把你写成一首歌),自传,1.0,0.0
10047,422094253,找回,v,1,9,34746073,自传,录音室专辑,2016-07-21,3,好好 (想把你写成一首歌),自传,1.0,0.0
10048,422094253,失散多年,i,1,9,34746073,自传,录音室专辑,2016-07-21,3,好好 (想把你写成一首歌),自传,1.0,0.0
10049,422094253,双胞,n,1,9,34746073,自传,录音室专辑,2016-07-21,3,好好 (想把你写成一首歌),自传,1.0,0.0
10050,422094253,生命,vn,1,9,34746073,自传,录音室专辑,2016-07-21,3,好好 (想把你写成一首歌),自传,1.0,0.0
10051,422094253,长,a,1,9,34746073,自传,录音室专辑,2016-07-21,3,好好 (想把你写成一首歌),自传,1.0,0.0
10052,422094253,烟火,n,1,9,34746073,自传,录音室专辑,2016-07-21,3,好好 (想把你写成一首歌),自传,1.0,0.0
10053,422094253,落下,v,1,9,34746073,自传,录音室专辑,2016-07-21,3,好好 (想把你写成一首歌),自传,1.0,0.0
10054,422094253,眼角,n,1,9,34746073,自传,录音室专辑,2016-07-21,3,好好 (想把你写成一首歌),自传,1.0,0.0
10055,422094253,世界,n,1,9,34746073,自传,录音室专辑,2016-07-21,3,好好 (想把你写成一首歌),自传,1.0,0.0
10056,422094253,大,a,1,9,34746073,自传,录音室专辑,2016-07-21,3,好好 (想把你写成一首歌),自传,1.0,0.0
10057,422094253,凝视,v,1,9,34746073,自传,录音室专辑,2016-07-21,3,好好 (想把你写成一首歌),自传,1.0,0.0
10058,422094253,微笑,vn,1,9,34746073,自传,录音室专辑,2016-07-21,3,好好 (想把你写成一首歌),自传,1.0,0.0
10059,422094253,所有,b,1,9,34746073,自传,录音室专辑,2016-07-21,3,好好 (想把你写成一首歌),自传,1.0,0.0
10060,422094253,流逝,v,1,9,34746073,自传,录音室专辑,2016-07-21,3,好好 (想把你写成一首歌),自传,1.0,0.0
10061,422094253,风景,n,1,9,34746073,自传,录音室专辑,2016-07-21,3,好好 (想把你写成一首歌),自传,1.0,0.0
10062,422094253,与,p,1,9,34746073,自传,录音室专辑,2016-07-21,3,好好 (想把你写成一首歌),自传,1.0,0.0
10063,422094253,人群,n,1,9,34746073,自传,录音室专辑,2016-07-21,3,好好 (想把你写成一首歌),自传,1.0,0.0
10064,422094253,中,f,1,9,34746073,自传,录音室专辑,2016-07-21,3,好好 (想把你写成一首歌),自传,1.0,0.0
10065,422094253,对,p,1,9,34746073,自传,录音室专辑,2016-07-21,3,好好 (想把你写成一首歌),自传,1.0,0.0
10066,422094253,最好,a,1,9,34746073,自传,录音室专辑,2016-07-21,3,好好 (想把你写成一首歌),自传,1.0,0.0
10067,422094253,一切,r,1,9,34746073,自传,录音室专辑,2016-07-21,3,好好 (想把你写成一首歌),自传,1.0,0.0
10068,422094253,是否,v,1,9,34746073,自传,录音室专辑,2016-07-21,3,好好 (想把你写成一首歌),自传,1.0,0.0
10069,422094253,太,d,1,9,34746073,自传,录音室专辑,2016-07-21,3,好好 (想把你写成一首歌),自传,1.0,0.0
10070,422094253,人,n,1,9,34746073,自传,录音室专辑,2016-07-21,3,好好 (想把你写成一首歌),自传,1.0,0.0
10071,422094253,背着,v,1,9,34746073,自传,录音室专辑,2016-07-21,3,好好 (想把你写成一首歌),自传,1.0,0.0
10072,422094253,空空,n,1,9,34746073,自传,录音室专辑,2016-07-21,3,好好 (想把你写成一首歌),自传,1.0,0.0
10073,422094253,书包,n,1,9,34746073,自传,录音室专辑,2016-07-21,3,好好 (想把你写成一首歌),自传,1.0,0.0
10074,422094253,逃出,v,1,9,34746073,自传,录音室专辑,2016-07-21,3,好好 (想把你写成一首歌),自传,1.0,0.0
10075,422094253,日常,d,1,9,34746073,自传,录音室专辑,2016-07-21,3,好好 (想把你写成一首歌),自传,1.0,0.0
10076,422094253,监牢,n,1,9,34746073,自传,录音室专辑,2016-07-21,3,好好 (想把你写成一首歌),自传,1.0,0.0
10077,422094253,长大,ns,1,9,34746073,自传,录音室专辑,2016-07-21,3,好好 (想把你写成一首歌),自传,1.0,0.0
10078,422094253,要变,v,1,9,34746073,自传,录音室专辑,2016-07-21,3,好好 (想把你写成一首歌),自传,1.0,0.0
10079,422094253,老,n,1,9,34746073,自传,录音室专辑,2016-07-21,3,好好 (想把你写成一首歌),自传,1.0,0.0
10080,422094253,脚,n,1,9,34746073,自传,录音室专辑,2016-07-21,3,好好 (想把你写成一首歌),自传,1.0,0.0
10081,422094253,安静,nr,1,9,34746073,自传,录音室专辑,2016-07-21,3,好好 (想把你写成一首歌),自传,1.0,0.0
10082,422094253,时刻,n,1,9,34746073,自传,录音室专辑,2016-07-21,3,好好 (想把你写成一首歌),自传,1.0,0.0
10083,422094253,回忆,v,1,9,34746073,自传,录音室专辑,2016-07-21,3,好好 (想把你写成一首歌),自传,1.0,0.0
10084,422094253,总是,c,1,9,34746073,自传,录音室专辑,2016-07-21,3,好好 (想把你写成一首歌),自传,1.0,0.0
10085,422094253,狂欢,v,1,9,34746073,自传,录音室专辑,2016-07-21,3,好好 (想把你写成一首歌),自传,1.0,0.0
10086,422094253,寂寞,a,1,9,34746073,自传,录音室专辑,2016-07-21,3,好好 (想把你写成一首歌),自传,1.0,0.0
10087,422094253,包围,v,1,9,34746073,自传,录音室专辑,2016-07-21,3,好好 (想把你写成一首歌),自传,1.0,0.0
10088,422094253,孤岛,n,1,9,34746073,自传,录音室专辑,2016-07-21,3,好好 (想把你写成一首歌),自传,1.0,0.0
10089,422094253,还,d,1,9,34746073,自传,录音室专辑,2016-07-21,3,好好 (想把你写成一首歌),自传,1.0,0.0
10090,422094253,以为,c,1,9,34746073,自传,录音室专辑,2016-07-21,3,好好 (想把你写成一首歌),自传,1.0,0.0
10091,422094253,驯服,n,1,9,34746073,自传,录音室专辑,2016-07-21,3,好好 (想把你写成一首歌),自传,1.0,0.0
10092,422094253,想念,v,1,9,34746073,自传,录音室专辑,2016-07-21,3,好好 (想把你写成一首歌),自传,1.0,0.0
10093,422094253,能,v,1,9,34746073,自传,录音室专辑,2016-07-21,3,好好 (想把你写成一首歌),自传,1.0,0.0
10094,422094253,陪伴,n,1,9,34746073,自传,录音室专辑,2016-07-21,3,好好 (想把你写成一首歌),自传,1.0,0.0
10095,422094253,家猫,n,1,9,34746073,自传,录音室专辑,2016-07-21,3,好好 (想把你写成一首歌),自传,1.0,0.0
10096,422094253,它,r,1,9,34746073,自传,录音室专辑,2016-07-21,3,好好 (想把你写成一首歌),自传,1.0,0.0
10097,422094253,就,d,1,9,34746073,自传,录音室专辑,2016-07-21,3,好好 (想把你写成一首歌),自传,1.0,0.0
10098,422094253,窝,n,1,9,34746073,自传,录音室专辑,2016-07-21,3,好好 (想把你写成一首歌),自传,1.0,0.0
10099,422094253,沙发,nz,1,9,34746073,自传,录音室专辑,2016-07-21,3,好好 (想把你写成一首歌),自传,1.0,0.0
10100,422094253,一角,m,1,9,34746073,自传,录音室专辑,2016-07-21,3,好好 (想把你写成一首歌),自传,1.0,0.0
10101,422094253,却,d,1,9,34746073,自传,录音室专辑,2016-07-21,3,好好 (想把你写成一首歌),自传,1.0,0.0
10102,422094253,不肯,v,1,9,34746073,自传,录音室专辑,2016-07-21,3,好好 (想把你写成一首歌),自传,1.0,0.0
10103,422094253,睡着,v,1,9,34746073,自传,录音室专辑,2016-07-21,3,好好 (想把你写成一首歌),自传,1.0,0.0
10104,422094253,曾,d,1,9,34746073,自传,录音室专辑,2016-07-21,3,好好 (想把你写成一首歌),自传,1.0,0.0
10105,422094253,满满的,z,1,9,34746073,自传,录音室专辑,2016-07-21,3,好好 (想把你写成一首歌),自传,1.0,0.0
10106,422094253,羽毛,n,1,9,34746073,自传,录音室专辑,2016-07-21,3,好好 (想把你写成一首歌),自传,1.0,0.0
10107,422094253,跳,v,1,9,34746073,自传,录音室专辑,2016-07-21,3,好好 (想把你写成一首歌),自传,1.0,0.0
10108,422094253,青春,n,1,9,34746073,自传,录音室专辑,2016-07-21,3,好好 (想把你写成一首歌),自传,1.0,0.0
10109,422094253,舞蹈,n,1,9,34746073,自传,录音室专辑,2016-07-21,3,好好 (想把你写成一首歌),自传,1.0,0.0
10110,422094253,未来,t,1,9,34746073,自传,录音室专辑,2016-07-21,3,好好 (想把你写成一首歌),自传,1.0,0.0
10111,422094253,烦恼,a,1,9,34746073,自传,录音室专辑,2016-07-21,3,好好 (想把你写成一首歌),自传,1.0,0.0
10112,422094253,不知,v,1,9,34746073,自传,录音室专辑,2016-07-21,3,好好 (想把你写成一首歌),自传,1.0,0.0
10113,422094253,那些,r,1,9,34746073,自传,录音室专辑,2016-07-21,3,好好 (想把你写成一首歌),自传,1.0,0.0
10114,422094253,日子,n,1,9,34746073,自传,录音室专辑,2016-07-21,3,好好 (想把你写成一首歌),自传,1.0,0.0
10115,422094253,会,v,1,9,34746073,自传,录音室专辑,2016-07-21,3,好好 (想把你写成一首歌),自传,1.0,0.0
10116,422094253,是,v,1,9,34746073,自传,录音室专辑,2016-07-21,3,好好 (想把你写成一首歌),自传,1.0,0.0
10117,422094253,那么,r,1,9,34746073,自传,录音室专辑,2016-07-21,3,好好 (想把你写成一首歌),自传,1.0,0.0
10118,422094253,少,a,1,9,34746073,自传,录音室专辑,2016-07-21,3,好好 (想把你写成一首歌),自传,1.0,0.0
10119,422094253,电影,n,1,9,34746073,自传,录音室专辑,2016-07-21,3,好好 (想把你写成一首歌),自传,1.0,0.0
10120,422094253,结局,n,1,9,34746073,自传,录音室专辑,2016-07-21,3,好好 (想把你写成一首歌),自传,1.0,0.0
10121,422094253,才,d,1,9,34746073,自传,录音室专辑,2016-07-21,3,好好 (想把你写成一首歌),自传,1.0,0.0
10122,422094253,原来,d,1,9,34746073,自传,录音室专辑,2016-07-21,3,好好 (想把你写成一首歌),自传,1.0,0.0
10123,422094253,已,d,1,9,34746073,自传,录音室专辑,2016-07-21,3,好好 (想把你写成一首歌),自传,1.0,0.0
10124,422094253,童谣,nr,1,9,34746073,自传,录音室专辑,2016-07-21,3,好好 (想把你写成一首歌),自传,1.0,0.0
10125,422094253,叮咛,v,1,9,34746073,自传,录音室专辑,2016-07-21,3,好好 (想把你写成一首歌),自传,1.0,0.0
10126,422094253,拥抱,v,1,9,34746073,自传,录音室专辑,2016-07-21,3,好好 (想把你写成一首歌),自传,1.0,0.0
10127,422094253,红,a,1,9,34746073,自传,录音室专辑,2016-07-21,3,好好 (想把你写成一首歌),自传,1.0,0.0
10128,422094253,着眼,d,1,9,34746073,自传,录音室专辑,2016-07-21,3,好好 (想把你写成一首歌),自传,1.0,0.0
10129,422094253,笑,v,1,9,34746073,自传,录音室专辑,2016-07-21,3,好好 (想把你写成一首歌),自传,1.0,0.0
10130,422094253,都,d,1,9,34746073,自传,录音室专辑,2016-07-21,3,好好 (想把你写成一首歌),自传,1.0,0.0
10131,422094253,自己,r,1,9,34746073,自传,录音室专辑,2016-07-21,3,好好 (想把你写成一首歌),自传,1.0,0.0
10132,422094253,照顾,v,1,9,34746073,自传,录音室专辑,2016-07-21,3,好好 (想把你写成一首歌),自传,1.0,0.0
10133,422094253,遗憾,a,1,9,34746073,自传,录音室专辑,2016-07-21,3,好好 (想把你写成一首歌),自传,1.0,0.0
10134,422094253,无法,n,1,9,34746073,自传,录音室专辑,2016-07-21,3,好好 (想把你写成一首歌),自传,1.0,0.0
10135,422094253,打扰,v,1,9,34746073,自传,录音室专辑,2016-07-21,3,好好 (想把你写成一首歌),自传,1.0,0.0
10136,422094253,生活,vn,1,9,34746073,自传,录音室专辑,2016-07-21,3,好好 (想把你写成一首歌),自传,1.0,0.0
10137,422094253,变老,vn,1,9,34746073,自传,录音室专辑,2016-07-21,3,好好 (想把你写成一首歌),自传,1.0,0.0
10138,422094253,假装,n,1,9,34746073,自传,录音室专辑,2016-07-21,3,好好 (想把你写成一首歌),自传,1.0,0.0
10139,422094253,已经,d,1,9,34746073,自传,录音室专辑,2016-07-21,3,好好 (想把你写成一首歌),自传,1.0,0.0
10140,422094253,忘掉,v,1,9,34746073,自传,录音室专辑,2016-07-21,3,好好 (想把你写成一首歌),自传,1.0,0.0
10141,422094254,我,r,19,9,34746073,自传,录音室专辑,2016-07-21,4,兄弟,自传,1.0,0.0
10142,422094254,的,uj,15,9,34746073,自传,录音室专辑,2016-07-21,4,兄弟,自传,1.0,0.0
10143,422094254,你,r,13,9,34746073,自传,录音室专辑,2016-07-21,4,兄弟,自传,1.0,0.0
10144,422094254,噢,e,12,9,34746073,自传,录音室专辑,2016-07-21,4,兄弟,自传,1.0,0.0
10145,422094254,兄弟,n,11,9,34746073,自传,录音室专辑,2016-07-21,4,兄弟,自传,1.0,0.0
10146,422094254,都,d,8,9,34746073,自传,录音室专辑,2016-07-21,4,兄弟,自传,1.0,0.0
10147,422094254,一次,m,8,9,34746073,自传,录音室专辑,2016-07-21,4,兄弟,自传,1.0,0.0
10148,422094254,一个,m,8,9,34746073,自传,录音室专辑,2016-07-21,4,兄弟,自传,1.0,0.0
10149,422094254,啊,zg,6,9,34746073,自传,录音室专辑,2016-07-21,4,兄弟,自传,1.0,0.0
10150,422094254,我们,r,5,9,34746073,自传,录音室专辑,2016-07-21,4,兄弟,自传,1.0,0.0
10151,422094254,这样,r,5,9,34746073,自传,录音室专辑,2016-07-21,4,兄弟,自传,1.0,0.0
10152,422094254,怎样,r,4,9,34746073,自传,录音室专辑,2016-07-21,4,兄弟,自传,1.0,0.0
10153,422094254,在,p,4,9,34746073,自传,录音室专辑,2016-07-21,4,兄弟,自传,1.0,0.0
10154,422094254,身旁,s,4,9,34746073,自传,录音室专辑,2016-07-21,4,兄弟,自传,1.0,0.0
10155,422094254,唔,y,4,9,34746073,自传,录音室专辑,2016-07-21,4,兄弟,自传,1.0,0.0
10156,422094254,就,d,4,9,34746073,自传,录音室专辑,2016-07-21,4,兄弟,自传,1.0,0.0
10157,422094254,人生,n,4,9,34746073,自传,录音室专辑,2016-07-21,4,兄弟,自传,1.0,0.0
10158,422094254,一句,m,4,9,34746073,自传,录音室专辑,2016-07-21,4,兄弟,自传,1.0,0.0
10159,422094254,一直,d,4,9,34746073,自传,录音室专辑,2016-07-21,4,兄弟,自传,1.0,0.0
10160,422094254,一年,m,4,9,34746073,自传,录音室专辑,2016-07-21,4,兄弟,自传,1.0,0.0
10161,422094254,一定,d,4,9,34746073,自传,录音室专辑,2016-07-21,4,兄弟,自传,1.0,0.0
10162,422094254,和,c,3,9,34746073,自传,录音室专辑,2016-07-21,4,兄弟,自传,1.0,0.0
10163,422094254,就是,d,3,9,34746073,自传,录音室专辑,2016-07-21,4,兄弟,自传,1.0,0.0
10164,422094254,想,v,3,9,34746073,自传,录音室专辑,2016-07-21,4,兄弟,自传,1.0,0.0
10165,422094254,慢慢,d,3,9,34746073,自传,录音室专辑,2016-07-21,4,兄弟,自传,1.0,0.0
10166,422094254,是,v,3,9,34746073,自传,录音室专辑,2016-07-21,4,兄弟,自传,1.0,0.0
10167,422094254,会,v,2,9,34746073,自传,录音室专辑,2016-07-21,4,兄弟,自传,1.0,0.0
10168,422094254,一场,m,2,9,34746073,自传,录音室专辑,2016-07-21,4,兄弟,自传,1.0,0.0
10169,422094254,也,d,2,9,34746073,自传,录音室专辑,2016-07-21,4,兄弟,自传,1.0,0.0
10170,422094254,曾,d,2,9,34746073,自传,录音室专辑,2016-07-21,4,兄弟,自传,1.0,0.0
10171,422094254,变成,v,2,9,34746073,自传,录音室专辑,2016-07-21,4,兄弟,自传,1.0,0.0
10172,422094254,像,v,2,9,34746073,自传,录音室专辑,2016-07-21,4,兄弟,自传,1.0,0.0
10173,422094254,别来无恙,i,2,9,34746073,自传,录音室专辑,2016-07-21,4,兄弟,自传,1.0,0.0
10174,422094254,能,v,2,9,34746073,自传,录音室专辑,2016-07-21,4,兄弟,自传,1.0,0.0
10175,422094254,当,t,2,9,34746073,自传,录音室专辑,2016-07-21,4,兄弟,自传,1.0,0.0
10176,422094254,其他人,rr,2,9,34746073,自传,录音室专辑,2016-07-21,4,兄弟,自传,1.0,0.0
10177,422094254,对,p,2,9,34746073,自传,录音室专辑,2016-07-21,4,兄弟,自传,1.0,0.0
10178,422094254,失望,v,2,9,34746073,自传,录音室专辑,2016-07-21,4,兄弟,自传,1.0,0.0
10179,422094254,走,v,2,9,34746073,自传,录音室专辑,2016-07-21,4,兄弟,自传,1.0,0.0
10180,422094254,光,n,2,9,34746073,自传,录音室专辑,2016-07-21,4,兄弟,自传,1.0,0.0
10181,422094254,抬头,v,2,9,34746073,自传,录音室专辑,2016-07-21,4,兄弟,自传,1.0,0.0
10182,422094254,如今,t,2,9,34746073,自传,录音室专辑,2016-07-21,4,兄弟,自传,1.0,0.0
10183,422094254,不要,df,2,9,34746073,自传,录音室专辑,2016-07-21,4,兄弟,自传,1.0,0.0
10184,422094254,多,m,2,9,34746073,自传,录音室专辑,2016-07-21,4,兄弟,自传,1.0,0.0
10185,422094254,只有,c,2,9,34746073,自传,录音室专辑,2016-07-21,4,兄弟,自传,1.0,0.0
10186,422094254,彼此,r,2,9,34746073,自传,录音室专辑,2016-07-21,4,兄弟,自传,1.0,0.0
10187,422094254,永远,d,2,9,34746073,自传,录音室专辑,2016-07-21,4,兄弟,自传,1.0,0.0
10188,422094254,不,d,2,9,34746073,自传,录音室专辑,2016-07-21,4,兄弟,自传,1.0,0.0
10189,422094254,一天一天,l,2,9,34746073,自传,录音室专辑,2016-07-21,4,兄弟,自传,1.0,0.0
10190,422094254,一点一点,m,2,9,34746073,自传,录音室专辑,2016-07-21,4,兄弟,自传,1.0,0.0
10191,422094254,时光,n,2,9,34746073,自传,录音室专辑,2016-07-21,4,兄弟,自传,1.0,0.0
10192,422094254,酒精,n,1,9,34746073,自传,录音室专辑,2016-07-21,4,兄弟,自传,1.0,0.0
10193,422094254,或,c,1,9,34746073,自传,录音室专辑,2016-07-21,4,兄弟,自传,1.0,0.0
10194,422094254,节奏,n,1,9,34746073,自传,录音室专辑,2016-07-21,4,兄弟,自传,1.0,0.0
10195,422094254,摇摇晃晃,z,1,9,34746073,自传,录音室专辑,2016-07-21,4,兄弟,自传,1.0,0.0
10196,422094254,那,r,1,9,34746073,自传,录音室专辑,2016-07-21,4,兄弟,自传,1.0,0.0
10197,422094254,又,d,1,9,34746073,自传,录音室专辑,2016-07-21,4,兄弟,自传,1.0,0.0
10198,422094254,跌倒,v,1,9,34746073,自传,录音室专辑,2016-07-21,4,兄弟,自传,1.0,0.0
10199,422094254,打,v,1,9,34746073,自传,录音室专辑,2016-07-21,4,兄弟,自传,1.0,0.0
10200,422094254,每,r,1,9,34746073,自传,录音室专辑,2016-07-21,4,兄弟,自传,1.0,0.0
10201,422094254,泥泞,n,1,9,34746073,自传,录音室专辑,2016-07-21,4,兄弟,自传,1.0,0.0
10202,422094254,烂,a,1,9,34746073,自传,录音室专辑,2016-07-21,4,兄弟,自传,1.0,0.0
10203,422094254,仗,n,1,9,34746073,自传,录音室专辑,2016-07-21,4,兄弟,自传,1.0,0.0
10204,422094254,留级,v,1,9,34746073,自传,录音室专辑,2016-07-21,4,兄弟,自传,1.0,0.0
10205,422094254,失恋,v,1,9,34746073,自传,录音室专辑,2016-07-21,4,兄弟,自传,1.0,0.0
10206,422094254,谁,r,1,9,34746073,自传,录音室专辑,2016-07-21,4,兄弟,自传,1.0,0.0
10207,422094254,重伤,a,1,9,34746073,自传,录音室专辑,2016-07-21,4,兄弟,自传,1.0,0.0
10208,422094254,伤,v,1,9,34746073,自传,录音室专辑,2016-07-21,4,兄弟,自传,1.0,0.0
10209,422094254,癒,zg,1,9,34746073,自传,录音室专辑,2016-07-21,4,兄弟,自传,1.0,0.0
10210,422094254,后,f,1,9,34746073,自传,录音室专辑,2016-07-21,4,兄弟,自传,1.0,0.0
10211,422094254,今日,t,1,9,34746073,自传,录音室专辑,2016-07-21,4,兄弟,自传,1.0,0.0
10212,422094254,徽章,n,1,9,34746073,自传,录音室专辑,2016-07-21,4,兄弟,自传,1.0,0.0
10213,422094254,总,b,1,9,34746073,自传,录音室专辑,2016-07-21,4,兄弟,自传,1.0,0.0
10214,422094254,强迫,a,1,9,34746073,自传,录音室专辑,2016-07-21,4,兄弟,自传,1.0,0.0
10215,422094254,坚强,v,1,9,34746073,自传,录音室专辑,2016-07-21,4,兄弟,自传,1.0,0.0
10216,422094254,控制,v,1,9,34746073,自传,录音室专辑,2016-07-21,4,兄弟,自传,1.0,0.0
10217,422094254,狂,zg,1,9,34746073,自传,录音室专辑,2016-07-21,4,兄弟,自传,1.0,0.0
10218,422094254,起来,v,1,9,34746073,自传,录音室专辑,2016-07-21,4,兄弟,自传,1.0,0.0
10219,422094254,有点,n,1,9,34746073,自传,录音室专辑,2016-07-21,4,兄弟,自传,1.0,0.0
10220,422094254,夸张,v,1,9,34746073,自传,录音室专辑,2016-07-21,4,兄弟,自传,1.0,0.0
10221,422094254,走到,v,1,9,34746073,自传,录音室专辑,2016-07-21,4,兄弟,自传,1.0,0.0
10222,422094254,这里,r,1,9,34746073,自传,录音室专辑,2016-07-21,4,兄弟,自传,1.0,0.0
10223,422094254,算,v,1,9,34746073,自传,录音室专辑,2016-07-21,4,兄弟,自传,1.0,0.0
10224,422094254,得奖,v,1,9,34746073,自传,录音室专辑,2016-07-21,4,兄弟,自传,1.0,0.0
10225,422094254,很,d,1,9,34746073,自传,录音室专辑,2016-07-21,4,兄弟,自传,1.0,0.0
10226,422094254,难,a,1,9,34746073,自传,录音室专辑,2016-07-21,4,兄弟,自传,1.0,0.0
10227,422094254,想像,v,1,9,34746073,自传,录音室专辑,2016-07-21,4,兄弟,自传,1.0,0.0
10228,422094254,没有,v,1,9,34746073,自传,录音室专辑,2016-07-21,4,兄弟,自传,1.0,0.0
10229,422094254,再,d,1,9,34746073,自传,录音室专辑,2016-07-21,4,兄弟,自传,1.0,0.0
10230,422094254,干,v,1,9,34746073,自传,录音室专辑,2016-07-21,4,兄弟,自传,1.0,0.0
10231,422094254,一杯,m,1,9,34746073,自传,录音室专辑,2016-07-21,4,兄弟,自传,1.0,0.0
10232,422094254,敬,v,1,9,34746073,自传,录音室专辑,2016-07-21,4,兄弟,自传,1.0,0.0
10233,422094254,那年,r,1,9,34746073,自传,录音室专辑,2016-07-21,4,兄弟,自传,1.0,0.0
10234,422094254,狂妄,a,1,9,34746073,自传,录音室专辑,2016-07-21,4,兄弟,自传,1.0,0.0
10235,422094254,理想,n,1,9,34746073,自传,录音室专辑,2016-07-21,4,兄弟,自传,1.0,0.0
10236,422094254,以为,c,1,9,34746073,自传,录音室专辑,2016-07-21,4,兄弟,自传,1.0,0.0
10237,422094254,世界,n,1,9,34746073,自传,录音室专辑,2016-07-21,4,兄弟,自传,1.0,0.0
10238,422094254,而,c,1,9,34746073,自传,录音室专辑,2016-07-21,4,兄弟,自传,1.0,0.0
10239,422094254,至少,d,1,9,34746073,自传,录音室专辑,2016-07-21,4,兄弟,自传,1.0,0.0
10240,422094254,平安,a,1,9,34746073,自传,录音室专辑,2016-07-21,4,兄弟,自传,1.0,0.0
10241,422094254,健康,a,1,9,34746073,自传,录音室专辑,2016-07-21,4,兄弟,自传,1.0,0.0
10242,422094254,嘛,y,1,9,34746073,自传,录音室专辑,2016-07-21,4,兄弟,自传,1.0,0.0
10243,422094254,知道,v,1,9,34746073,自传,录音室专辑,2016-07-21,4,兄弟,自传,1.0,0.0
10244,422094254,假装,n,1,9,34746073,自传,录音室专辑,2016-07-21,4,兄弟,自传,1.0,0.0
10245,422094254,正常,d,1,9,34746073,自传,录音室专辑,2016-07-21,4,兄弟,自传,1.0,0.0
10246,422094254,欣赏,v,1,9,34746073,自传,录音室专辑,2016-07-21,4,兄弟,自传,1.0,0.0
10247,422094254,恶行,v,1,9,34746073,自传,录音室专辑,2016-07-21,4,兄弟,自传,1.0,0.0
10248,422094254,恶状,n,1,9,34746073,自传,录音室专辑,2016-07-21,4,兄弟,自传,1.0,0.0
10249,422094254,孽,ag,1,9,34746073,自传,录音室专辑,2016-07-21,4,兄弟,自传,1.0,0.0
10250,422094254,缘,n,1,9,34746073,自传,录音室专辑,2016-07-21,4,兄弟,自传,1.0,0.0
10251,422094254,业障,n,1,9,34746073,自传,录音室专辑,2016-07-21,4,兄弟,自传,1.0,0.0
10252,422094254,完美,a,1,9,34746073,自传,录音室专辑,2016-07-21,4,兄弟,自传,1.0,0.0
10253,422094254,狐群狗党,i,1,9,34746073,自传,录音室专辑,2016-07-21,4,兄弟,自传,1.0,0.0
10254,422094254,每件,d,1,9,34746073,自传,录音室专辑,2016-07-21,4,兄弟,自传,1.0,0.0
10255,422094254,糗,g,1,9,34746073,自传,录音室专辑,2016-07-21,4,兄弟,自传,1.0,0.0
10256,422094254,事,n,1,9,34746073,自传,录音室专辑,2016-07-21,4,兄弟,自传,1.0,0.0
10257,422094254,被,p,1,9,34746073,自传,录音室专辑,2016-07-21,4,兄弟,自传,1.0,0.0
10258,422094254,珍藏,ns,1,9,34746073,自传,录音室专辑,2016-07-21,4,兄弟,自传,1.0,0.0
10259,422094254,荒唐,a,1,9,34746073,自传,录音室专辑,2016-07-21,4,兄弟,自传,1.0,0.0
10260,422094254,排行榜,n,1,9,34746073,自传,录音室专辑,2016-07-21,4,兄弟,自传,1.0,0.0
10261,422094254,难忘,v,1,9,34746073,自传,录音室专辑,2016-07-21,4,兄弟,自传,1.0,0.0
10262,422094254,却,d,1,9,34746073,自传,录音室专辑,2016-07-21,4,兄弟,自传,1.0,0.0
10263,422094254,看到,v,1,9,34746073,自传,录音室专辑,2016-07-21,4,兄弟,自传,1.0,0.0
10264,422094254,不能,v,1,9,34746073,自传,录音室专辑,2016-07-21,4,兄弟,自传,1.0,0.0
10265,422094254,没,v,1,9,34746073,自传,录音室专辑,2016-07-21,4,兄弟,自传,1.0,0.0
10266,422094254,营养,n,1,9,34746073,自传,录音室专辑,2016-07-21,4,兄弟,自传,1.0,0.0
10267,422094254,聊到,v,1,9,34746073,自传,录音室专辑,2016-07-21,4,兄弟,自传,1.0,0.0
10268,422094254,天亮,nr,1,9,34746073,自传,录音室专辑,2016-07-21,4,兄弟,自传,1.0,0.0
10269,422094254,今天,t,1,9,34746073,自传,录音室专辑,2016-07-21,4,兄弟,自传,1.0,0.0
10270,422094254,换,v,1,9,34746073,自传,录音室专辑,2016-07-21,4,兄弟,自传,1.0,0.0
10271,422094254,结帐,n,1,9,34746073,自传,录音室专辑,2016-07-21,4,兄弟,自传,1.0,0.0
10272,422094254,跟,p,1,9,34746073,自传,录音室专辑,2016-07-21,4,兄弟,自传,1.0,0.0
10273,422094254,抢,v,1,9,34746073,自传,录音室专辑,2016-07-21,4,兄弟,自传,1.0,0.0
10274,422094254,各,r,1,9,34746073,自传,录音室专辑,2016-07-21,4,兄弟,自传,1.0,0.0
10275,422094254,有,v,1,9,34746073,自传,录音室专辑,2016-07-21,4,兄弟,自传,1.0,0.0
10276,422094254,战场,n,1,9,34746073,自传,录音室专辑,2016-07-21,4,兄弟,自传,1.0,0.0
10277,422094254,难题,n,1,9,34746073,自传,录音室专辑,2016-07-21,4,兄弟,自传,1.0,0.0
10278,422094254,烦恼,a,1,9,34746073,自传,录音室专辑,2016-07-21,4,兄弟,自传,1.0,0.0
10279,422094254,已,d,1,9,34746073,自传,录音室专辑,2016-07-21,4,兄弟,自传,1.0,0.0
10280,422094254,一样,r,1,9,34746073,自传,录音室专辑,2016-07-21,4,兄弟,自传,1.0,0.0
10281,422094254,是否,v,1,9,34746073,自传,录音室专辑,2016-07-21,4,兄弟,自传,1.0,0.0
10282,422094254,当年,t,1,9,34746073,自传,录音室专辑,2016-07-21,4,兄弟,自传,1.0,0.0
10283,422094254,幻想,n,1,9,34746073,自传,录音室专辑,2016-07-21,4,兄弟,自传,1.0,0.0
10284,422094254,模样,n,1,9,34746073,自传,录音室专辑,2016-07-21,4,兄弟,自传,1.0,0.0
10285,422094254,青春,n,1,9,34746073,自传,录音室专辑,2016-07-21,4,兄弟,自传,1.0,0.0
10286,422094254,用光,n,1,9,34746073,自传,录音室专辑,2016-07-21,4,兄弟,自传,1.0,0.0
10287,422094254,现实,n,1,9,34746073,自传,录音室专辑,2016-07-21,4,兄弟,自传,1.0,0.0
10288,422094254,埋葬,v,1,9,34746073,自传,录音室专辑,2016-07-21,4,兄弟,自传,1.0,0.0
10289,422094254,岁月,t,1,9,34746073,自传,录音室专辑,2016-07-21,4,兄弟,自传,1.0,0.0
10290,422094254,形状,n,1,9,34746073,自传,录音室专辑,2016-07-21,4,兄弟,自传,1.0,0.0
10291,422094254,不如,c,1,9,34746073,自传,录音室专辑,2016-07-21,4,兄弟,自传,1.0,0.0
10292,422094254,地老天荒,n,1,9,34746073,自传,录音室专辑,2016-07-21,4,兄弟,自传,1.0,0.0
10293,422094254,忘,v,1,9,34746073,自传,录音室专辑,2016-07-21,4,兄弟,自传,1.0,0.0
10294,422094254,最狂,a,1,9,34746073,自传,录音室专辑,2016-07-21,4,兄弟,自传,1.0,0.0
10295,422094254,刚好,d,1,9,34746073,自传,录音室专辑,2016-07-21,4,兄弟,自传,1.0,0.0
10296,422094254,在场,v,1,9,34746073,自传,录音室专辑,2016-07-21,4,兄弟,自传,1.0,0.0
10297,422094254,最好,a,1,9,34746073,自传,录音室专辑,2016-07-21,4,兄弟,自传,1.0,0.0
10298,422104164,你,r,14,9,34746073,自传,录音室专辑,2016-07-21,5,人生有限公司,自传,1.0,0.0
10299,422104164,人生,n,9,9,34746073,自传,录音室专辑,2016-07-21,5,人生有限公司,自传,1.0,0.0
10300,422104164,吗,y,8,9,34746073,自传,录音室专辑,2016-07-21,5,人生有限公司,自传,1.0,0.0
10301,422104164,曾,d,6,9,34746073,自传,录音室专辑,2016-07-21,5,人生有限公司,自传,1.0,0.0
10302,422104164,过,ug,6,9,34746073,自传,录音室专辑,2016-07-21,5,人生有限公司,自传,1.0,0.0
10303,422104164,部门,n,4,9,34746073,自传,录音室专辑,2016-07-21,5,人生有限公司,自传,1.0,0.0
10304,422104164,没有,v,4,9,34746073,自传,录音室专辑,2016-07-21,5,人生有限公司,自传,1.0,0.0
10305,422104164,还,d,3,9,34746073,自传,录音室专辑,2016-07-21,5,人生有限公司,自传,1.0,0.0
10306,422104164,有限,a,3,9,34746073,自传,录音室专辑,2016-07-21,5,人生有限公司,自传,1.0,0.0
10307,422104164,在,p,3,9,34746073,自传,录音室专辑,2016-07-21,5,人生有限公司,自传,1.0,0.0
10308,422104164,有限公司,n,3,9,34746073,自传,录音室专辑,2016-07-21,5,人生有限公司,自传,1.0,0.0
10309,422104164,能,v,3,9,34746073,自传,录音室专辑,2016-07-21,5,人生有限公司,自传,1.0,0.0
10310,422104164,要,v,3,9,34746073,自传,录音室专辑,2016-07-21,5,人生有限公司,自传,1.0,0.0
10311,422104164,去,v,3,9,34746073,自传,录音室专辑,2016-07-21,5,人生有限公司,自传,1.0,0.0
10312,422104164,的,uj,2,9,34746073,自传,录音室专辑,2016-07-21,5,人生有限公司,自传,1.0,0.0
10313,422104164,傻瓜,n,2,9,34746073,自传,录音室专辑,2016-07-21,5,人生有限公司,自传,1.0,0.0
10314,422104164,会,v,2,9,34746073,自传,录音室专辑,2016-07-21,5,人生有限公司,自传,1.0,0.0
10315,422104164,就,d,2,9,34746073,自传,录音室专辑,2016-07-21,5,人生有限公司,自传,1.0,0.0
10316,422104164,谁,r,2,9,34746073,自传,录音室专辑,2016-07-21,5,人生有限公司,自传,1.0,0.0
10317,422104164,追逐,v,2,9,34746073,自传,录音室专辑,2016-07-21,5,人生有限公司,自传,1.0,0.0
10318,422104164,富贵荣华,nr,2,9,34746073,自传,录音室专辑,2016-07-21,5,人生有限公司,自传,1.0,0.0
10319,422104164,目标,n,2,9,34746073,自传,录音室专辑,2016-07-21,5,人生有限公司,自传,1.0,0.0
10320,422104164,飞黄腾达,i,2,9,34746073,自传,录音室专辑,2016-07-21,5,人生有限公司,自传,1.0,0.0
10321,422104164,一天,m,2,9,34746073,自传,录音室专辑,2016-07-21,5,人生有限公司,自传,1.0,0.0
10322,422104164,请假,v,2,9,34746073,自传,录音室专辑,2016-07-21,5,人生有限公司,自传,1.0,0.0
10323,422104164,一下,m,2,9,34746073,自传,录音室专辑,2016-07-21,5,人生有限公司,自传,1.0,0.0
10324,422104164,也,d,2,9,34746073,自传,录音室专辑,2016-07-21,5,人生有限公司,自传,1.0,0.0
10325,422104164,一句,m,2,9,34746073,自传,录音室专辑,2016-07-21,5,人生有限公司,自传,1.0,0.0
10326,422104164,无限,v,2,9,34746073,自传,录音室专辑,2016-07-21,5,人生有限公司,自传,1.0,0.0
10327,422104164,用,p,1,9,34746073,自传,录音室专辑,2016-07-21,5,人生有限公司,自传,1.0,0.0
10328,422104164,哭声,n,1,9,34746073,自传,录音室专辑,2016-07-21,5,人生有限公司,自传,1.0,0.0
10329,422104164,打卡,v,1,9,34746073,自传,录音室专辑,2016-07-21,5,人生有限公司,自传,1.0,0.0
10330,422104164,产,n,1,9,34746073,自传,录音室专辑,2016-07-21,5,人生有限公司,自传,1.0,0.0
10331,422104164,房里,s,1,9,34746073,自传,录音室专辑,2016-07-21,5,人生有限公司,自传,1.0,0.0
10332,422104164,娃娃,n,1,9,34746073,自传,录音室专辑,2016-07-21,5,人生有限公司,自传,1.0,0.0
10333,422104164,众人,n,1,9,34746073,自传,录音室专辑,2016-07-21,5,人生有限公司,自传,1.0,0.0
10334,422104164,祝福,nr,1,9,34746073,自传,录音室专辑,2016-07-21,5,人生有限公司,自传,1.0,0.0
10335,422104164,记得,v,1,9,34746073,自传,录音室专辑,2016-07-21,5,人生有限公司,自传,1.0,0.0
10336,422104164,当时,t,1,9,34746073,自传,录音室专辑,2016-07-21,5,人生有限公司,自传,1.0,0.0
10337,422104164,一丝不挂,i,1,9,34746073,自传,录音室专辑,2016-07-21,5,人生有限公司,自传,1.0,0.0
10338,422104164,如今,t,1,9,34746073,自传,录音室专辑,2016-07-21,5,人生有限公司,自传,1.0,0.0
10339,422104164,一分,m,1,9,34746073,自传,录音室专辑,2016-07-21,5,人生有限公司,自传,1.0,0.0
10340,422104164,不,d,1,9,34746073,自传,录音室专辑,2016-07-21,5,人生有限公司,自传,1.0,0.0
10341,422104164,差,a,1,9,34746073,自传,录音室专辑,2016-07-21,5,人生有限公司,自传,1.0,0.0
10342,422104164,成天,t,1,9,34746073,自传,录音室专辑,2016-07-21,5,人生有限公司,自传,1.0,0.0
10343,422104164,会议,n,1,9,34746073,自传,录音室专辑,2016-07-21,5,人生有限公司,自传,1.0,0.0
10344,422104164,成堆,n,1,9,34746073,自传,录音室专辑,2016-07-21,5,人生有限公司,自传,1.0,0.0
10345,422104164,资料夹,n,1,9,34746073,自传,录音室专辑,2016-07-21,5,人生有限公司,自传,1.0,0.0
10346,422104164,第一个,m,1,9,34746073,自传,录音室专辑,2016-07-21,5,人生有限公司,自传,1.0,0.0
10347,422104164,主管,n,1,9,34746073,自传,录音室专辑,2016-07-21,5,人生有限公司,自传,1.0,0.0
10348,422104164,叫做,v,1,9,34746073,自传,录音室专辑,2016-07-21,5,人生有限公司,自传,1.0,0.0
10349,422104164,爸妈,n,1,9,34746073,自传,录音室专辑,2016-07-21,5,人生有限公司,自传,1.0,0.0
10350,422104164,只要,c,1,9,34746073,自传,录音室专辑,2016-07-21,5,人生有限公司,自传,1.0,0.0
10351,422104164,乖乖,d,1,9,34746073,自传,录音室专辑,2016-07-21,5,人生有限公司,自传,1.0,0.0
10352,422104164,听话,v,1,9,34746073,自传,录音室专辑,2016-07-21,5,人生有限公司,自传,1.0,0.0
10353,422104164,第二个,m,1,9,34746073,自传,录音室专辑,2016-07-21,5,人生有限公司,自传,1.0,0.0
10354,422104164,专门,n,1,9,34746073,自传,录音室专辑,2016-07-21,5,人生有限公司,自传,1.0,0.0
10355,422104164,改造,v,1,9,34746073,自传,录音室专辑,2016-07-21,5,人生有限公司,自传,1.0,0.0
10356,422104164,念书,n,1,9,34746073,自传,录音室专辑,2016-07-21,5,人生有限公司,自传,1.0,0.0
10357,422104164,考试,vn,1,9,34746073,自传,录音室专辑,2016-07-21,5,人生有限公司,自传,1.0,0.0
10358,422104164,那种,r,1,9,34746073,自传,录音室专辑,2016-07-21,5,人生有限公司,自传,1.0,0.0
10359,422104164,挣扎,v,1,9,34746073,自传,录音室专辑,2016-07-21,5,人生有限公司,自传,1.0,0.0
10360,422104164,反抗,v,1,9,34746073,自传,录音室专辑,2016-07-21,5,人生有限公司,自传,1.0,0.0
10361,422104164,如何,r,1,9,34746073,自传,录音室专辑,2016-07-21,5,人生有限公司,自传,1.0,0.0
10362,422104164,使用,v,1,9,34746073,自传,录音室专辑,2016-07-21,5,人生有限公司,自传,1.0,0.0
10363,422104164,生命,vn,1,9,34746073,自传,录音室专辑,2016-07-21,5,人生有限公司,自传,1.0,0.0
10364,422104164,叫,v,1,9,34746073,自传,录音室专辑,2016-07-21,5,人生有限公司,自传,1.0,0.0
10365,422104164,使命,v,1,9,34746073,自传,录音室专辑,2016-07-21,5,人生有限公司,自传,1.0,0.0
10366,422104164,是,v,1,9,34746073,自传,录音室专辑,2016-07-21,5,人生有限公司,自传,1.0,0.0
10367,422104164,选择,v,1,9,34746073,自传,录音室专辑,2016-07-21,5,人生有限公司,自传,1.0,0.0
10368,422104164,规划,n,1,9,34746073,自传,录音室专辑,2016-07-21,5,人生有限公司,自传,1.0,0.0
10369,422104164,准备,v,1,9,34746073,自传,录音室专辑,2016-07-21,5,人生有限公司,自传,1.0,0.0
10370,422104164,好了吗,v,1,9,34746073,自传,录音室专辑,2016-07-21,5,人生有限公司,自传,1.0,0.0
10371,422104164,现在,t,1,9,34746073,自传,录音室专辑,2016-07-21,5,人生有限公司,自传,1.0,0.0
10372,422104164,必须,d,1,9,34746073,自传,录音室专辑,2016-07-21,5,人生有限公司,自传,1.0,0.0
10373,422104164,出发,v,1,9,34746073,自传,录音室专辑,2016-07-21,5,人生有限公司,自传,1.0,0.0
10374,422104164,人,n,1,9,34746073,自传,录音室专辑,2016-07-21,5,人生有限公司,自传,1.0,0.0
10375,422104164,哪里,r,1,9,34746073,自传,录音室专辑,2016-07-21,5,人生有限公司,自传,1.0,0.0
10376,422104164,跌倒,v,1,9,34746073,自传,录音室专辑,2016-07-21,5,人生有限公司,自传,1.0,0.0
10377,422104164,哪,r,1,9,34746073,自传,录音室专辑,2016-07-21,5,人生有限公司,自传,1.0,0.0
10378,422104164,趴,v,1,9,34746073,自传,录音室专辑,2016-07-21,5,人生有限公司,自传,1.0,0.0
10379,422104164,面对,v,1,9,34746073,自传,录音室专辑,2016-07-21,5,人生有限公司,自传,1.0,0.0
10380,422104164,挫折,n,1,9,34746073,自传,录音室专辑,2016-07-21,5,人生有限公司,自传,1.0,0.0
10381,422104164,都,d,1,9,34746073,自传,录音室专辑,2016-07-21,5,人生有限公司,自传,1.0,0.0
10382,422104164,专业化,n,1,9,34746073,自传,录音室专辑,2016-07-21,5,人生有限公司,自传,1.0,0.0
10383,422104164,让,v,1,9,34746073,自传,录音室专辑,2016-07-21,5,人生有限公司,自传,1.0,0.0
10384,422104164,生涯,n,1,9,34746073,自传,录音室专辑,2016-07-21,5,人生有限公司,自传,1.0,0.0
10385,422104164,最佳化,l,1,9,34746073,自传,录音室专辑,2016-07-21,5,人生有限公司,自传,1.0,0.0
10386,422104164,而,c,1,9,34746073,自传,录音室专辑,2016-07-21,5,人生有限公司,自传,1.0,0.0
10387,422104164,梦想,n,1,9,34746073,自传,录音室专辑,2016-07-21,5,人生有限公司,自传,1.0,0.0
10388,422104164,最小化,j,1,9,34746073,自传,录音室专辑,2016-07-21,5,人生有限公司,自传,1.0,0.0
10389,422104164,生存,v,1,9,34746073,自传,录音室专辑,2016-07-21,5,人生有限公司,自传,1.0,0.0
10390,422104164,机率,n,1,9,34746073,自传,录音室专辑,2016-07-21,5,人生有限公司,自传,1.0,0.0
10391,422104164,追求,v,1,9,34746073,自传,录音室专辑,2016-07-21,5,人生有限公司,自传,1.0,0.0
10392,422104164,最大化,nt,1,9,34746073,自传,录音室专辑,2016-07-21,5,人生有限公司,自传,1.0,0.0
10393,422104164,第三个,m,1,9,34746073,自传,录音室专辑,2016-07-21,5,人生有限公司,自传,1.0,0.0
10394,422104164,负责,v,1,9,34746073,自传,录音室专辑,2016-07-21,5,人生有限公司,自传,1.0,0.0
10395,422104164,财务计划,n,1,9,34746073,自传,录音室专辑,2016-07-21,5,人生有限公司,自传,1.0,0.0
10396,422104164,和,c,1,9,34746073,自传,录音室专辑,2016-07-21,5,人生有限公司,自传,1.0,0.0
10397,422104164,现实,n,1,9,34746073,自传,录音室专辑,2016-07-21,5,人生有限公司,自传,1.0,0.0
10398,422104164,打架,v,1,9,34746073,自传,录音室专辑,2016-07-21,5,人生有限公司,自传,1.0,0.0
10399,422104164,第四个,m,1,9,34746073,自传,录音室专辑,2016-07-21,5,人生有限公司,自传,1.0,0.0
10400,422104164,任务,n,1,9,34746073,自传,录音室专辑,2016-07-21,5,人生有限公司,自传,1.0,0.0
10401,422104164,更加,d,1,9,34746073,自传,录音室专辑,2016-07-21,5,人生有限公司,自传,1.0,0.0
10402,422104164,复杂,a,1,9,34746073,自传,录音室专辑,2016-07-21,5,人生有限公司,自传,1.0,0.0
10403,422104164,寻觅,v,1,9,34746073,自传,录音室专辑,2016-07-21,5,人生有限公司,自传,1.0,0.0
10404,422104164,恋爱,v,1,9,34746073,自传,录音室专辑,2016-07-21,5,人生有限公司,自传,1.0,0.0
10405,422104164,找,v,1,9,34746073,自传,录音室专辑,2016-07-21,5,人生有限公司,自传,1.0,0.0
10406,422104164,她,r,1,9,34746073,自传,录音室专辑,2016-07-21,5,人生有限公司,自传,1.0,0.0
10407,422104164,或,c,1,9,34746073,自传,录音室专辑,2016-07-21,5,人生有限公司,自传,1.0,0.0
10408,422104164,他,r,1,9,34746073,自传,录音室专辑,2016-07-21,5,人生有限公司,自传,1.0,0.0
10409,422104164,深爱,a,1,9,34746073,自传,录音室专辑,2016-07-21,5,人生有限公司,自传,1.0,0.0
10410,422104164,放纵,v,1,9,34746073,自传,录音室专辑,2016-07-21,5,人生有限公司,自传,1.0,0.0
10411,422104164,爱成,nr,1,9,34746073,自传,录音室专辑,2016-07-21,5,人生有限公司,自传,1.0,0.0
10412,422104164,傻话,n,1,9,34746073,自传,录音室专辑,2016-07-21,5,人生有限公司,自传,1.0,0.0
10413,422104164,活成,v,1,9,34746073,自传,录音室专辑,2016-07-21,5,人生有限公司,自传,1.0,0.0
10414,422104164,废话,n,1,9,34746073,自传,录音室专辑,2016-07-21,5,人生有限公司,自传,1.0,0.0
10415,422104164,日子,n,1,9,34746073,自传,录音室专辑,2016-07-21,5,人生有限公司,自传,1.0,0.0
10416,422104164,挥霍,v,1,9,34746073,自传,录音室专辑,2016-07-21,5,人生有限公司,自传,1.0,0.0
10417,422104164,公司,n,1,9,34746073,自传,录音室专辑,2016-07-21,5,人生有限公司,自传,1.0,0.0
10418,422104164,渐渐,d,1,9,34746073,自传,录音室专辑,2016-07-21,5,人生有限公司,自传,1.0,0.0
10419,422104164,变化,vn,1,9,34746073,自传,录音室专辑,2016-07-21,5,人生有限公司,自传,1.0,0.0
10420,422104164,组织,v,1,9,34746073,自传,录音室专辑,2016-07-21,5,人生有限公司,自传,1.0,0.0
10421,422104164,慢慢,d,1,9,34746073,自传,录音室专辑,2016-07-21,5,人生有限公司,自传,1.0,0.0
10422,422104164,扩大,v,1,9,34746073,自传,录音室专辑,2016-07-21,5,人生有限公司,自传,1.0,0.0
10423,422104164,有时,r,1,9,34746073,自传,录音室专辑,2016-07-21,5,人生有限公司,自传,1.0,0.0
10424,422104164,无法,n,1,9,34746073,自传,录音室专辑,2016-07-21,5,人生有限公司,自传,1.0,0.0
10425,422104164,招架,n,1,9,34746073,自传,录音室专辑,2016-07-21,5,人生有限公司,自传,1.0,0.0
10426,422104164,有点,n,1,9,34746073,自传,录音室专辑,2016-07-21,5,人生有限公司,自传,1.0,0.0
10427,422104164,骑虎难下,i,1,9,34746073,自传,录音室专辑,2016-07-21,5,人生有限公司,自传,1.0,0.0
10428,422104164,加班,v,1,9,34746073,自传,录音室专辑,2016-07-21,5,人生有限公司,自传,1.0,0.0
10429,422104164,没,v,1,9,34746073,自传,录音室专辑,2016-07-21,5,人生有限公司,自传,1.0,0.0
10430,422104164,回家,n,1,9,34746073,自传,录音室专辑,2016-07-21,5,人生有限公司,自传,1.0,0.0
10431,422104164,停下,v,1,9,34746073,自传,录音室专辑,2016-07-21,5,人生有限公司,自传,1.0,0.0
10432,422104164,怀疑,v,1,9,34746073,自传,录音室专辑,2016-07-21,5,人生有限公司,自传,1.0,0.0
10433,422104164,就算,v,1,9,34746073,自传,录音室专辑,2016-07-21,5,人生有限公司,自传,1.0,0.0
10434,422104164,有,v,1,9,34746073,自传,录音室专辑,2016-07-21,5,人生有限公司,自传,1.0,0.0
10435,422104164,想法,v,1,9,34746073,自传,录音室专辑,2016-07-21,5,人生有限公司,自传,1.0,0.0
10436,422104164,办法,n,1,9,34746073,自传,录音室专辑,2016-07-21,5,人生有限公司,自传,1.0,0.0
10437,422104164,问题,n,1,9,34746073,自传,录音室专辑,2016-07-21,5,人生有限公司,自传,1.0,0.0
10438,422104164,解答,v,1,9,34746073,自传,录音室专辑,2016-07-21,5,人生有限公司,自传,1.0,0.0
10439,422104164,其实,d,1,9,34746073,自传,录音室专辑,2016-07-21,5,人生有限公司,自传,1.0,0.0
10440,422104164,平安,a,1,9,34746073,自传,录音室专辑,2016-07-21,5,人生有限公司,自传,1.0,0.0
10441,422104164,到达,v,1,9,34746073,自传,录音室专辑,2016-07-21,5,人生有限公司,自传,1.0,0.0
10442,422104164,就是,d,1,9,34746073,自传,录音室专辑,2016-07-21,5,人生有限公司,自传,1.0,0.0
10443,422104164,一种,m,1,9,34746073,自传,录音室专辑,2016-07-21,5,人生有限公司,自传,1.0,0.0
10444,422104164,伟大,a,1,9,34746073,自传,录音室专辑,2016-07-21,5,人生有限公司,自传,1.0,0.0
10445,422104164,可能,v,1,9,34746073,自传,录音室专辑,2016-07-21,5,人生有限公司,自传,1.0,0.0
10446,422104164,出价,v,1,9,34746073,自传,录音室专辑,2016-07-21,5,人生有限公司,自传,1.0,0.0
10447,422104164,像,v,1,9,34746073,自传,录音室专辑,2016-07-21,5,人生有限公司,自传,1.0,0.0
10448,422104164,打电话,l,1,9,34746073,自传,录音室专辑,2016-07-21,5,人生有限公司,自传,1.0,0.0
10449,422104164,总,b,1,9,34746073,自传,录音室专辑,2016-07-21,5,人生有限公司,自传,1.0,0.0
10450,422104164,有人,r,1,9,34746073,自传,录音室专辑,2016-07-21,5,人生有限公司,自传,1.0,0.0
10451,422104164,先,d,1,9,34746073,自传,录音室专辑,2016-07-21,5,人生有限公司,自传,1.0,0.0
10452,422104164,挂,v,1,9,34746073,自传,录音室专辑,2016-07-21,5,人生有限公司,自传,1.0,0.0
10453,422104164,来时,t,1,9,34746073,自传,录音室专辑,2016-07-21,5,人生有限公司,自传,1.0,0.0
10454,422104164,呜呜,l,1,9,34746073,自传,录音室专辑,2016-07-21,5,人生有限公司,自传,1.0,0.0
10455,422104164,哇哇,o,1,9,34746073,自传,录音室专辑,2016-07-21,5,人生有限公司,自传,1.0,0.0
10456,422104164,走,v,1,9,34746073,自传,录音室专辑,2016-07-21,5,人生有限公司,自传,1.0,0.0
10457,422104164,嘻嘻哈哈,z,1,9,34746073,自传,录音室专辑,2016-07-21,5,人生有限公司,自传,1.0,0.0
10458,422104164,的话,u,1,9,34746073,自传,录音室专辑,2016-07-21,5,人生有限公司,自传,1.0,0.0
10459,422104164,想要,v,1,9,34746073,自传,录音室专辑,2016-07-21,5,人生有限公司,自传,1.0,0.0
10460,422104164,怎样,r,1,9,34746073,自传,录音室专辑,2016-07-21,5,人生有限公司,自传,1.0,0.0
10461,422104164,喧哗,v,1,9,34746073,自传,录音室专辑,2016-07-21,5,人生有限公司,自传,1.0,0.0
10462,422104138,的,uj,22,9,34746073,自传,录音室专辑,2016-07-21,6,后来的我们,自传,1.0,0.0
10463,422104138,了,ul,16,9,34746073,自传,录音室专辑,2016-07-21,6,后来的我们,自传,1.0,0.0
10464,422104138,后来,t,15,9,34746073,自传,录音室专辑,2016-07-21,6,后来的我们,自传,1.0,0.0
10465,422104138,着,uz,13,9,34746073,自传,录音室专辑,2016-07-21,6,后来的我们,自传,1.0,0.0
10466,422104138,你,r,10,9,34746073,自传,录音室专辑,2016-07-21,6,后来的我们,自传,1.0,0.0
10467,422104138,我,r,10,9,34746073,自传,录音室专辑,2016-07-21,6,后来的我们,自传,1.0,0.0
10468,422104138,我们,r,9,9,34746073,自传,录音室专辑,2016-07-21,6,后来的我们,自传,1.0,0.0
10469,422104138,也,d,7,9,34746073,自传,录音室专辑,2016-07-21,6,后来的我们,自传,1.0,0.0
10470,422104138,能,v,6,9,34746073,自传,录音室专辑,2016-07-21,6,后来的我们,自传,1.0,0.0
10471,422104138,人生,n,6,9,34746073,自传,录音室专辑,2016-07-21,6,后来的我们,自传,1.0,0.0
10472,422104138,期待,vn,5,9,34746073,自传,录音室专辑,2016-07-21,6,后来的我们,自传,1.0,0.0
10473,422104138,呢,y,4,9,34746073,自传,录音室专辑,2016-07-21,6,后来的我们,自传,1.0,0.0
10474,422104138,要,v,4,9,34746073,自传,录音室专辑,2016-07-21,6,后来的我们,自传,1.0,0.0
10475,422104138,让,v,4,9,34746073,自传,录音室专辑,2016-07-21,6,后来的我们,自传,1.0,0.0
10476,422104138,有,v,3,9,34746073,自传,录音室专辑,2016-07-21,6,后来的我们,自传,1.0,0.0
10477,422104138,还,d,3,9,34746073,自传,录音室专辑,2016-07-21,6,后来的我们,自传,1.0,0.0
10478,422104138,依然,d,3,9,34746073,自传,录音室专辑,2016-07-21,6,后来的我们,自传,1.0,0.0
10479,422104138,想,v,3,9,34746073,自传,录音室专辑,2016-07-21,6,后来的我们,自传,1.0,0.0
10480,422104138,无论是,c,3,9,34746073,自传,录音室专辑,2016-07-21,6,后来的我们,自传,1.0,0.0
10481,422104138,故事,n,3,9,34746073,自传,录音室专辑,2016-07-21,6,后来的我们,自传,1.0,0.0
10482,422104138,怎么,r,3,9,34746073,自传,录音室专辑,2016-07-21,6,后来的我们,自传,1.0,0.0
10483,422104138,泪水,n,3,9,34746073,自传,录音室专辑,2016-07-21,6,后来的我们,自传,1.0,0.0
10484,422104138,中,f,3,9,34746073,自传,录音室专辑,2016-07-21,6,后来的我们,自传,1.0,0.0
10485,422104138,看到,v,3,9,34746073,自传,录音室专辑,2016-07-21,6,后来的我们,自传,1.0,0.0
10486,422104138,真的,d,3,9,34746073,自传,录音室专辑,2016-07-21,6,后来的我们,自传,1.0,0.0
10487,422104138,另,r,3,9,34746073,自传,录音室专辑,2016-07-21,6,后来的我们,自传,1.0,0.0
10488,422104138,一个,m,3,9,34746073,自传,录音室专辑,2016-07-21,6,后来的我们,自传,1.0,0.0
10489,422104138,然后,c,2,9,34746073,自传,录音室专辑,2016-07-21,6,后来的我们,自传,1.0,0.0
10490,422104138,回忆,v,2,9,34746073,自传,录音室专辑,2016-07-21,6,后来的我们,自传,1.0,0.0
10491,422104138,那些,r,2,9,34746073,自传,录音室专辑,2016-07-21,6,后来的我们,自传,1.0,0.0
10492,422104138,都,d,2,9,34746073,自传,录音室专辑,2016-07-21,6,后来的我们,自传,1.0,0.0
10493,422104138,也许,d,2,9,34746073,自传,录音室专辑,2016-07-21,6,后来的我们,自传,1.0,0.0
10494,422104138,只,d,2,9,34746073,自传,录音室专辑,2016-07-21,6,后来的我们,自传,1.0,0.0
10495,422104138,快乐,a,2,9,34746073,自传,录音室专辑,2016-07-21,6,后来的我们,自传,1.0,0.0
10496,422104138,那,r,2,9,34746073,自传,录音室专辑,2016-07-21,6,后来的我们,自传,1.0,0.0
10497,422104138,就是,d,2,9,34746073,自传,录音室专辑,2016-07-21,6,后来的我们,自传,1.0,0.0
10498,422104138,最,d,2,9,34746073,自传,录音室专辑,2016-07-21,6,后来的我们,自传,1.0,0.0
10499,422104138,走,v,2,9,34746073,自传,录音室专辑,2016-07-21,6,后来的我们,自传,1.0,0.0
10500,422104138,只是,c,2,9,34746073,自传,录音室专辑,2016-07-21,6,后来的我们,自传,1.0,0.0
10501,422104138,不再,d,2,9,34746073,自传,录音室专辑,2016-07-21,6,后来的我们,自传,1.0,0.0
10502,422104138,并肩,d,2,9,34746073,自传,录音室专辑,2016-07-21,6,后来的我们,自传,1.0,0.0
10503,422104138,朝,ns,2,9,34746073,自传,录音室专辑,2016-07-21,6,后来的我们,自传,1.0,0.0
10504,422104138,各自,r,2,9,34746073,自传,录音室专辑,2016-07-21,6,后来的我们,自传,1.0,0.0
10505,422104138,追寻,v,2,9,34746073,自传,录音室专辑,2016-07-21,6,后来的我们,自传,1.0,0.0
10506,422104138,精彩,n,2,9,34746073,自传,录音室专辑,2016-07-21,6,后来的我们,自传,1.0,0.0
10507,422104138,自由,a,2,9,34746073,自传,录音室专辑,2016-07-21,6,后来的我们,自传,1.0,0.0
10508,422104138,亲爱,a,2,9,34746073,自传,录音室专辑,2016-07-21,6,后来的我们,自传,1.0,0.0
10509,422104138,就,d,2,9,34746073,自传,录音室专辑,2016-07-21,6,后来的我们,自传,1.0,0.0
10510,422104138,这么,r,2,9,34746073,自传,录音室专辑,2016-07-21,6,后来的我们,自传,1.0,0.0
10511,422104138,在,p,2,9,34746073,自传,录音室专辑,2016-07-21,6,后来的我们,自传,1.0,0.0
10512,422104138,他们,r,1,9,34746073,自传,录音室专辑,2016-07-21,6,后来的我们,自传,1.0,0.0
10513,422104138,说,v,1,9,34746073,自传,录音室专辑,2016-07-21,6,后来的我们,自传,1.0,0.0
10514,422104138,心,n,1,9,34746073,自传,录音室专辑,2016-07-21,6,后来的我们,自传,1.0,0.0
10515,422104138,似乎,d,1,9,34746073,自传,录音室专辑,2016-07-21,6,后来的我们,自传,1.0,0.0
10516,422104138,痊愈,v,1,9,34746073,自传,录音室专辑,2016-07-21,6,后来的我们,自传,1.0,0.0
10517,422104138,开始,v,1,9,34746073,自传,录音室专辑,2016-07-21,6,后来的我们,自传,1.0,0.0
10518,422104138,个人,n,1,9,34746073,自传,录音室专辑,2016-07-21,6,后来的我们,自传,1.0,0.0
10519,422104138,为,p,1,9,34746073,自传,录音室专辑,2016-07-21,6,后来的我们,自传,1.0,0.0
10520,422104138,守护,v,1,9,34746073,自传,录音室专辑,2016-07-21,6,后来的我们,自传,1.0,0.0
10521,422104138,该,r,1,9,34746073,自传,录音室专辑,2016-07-21,6,后来的我们,自传,1.0,0.0
10522,422104138,心安,n,1,9,34746073,自传,录音室专辑,2016-07-21,6,后来的我们,自传,1.0,0.0
10523,422104138,或是,c,1,9,34746073,自传,录音室专辑,2016-07-21,6,后来的我们,自传,1.0,0.0
10524,422104138,心痛,n,1,9,34746073,自传,录音室专辑,2016-07-21,6,后来的我们,自传,1.0,0.0
10525,422104138,其实,d,1,9,34746073,自传,录音室专辑,2016-07-21,6,后来的我们,自传,1.0,0.0
10526,422104138,日子,n,1,9,34746073,自传,录音室专辑,2016-07-21,6,后来的我们,自传,1.0,0.0
10527,422104138,可以,c,1,9,34746073,自传,录音室专辑,2016-07-21,6,后来的我们,自传,1.0,0.0
10528,422104138,除了,p,1,9,34746073,自传,录音室专辑,2016-07-21,6,后来的我们,自传,1.0,0.0
10529,422104138,肆虐,v,1,9,34746073,自传,录音室专辑,2016-07-21,6,后来的我们,自传,1.0,0.0
10530,422104138,某些,r,1,9,34746073,自传,录音室专辑,2016-07-21,6,后来的我们,自传,1.0,0.0
10531,422104138,时刻,n,1,9,34746073,自传,录音室专辑,2016-07-21,6,后来的我们,自传,1.0,0.0
10532,422104138,庆幸,v,1,9,34746073,自传,录音室专辑,2016-07-21,6,后来的我们,自传,1.0,0.0
10533,422104138,还有,v,1,9,34746073,自传,录音室专辑,2016-07-21,6,后来的我们,自传,1.0,0.0
10534,422104138,眼泪,n,1,9,34746073,自传,录音室专辑,2016-07-21,6,后来的我们,自传,1.0,0.0
10535,422104138,冲淡,a,1,9,34746073,自传,录音室专辑,2016-07-21,6,后来的我们,自传,1.0,0.0
10536,422104138,苦涩,a,1,9,34746073,自传,录音室专辑,2016-07-21,6,后来的我们,自传,1.0,0.0
10537,422104138,而,c,1,9,34746073,自传,录音室专辑,2016-07-21,6,后来的我们,自传,1.0,0.0
10538,422104138,昨日,t,1,9,34746073,自传,录音室专辑,2016-07-21,6,后来的我们,自传,1.0,0.0
10539,422104138,缤纷,z,1,9,34746073,自传,录音室专辑,2016-07-21,6,后来的我们,自传,1.0,0.0
10540,422104138,它们,r,1,9,34746073,自传,录音室专辑,2016-07-21,6,后来的我们,自传,1.0,0.0
10541,422104138,由,p,1,9,34746073,自传,录音室专辑,2016-07-21,6,后来的我们,自传,1.0,0.0
10542,422104138,细心,n,1,9,34746073,自传,录音室专辑,2016-07-21,6,后来的我们,自传,1.0,0.0
10543,422104138,收藏,v,1,9,34746073,自传,录音室专辑,2016-07-21,6,后来的我们,自传,1.0,0.0
10544,422104138,记得,v,1,9,34746073,自传,录音室专辑,2016-07-21,6,后来的我们,自传,1.0,0.0
10545,422104138,忘,v,1,9,34746073,自传,录音室专辑,2016-07-21,6,后来的我们,自传,1.0,0.0
10546,422104138,不是,c,1,9,34746073,自传,录音室专辑,2016-07-21,6,后来的我们,自传,1.0,0.0
10547,422104138,那么,r,1,9,34746073,自传,录音室专辑,2016-07-21,6,后来的我们,自传,1.0,0.0
10548,422104138,重要,a,1,9,34746073,自传,录音室专辑,2016-07-21,6,后来的我们,自传,1.0,0.0
10549,422104138,共同,d,1,9,34746073,自传,录音室专辑,2016-07-21,6,后来的我们,自传,1.0,0.0
10550,422104138,走过,v,1,9,34746073,自传,录音室专辑,2016-07-21,6,后来的我们,自传,1.0,0.0
10551,422104138,曲折,a,1,9,34746073,自传,录音室专辑,2016-07-21,6,后来的我们,自传,1.0,0.0
10552,422104138,是,v,1,9,34746073,自传,录音室专辑,2016-07-21,6,后来的我们,自传,1.0,0.0
10553,422104138,带,v,1,9,34746073,自传,录音室专辑,2016-07-21,6,后来的我们,自传,1.0,0.0
10554,422104138,来到,v,1,9,34746073,自传,录音室专辑,2016-07-21,6,后来的我们,自传,1.0,0.0
10555,422104138,这,r,1,9,34746073,自传,录音室专辑,2016-07-21,6,后来的我们,自传,1.0,0.0
10556,422104138,一刻,m,1,9,34746073,自传,录音室专辑,2016-07-21,6,后来的我们,自传,1.0,0.0
10557,422104138,珍贵,a,1,9,34746073,自传,录音室专辑,2016-07-21,6,后来的我们,自传,1.0,0.0
10558,422104138,有失,v,1,9,34746073,自传,录音室专辑,2016-07-21,6,后来的我们,自传,1.0,0.0
10559,422104138,得,ud,1,9,34746073,自传,录音室专辑,2016-07-21,6,后来的我们,自传,1.0,0.0
10560,422104138,用,p,1,9,34746073,自传,录音室专辑,2016-07-21,6,后来的我们,自传,1.0,0.0
10561,422104138,新,a,1,9,34746073,自传,录音室专辑,2016-07-21,6,后来的我们,自传,1.0,0.0
10562,422104138,幸福,a,1,9,34746073,自传,录音室专辑,2016-07-21,6,后来的我们,自传,1.0,0.0
10563,422104138,把,p,1,9,34746073,自传,录音室专辑,2016-07-21,6,后来的我们,自传,1.0,0.0
10564,422104138,遗憾,a,1,9,34746073,自传,录音室专辑,2016-07-21,6,后来的我们,自传,1.0,0.0
10565,422104138,包,v,1,9,34746073,自传,录音室专辑,2016-07-21,6,后来的我们,自传,1.0,0.0
10566,422104138,朝着,p,1,9,34746073,自传,录音室专辑,2016-07-21,6,后来的我们,自传,1.0,0.0
10567,422104138,未来,t,1,9,34746073,自传,录音室专辑,2016-07-21,6,后来的我们,自传,1.0,0.0
10568,422104138,前进,v,1,9,34746073,自传,录音室专辑,2016-07-21,6,后来的我们,自传,1.0,0.0
10569,422104138,再,d,1,9,34746073,自传,录音室专辑,2016-07-21,6,后来的我们,自传,1.0,0.0
10570,422104138,多,m,1,9,34746073,自传,录音室专辑,2016-07-21,6,后来的我们,自传,1.0,0.0
10571,422104138,不舍,n,1,9,34746073,自传,录音室专辑,2016-07-21,6,后来的我们,自传,1.0,0.0
10572,422104138,狠心,d,1,9,34746073,自传,录音室专辑,2016-07-21,6,后来的我们,自传,1.0,0.0
10573,422104138,割舍,nrt,1,9,34746073,自传,录音室专辑,2016-07-21,6,后来的我们,自传,1.0,0.0
10574,422104138,别,r,1,9,34746073,自传,录音室专辑,2016-07-21,6,后来的我们,自传,1.0,0.0
10575,422104138,回头,v,1,9,34746073,自传,录音室专辑,2016-07-21,6,后来的我们,自传,1.0,0.0
10576,422104138,看,v,1,9,34746073,自传,录音室专辑,2016-07-21,6,后来的我们,自传,1.0,0.0
10577,422104138,幸福快乐,nr,1,9,34746073,自传,录音室专辑,2016-07-21,6,后来的我们,自传,1.0,0.0
10578,422104138,某处,r,1,9,34746073,自传,录音室专辑,2016-07-21,6,后来的我们,自传,1.0,0.0
10579,422104138,留下,v,1,9,34746073,自传,录音室专辑,2016-07-21,6,后来的我们,自传,1.0,0.0
10580,422104138,那里,r,1,9,34746073,自传,录音室专辑,2016-07-21,6,后来的我们,自传,1.0,0.0
10581,422104138,微笑,vn,1,9,34746073,自传,录音室专辑,2016-07-21,6,后来的我们,自传,1.0,0.0
10582,422104138,深爱着,l,1,9,34746073,自传,录音室专辑,2016-07-21,6,后来的我们,自传,1.0,0.0
10583,422104138,代替,v,1,9,34746073,自传,录音室专辑,2016-07-21,6,后来的我们,自传,1.0,0.0
10584,422104138,永恒,z,1,9,34746073,自传,录音室专辑,2016-07-21,6,后来的我们,自传,1.0,0.0
10585,422104138,如果,c,1,9,34746073,自传,录音室专辑,2016-07-21,6,后来的我们,自传,1.0,0.0
10586,422104138,够,v,1,9,34746073,自传,录音室专辑,2016-07-21,6,后来的我们,自传,1.0,0.0
10587,422104138,值得,v,1,9,34746073,自传,录音室专辑,2016-07-21,6,后来的我们,自传,1.0,0.0
10588,422104166,你,r,21,9,34746073,自传,录音室专辑,2016-07-21,7,顽固,自传,1.0,0.0
10589,422104166,的,uj,17,9,34746073,自传,录音室专辑,2016-07-21,7,顽固,自传,1.0,0.0
10590,422104166,一次,m,12,9,34746073,自传,录音室专辑,2016-07-21,7,顽固,自传,1.0,0.0
10591,422104166,自己,r,8,9,34746073,自传,录音室专辑,2016-07-21,7,顽固,自传,1.0,0.0
10592,422104166,在,p,7,9,34746073,自传,录音室专辑,2016-07-21,7,顽固,自传,1.0,0.0
10593,422104166,顽固,a,5,9,34746073,自传,录音室专辑,2016-07-21,7,顽固,自传,1.0,0.0
10594,422104166,相信,v,5,9,34746073,自传,录音室专辑,2016-07-21,7,顽固,自传,1.0,0.0
10595,422104166,了,ul,5,9,34746073,自传,录音室专辑,2016-07-21,7,顽固,自传,1.0,0.0
10596,422104166,心,s,4,9,34746073,自传,录音室专辑,2016-07-21,7,顽固,自传,1.0,0.0
10597,422104166,是否,v,4,9,34746073,自传,录音室专辑,2016-07-21,7,顽固,自传,1.0,0.0
10598,422104166,活,n,4,9,34746073,自传,录音室专辑,2016-07-21,7,顽固,自传,1.0,0.0
10599,422104166,深处,s,4,9,34746073,自传,录音室专辑,2016-07-21,7,顽固,自传,1.0,0.0
10600,422104166,那,r,4,9,34746073,自传,录音室专辑,2016-07-21,7,顽固,自传,1.0,0.0
10601,422104166,我,r,4,9,34746073,自传,录音室专辑,2016-07-21,7,顽固,自传,1.0,0.0
10602,422104166,吞下,v,3,9,34746073,自传,录音室专辑,2016-07-21,7,顽固,自传,1.0,0.0
10603,422104166,泪滴,n,3,9,34746073,自传,录音室专辑,2016-07-21,7,顽固,自传,1.0,0.0
10604,422104166,拼回,v,3,9,34746073,自传,录音室专辑,2016-07-21,7,顽固,自传,1.0,0.0
10605,422104166,破碎,v,3,9,34746073,自传,录音室专辑,2016-07-21,7,顽固,自传,1.0,0.0
10606,422104166,一天一天,l,3,9,34746073,自传,录音室专辑,2016-07-21,7,顽固,自传,1.0,0.0
10607,422104166,还,d,3,9,34746073,自传,录音室专辑,2016-07-21,7,顽固,自传,1.0,0.0
10608,422104166,当时,t,2,9,34746073,自传,录音室专辑,2016-07-21,7,顽固,自传,1.0,0.0
10609,422104166,里,f,2,9,34746073,自传,录音室专辑,2016-07-21,7,顽固,自传,1.0,0.0
10610,422104166,如今,t,2,9,34746073,自传,录音室专辑,2016-07-21,7,顽固,自传,1.0,0.0
10611,422104166,每个,r,2,9,34746073,自传,录音室专辑,2016-07-21,7,顽固,自传,1.0,0.0
10612,422104166,会,v,2,9,34746073,自传,录音室专辑,2016-07-21,7,顽固,自传,1.0,0.0
10613,422104166,忘记,v,2,9,34746073,自传,录音室专辑,2016-07-21,7,顽固,自传,1.0,0.0
10614,422104166,这,r,2,9,34746073,自传,录音室专辑,2016-07-21,7,顽固,自传,1.0,0.0
10615,422104166,想,v,2,9,34746073,自传,录音室专辑,2016-07-21,7,顽固,自传,1.0,0.0
10616,422104166,叫,v,2,9,34746073,自传,录音室专辑,2016-07-21,7,顽固,自传,1.0,0.0
10617,422104166,学会,n,2,9,34746073,自传,录音室专辑,2016-07-21,7,顽固,自传,1.0,0.0
10618,422104166,谢谢,nr,2,9,34746073,自传,录音室专辑,2016-07-21,7,顽固,自传,1.0,0.0
10619,422104166,我身,r,1,9,34746073,自传,录音室专辑,2016-07-21,7,顽固,自传,1.0,0.0
10620,422104166,幻想,n,1,9,34746073,自传,录音室专辑,2016-07-21,7,顽固,自传,1.0,0.0
10621,422104166,未来,t,1,9,34746073,自传,录音室专辑,2016-07-21,7,顽固,自传,1.0,0.0
10622,422104166,这个,r,1,9,34746073,自传,录音室专辑,2016-07-21,7,顽固,自传,1.0,0.0
10623,422104166,狂热,a,1,9,34746073,自传,录音室专辑,2016-07-21,7,顽固,自传,1.0,0.0
10624,422104166,和,c,1,9,34746073,自传,录音室专辑,2016-07-21,7,顽固,自传,1.0,0.0
10625,422104166,冲动,vn,1,9,34746073,自传,录音室专辑,2016-07-21,7,顽固,自传,1.0,0.0
10626,422104166,早已,d,1,9,34746073,自传,录音室专辑,2016-07-21,7,顽固,自传,1.0,0.0
10627,422104166,冷却,v,1,9,34746073,自传,录音室专辑,2016-07-21,7,顽固,自传,1.0,0.0
10628,422104166,神情,n,1,9,34746073,自传,录音室专辑,2016-07-21,7,顽固,自传,1.0,0.0
10629,422104166,消失,v,1,9,34746073,自传,录音室专辑,2016-07-21,7,顽固,自传,1.0,0.0
10630,422104166,镜子,n,1,9,34746073,自传,录音室专辑,2016-07-21,7,顽固,自传,1.0,0.0
10631,422104166,只,d,1,9,34746073,自传,录音室专辑,2016-07-21,7,顽固,自传,1.0,0.0
10632,422104166,留下,v,1,9,34746073,自传,录音室专辑,2016-07-21,7,顽固,自传,1.0,0.0
10633,422104166,时光,n,1,9,34746073,自传,录音室专辑,2016-07-21,7,顽固,自传,1.0,0.0
10634,422104166,消逝,vn,1,9,34746073,自传,录音室专辑,2016-07-21,7,顽固,自传,1.0,0.0
10635,422104166,痕迹,n,1,9,34746073,自传,录音室专辑,2016-07-21,7,顽固,自传,1.0,0.0
10636,422104166,每颗,n,1,9,34746073,自传,录音室专辑,2016-07-21,7,顽固,自传,1.0,0.0
10637,422104166,人,n,1,9,34746073,自传,录音室专辑,2016-07-21,7,顽固,自传,1.0,0.0
10638,422104166,际遇,n,1,9,34746073,自传,录音室专辑,2016-07-21,7,顽固,自传,1.0,0.0
10639,422104166,故事,n,1,9,34746073,自传,录音室专辑,2016-07-21,7,顽固,自传,1.0,0.0
10640,422104166,反覆,v,1,9,34746073,自传,录音室专辑,2016-07-21,7,顽固,自传,1.0,0.0
10641,422104166,地,uv,1,9,34746073,自传,录音室专辑,2016-07-21,7,顽固,自传,1.0,0.0
10642,422104166,问,v,1,9,34746073,自传,录音室专辑,2016-07-21,7,顽固,自传,1.0,0.0
10643,422104166,着,uz,1,9,34746073,自传,录音室专辑,2016-07-21,7,顽固,自传,1.0,0.0
10644,422104166,这些,r,1,9,34746073,自传,录音室专辑,2016-07-21,7,顽固,自传,1.0,0.0
10645,422104166,年,m,1,9,34746073,自传,录音室专辑,2016-07-21,7,顽固,自传,1.0,0.0
10646,422104166,让步,v,1,9,34746073,自传,录音室专辑,2016-07-21,7,顽固,自传,1.0,0.0
10647,422104166,叹息,v,1,9,34746073,自传,录音室专辑,2016-07-21,7,顽固,自传,1.0,0.0
10648,422104166,有,v,1,9,34746073,自传,录音室专辑,2016-07-21,7,顽固,自传,1.0,0.0
10649,422104166,什么,r,1,9,34746073,自传,录音室专辑,2016-07-21,7,顽固,自传,1.0,0.0
10650,422104166,是,v,1,9,34746073,自传,录音室专辑,2016-07-21,7,顽固,自传,1.0,0.0
10651,422104166,永远,d,1,9,34746073,自传,录音室专辑,2016-07-21,7,顽固,自传,1.0,0.0
10652,422104166,不,d,1,9,34746073,自传,录音室专辑,2016-07-21,7,顽固,自传,1.0,0.0
10653,422104166,放弃,v,1,9,34746073,自传,录音室专辑,2016-07-21,7,顽固,自传,1.0,0.0
10654,422104166,追逐,v,1,9,34746073,自传,录音室专辑,2016-07-21,7,顽固,自传,1.0,0.0
10655,422104166,呼吸,v,1,9,34746073,自传,录音室专辑,2016-07-21,7,顽固,自传,1.0,0.0
10656,422104166,嚣张,a,1,9,34746073,自传,录音室专辑,2016-07-21,7,顽固,自传,1.0,0.0
10657,422104166,任性,n,1,9,34746073,自传,录音室专辑,2016-07-21,7,顽固,自传,1.0,0.0
10658,422104166,鼻青脸肿,l,1,9,34746073,自传,录音室专辑,2016-07-21,7,顽固,自传,1.0,0.0
10659,422104166,哭,v,1,9,34746073,自传,录音室专辑,2016-07-21,7,顽固,自传,1.0,0.0
10660,422104166,过,ug,1,9,34746073,自传,录音室专辑,2016-07-21,7,顽固,自传,1.0,0.0
10661,422104166,若无其事,i,1,9,34746073,自传,录音室专辑,2016-07-21,7,顽固,自传,1.0,0.0
10662,422104166,如果,c,1,9,34746073,自传,录音室专辑,2016-07-21,7,顽固,自传,1.0,0.0
10663,422104166,能,v,1,9,34746073,自传,录音室专辑,2016-07-21,7,顽固,自传,1.0,0.0
10664,422104166,预知,v,1,9,34746073,自传,录音室专辑,2016-07-21,7,顽固,自传,1.0,0.0
10665,422104166,条路,n,1,9,34746073,自传,录音室专辑,2016-07-21,7,顽固,自传,1.0,0.0
10666,422104166,陷阱,n,1,9,34746073,自传,录音室专辑,2016-07-21,7,顽固,自传,1.0,0.0
10667,422104166,依然,d,1,9,34746073,自传,录音室专辑,2016-07-21,7,顽固,自传,1.0,0.0
10668,422104166,错,v,1,9,34746073,自传,录音室专辑,2016-07-21,7,顽固,自传,1.0,0.0
10669,422104166,得,ud,1,9,34746073,自传,录音室专辑,2016-07-21,7,顽固,自传,1.0,0.0
10670,422104166,很,d,1,9,34746073,自传,录音室专辑,2016-07-21,7,顽固,自传,1.0,0.0
10671,422104166,过瘾,n,1,9,34746073,自传,录音室专辑,2016-07-21,7,顽固,自传,1.0,0.0
10672,422104166,走过,v,1,9,34746073,自传,录音室专辑,2016-07-21,7,顽固,自传,1.0,0.0
10673,422104166,足迹,n,1,9,34746073,自传,录音室专辑,2016-07-21,7,顽固,自传,1.0,0.0
10674,422104166,走,v,1,9,34746073,自传,录音室专辑,2016-07-21,7,顽固,自传,1.0,0.0
10675,422104166,不到,v,1,9,34746073,自传,录音室专辑,2016-07-21,7,顽固,自传,1.0,0.0
10676,422104166,憧憬,v,1,9,34746073,自传,录音室专辑,2016-07-21,7,顽固,自传,1.0,0.0
10677,422104166,收拾,v,1,9,34746073,自传,录音室专辑,2016-07-21,7,顽固,自传,1.0,0.0
10678,422104166,起,v,1,9,34746073,自传,录音室专辑,2016-07-21,7,顽固,自传,1.0,0.0
10679,422104166,叛逆,v,1,9,34746073,自传,录音室专辑,2016-07-21,7,顽固,自传,1.0,0.0
10680,422104166,隐藏,v,1,9,34746073,自传,录音室专辑,2016-07-21,7,顽固,自传,1.0,0.0
10681,422104166,表情,n,1,9,34746073,自传,录音室专辑,2016-07-21,7,顽固,自传,1.0,0.0
10682,422104166,卸下,v,1,9,34746073,自传,录音室专辑,2016-07-21,7,顽固,自传,1.0,0.0
10683,422104166,面具,n,1,9,34746073,自传,录音室专辑,2016-07-21,7,顽固,自传,1.0,0.0
10684,422104166,说,v,1,9,34746073,自传,录音室专辑,2016-07-21,7,顽固,自传,1.0,0.0
10685,422104166,一路,m,1,9,34746073,自传,录音室专辑,2016-07-21,7,顽固,自传,1.0,0.0
10686,422104166,陪,v,1,9,34746073,自传,录音室专辑,2016-07-21,7,顽固,自传,1.0,0.0
10687,422104166,到,v,1,9,34746073,自传,录音室专辑,2016-07-21,7,顽固,自传,1.0,0.0
10688,422104166,这里,r,1,9,34746073,自传,录音室专辑,2016-07-21,7,顽固,自传,1.0,0.0
10689,422104166,那些,r,1,9,34746073,自传,录音室专辑,2016-07-21,7,顽固,自传,1.0,0.0
10690,422104166,事情,n,1,9,34746073,自传,录音室专辑,2016-07-21,7,顽固,自传,1.0,0.0
10691,422104166,变成,v,1,9,34746073,自传,录音室专辑,2016-07-21,7,顽固,自传,1.0,0.0
10692,422104166,美丽,ns,1,9,34746073,自传,录音室专辑,2016-07-21,7,顽固,自传,1.0,0.0
10693,422104166,风景,n,1,9,34746073,自传,录音室专辑,2016-07-21,7,顽固,自传,1.0,0.0
10694,422104166,每当,p,1,9,34746073,自传,录音室专辑,2016-07-21,7,顽固,自传,1.0,0.0
10695,422104166,迟疑,d,1,9,34746073,自传,录音室专辑,2016-07-21,7,顽固,自传,1.0,0.0
10696,422104166,从,p,1,9,34746073,自传,录音室专辑,2016-07-21,7,顽固,自传,1.0,0.0
10697,422104166,不曾,d,1,9,34746073,自传,录音室专辑,2016-07-21,7,顽固,自传,1.0,0.0
10698,422104166,我心,n,1,9,34746073,自传,录音室专辑,2016-07-21,7,顽固,自传,1.0,0.0
10699,417953658,oh,eng,30,9,34746073,自传,录音室专辑,2016-07-21,8,派对动物,自传,1.0,0.0
10700,417953658,party,eng,12,9,34746073,自传,录音室专辑,2016-07-21,8,派对动物,自传,1.0,0.0
10701,417953658,Hey,eng,7,9,34746073,自传,录音室专辑,2016-07-21,8,派对动物,自传,1.0,0.0
10702,417953658,Let,eng,6,9,34746073,自传,录音室专辑,2016-07-21,8,派对动物,自传,1.0,0.0
10703,417953658,go,eng,6,9,34746073,自传,录音室专辑,2016-07-21,8,派对动物,自传,1.0,0.0
10704,417953658,all,eng,6,9,34746073,自传,录音室专辑,2016-07-21,8,派对动物,自传,1.0,0.0
10705,417953658,night,eng,6,9,34746073,自传,录音室专辑,2016-07-21,8,派对动物,自传,1.0,0.0
10706,417953658,lonely,eng,6,9,34746073,自传,录音室专辑,2016-07-21,8,派对动物,自传,1.0,0.0
10707,417953658,我们,r,6,9,34746073,自传,录音室专辑,2016-07-21,8,派对动物,自传,1.0,0.0
10708,417953658,派对,v,6,9,34746073,自传,录音室专辑,2016-07-21,8,派对动物,自传,1.0,0.0
10709,417953658,动物,n,6,9,34746073,自传,录音室专辑,2016-07-21,8,派对动物,自传,1.0,0.0
10710,417953658,many,eng,6,9,34746073,自传,录音室专辑,2016-07-21,8,派对动物,自传,1.0,0.0
10711,417953658,噢,e,6,9,34746073,自传,录音室专辑,2016-07-21,8,派对动物,自传,1.0,0.0
10712,417953658,都,d,5,9,34746073,自传,录音室专辑,2016-07-21,8,派对动物,自传,1.0,0.0
10713,417953658,要,v,5,9,34746073,自传,录音室专辑,2016-07-21,8,派对动物,自传,1.0,0.0
10714,417953658,疯狂,a,5,9,34746073,自传,录音室专辑,2016-07-21,8,派对动物,自传,1.0,0.0
10715,417953658,有,v,4,9,34746073,自传,录音室专辑,2016-07-21,8,派对动物,自传,1.0,0.0
10716,417953658,goodbye,eng,3,9,34746073,自传,录音室专辑,2016-07-21,8,派对动物,自传,1.0,0.0
10717,417953658,觉悟,v,3,9,34746073,自传,录音室专辑,2016-07-21,8,派对动物,自传,1.0,0.0
10718,417953658,到,v,3,9,34746073,自传,录音室专辑,2016-07-21,8,派对动物,自传,1.0,0.0
10719,417953658,日出,v,3,9,34746073,自传,录音室专辑,2016-07-21,8,派对动物,自传,1.0,0.0
10720,417953658,天生,n,3,9,34746073,自传,录音室专辑,2016-07-21,8,派对动物,自传,1.0,0.0
10721,417953658,就是,d,3,9,34746073,自传,录音室专辑,2016-07-21,8,派对动物,自传,1.0,0.0
10722,417953658,这,r,3,9,34746073,自传,录音室专辑,2016-07-21,8,派对动物,自传,1.0,0.0
10723,417953658,你,r,3,9,34746073,自传,录音室专辑,2016-07-21,8,派对动物,自传,1.0,0.0
10724,417953658,不,d,3,9,34746073,自传,录音室专辑,2016-07-21,8,派对动物,自传,1.0,0.0
10725,417953658,And,eng,3,9,34746073,自传,录音室专辑,2016-07-21,8,派对动物,自传,1.0,0.0
10726,417953658,good,eng,3,9,34746073,自传,录音室专辑,2016-07-21,8,派对动物,自传,1.0,0.0
10727,417953658,times,eng,3,9,34746073,自传,录音室专辑,2016-07-21,8,派对动物,自传,1.0,0.0
10728,417953658,被,p,3,9,34746073,自传,录音室专辑,2016-07-21,8,派对动物,自传,1.0,0.0
10729,417953658,不能,v,2,9,34746073,自传,录音室专辑,2016-07-21,8,派对动物,自传,1.0,0.0
10730,417953658,让步,v,2,9,34746073,自传,录音室专辑,2016-07-21,8,派对动物,自传,1.0,0.0
10731,417953658,跳舞,v,2,9,34746073,自传,录音室专辑,2016-07-21,8,派对动物,自传,1.0,0.0
10732,417953658,不要,df,2,9,34746073,自传,录音室专辑,2016-07-21,8,派对动物,自传,1.0,0.0
10733,417953658,愿,v,2,9,34746073,自传,录音室专辑,2016-07-21,8,派对动物,自传,1.0,0.0
10734,417953658,当,t,2,9,34746073,自传,录音室专辑,2016-07-21,8,派对动物,自传,1.0,0.0
10735,417953658,宠物,n,2,9,34746073,自传,录音室专辑,2016-07-21,8,派对动物,自传,1.0,0.0
10736,417953658,宁愿,d,2,9,34746073,自传,录音室专辑,2016-07-21,8,派对动物,自传,1.0,0.0
10737,417953658,变成,v,2,9,34746073,自传,录音室专辑,2016-07-21,8,派对动物,自传,1.0,0.0
10738,417953658,怪物,n,2,9,34746073,自传,录音室专辑,2016-07-21,8,派对动物,自传,1.0,0.0
10739,417953658,和,c,2,9,34746073,自传,录音室专辑,2016-07-21,8,派对动物,自传,1.0,0.0
10740,417953658,人生,n,2,9,34746073,自传,录音室专辑,2016-07-21,8,派对动物,自传,1.0,0.0
10741,417953658,是,v,2,9,34746073,自传,录音室专辑,2016-07-21,8,派对动物,自传,1.0,0.0
10742,417953658,忘,v,2,9,34746073,自传,录音室专辑,2016-07-21,8,派对动物,自传,1.0,0.0
10743,417953658,了,ul,2,9,34746073,自传,录音室专辑,2016-07-21,8,派对动物,自传,1.0,0.0
10744,417953658,我,r,1,9,34746073,自传,录音室专辑,2016-07-21,8,派对动物,自传,1.0,0.0
10745,417953658,很,d,1,9,34746073,自传,录音室专辑,2016-07-21,8,派对动物,自传,1.0,0.0
10746,417953658,严肃,a,1,9,34746073,自传,录音室专辑,2016-07-21,8,派对动物,自传,1.0,0.0
10747,417953658,耽误,v,1,9,34746073,自传,录音室专辑,2016-07-21,8,派对动物,自传,1.0,0.0
10748,417953658,那,r,1,9,34746073,自传,录音室专辑,2016-07-21,8,派对动物,自传,1.0,0.0
10749,417953658,现实,n,1,9,34746073,自传,录音室专辑,2016-07-21,8,派对动物,自传,1.0,0.0
10750,417953658,中,f,1,9,34746073,自传,录音室专辑,2016-07-21,8,派对动物,自传,1.0,0.0
10751,417953658,已经,d,1,9,34746073,自传,录音室专辑,2016-07-21,8,派对动物,自传,1.0,0.0
10752,417953658,太,d,1,9,34746073,自传,录音室专辑,2016-07-21,8,派对动物,自传,1.0,0.0
10753,417953658,多,m,1,9,34746073,自传,录音室专辑,2016-07-21,8,派对动物,自传,1.0,0.0
10754,417953658,别,d,1,9,34746073,自传,录音室专辑,2016-07-21,8,派对动物,自传,1.0,0.0
10755,417953658,找,v,1,9,34746073,自传,录音室专辑,2016-07-21,8,派对动物,自传,1.0,0.0
10756,417953658,退路,v,1,9,34746073,自传,录音室专辑,2016-07-21,8,派对动物,自传,1.0,0.0
10757,417953658,不会,v,1,9,34746073,自传,录音室专辑,2016-07-21,8,派对动物,自传,1.0,0.0
10758,417953658,就,d,1,9,34746073,自传,录音室专辑,2016-07-21,8,派对动物,自传,1.0,0.0
10759,417953658,摇摆,v,1,9,34746073,自传,录音室专辑,2016-07-21,8,派对动物,自传,1.0,0.0
10760,417953658,也,d,1,9,34746073,自传,录音室专辑,2016-07-21,8,派对动物,自传,1.0,0.0
10761,417953658,幸福,a,1,9,34746073,自传,录音室专辑,2016-07-21,8,派对动物,自传,1.0,0.0
10762,417953658,认输,vn,1,9,34746073,自传,录音室专辑,2016-07-21,8,派对动物,自传,1.0,0.0
10763,417953658,孤独,a,1,9,34746073,自传,录音室专辑,2016-07-21,8,派对动物,自传,1.0,0.0
10764,417953658,朋友,n,1,9,34746073,自传,录音室专辑,2016-07-21,8,派对动物,自传,1.0,0.0
10765,417953658,满屋,ns,1,9,34746073,自传,录音室专辑,2016-07-21,8,派对动物,自传,1.0,0.0
10766,417953658,胡闹,nr,1,9,34746073,自传,录音室专辑,2016-07-21,8,派对动物,自传,1.0,0.0
10767,417953658,庆祝,v,1,9,34746073,自传,录音室专辑,2016-07-21,8,派对动物,自传,1.0,0.0
10768,417953658,入不敷出,i,1,9,34746073,自传,录音室专辑,2016-07-21,8,派对动物,自传,1.0,0.0
10769,417953658,水电,n,1,9,34746073,自传,录音室专辑,2016-07-21,8,派对动物,自传,1.0,0.0
10770,417953658,房租,n,1,9,34746073,自传,录音室专辑,2016-07-21,8,派对动物,自传,1.0,0.0
10771,417953658,成绩,n,1,9,34746073,自传,录音室专辑,2016-07-21,8,派对动物,自传,1.0,0.0
10772,417953658,任务,n,1,9,34746073,自传,录音室专辑,2016-07-21,8,派对动物,自传,1.0,0.0
10773,417953658,泡沫,n,1,9,34746073,自传,录音室专辑,2016-07-21,8,派对动物,自传,1.0,0.0
10774,417953658,般,u,1,9,34746073,自传,录音室专辑,2016-07-21,8,派对动物,自传,1.0,0.0
10775,417953658,那么,r,1,9,34746073,自传,录音室专辑,2016-07-21,8,派对动物,自传,1.0,0.0
10776,417953658,辛苦,a,1,9,34746073,自传,录音室专辑,2016-07-21,8,派对动物,自传,1.0,0.0
10777,417953658,是否,v,1,9,34746073,自传,录音室专辑,2016-07-21,8,派对动物,自传,1.0,0.0
10778,417953658,麻木,a,1,9,34746073,自传,录音室专辑,2016-07-21,8,派对动物,自传,1.0,0.0
10779,417953658,笑,v,1,9,34746073,自传,录音室专辑,2016-07-21,8,派对动物,自传,1.0,0.0
10780,417953658,还,d,1,9,34746073,自传,录音室专辑,2016-07-21,8,派对动物,自传,1.0,0.0
10781,417953658,能,v,1,9,34746073,自传,录音室专辑,2016-07-21,8,派对动物,自传,1.0,0.0
10782,417953658,哭,v,1,9,34746073,自传,录音室专辑,2016-07-21,8,派对动物,自传,1.0,0.0
10783,417953658,本性,n,1,9,34746073,自传,录音室专辑,2016-07-21,8,派对动物,自传,1.0,0.0
10784,417953658,驯服,n,1,9,34746073,自传,录音室专辑,2016-07-21,8,派对动物,自传,1.0,0.0
10785,417953658,花,v,1,9,34746073,自传,录音室专辑,2016-07-21,8,派对动物,自传,1.0,0.0
10786,417953658,两亿年,m,1,9,34746073,自传,录音室专辑,2016-07-21,8,派对动物,自传,1.0,0.0
10787,417953658,进化,v,1,9,34746073,自传,录音室专辑,2016-07-21,8,派对动物,自传,1.0,0.0
10788,417953658,却,d,1,9,34746073,自传,录音室专辑,2016-07-21,8,派对动物,自传,1.0,0.0
10789,417953658,没有,v,1,9,34746073,自传,录音室专辑,2016-07-21,8,派对动物,自传,1.0,0.0
10790,417953658,进步,d,1,9,34746073,自传,录音室专辑,2016-07-21,8,派对动物,自传,1.0,0.0
10791,417953658,无论,c,1,9,34746073,自传,录音室专辑,2016-07-21,8,派对动物,自传,1.0,0.0
10792,417953658,猫咪,n,1,9,34746073,自传,录音室专辑,2016-07-21,8,派对动物,自传,1.0,0.0
10793,417953658,老虎,nr,1,9,34746073,自传,录音室专辑,2016-07-21,8,派对动物,自传,1.0,0.0
10794,417953658,麻雀,n,1,9,34746073,自传,录音室专辑,2016-07-21,8,派对动物,自传,1.0,0.0
10795,417953658,蝙蝠,n,1,9,34746073,自传,录音室专辑,2016-07-21,8,派对动物,自传,1.0,0.0
10796,417953658,骄傲,a,1,9,34746073,自传,录音室专辑,2016-07-21,8,派对动物,自传,1.0,0.0
10797,417953658,大步,d,1,9,34746073,自传,录音室专辑,2016-07-21,8,派对动物,自传,1.0,0.0
10798,417953658,难得糊涂,i,1,9,34746073,自传,录音室专辑,2016-07-21,8,派对动物,自传,1.0,0.0
10799,417953658,偶尔,d,1,9,34746073,自传,录音室专辑,2016-07-21,8,派对动物,自传,1.0,0.0
10800,417953658,脱轨,v,1,9,34746073,自传,录音室专辑,2016-07-21,8,派对动物,自传,1.0,0.0
10801,417953658,演出,v,1,9,34746073,自传,录音室专辑,2016-07-21,8,派对动物,自传,1.0,0.0
10802,422104165,噢,e,55,9,34746073,自传,录音室专辑,2016-07-21,9,最好的一天,自传,1.0,0.0
10803,422104165,你,r,14,9,34746073,自传,录音室专辑,2016-07-21,9,最好的一天,自传,1.0,0.0
10804,422104165,的,uj,10,9,34746073,自传,录音室专辑,2016-07-21,9,最好的一天,自传,1.0,0.0
10805,422104165,最好,a,7,9,34746073,自传,录音室专辑,2016-07-21,9,最好的一天,自传,1.0,0.0
10806,422104165,说,v,6,9,34746073,自传,录音室专辑,2016-07-21,9,最好的一天,自传,1.0,0.0
10807,422104165,一天,m,5,9,34746073,自传,录音室专辑,2016-07-21,9,最好的一天,自传,1.0,0.0
10808,422104165,那,r,4,9,34746073,自传,录音室专辑,2016-07-21,9,最好的一天,自传,1.0,0.0
10809,422104165,是,v,4,9,34746073,自传,录音室专辑,2016-07-21,9,最好的一天,自传,1.0,0.0
10810,422104165,那天,r,3,9,34746073,自传,录音室专辑,2016-07-21,9,最好的一天,自传,1.0,0.0
10811,422104165,也,d,3,9,34746073,自传,录音室专辑,2016-07-21,9,最好的一天,自传,1.0,0.0
10812,422104165,还,d,3,9,34746073,自传,录音室专辑,2016-07-21,9,最好的一天,自传,1.0,0.0
10813,422104165,或,c,3,9,34746073,自传,录音室专辑,2016-07-21,9,最好的一天,自传,1.0,0.0
10814,422104165,day,eng,3,9,34746073,自传,录音室专辑,2016-07-21,9,最好的一天,自传,1.0,0.0
10815,422104165,闭上眼,l,2,9,34746073,自传,录音室专辑,2016-07-21,9,最好的一天,自传,1.0,0.0
10816,422104165,问,v,2,9,34746073,自传,录音室专辑,2016-07-21,9,最好的一天,自传,1.0,0.0
10817,422104165,了,ul,2,9,34746073,自传,录音室专辑,2016-07-21,9,最好的一天,自传,1.0,0.0
10818,422104165,地球,n,2,9,34746073,自传,录音室专辑,2016-07-21,9,最好的一天,自传,1.0,0.0
10819,422104165,瞬间,t,2,9,34746073,自传,录音室专辑,2016-07-21,9,最好的一天,自传,1.0,0.0
10820,422104165,都,d,2,9,34746073,自传,录音室专辑,2016-07-21,9,最好的一天,自传,1.0,0.0
10821,422104165,银河,n,2,9,34746073,自传,录音室专辑,2016-07-21,9,最好的一天,自传,1.0,0.0
10822,422104165,好了没,i,2,9,34746073,自传,录音室专辑,2016-07-21,9,最好的一天,自传,1.0,0.0
10823,422104165,best,eng,2,9,34746073,自传,录音室专辑,2016-07-21,9,最好的一天,自传,1.0,0.0
10824,422104165,请,v,1,9,34746073,自传,录音室专辑,2016-07-21,9,最好的一天,自传,1.0,0.0
10825,422104165,自己,r,1,9,34746073,自传,录音室专辑,2016-07-21,9,最好的一天,自传,1.0,0.0
10826,422104165,无数,m,1,9,34746073,自传,录音室专辑,2016-07-21,9,最好的一天,自传,1.0,0.0
10827,422104165,平凡,a,1,9,34746073,自传,录音室专辑,2016-07-21,9,最好的一天,自传,1.0,0.0
10828,422104165,日子,n,1,9,34746073,自传,录音室专辑,2016-07-21,9,最好的一天,自传,1.0,0.0
10829,422104165,里面,f,1,9,34746073,自传,录音室专辑,2016-07-21,9,最好的一天,自传,1.0,0.0
10830,422104165,选出,v,1,9,34746073,自传,录音室专辑,2016-07-21,9,最好的一天,自传,1.0,0.0
10831,422104165,生命,vn,1,9,34746073,自传,录音室专辑,2016-07-21,9,最好的一天,自传,1.0,0.0
10832,422104165,中,f,1,9,34746073,自传,录音室专辑,2016-07-21,9,最好的一天,自传,1.0,0.0
10833,422104165,再,d,1,9,34746073,自传,录音室专辑,2016-07-21,9,最好的一天,自传,1.0,0.0
10834,422104165,最糟,z,1,9,34746073,自传,录音室专辑,2016-07-21,9,最好的一天,自传,1.0,0.0
10835,422104165,或许,d,1,9,34746073,自传,录音室专辑,2016-07-21,9,最好的一天,自传,1.0,0.0
10836,422104165,留下,v,1,9,34746073,自传,录音室专辑,2016-07-21,9,最好的一天,自传,1.0,0.0
10837,422104165,什么,r,1,9,34746073,自传,录音室专辑,2016-07-21,9,最好的一天,自传,1.0,0.0
10838,422104165,让,v,1,9,34746073,自传,录音室专辑,2016-07-21,9,最好的一天,自传,1.0,0.0
10839,422104165,改变,v,1,9,34746073,自传,录音室专辑,2016-07-21,9,最好的一天,自传,1.0,0.0
10840,422104165,后来,t,1,9,34746073,自传,录音室专辑,2016-07-21,9,最好的一天,自传,1.0,0.0
10841,422104165,转,v,1,9,34746073,自传,录音室专辑,2016-07-21,9,最好的一天,自传,1.0,0.0
10842,422104165,念,v,1,9,34746073,自传,录音室专辑,2016-07-21,9,最好的一天,自传,1.0,0.0
10843,422104165,贫瘠,a,1,9,34746073,自传,录音室专辑,2016-07-21,9,最好的一天,自传,1.0,0.0
10844,422104165,小行星,n,1,9,34746073,自传,录音室专辑,2016-07-21,9,最好的一天,自传,1.0,0.0
10845,422104165,种,m,1,9,34746073,自传,录音室专辑,2016-07-21,9,最好的一天,自传,1.0,0.0
10846,422104165,一棵,m,1,9,34746073,自传,录音室专辑,2016-07-21,9,最好的一天,自传,1.0,0.0
10847,422104165,玫瑰,n,1,9,34746073,自传,录音室专辑,2016-07-21,9,最好的一天,自传,1.0,0.0
10848,422104165,困,v,1,9,34746073,自传,录音室专辑,2016-07-21,9,最好的一天,自传,1.0,0.0
10849,422104165,在,p,1,9,34746073,自传,录音室专辑,2016-07-21,9,最好的一天,自传,1.0,0.0
10850,422104165,囚,n,1,9,34746073,自传,录音室专辑,2016-07-21,9,最好的一天,自传,1.0,0.0
10851,422104165,房里,s,1,9,34746073,自传,录音室专辑,2016-07-21,9,最好的一天,自传,1.0,0.0
10852,422104165,听见,v,1,9,34746073,自传,录音室专辑,2016-07-21,9,最好的一天,自传,1.0,0.0
10853,422104165,音乐,n,1,9,34746073,自传,录音室专辑,2016-07-21,9,最好的一天,自传,1.0,0.0
10854,422104165,把,p,1,9,34746073,自传,录音室专辑,2016-07-21,9,最好的一天,自传,1.0,0.0
10855,422104165,相亲,v,1,9,34746073,自传,录音室专辑,2016-07-21,9,最好的一天,自传,1.0,0.0
10856,422104165,对象,n,1,9,34746073,自传,录音室专辑,2016-07-21,9,最好的一天,自传,1.0,0.0
10857,422104165,组成,v,1,9,34746073,自传,录音室专辑,2016-07-21,9,最好的一天,自传,1.0,0.0
10858,422104165,球队,n,1,9,34746073,自传,录音室专辑,2016-07-21,9,最好的一天,自传,1.0,0.0
10859,422104165,去,v,1,9,34746073,自传,录音室专辑,2016-07-21,9,最好的一天,自传,1.0,0.0
10860,422104165,夺下,v,1,9,34746073,自传,录音室专辑,2016-07-21,9,最好的一天,自传,1.0,0.0
10861,422104165,世界杯,nz,1,9,34746073,自传,录音室专辑,2016-07-21,9,最好的一天,自传,1.0,0.0
10862,422104165,也许,d,1,9,34746073,自传,录音室专辑,2016-07-21,9,最好的一天,自传,1.0,0.0
10863,422104165,岁月,t,1,9,34746073,自传,录音室专辑,2016-07-21,9,最好的一天,自传,1.0,0.0
10864,422104165,回忆,v,1,9,34746073,自传,录音室专辑,2016-07-21,9,最好的一天,自传,1.0,0.0
10865,422104165,才,d,1,9,34746073,自传,录音室专辑,2016-07-21,9,最好的一天,自传,1.0,0.0
10866,422104165,最美,a,1,9,34746073,自传,录音室专辑,2016-07-21,9,最好的一天,自传,1.0,0.0
10867,422104165,未来,t,1,9,34746073,自传,录音室专辑,2016-07-21,9,最好的一天,自传,1.0,0.0
10868,422104165,没,v,1,9,34746073,自传,录音室专辑,2016-07-21,9,最好的一天,自传,1.0,0.0
10869,422104165,上演,v,1,9,34746073,自传,录音室专辑,2016-07-21,9,最好的一天,自传,1.0,0.0
10870,422104165,太,d,1,9,34746073,自传,录音室专辑,2016-07-21,9,最好的一天,自传,1.0,0.0
10871,422104165,难,a,1,9,34746073,自传,录音室专辑,2016-07-21,9,最好的一天,自传,1.0,0.0
10872,422104165,挑选,v,1,9,34746073,自传,录音室专辑,2016-07-21,9,最好的一天,自传,1.0,0.0
10873,422104165,人生,n,1,9,34746073,自传,录音室专辑,2016-07-21,9,最好的一天,自传,1.0,0.0
10874,422104165,三万多,m,1,9,34746073,自传,录音室专辑,2016-07-21,9,最好的一天,自传,1.0,0.0
10875,422104165,天,q,1,9,34746073,自传,录音室专辑,2016-07-21,9,最好的一天,自传,1.0,0.0
10876,422104165,活,v,1,9,34746073,自传,录音室专辑,2016-07-21,9,最好的一天,自传,1.0,0.0
10877,422104165,百年,m,1,9,34746073,自传,录音室专辑,2016-07-21,9,最好的一天,自传,1.0,0.0
10878,422104165,不过,c,1,9,34746073,自传,录音室专辑,2016-07-21,9,最好的一天,自传,1.0,0.0
10879,422104165,历史,n,1,9,34746073,自传,录音室专辑,2016-07-21,9,最好的一天,自传,1.0,0.0
10880,422104165,角落,n,1,9,34746073,自传,录音室专辑,2016-07-21,9,最好的一天,自传,1.0,0.0
10881,422104165,转眼,v,1,9,34746073,自传,录音室专辑,2016-07-21,9,最好的一天,自传,1.0,0.0
10882,422104165,名字,n,1,9,34746073,自传,录音室专辑,2016-07-21,9,最好的一天,自传,1.0,0.0
10883,422104165,故事,n,1,9,34746073,自传,录音室专辑,2016-07-21,9,最好的一天,自传,1.0,0.0
10884,422104165,打喷嚏,v,1,9,34746073,自传,录音室专辑,2016-07-21,9,最好的一天,自传,1.0,0.0
10885,422104165,就,d,1,9,34746073,自传,录音室专辑,2016-07-21,9,最好的一天,自传,1.0,0.0
10886,422104165,全,a,1,9,34746073,自传,录音室专辑,2016-07-21,9,最好的一天,自传,1.0,0.0
10887,422104165,灰飞烟灭,i,1,9,34746073,自传,录音室专辑,2016-07-21,9,最好的一天,自传,1.0,0.0
10888,422104165,小,a,1,9,34746073,自传,录音室专辑,2016-07-21,9,最好的一天,自传,1.0,0.0
10889,422104165,小圆点,n,1,9,34746073,自传,录音室专辑,2016-07-21,9,最好的一天,自传,1.0,0.0
10890,422104165,宇宙,n,1,9,34746073,自传,录音室专辑,2016-07-21,9,最好的一天,自传,1.0,0.0
10891,422104165,乖,d,1,9,34746073,自传,录音室专辑,2016-07-21,9,最好的一天,自传,1.0,0.0
10892,422104165,一点,m,1,9,34746073,自传,录音室专辑,2016-07-21,9,最好的一天,自传,1.0,0.0
10893,422104165,有,v,1,9,34746073,自传,录音室专辑,2016-07-21,9,最好的一天,自传,1.0,0.0
10894,422104165,千亿,m,1,9,34746073,自传,录音室专辑,2016-07-21,9,最好的一天,自传,1.0,0.0
10895,422104165,同类,n,1,9,34746073,自传,录音室专辑,2016-07-21,9,最好的一天,自传,1.0,0.0
10896,422104165,选,v,1,9,34746073,自传,录音室专辑,2016-07-21,9,最好的一天,自传,1.0,0.0
10897,422104165,庞大,a,1,9,34746073,自传,录音室专辑,2016-07-21,9,最好的一天,自传,1.0,0.0
10898,422104165,卑微,a,1,9,34746073,自传,录音室专辑,2016-07-21,9,最好的一天,自传,1.0,0.0
10899,422104165,恒久,a,1,9,34746073,自传,录音室专辑,2016-07-21,9,最好的一天,自传,1.0,0.0
10900,422104165,人间,n,1,9,34746073,自传,录音室专辑,2016-07-21,9,最好的一天,自传,1.0,0.0
10901,422104165,挂碍,v,1,9,34746073,自传,录音室专辑,2016-07-21,9,最好的一天,自传,1.0,0.0
10902,422104165,相对,d,1,9,34746073,自传,录音室专辑,2016-07-21,9,最好的一天,自传,1.0,0.0
10903,422104165,怀念,v,1,9,34746073,自传,录音室专辑,2016-07-21,9,最好的一天,自传,1.0,0.0
10904,422104165,昨天,t,1,9,34746073,自传,录音室专辑,2016-07-21,9,最好的一天,自传,1.0,0.0
10905,422104165,期待,vn,1,9,34746073,自传,录音室专辑,2016-07-21,9,最好的一天,自传,1.0,0.0
10906,422104165,明天,t,1,9,34746073,自传,录音室专辑,2016-07-21,9,最好的一天,自传,1.0,0.0
10907,422104165,或是,c,1,9,34746073,自传,录音室专辑,2016-07-21,9,最好的一天,自传,1.0,0.0
10908,422104165,任何,r,1,9,34746073,自传,录音室专辑,2016-07-21,9,最好的一天,自传,1.0,0.0
10909,422104165,呼吸,v,1,9,34746073,自传,录音室专辑,2016-07-21,9,最好的一天,自传,1.0,0.0
10910,422104165,生存,v,1,9,34746073,自传,录音室专辑,2016-07-21,9,最好的一天,自传,1.0,0.0
10911,422104165,每个,r,1,9,34746073,自传,录音室专辑,2016-07-21,9,最好的一天,自传,1.0,0.0
10912,422104165,今天,t,1,9,34746073,自传,录音室专辑,2016-07-21,9,最好的一天,自传,1.0,0.0
10913,422104165,In,eng,1,9,34746073,自传,录音室专辑,2016-07-21,9,最好的一天,自传,1.0,0.0
10914,422104165,my,eng,1,9,34746073,自传,录音室专辑,2016-07-21,9,最好的一天,自传,1.0,0.0
10915,422104165,life,eng,1,9,34746073,自传,录音室专辑,2016-07-21,9,最好的一天,自传,1.0,0.0
10916,422104165,any,eng,1,9,34746073,自传,录音室专辑,2016-07-21,9,最好的一天,自传,1.0,0.0
10917,422094255,的,uj,14,9,34746073,自传,录音室专辑,2016-07-21,10,少年他的奇幻漂流,自传,1.0,0.0
10918,422094255,了,ul,7,9,34746073,自传,录音室专辑,2016-07-21,10,少年他的奇幻漂流,自传,1.0,0.0
10919,422094255,我们,r,6,9,34746073,自传,录音室专辑,2016-07-21,10,少年他的奇幻漂流,自传,1.0,0.0
10920,422094255,在,p,5,9,34746073,自传,录音室专辑,2016-07-21,10,少年他的奇幻漂流,自传,1.0,0.0
10921,422094255,人们,n,5,9,34746073,自传,录音室专辑,2016-07-21,10,少年他的奇幻漂流,自传,1.0,0.0
10922,422094255,无数,m,5,9,34746073,自传,录音室专辑,2016-07-21,10,少年他的奇幻漂流,自传,1.0,0.0
10923,422094255,那,r,5,9,34746073,自传,录音室专辑,2016-07-21,10,少年他的奇幻漂流,自传,1.0,0.0
10924,422094255,未来,t,4,9,34746073,自传,录音室专辑,2016-07-21,10,少年他的奇幻漂流,自传,1.0,0.0
10925,422094255,谁,r,4,9,34746073,自传,录音室专辑,2016-07-21,10,少年他的奇幻漂流,自传,1.0,0.0
10926,422094255,你,r,4,9,34746073,自传,录音室专辑,2016-07-21,10,少年他的奇幻漂流,自传,1.0,0.0
10927,422094255,我,r,3,9,34746073,自传,录音室专辑,2016-07-21,10,少年他的奇幻漂流,自传,1.0,0.0
10928,422094255,如海,ns,2,9,34746073,自传,录音室专辑,2016-07-21,10,少年他的奇幻漂流,自传,1.0,0.0
10929,422094255,是,v,2,9,34746073,自传,录音室专辑,2016-07-21,10,少年他的奇幻漂流,自传,1.0,0.0
10930,422094255,小孩,n,2,9,34746073,自传,录音室专辑,2016-07-21,10,少年他的奇幻漂流,自传,1.0,0.0
10931,422094255,会,v,2,9,34746073,自传,录音室专辑,2016-07-21,10,少年他的奇幻漂流,自传,1.0,0.0
10932,422094255,航向,n,2,9,34746073,自传,录音室专辑,2016-07-21,10,少年他的奇幻漂流,自传,1.0,0.0
10933,422094255,怎样,r,2,9,34746073,自传,录音室专辑,2016-07-21,10,少年他的奇幻漂流,自传,1.0,0.0
10934,422094255,命运,n,2,9,34746073,自传,录音室专辑,2016-07-21,10,少年他的奇幻漂流,自传,1.0,0.0
10935,422094255,流转,v,2,9,34746073,自传,录音室专辑,2016-07-21,10,少年他的奇幻漂流,自传,1.0,0.0
10936,422094255,打造,v,2,9,34746073,自传,录音室专辑,2016-07-21,10,少年他的奇幻漂流,自传,1.0,0.0
10937,422094255,相异,a,2,9,34746073,自传,录音室专辑,2016-07-21,10,少年他的奇幻漂流,自传,1.0,0.0
10938,422094255,罗盘,nr,2,9,34746073,自传,录音室专辑,2016-07-21,10,少年他的奇幻漂流,自传,1.0,0.0
10939,422094255,当,p,2,9,34746073,自传,录音室专辑,2016-07-21,10,少年他的奇幻漂流,自传,1.0,0.0
10940,422094255,心,n,2,9,34746073,自传,录音室专辑,2016-07-21,10,少年他的奇幻漂流,自传,1.0,0.0
10941,422094255,已,d,2,9,34746073,自传,录音室专辑,2016-07-21,10,少年他的奇幻漂流,自传,1.0,0.0
10942,422094255,而,c,2,9,34746073,自传,录音室专辑,2016-07-21,10,少年他的奇幻漂流,自传,1.0,0.0
10943,422094255,汪洋,nr,2,9,34746073,自传,录音室专辑,2016-07-21,10,少年他的奇幻漂流,自传,1.0,0.0
10944,422094255,不,d,2,9,34746073,自传,录音室专辑,2016-07-21,10,少年他的奇幻漂流,自传,1.0,0.0
10945,422094255,最,d,2,9,34746073,自传,录音室专辑,2016-07-21,10,少年他的奇幻漂流,自传,1.0,0.0
10946,422094255,黑暗,z,2,9,34746073,自传,录音室专辑,2016-07-21,10,少年他的奇幻漂流,自传,1.0,0.0
10947,422094255,如果,c,2,9,34746073,自传,录音室专辑,2016-07-21,10,少年他的奇幻漂流,自传,1.0,0.0
10948,422094255,存在,v,2,9,34746073,自传,录音室专辑,2016-07-21,10,少年他的奇幻漂流,自传,1.0,0.0
10949,422094255,现在,t,2,9,34746073,自传,录音室专辑,2016-07-21,10,少年他的奇幻漂流,自传,1.0,0.0
10950,422094255,中,f,2,9,34746073,自传,录音室专辑,2016-07-21,10,少年他的奇幻漂流,自传,1.0,0.0
10951,422094255,午夜,t,1,9,34746073,自传,录音室专辑,2016-07-21,10,少年他的奇幻漂流,自传,1.0,0.0
10952,422094255,前,f,1,9,34746073,自传,录音室专辑,2016-07-21,10,少年他的奇幻漂流,自传,1.0,0.0
10953,422094255,醒来,v,1,9,34746073,自传,录音室专辑,2016-07-21,10,少年他的奇幻漂流,自传,1.0,0.0
10954,422094255,迷惘,a,1,9,34746073,自传,录音室专辑,2016-07-21,10,少年他的奇幻漂流,自传,1.0,0.0
10955,422094255,繁星,n,1,9,34746073,自传,录音室专辑,2016-07-21,10,少年他的奇幻漂流,自传,1.0,0.0
10956,422094255,忘,v,1,9,34746073,自传,录音室专辑,2016-07-21,10,少年他的奇幻漂流,自传,1.0,0.0
10957,422094255,灿烂,a,1,9,34746073,自传,录音室专辑,2016-07-21,10,少年他的奇幻漂流,自传,1.0,0.0
10958,422094255,都,d,1,9,34746073,自传,录音室专辑,2016-07-21,10,少年他的奇幻漂流,自传,1.0,0.0
10959,422094255,曾,d,1,9,34746073,自传,录音室专辑,2016-07-21,10,少年他的奇幻漂流,自传,1.0,0.0
10960,422094255,诞生,v,1,9,34746073,自传,录音室专辑,2016-07-21,10,少年他的奇幻漂流,自传,1.0,0.0
10961,422094255,这,r,1,9,34746073,自传,录音室专辑,2016-07-21,10,少年他的奇幻漂流,自传,1.0,0.0
10962,422094255,艘,m,1,9,34746073,自传,录音室专辑,2016-07-21,10,少年他的奇幻漂流,自传,1.0,0.0
10963,422094255,船,n,1,9,34746073,自传,录音室专辑,2016-07-21,10,少年他的奇幻漂流,自传,1.0,0.0
10964,422094255,口中,s,1,9,34746073,自传,录音室专辑,2016-07-21,10,少年他的奇幻漂流,自传,1.0,0.0
10965,422094255,方舟,n,1,9,34746073,自传,录音室专辑,2016-07-21,10,少年他的奇幻漂流,自传,1.0,0.0
10966,422094255,像,v,1,9,34746073,自传,录音室专辑,2016-07-21,10,少年他的奇幻漂流,自传,1.0,0.0
10967,422094255,一叶,m,1,9,34746073,自传,录音室专辑,2016-07-21,10,少年他的奇幻漂流,自传,1.0,0.0
10968,422094255,小船,n,1,9,34746073,自传,录音室专辑,2016-07-21,10,少年他的奇幻漂流,自传,1.0,0.0
10969,422094255,耳语,n,1,9,34746073,自传,录音室专辑,2016-07-21,10,少年他的奇幻漂流,自传,1.0,0.0
10970,422094255,溢出,v,1,9,34746073,自传,录音室专辑,2016-07-21,10,少年他的奇幻漂流,自传,1.0,0.0
10971,422094255,甲板,n,1,9,34746073,自传,录音室专辑,2016-07-21,10,少年他的奇幻漂流,自传,1.0,0.0
10972,422094255,风雨,n,1,9,34746073,自传,录音室专辑,2016-07-21,10,少年他的奇幻漂流,自传,1.0,0.0
10973,422094255,摇晃,z,1,9,34746073,自传,录音室专辑,2016-07-21,10,少年他的奇幻漂流,自传,1.0,0.0
10974,422094255,旗竿,n,1,9,34746073,自传,录音室专辑,2016-07-21,10,少年他的奇幻漂流,自传,1.0,0.0
10975,422094255,切开,ad,1,9,34746073,自传,录音室专辑,2016-07-21,10,少年他的奇幻漂流,自传,1.0,0.0
10976,422094255,山峦,n,1,9,34746073,自传,录音室专辑,2016-07-21,10,少年他的奇幻漂流,自传,1.0,0.0
10977,422094255,剪下,n,1,9,34746073,自传,录音室专辑,2016-07-21,10,少年他的奇幻漂流,自传,1.0,0.0
10978,422094255,云彩,nr,1,9,34746073,自传,录音室专辑,2016-07-21,10,少年他的奇幻漂流,自传,1.0,0.0
10979,422094255,削成,v,1,9,34746073,自传,录音室专辑,2016-07-21,10,少年他的奇幻漂流,自传,1.0,0.0
10980,422094255,万支,m,1,9,34746073,自传,录音室专辑,2016-07-21,10,少年他的奇幻漂流,自传,1.0,0.0
10981,422094255,桨,n,1,9,34746073,自传,录音室专辑,2016-07-21,10,少年他的奇幻漂流,自传,1.0,0.0
10982,422094255,缝,v,1,9,34746073,自传,录音室专辑,2016-07-21,10,少年他的奇幻漂流,自传,1.0,0.0
10983,422094255,製,zg,1,9,34746073,自传,录音室专辑,2016-07-21,10,少年他的奇幻漂流,自传,1.0,0.0
10984,422094255,风帆,n,1,9,34746073,自传,录音室专辑,2016-07-21,10,少年他的奇幻漂流,自传,1.0,0.0
10985,422094255,寻找,v,1,9,34746073,自传,录音室专辑,2016-07-21,10,少年他的奇幻漂流,自传,1.0,0.0
10986,422094255,呐喊,v,1,9,34746073,自传,录音室专辑,2016-07-21,10,少年他的奇幻漂流,自传,1.0,0.0
10987,422094255,未知,v,1,9,34746073,自传,录音室专辑,2016-07-21,10,少年他的奇幻漂流,自传,1.0,0.0
10988,422094255,巨浪,nz,1,9,34746073,自传,录音室专辑,2016-07-21,10,少年他的奇幻漂流,自传,1.0,0.0
10989,422094255,排山倒海,i,1,9,34746073,自传,录音室专辑,2016-07-21,10,少年他的奇幻漂流,自传,1.0,0.0
10990,422094255,袭来,v,1,9,34746073,自传,录音室专辑,2016-07-21,10,少年他的奇幻漂流,自传,1.0,0.0
10991,422094255,手,n,1,9,34746073,自传,录音室专辑,2016-07-21,10,少年他的奇幻漂流,自传,1.0,0.0
10992,422094255,松开,v,1,9,34746073,自传,录音室专辑,2016-07-21,10,少年他的奇幻漂流,自传,1.0,0.0
10993,422094255,也,d,1,9,34746073,自传,录音室专辑,2016-07-21,10,少年他的奇幻漂流,自传,1.0,0.0
10994,422094255,溃散,v,1,9,34746073,自传,录音室专辑,2016-07-21,10,少年他的奇幻漂流,自传,1.0,0.0
10995,422094255,每个,r,1,9,34746073,自传,录音室专辑,2016-07-21,10,少年他的奇幻漂流,自传,1.0,0.0
10996,422094255,人,n,1,9,34746073,自传,录音室专辑,2016-07-21,10,少年他的奇幻漂流,自传,1.0,0.0
10997,422094255,每颗,n,1,9,34746073,自传,录音室专辑,2016-07-21,10,少年他的奇幻漂流,自传,1.0,0.0
10998,422094255,风暴,n,1,9,34746073,自传,录音室专辑,2016-07-21,10,少年他的奇幻漂流,自传,1.0,0.0
10999,422094255,流窜,v,1,9,34746073,自传,录音室专辑,2016-07-21,10,少年他的奇幻漂流,自传,1.0,0.0
11000,422094255,诸神,nr,1,9,34746073,自传,录音室专辑,2016-07-21,10,少年他的奇幻漂流,自传,1.0,0.0
11001,422094255,离开,v,1,9,34746073,自传,录音室专辑,2016-07-21,10,少年他的奇幻漂流,自传,1.0,0.0
11002,422094255,鬼,n,1,9,34746073,自传,录音室专辑,2016-07-21,10,少年他的奇幻漂流,自传,1.0,0.0
11003,422094255,狂欢,v,1,9,34746073,自传,录音室专辑,2016-07-21,10,少年他的奇幻漂流,自传,1.0,0.0
11004,422094255,纠缠,v,1,9,34746073,自传,录音室专辑,2016-07-21,10,少年他的奇幻漂流,自传,1.0,0.0
11005,422094255,生错,v,1,9,34746073,自传,录音室专辑,2016-07-21,10,少年他的奇幻漂流,自传,1.0,0.0
11006,422094255,血脉,n,1,9,34746073,自传,录音室专辑,2016-07-21,10,少年他的奇幻漂流,自传,1.0,0.0
11007,422094255,长错,a,1,9,34746073,自传,录音室专辑,2016-07-21,10,少年他的奇幻漂流,自传,1.0,0.0
11008,422094255,色彩,n,1,9,34746073,自传,录音室专辑,2016-07-21,10,少年他的奇幻漂流,自传,1.0,0.0
11009,422094255,梦,n,1,9,34746073,自传,录音室专辑,2016-07-21,10,少年他的奇幻漂流,自传,1.0,0.0
11010,422094255,错,v,1,9,34746073,自传,录音室专辑,2016-07-21,10,少年他的奇幻漂流,自传,1.0,0.0
11011,422094255,期待,vn,1,9,34746073,自传,录音室专辑,2016-07-21,10,少年他的奇幻漂流,自传,1.0,0.0
11012,422094255,漂流,a,1,9,34746073,自传,录音室专辑,2016-07-21,10,少年他的奇幻漂流,自传,1.0,0.0
11013,422094255,无边,d,1,9,34746073,自传,录音室专辑,2016-07-21,10,少年他的奇幻漂流,自传,1.0,0.0
11014,422094255,叫做,v,1,9,34746073,自传,录音室专辑,2016-07-21,10,少年他的奇幻漂流,自传,1.0,0.0
11015,422094255,孤单,a,1,9,34746073,自传,录音室专辑,2016-07-21,10,少年他的奇幻漂流,自传,1.0,0.0
11016,422094255,夜色,n,1,9,34746073,自传,录音室专辑,2016-07-21,10,少年他的奇幻漂流,自传,1.0,0.0
11017,422094255,不是,c,1,9,34746073,自传,录音室专辑,2016-07-21,10,少年他的奇幻漂流,自传,1.0,0.0
11018,422094255,而是,c,1,9,34746073,自传,录音室专辑,2016-07-21,10,少年他的奇幻漂流,自传,1.0,0.0
11019,422094255,无穷无尽,i,1,9,34746073,自传,录音室专辑,2016-07-21,10,少年他的奇幻漂流,自传,1.0,0.0
11020,422094255,争端,n,1,9,34746073,自传,录音室专辑,2016-07-21,10,少年他的奇幻漂流,自传,1.0,0.0
11021,422094255,将,d,1,9,34746073,自传,录音室专辑,2016-07-21,10,少年他的奇幻漂流,自传,1.0,0.0
11022,422094255,推向,v,1,9,34746073,自传,录音室专辑,2016-07-21,10,少年他的奇幻漂流,自传,1.0,0.0
11023,422094255,最远,a,1,9,34746073,自传,录音室专辑,2016-07-21,10,少年他的奇幻漂流,自传,1.0,0.0
11024,422094255,两端,m,1,9,34746073,自传,录音室专辑,2016-07-21,10,少年他的奇幻漂流,自传,1.0,0.0
11025,422094255,异端,n,1,9,34746073,自传,录音室专辑,2016-07-21,10,少年他的奇幻漂流,自传,1.0,0.0
11026,422094255,极端,n,1,9,34746073,自传,录音室专辑,2016-07-21,10,少年他的奇幻漂流,自传,1.0,0.0
11027,422094255,遗落,n,1,9,34746073,自传,录音室专辑,2016-07-21,10,少年他的奇幻漂流,自传,1.0,0.0
11028,422094255,遗憾,a,1,9,34746073,自传,录音室专辑,2016-07-21,10,少年他的奇幻漂流,自传,1.0,0.0
11029,422094255,世界,n,1,9,34746073,自传,录音室专辑,2016-07-21,10,少年他的奇幻漂流,自传,1.0,0.0
11030,422094255,只,d,1,9,34746073,自传,录音室专辑,2016-07-21,10,少年他的奇幻漂流,自传,1.0,0.0
11031,422094255,剩,v,1,9,34746073,自传,录音室专辑,2016-07-21,10,少年他的奇幻漂流,自传,1.0,0.0
11032,422094255,为何,r,1,9,34746073,自传,录音室专辑,2016-07-21,10,少年他的奇幻漂流,自传,1.0,0.0
11033,422094255,依然,d,1,9,34746073,自传,录音室专辑,2016-07-21,10,少年他的奇幻漂流,自传,1.0,0.0
11034,422094255,争论,v,1,9,34746073,自传,录音室专辑,2016-07-21,10,少年他的奇幻漂流,自传,1.0,0.0
11035,422094255,着,uz,1,9,34746073,自传,录音室专辑,2016-07-21,10,少年他的奇幻漂流,自传,1.0,0.0
11036,422094255,践踏着,y,1,9,34746073,自传,录音室专辑,2016-07-21,10,少年他的奇幻漂流,自传,1.0,0.0
11037,422094255,该,r,1,9,34746073,自传,录音室专辑,2016-07-21,10,少年他的奇幻漂流,自传,1.0,0.0
11038,422094255,珍惜,a,1,9,34746073,自传,录音室专辑,2016-07-21,10,少年他的奇幻漂流,自传,1.0,0.0
11039,422094255,如何,r,1,9,34746073,自传,录音室专辑,2016-07-21,10,少年他的奇幻漂流,自传,1.0,0.0
11040,422094255,交织,n,1,9,34746073,自传,录音室专辑,2016-07-21,10,少年他的奇幻漂流,自传,1.0,0.0
11041,422094255,自传,n,1,9,34746073,自传,录音室专辑,2016-07-21,10,少年他的奇幻漂流,自传,1.0,0.0
11042,422094255,相遇,v,1,9,34746073,自传,录音室专辑,2016-07-21,10,少年他的奇幻漂流,自传,1.0,0.0
11043,422094255,抬头,v,1,9,34746073,自传,录音室专辑,2016-07-21,10,少年他的奇幻漂流,自传,1.0,0.0
11044,422094255,看,v,1,9,34746073,自传,录音室专辑,2016-07-21,10,少年他的奇幻漂流,自传,1.0,0.0
11045,422094255,何时,c,1,9,34746073,自传,录音室专辑,2016-07-21,10,少年他的奇幻漂流,自传,1.0,0.0
11046,422094255,万种,m,1,9,34746073,自传,录音室专辑,2016-07-21,10,少年他的奇幻漂流,自传,1.0,0.0
11047,422094255,渐层,n,1,9,34746073,自传,录音室专辑,2016-07-21,10,少年他的奇幻漂流,自传,1.0,0.0
11048,422094255,斑斓,z,1,9,34746073,自传,录音室专辑,2016-07-21,10,少年他的奇幻漂流,自传,1.0,0.0
11049,422094255,默默,d,1,9,34746073,自传,录音室专辑,2016-07-21,10,少年他的奇幻漂流,自传,1.0,0.0
11050,422094255,绽放,v,1,9,34746073,自传,录音室专辑,2016-07-21,10,少年他的奇幻漂流,自传,1.0,0.0
11051,422094255,黑夜,n,1,9,34746073,自传,录音室专辑,2016-07-21,10,少年他的奇幻漂流,自传,1.0,0.0
11052,422094255,终端,n,1,9,34746073,自传,录音室专辑,2016-07-21,10,少年他的奇幻漂流,自传,1.0,0.0
11053,422094255,云端,n,1,9,34746073,自传,录音室专辑,2016-07-21,10,少年他的奇幻漂流,自传,1.0,0.0
11054,422094255,光芒,n,1,9,34746073,自传,录音室专辑,2016-07-21,10,少年他的奇幻漂流,自传,1.0,0.0
11055,422094255,像是,v,1,9,34746073,自传,录音室专辑,2016-07-21,10,少年他的奇幻漂流,自传,1.0,0.0
11056,422094255,皇冠,n,1,9,34746073,自传,录音室专辑,2016-07-21,10,少年他的奇幻漂流,自传,1.0,0.0
11057,422094255,朝霞,ns,1,9,34746073,自传,录音室专辑,2016-07-21,10,少年他的奇幻漂流,自传,1.0,0.0
11058,422094255,呢喃,n,1,9,34746073,自传,录音室专辑,2016-07-21,10,少年他的奇幻漂流,自传,1.0,0.0
11059,422094255,释然,z,1,9,34746073,自传,录音室专辑,2016-07-21,10,少年他的奇幻漂流,自传,1.0,0.0
11060,422094255,向,p,1,9,34746073,自传,录音室专辑,2016-07-21,10,少年他的奇幻漂流,自传,1.0,0.0
11061,422094255,靠,v,1,9,34746073,自传,录音室专辑,2016-07-21,10,少年他的奇幻漂流,自传,1.0,0.0
11062,422094255,过来,t,1,9,34746073,自传,录音室专辑,2016-07-21,10,少年他的奇幻漂流,自传,1.0,0.0
11063,422094255,说,v,1,9,34746073,自传,录音室专辑,2016-07-21,10,少年他的奇幻漂流,自传,1.0,0.0
11064,422094255,要,v,1,9,34746073,自传,录音室专辑,2016-07-21,10,少年他的奇幻漂流,自传,1.0,0.0
11065,422094255,庞大,a,1,9,34746073,自传,录音室专辑,2016-07-21,10,少年他的奇幻漂流,自传,1.0,0.0
11066,422094255,才,d,1,9,34746073,自传,录音室专辑,2016-07-21,10,少年他的奇幻漂流,自传,1.0,0.0
11067,422094255,能够,v,1,9,34746073,自传,录音室专辑,2016-07-21,10,少年他的奇幻漂流,自传,1.0,0.0
11068,422094255,伟大,a,1,9,34746073,自传,录音室专辑,2016-07-21,10,少年他的奇幻漂流,自传,1.0,0.0
11069,422094255,如此,c,1,9,34746073,自传,录音室专辑,2016-07-21,10,少年他的奇幻漂流,自传,1.0,0.0
11070,422094255,历经,d,1,9,34746073,自传,录音室专辑,2016-07-21,10,少年他的奇幻漂流,自传,1.0,0.0
11071,422094255,摧残,v,1,9,34746073,自传,录音室专辑,2016-07-21,10,少年他的奇幻漂流,自传,1.0,0.0
11072,422094255,就要,d,1,9,34746073,自传,录音室专辑,2016-07-21,10,少年他的奇幻漂流,自传,1.0,0.0
11073,422094255,璀璨,z,1,9,34746073,自传,录音室专辑,2016-07-21,10,少年他的奇幻漂流,自传,1.0,0.0
11074,422094255,爱,v,1,9,34746073,自传,录音室专辑,2016-07-21,10,少年他的奇幻漂流,自传,1.0,0.0
11075,422094255,只是,c,1,9,34746073,自传,录音室专辑,2016-07-21,10,少年他的奇幻漂流,自传,1.0,0.0
11076,422094255,奇幻,n,1,9,34746073,自传,录音室专辑,2016-07-21,10,少年他的奇幻漂流,自传,1.0,0.0
11077,422104167,的,uj,28,9,34746073,自传,录音室专辑,2016-07-21,11,终于结束的起点,自传,1.0,0.0
11078,422104167,终于,d,13,9,34746073,自传,录音室专辑,2016-07-21,11,终于结束的起点,自传,1.0,0.0
11079,422104167,我们,r,12,9,34746073,自传,录音室专辑,2016-07-21,11,终于结束的起点,自传,1.0,0.0
11080,422104167,在,p,7,9,34746073,自传,录音室专辑,2016-07-21,11,终于结束的起点,自传,1.0,0.0
11081,422104167,不,d,6,9,34746073,自传,录音室专辑,2016-07-21,11,终于结束的起点,自传,1.0,0.0
11082,422104167,了,ul,5,9,34746073,自传,录音室专辑,2016-07-21,11,终于结束的起点,自传,1.0,0.0
11083,422104167,告别,v,5,9,34746073,自传,录音室专辑,2016-07-21,11,终于结束的起点,自传,1.0,0.0
11084,422104167,是,v,4,9,34746073,自传,录音室专辑,2016-07-21,11,终于结束的起点,自传,1.0,0.0
11085,422104167,也许,d,4,9,34746073,自传,录音室专辑,2016-07-21,11,终于结束的起点,自传,1.0,0.0
11086,422104167,起点,n,4,9,34746073,自传,录音室专辑,2016-07-21,11,终于结束的起点,自传,1.0,0.0
11087,422104167,又,d,4,9,34746073,自传,录音室专辑,2016-07-21,11,终于结束的起点,自传,1.0,0.0
11088,422104167,能,v,4,9,34746073,自传,录音室专辑,2016-07-21,11,终于结束的起点,自传,1.0,0.0
11089,422104167,好久不见,l,4,9,34746073,自传,录音室专辑,2016-07-21,11,终于结束的起点,自传,1.0,0.0
11090,422104167,我,r,3,9,34746073,自传,录音室专辑,2016-07-21,11,终于结束的起点,自传,1.0,0.0
11091,422104167,爱情,n,3,9,34746073,自传,录音室专辑,2016-07-21,11,终于结束的起点,自传,1.0,0.0
11092,422104167,回忆,v,3,9,34746073,自传,录音室专辑,2016-07-21,11,终于结束的起点,自传,1.0,0.0
11093,422104167,都,d,3,9,34746073,自传,录音室专辑,2016-07-21,11,终于结束的起点,自传,1.0,0.0
11094,422104167,结束,v,3,9,34746073,自传,录音室专辑,2016-07-21,11,终于结束的起点,自传,1.0,0.0
11095,422104167,写下,v,3,9,34746073,自传,录音室专辑,2016-07-21,11,终于结束的起点,自传,1.0,0.0
11096,422104167,句点,n,3,9,34746073,自传,录音室专辑,2016-07-21,11,终于结束的起点,自传,1.0,0.0
11097,422104167,回到,v,3,9,34746073,自传,录音室专辑,2016-07-21,11,终于结束的起点,自传,1.0,0.0
11098,422104167,原点,n,3,9,34746073,自传,录音室专辑,2016-07-21,11,终于结束的起点,自传,1.0,0.0
11099,422104167,流,v,3,9,34746073,自传,录音室专辑,2016-07-21,11,终于结束的起点,自传,1.0,0.0
11100,422104167,干,v,3,9,34746073,自传,录音室专辑,2016-07-21,11,终于结束的起点,自传,1.0,0.0
11101,422104167,眼泪,n,3,9,34746073,自传,录音室专辑,2016-07-21,11,终于结束的起点,自传,1.0,0.0
11102,422104167,日日夜夜,i,3,9,34746073,自传,录音室专辑,2016-07-21,11,终于结束的起点,自传,1.0,0.0
11103,422104167,未来,t,3,9,34746073,自传,录音室专辑,2016-07-21,11,终于结束的起点,自传,1.0,0.0
11104,422104167,说,v,3,9,34746073,自传,录音室专辑,2016-07-21,11,终于结束的起点,自传,1.0,0.0
11105,422104167,声,q,3,9,34746073,自传,录音室专辑,2016-07-21,11,终于结束的起点,自传,1.0,0.0
11106,422104167,其实,d,3,9,34746073,自传,录音室专辑,2016-07-21,11,终于结束的起点,自传,1.0,0.0
11107,422104167,明天,t,3,9,34746073,自传,录音室专辑,2016-07-21,11,终于结束的起点,自传,1.0,0.0
11108,422104167,还,d,2,9,34746073,自传,录音室专辑,2016-07-21,11,终于结束的起点,自传,1.0,0.0
11109,422104167,记,v,2,9,34746073,自传,录音室专辑,2016-07-21,11,终于结束的起点,自传,1.0,0.0
11110,422104167,记得,v,2,9,34746073,自传,录音室专辑,2016-07-21,11,终于结束的起点,自传,1.0,0.0
11111,422104167,和,c,2,9,34746073,自传,录音室专辑,2016-07-21,11,终于结束的起点,自传,1.0,0.0
11112,422104167,你,r,2,9,34746073,自传,录音室专辑,2016-07-21,11,终于结束的起点,自传,1.0,0.0
11113,422104167,简单,a,2,9,34746073,自传,录音室专辑,2016-07-21,11,终于结束的起点,自传,1.0,0.0
11114,422104167,一起,m,2,9,34746073,自传,录音室专辑,2016-07-21,11,终于结束的起点,自传,1.0,0.0
11115,422104167,曾经,d,2,9,34746073,自传,录音室专辑,2016-07-21,11,终于结束的起点,自传,1.0,0.0
11116,422104167,寂寞,a,2,9,34746073,自传,录音室专辑,2016-07-21,11,终于结束的起点,自传,1.0,0.0
11117,422104167,当时,t,2,9,34746073,自传,录音室专辑,2016-07-21,11,终于结束的起点,自传,1.0,0.0
11118,422104167,变成,v,2,9,34746073,自传,录音室专辑,2016-07-21,11,终于结束的起点,自传,1.0,0.0
11119,422104167,叹息,v,2,9,34746073,自传,录音室专辑,2016-07-21,11,终于结束的起点,自传,1.0,0.0
11120,422104167,每,zg,2,9,34746073,自传,录音室专辑,2016-07-21,11,终于结束的起点,自传,1.0,0.0
11121,422104167,一段,m,2,9,34746073,自传,录音室专辑,2016-07-21,11,终于结束的起点,自传,1.0,0.0
11122,422104167,伤痛,a,2,9,34746073,自传,录音室专辑,2016-07-21,11,终于结束的起点,自传,1.0,0.0
11123,422104167,心,n,2,9,34746073,自传,录音室专辑,2016-07-21,11,终于结束的起点,自传,1.0,0.0
11124,422104167,下,f,2,9,34746073,自传,录音室专辑,2016-07-21,11,终于结束的起点,自传,1.0,0.0
11125,422104167,站,v,2,9,34746073,自传,录音室专辑,2016-07-21,11,终于结束的起点,自传,1.0,0.0
11126,422104167,这,r,2,9,34746073,自传,录音室专辑,2016-07-21,11,终于结束的起点,自传,1.0,0.0
11127,422104167,一站,m,2,9,34746073,自传,录音室专辑,2016-07-21,11,终于结束的起点,自传,1.0,0.0
11128,422104167,叫,v,2,9,34746073,自传,录音室专辑,2016-07-21,11,终于结束的起点,自传,1.0,0.0
11129,422104167,相爱,v,2,9,34746073,自传,录音室专辑,2016-07-21,11,终于结束的起点,自传,1.0,0.0
11130,422104167,因为,c,2,9,34746073,自传,录音室专辑,2016-07-21,11,终于结束的起点,自传,1.0,0.0
11131,422104167,所以,c,2,9,34746073,自传,录音室专辑,2016-07-21,11,终于结束的起点,自传,1.0,0.0
11132,422104167,遗憾,a,2,9,34746073,自传,录音室专辑,2016-07-21,11,终于结束的起点,自传,1.0,0.0
11133,422104167,风景,n,2,9,34746073,自传,录音室专辑,2016-07-21,11,终于结束的起点,自传,1.0,0.0
11134,422104167,奔,zg,2,9,34746073,自传,录音室专辑,2016-07-21,11,终于结束的起点,自传,1.0,0.0
11135,422104167,向,p,2,9,34746073,自传,录音室专辑,2016-07-21,11,终于结束的起点,自传,1.0,0.0
11136,422104167,最初,t,1,9,34746073,自传,录音室专辑,2016-07-21,11,终于结束的起点,自传,1.0,0.0
11137,422104167,相信,v,1,9,34746073,自传,录音室专辑,2016-07-21,11,终于结束的起点,自传,1.0,0.0
11138,422104167,孩子,n,1,9,34746073,自传,录音室专辑,2016-07-21,11,终于结束的起点,自传,1.0,0.0
11139,422104167,般,u,1,9,34746073,自传,录音室专辑,2016-07-21,11,终于结束的起点,自传,1.0,0.0
11140,422104167,仿佛,d,1,9,34746073,自传,录音室专辑,2016-07-21,11,终于结束的起点,自传,1.0,0.0
11141,422104167,天生,n,1,9,34746073,自传,录音室专辑,2016-07-21,11,终于结束的起点,自传,1.0,0.0
11142,422104167,用不完,v,1,9,34746073,自传,录音室专辑,2016-07-21,11,终于结束的起点,自传,1.0,0.0
11143,422104167,默契,nrt,1,9,34746073,自传,录音室专辑,2016-07-21,11,终于结束的起点,自传,1.0,0.0
11144,422104167,话题,n,1,9,34746073,自传,录音室专辑,2016-07-21,11,终于结束的起点,自传,1.0,0.0
11145,422104167,戴,v,1,9,34746073,自传,录音室专辑,2016-07-21,11,终于结束的起点,自传,1.0,0.0
11146,422104167,上,f,1,9,34746073,自传,录音室专辑,2016-07-21,11,终于结束的起点,自传,1.0,0.0
11147,422104167,耳机,n,1,9,34746073,自传,录音室专辑,2016-07-21,11,终于结束的起点,自传,1.0,0.0
11148,422104167,沉入,v,1,9,34746073,自传,录音室专辑,2016-07-21,11,终于结束的起点,自传,1.0,0.0
11149,422104167,幸福,a,1,9,34746073,自传,录音室专辑,2016-07-21,11,终于结束的起点,自传,1.0,0.0
11150,422104167,追求幸福,i,1,9,34746073,自传,录音室专辑,2016-07-21,11,终于结束的起点,自传,1.0,0.0
11151,422104167,天敌,n,1,9,34746073,自传,录音室专辑,2016-07-21,11,终于结束的起点,自传,1.0,0.0
11152,422104167,问候,n,1,9,34746073,自传,录音室专辑,2016-07-21,11,终于结束的起点,自传,1.0,0.0
11153,422104167,加深,v,1,9,34746073,自传,录音室专辑,2016-07-21,11,终于结束的起点,自传,1.0,0.0
11154,422104167,陷阱,n,1,9,34746073,自传,录音室专辑,2016-07-21,11,终于结束的起点,自传,1.0,0.0
11155,422104167,无限,v,1,9,34746073,自传,录音室专辑,2016-07-21,11,终于结束的起点,自传,1.0,0.0
11156,422104167,珍藏,ns,1,9,34746073,自传,录音室专辑,2016-07-21,11,终于结束的起点,自传,1.0,0.0
11157,422104167,无处,d,1,9,34746073,自传,录音室专辑,2016-07-21,11,终于结束的起点,自传,1.0,0.0
11158,422104167,躲藏,v,1,9,34746073,自传,录音室专辑,2016-07-21,11,终于结束的起点,自传,1.0,0.0
11159,422104167,雨季,t,1,9,34746073,自传,录音室专辑,2016-07-21,11,终于结束的起点,自传,1.0,0.0
11160,422104167,让,v,1,9,34746073,自传,录音室专辑,2016-07-21,11,终于结束的起点,自传,1.0,0.0
11161,422104167,最小,a,1,9,34746073,自传,录音室专辑,2016-07-21,11,终于结束的起点,自传,1.0,0.0
11162,422104167,事情,n,1,9,34746073,自传,录音室专辑,2016-07-21,11,终于结束的起点,自传,1.0,0.0
11163,422104167,最痛,a,1,9,34746073,自传,录音室专辑,2016-07-21,11,终于结束的起点,自传,1.0,0.0
11164,422104167,困住,v,1,9,34746073,自传,录音室专辑,2016-07-21,11,终于结束的起点,自传,1.0,0.0
11165,422104167,两颗,m,1,9,34746073,自传,录音室专辑,2016-07-21,11,终于结束的起点,自传,1.0,0.0
11166,422104167,想,v,1,9,34746073,自传,录音室专辑,2016-07-21,11,终于结束的起点,自传,1.0,0.0
11167,422104167,挣脱,v,1,9,34746073,自传,录音室专辑,2016-07-21,11,终于结束的起点,自传,1.0,0.0
11168,422104167,如果说,c,1,9,34746073,自传,录音室专辑,2016-07-21,11,终于结束的起点,自传,1.0,0.0
11169,422104167,可惜,v,1,9,34746073,自传,录音室专辑,2016-07-21,11,终于结束的起点,自传,1.0,0.0
11170,422104167,就,d,1,9,34746073,自传,录音室专辑,2016-07-21,11,终于结束的起点,自传,1.0,0.0
11171,422104167,一章,m,1,9,34746073,自传,录音室专辑,2016-07-21,11,终于结束的起点,自传,1.0,0.0
11172,422104167,更,d,1,9,34746073,自传,录音室专辑,2016-07-21,11,终于结束的起点,自传,1.0,0.0
11173,422104167,珍惜,a,1,9,34746073,自传,录音室专辑,2016-07-21,11,终于结束的起点,自传,1.0,0.0
11174,422104167,一个,m,1,9,34746073,自传,录音室专辑,2016-07-21,11,终于结束的起点,自传,1.0,0.0
11175,422104167,勇敢,a,1,9,34746073,自传,录音室专辑,2016-07-21,11,终于结束的起点,自传,1.0,0.0
11176,422104167,决定,v,1,9,34746073,自传,录音室专辑,2016-07-21,11,终于结束的起点,自传,1.0,0.0
11177,422104167,能换,v,1,9,34746073,自传,录音室专辑,2016-07-21,11,终于结束的起点,自传,1.0,0.0
11178,422104167,两个,m,1,9,34746073,自传,录音室专辑,2016-07-21,11,终于结束的起点,自传,1.0,0.0
11179,422104167,重生,n,1,9,34746073,自传,录音室专辑,2016-07-21,11,终于结束的起点,自传,1.0,0.0
11180,422104167,约定,v,1,9,34746073,自传,录音室专辑,2016-07-21,11,终于结束的起点,自传,1.0,0.0
11181,422104167,到,v,1,9,34746073,自传,录音室专辑,2016-07-21,11,终于结束的起点,自传,1.0,0.0
11182,422104167,并,c,1,9,34746073,自传,录音室专辑,2016-07-21,11,终于结束的起点,自传,1.0,0.0
11183,422104167,不是,c,1,9,34746073,自传,录音室专辑,2016-07-21,11,终于结束的起点,自传,1.0,0.0
11184,422104167,对,p,1,9,34746073,自传,录音室专辑,2016-07-21,11,终于结束的起点,自传,1.0,0.0
11185,422104167,与,p,1,9,34746073,自传,录音室专辑,2016-07-21,11,终于结束的起点,自传,1.0,0.0
11186,422104167,错,n,1,9,34746073,自传,录音室专辑,2016-07-21,11,终于结束的起点,自传,1.0,0.0
11187,422104167,是非题,l,1,9,34746073,自传,录音室专辑,2016-07-21,11,终于结束的起点,自传,1.0,0.0
11188,422104167,两人,n,1,9,34746073,自传,录音室专辑,2016-07-21,11,终于结束的起点,自传,1.0,0.0
11189,422104167,一定,d,1,9,34746073,自传,录音室专辑,2016-07-21,11,终于结束的起点,自传,1.0,0.0
11190,422104167,相守,v,1,9,34746073,自传,录音室专辑,2016-07-21,11,终于结束的起点,自传,1.0,0.0
11191,422104167,相依,nr,1,9,34746073,自传,录音室专辑,2016-07-21,11,终于结束的起点,自传,1.0,0.0
11192,422104167,深爱,a,1,9,34746073,自传,录音室专辑,2016-07-21,11,终于结束的起点,自传,1.0,0.0
11193,422104167,分离,v,1,9,34746073,自传,录音室专辑,2016-07-21,11,终于结束的起点,自传,1.0,0.0
11194,422104167,约,d,1,9,34746073,自传,录音室专辑,2016-07-21,11,终于结束的起点,自传,1.0,0.0
11195,422104167,车票,n,1,9,34746073,自传,录音室专辑,2016-07-21,11,终于结束的起点,自传,1.0,0.0
11196,422104167,勇气,n,1,9,34746073,自传,录音室专辑,2016-07-21,11,终于结束的起点,自传,1.0,0.0
11197,422104167,名字,n,1,9,34746073,自传,录音室专辑,2016-07-21,11,终于结束的起点,自传,1.0,0.0
11198,422104167,憧憬,v,1,9,34746073,自传,录音室专辑,2016-07-21,11,终于结束的起点,自传,1.0,0.0
11199,422104167,不能忘怀,i,1,9,34746073,自传,录音室专辑,2016-07-21,11,终于结束的起点,自传,1.0,0.0
11200,422104167,至少,d,1,9,34746073,自传,录音室专辑,2016-07-21,11,终于结束的起点,自传,1.0,0.0
11201,422104167,释怀,nr,1,9,34746073,自传,录音室专辑,2016-07-21,11,终于结束的起点,自传,1.0,0.0
11202,422104167,吧,y,1,9,34746073,自传,录音室专辑,2016-07-21,11,终于结束的起点,自传,1.0,0.0
11203,422104167,风里,n,1,9,34746073,自传,录音室专辑,2016-07-21,11,终于结束的起点,自传,1.0,0.0
11204,422104167,那些,r,1,9,34746073,自传,录音室专辑,2016-07-21,11,终于结束的起点,自传,1.0,0.0
11205,422104167,无法,n,1,9,34746073,自传,录音室专辑,2016-07-21,11,终于结束的起点,自传,1.0,0.0
11206,422104167,看破,v,1,9,34746073,自传,录音室专辑,2016-07-21,11,终于结束的起点,自传,1.0,0.0
11207,422104167,某天,r,1,9,34746073,自传,录音室专辑,2016-07-21,11,终于结束的起点,自传,1.0,0.0
11208,422104167,会,v,1,9,34746073,自传,录音室专辑,2016-07-21,11,终于结束的起点,自传,1.0,0.0
11209,422104167,看淡,v,1,9,34746073,自传,录音室专辑,2016-07-21,11,终于结束的起点,自传,1.0,0.0
11210,422104167,虽然,c,1,9,34746073,自传,录音室专辑,2016-07-21,11,终于结束的起点,自传,1.0,0.0
11211,422104167,那,r,1,9,34746073,自传,录音室专辑,2016-07-21,11,终于结束的起点,自传,1.0,0.0
11212,422104167,永远,d,1,9,34746073,自传,录音室专辑,2016-07-21,11,终于结束的起点,自传,1.0,0.0
11213,422104167,有,v,1,9,34746073,自传,录音室专辑,2016-07-21,11,终于结束的起点,自传,1.0,0.0
11214,422104167,谁,r,1,9,34746073,自传,录音室专辑,2016-07-21,11,终于结束的起点,自传,1.0,0.0
11215,422104167,缺席,n,1,9,34746073,自传,录音室专辑,2016-07-21,11,终于结束的起点,自传,1.0,0.0
11216,422104167,没有,v,1,9,34746073,自传,录音室专辑,2016-07-21,11,终于结束的起点,自传,1.0,0.0
11217,422104167,走,v,1,9,34746073,自传,录音室专辑,2016-07-21,11,终于结束的起点,自传,1.0,0.0
11218,422104167,远,a,1,9,34746073,自传,录音室专辑,2016-07-21,11,终于结束的起点,自传,1.0,0.0
11219,422104167,愿,v,1,9,34746073,自传,录音室专辑,2016-07-21,11,终于结束的起点,自传,1.0,0.0
11220,422104167,心中,s,1,9,34746073,自传,录音室专辑,2016-07-21,11,终于结束的起点,自传,1.0,0.0
11221,422104167,依然,d,1,9,34746073,自传,录音室专辑,2016-07-21,11,终于结束的起点,自传,1.0,0.0
11222,422104167,想念,v,1,9,34746073,自传,录音室专辑,2016-07-21,11,终于结束的起点,自传,1.0,0.0
11223,422104167,拥抱,v,1,9,34746073,自传,录音室专辑,2016-07-21,11,终于结束的起点,自传,1.0,0.0
11224,422104167,着,uz,1,9,34746073,自传,录音室专辑,2016-07-21,11,终于结束的起点,自传,1.0,0.0
11225,422104167,岁岁年年,l,1,9,34746073,自传,录音室专辑,2016-07-21,11,终于结束的起点,自传,1.0,0.0
11226,422104167,却,d,1,9,34746073,自传,录音室专辑,2016-07-21,11,终于结束的起点,自传,1.0,0.0
11227,422104167,要,v,1,9,34746073,自传,录音室专辑,2016-07-21,11,终于结束的起点,自传,1.0,0.0
11228,422104167,今天,t,1,9,34746073,自传,录音室专辑,2016-07-21,11,终于结束的起点,自传,1.0,0.0
11229,422104167,头,n,1,9,34746073,自传,录音室专辑,2016-07-21,11,终于结束的起点,自传,1.0,0.0
11230,422104167,也,d,1,9,34746073,自传,录音室专辑,2016-07-21,11,终于结束的起点,自传,1.0,0.0
11231,422104167,不回,v,1,9,34746073,自传,录音室专辑,2016-07-21,11,终于结束的起点,自传,1.0,0.0
11232,422104167,昨天,t,1,9,34746073,自传,录音室专辑,2016-07-21,11,终于结束的起点,自传,1.0,0.0
11233,422104167,回头,v,1,9,34746073,自传,录音室专辑,2016-07-21,11,终于结束的起点,自传,1.0,0.0
11234,422104167,眷恋,v,1,9,34746073,自传,录音室专辑,2016-07-21,11,终于结束的起点,自传,1.0,0.0
11235,422094256,的,uj,11,9,34746073,自传,录音室专辑,2016-07-21,12,任意门,自传,1.0,0.0
11236,422094256,我们,r,10,9,34746073,自传,录音室专辑,2016-07-21,12,任意门,自传,1.0,0.0
11237,422094256,是,v,8,9,34746073,自传,录音室专辑,2016-07-21,12,任意门,自传,1.0,0.0
11238,422094256,和,c,6,9,34746073,自传,录音室专辑,2016-07-21,12,任意门,自传,1.0,0.0
11239,422094256,任意门,n,6,9,34746073,自传,录音室专辑,2016-07-21,12,任意门,自传,1.0,0.0
11240,422094256,都,d,5,9,34746073,自传,录音室专辑,2016-07-21,12,任意门,自传,1.0,0.0
11241,422094256,世界,n,5,9,34746073,自传,录音室专辑,2016-07-21,12,任意门,自传,1.0,0.0
11242,422094256,你,r,5,9,34746073,自传,录音室专辑,2016-07-21,12,任意门,自传,1.0,0.0
11243,422094256,那个,r,4,9,34746073,自传,录音室专辑,2016-07-21,12,任意门,自传,1.0,0.0
11244,422094256,着,uz,4,9,34746073,自传,录音室专辑,2016-07-21,12,任意门,自传,1.0,0.0
11245,422094256,唱片,n,4,9,34746073,自传,录音室专辑,2016-07-21,12,任意门,自传,1.0,0.0
11246,422094256,曾,d,4,9,34746073,自传,录音室专辑,2016-07-21,12,任意门,自传,1.0,0.0
11247,422094256,走过,v,4,9,34746073,自传,录音室专辑,2016-07-21,12,任意门,自传,1.0,0.0
11248,422094256,台北,ns,3,9,34746073,自传,录音室专辑,2016-07-21,12,任意门,自传,1.0,0.0
11249,422094256,无数,m,3,9,34746073,自传,录音室专辑,2016-07-21,12,任意门,自传,1.0,0.0
11250,422094256,地方,n,3,9,34746073,自传,录音室专辑,2016-07-21,12,任意门,自传,1.0,0.0
11251,422094256,无尽,d,3,9,34746073,自传,录音室专辑,2016-07-21,12,任意门,自传,1.0,0.0
11252,422094256,岁月,t,3,9,34746073,自传,录音室专辑,2016-07-21,12,任意门,自传,1.0,0.0
11253,422094256,搭,v,3,9,34746073,自传,录音室专辑,2016-07-21,12,任意门,自传,1.0,0.0
11254,422094256,肩,n,3,9,34746073,自传,录音室专辑,2016-07-21,12,任意门,自传,1.0,0.0
11255,422094256,环游,j,3,9,34746073,自传,录音室专辑,2016-07-21,12,任意门,自传,1.0,0.0
11256,422094256,无法,n,3,9,34746073,自传,录音室专辑,2016-07-21,12,任意门,自传,1.0,0.0
11257,422094256,遗忘,v,3,9,34746073,自传,录音室专辑,2016-07-21,12,任意门,自传,1.0,0.0
11258,422094256,光辉,nr,3,9,34746073,自传,录音室专辑,2016-07-21,12,任意门,自传,1.0,0.0
11259,422094256,也,d,3,9,34746073,自传,录音室专辑,2016-07-21,12,任意门,自传,1.0,0.0
11260,422094256,行天宫,nr,2,9,34746073,自传,录音室专辑,2016-07-21,12,任意门,自传,1.0,0.0
11261,422094256,后,f,2,9,34746073,自传,录音室专辑,2016-07-21,12,任意门,自传,1.0,0.0
11262,422094256,二楼,n,2,9,34746073,自传,录音室专辑,2016-07-21,12,任意门,自传,1.0,0.0
11263,422094256,前,f,2,9,34746073,自传,录音室专辑,2016-07-21,12,任意门,自传,1.0,0.0
11264,422094256,座,q,2,9,34746073,自传,录音室专辑,2016-07-21,12,任意门,自传,1.0,0.0
11265,422094256,小房间,n,2,9,34746073,自传,录音室专辑,2016-07-21,12,任意门,自传,1.0,0.0
11266,422094256,行,zg,2,9,34746073,自传,录音室专辑,2016-07-21,12,任意门,自传,1.0,0.0
11267,422094256,摇滚,z,2,9,34746073,自传,录音室专辑,2016-07-21,12,任意门,自传,1.0,0.0
11268,422094256,万岁,m,2,9,34746073,自传,录音室专辑,2016-07-21,12,任意门,自传,1.0,0.0
11269,422094256,离开,v,2,9,34746073,自传,录音室专辑,2016-07-21,12,任意门,自传,1.0,0.0
11270,422094256,孩子,n,2,9,34746073,自传,录音室专辑,2016-07-21,12,任意门,自传,1.0,0.0
11271,422094256,到,v,2,9,34746073,自传,录音室专辑,2016-07-21,12,任意门,自传,1.0,0.0
11272,422094256,了,ul,2,9,34746073,自传,录音室专辑,2016-07-21,12,任意门,自传,1.0,0.0
11273,422094256,外,f,2,9,34746073,自传,录音室专辑,2016-07-21,12,任意门,自传,1.0,0.0
11274,422094256,飞,v,2,9,34746073,自传,录音室专辑,2016-07-21,12,任意门,自传,1.0,0.0
11275,422094256,像,v,2,9,34746073,自传,录音室专辑,2016-07-21,12,任意门,自传,1.0,0.0
11276,422094256,谁,r,2,9,34746073,自传,录音室专辑,2016-07-21,12,任意门,自传,1.0,0.0
11277,422094256,多,m,2,9,34746073,自传,录音室专辑,2016-07-21,12,任意门,自传,1.0,0.0
11278,422094256,遥远,a,2,9,34746073,自传,录音室专辑,2016-07-21,12,任意门,自传,1.0,0.0
11279,422094256,平凡,a,2,9,34746073,自传,录音室专辑,2016-07-21,12,任意门,自传,1.0,0.0
11280,422094256,身边,s,2,9,34746073,自传,录音室专辑,2016-07-21,12,任意门,自传,1.0,0.0
11281,422094256,日夜,t,1,9,34746073,自传,录音室专辑,2016-07-21,12,任意门,自传,1.0,0.0
11282,422094256,排练,vn,1,9,34746073,自传,录音室专辑,2016-07-21,12,任意门,自传,1.0,0.0
11283,422094256,听,v,1,9,34746073,自传,录音室专辑,2016-07-21,12,任意门,自传,1.0,0.0
11284,422094256,来自,v,1,9,34746073,自传,录音室专辑,2016-07-21,12,任意门,自传,1.0,0.0
11285,422094256,那,r,1,9,34746073,自传,录音室专辑,2016-07-21,12,任意门,自传,1.0,0.0
11286,422094256,叫,v,1,9,34746073,自传,录音室专辑,2016-07-21,12,任意门,自传,1.0,0.0
11287,422094256,驻唱,v,1,9,34746073,自传,录音室专辑,2016-07-21,12,任意门,自传,1.0,0.0
11288,422094256,小店,n,1,9,34746073,自传,录音室专辑,2016-07-21,12,任意门,自传,1.0,0.0
11289,422094256,在,p,1,9,34746073,自传,录音室专辑,2016-07-21,12,任意门,自传,1.0,0.0
11290,422094256,士林,nr,1,9,34746073,自传,录音室专辑,2016-07-21,12,任意门,自传,1.0,0.0
11291,422094256,边缘,n,1,9,34746073,自传,录音室专辑,2016-07-21,12,任意门,自传,1.0,0.0
11292,422094256,想,v,1,9,34746073,自传,录音室专辑,2016-07-21,12,任意门,自传,1.0,0.0
11293,422094256,这边,r,1,9,34746073,自传,录音室专辑,2016-07-21,12,任意门,自传,1.0,0.0
11294,422094256,追寻,v,1,9,34746073,自传,录音室专辑,2016-07-21,12,任意门,自传,1.0,0.0
11295,422094256,另一边,d,1,9,34746073,自传,录音室专辑,2016-07-21,12,任意门,自传,1.0,0.0
11296,422094256,苗栗,nr,1,9,34746073,自传,录音室专辑,2016-07-21,12,任意门,自传,1.0,0.0
11297,422094256,搬,v,1,9,34746073,自传,录音室专辑,2016-07-21,12,任意门,自传,1.0,0.0
11298,422094256,求学,v,1,9,34746073,自传,录音室专辑,2016-07-21,12,任意门,自传,1.0,0.0
11299,422094256,水手,n,1,9,34746073,自传,录音室专辑,2016-07-21,12,任意门,自传,1.0,0.0
11300,422094256,之,u,1,9,34746073,自传,录音室专辑,2016-07-21,12,任意门,自传,1.0,0.0
11301,422094256,子,ng,1,9,34746073,自传,录音室专辑,2016-07-21,12,任意门,自传,1.0,0.0
11302,422094256,重考,v,1,9,34746073,自传,录音室专辑,2016-07-21,12,任意门,自传,1.0,0.0
11303,422094256,挤进,v,1,9,34746073,自传,录音室专辑,2016-07-21,12,任意门,自传,1.0,0.0
11304,422094256,信义路,n,1,9,34746073,自传,录音室专辑,2016-07-21,12,任意门,自传,1.0,0.0
11305,422094256,校园,n,1,9,34746073,自传,录音室专辑,2016-07-21,12,任意门,自传,1.0,0.0
11306,422094256,和高雄,nr,1,9,34746073,自传,录音室专辑,2016-07-21,12,任意门,自传,1.0,0.0
11307,422094256,学弟,n,1,9,34746073,自传,录音室专辑,2016-07-21,12,任意门,自传,1.0,0.0
11308,422094256,当时,t,1,9,34746073,自传,录音室专辑,2016-07-21,12,任意门,自传,1.0,0.0
11309,422094256,看不顺眼,l,1,9,34746073,自传,录音室专辑,2016-07-21,12,任意门,自传,1.0,0.0
11310,422094256,那年,r,1,9,34746073,自传,录音室专辑,2016-07-21,12,任意门,自传,1.0,0.0
11311,422094256,冲出,v,1,9,34746073,自传,录音室专辑,2016-07-21,12,任意门,自传,1.0,0.0
11312,422094256,南阳街,ns,1,9,34746073,自传,录音室专辑,2016-07-21,12,任意门,自传,1.0,0.0
11313,422094256,通向,n,1,9,34746073,自传,录音室专辑,2016-07-21,12,任意门,自传,1.0,0.0
11314,422094256,音乐,n,1,9,34746073,自传,录音室专辑,2016-07-21,12,任意门,自传,1.0,0.0
11315,422094256,任意,v,1,9,34746073,自传,录音室专辑,2016-07-21,12,任意门,自传,1.0,0.0
11316,422094256,自由,a,1,9,34746073,自传,录音室专辑,2016-07-21,12,任意门,自传,1.0,0.0
11317,422094256,滋味,n,1,9,34746073,自传,录音室专辑,2016-07-21,12,任意门,自传,1.0,0.0
11318,422094256,七号,m,1,9,34746073,自传,录音室专辑,2016-07-21,12,任意门,自传,1.0,0.0
11319,422094256,公园,n,1,9,34746073,自传,录音室专辑,2016-07-21,12,任意门,自传,1.0,0.0
11320,422094256,初次,d,1,9,34746073,自传,录音室专辑,2016-07-21,12,任意门,自传,1.0,0.0
11321,422094256,登场,n,1,9,34746073,自传,录音室专辑,2016-07-21,12,任意门,自传,1.0,0.0
11322,422094256,三月,m,1,9,34746073,自传,录音室专辑,2016-07-21,12,任意门,自传,1.0,0.0
11323,422094256,自强,v,1,9,34746073,自传,录音室专辑,2016-07-21,12,任意门,自传,1.0,0.0
11324,422094256,隧道,n,1,9,34746073,自传,录音室专辑,2016-07-21,12,任意门,自传,1.0,0.0
11325,422094256,漫长,n,1,9,34746073,自传,录音室专辑,2016-07-21,12,任意门,自传,1.0,0.0
11326,422094256,永远,d,1,9,34746073,自传,录音室专辑,2016-07-21,12,任意门,自传,1.0,0.0
11327,422094256,椰林,n,1,9,34746073,自传,录音室专辑,2016-07-21,12,任意门,自传,1.0,0.0
11328,422094256,大道,n,1,9,34746073,自传,录音室专辑,2016-07-21,12,任意门,自传,1.0,0.0
11329,422094256,放弃,v,1,9,34746073,自传,录音室专辑,2016-07-21,12,任意门,自传,1.0,0.0
11330,422094256,律师,n,1,9,34746073,自传,录音室专辑,2016-07-21,12,任意门,自传,1.0,0.0
11331,422094256,家业,n,1,9,34746073,自传,录音室专辑,2016-07-21,12,任意门,自传,1.0,0.0
11332,422094256,头,n,1,9,34746073,自传,录音室专辑,2016-07-21,12,任意门,自传,1.0,0.0
11333,422094256,不回,v,1,9,34746073,自传,录音室专辑,2016-07-21,12,任意门,自传,1.0,0.0
11334,422094256,地,n,1,9,34746073,自传,录音室专辑,2016-07-21,12,任意门,自传,1.0,0.0
11335,422094256,越来越,d,1,9,34746073,自传,录音室专辑,2016-07-21,12,任意门,自传,1.0,0.0
11336,422094256,唱,v,1,9,34746073,自传,录音室专辑,2016-07-21,12,任意门,自传,1.0,0.0
11337,422094256,越远,d,1,9,34746073,自传,录音室专辑,2016-07-21,12,任意门,自传,1.0,0.0
11338,422094256,外滩,n,1,9,34746073,自传,录音室专辑,2016-07-21,12,任意门,自传,1.0,0.0
11339,422094256,风光,n,1,9,34746073,自传,录音室专辑,2016-07-21,12,任意门,自传,1.0,0.0
11340,422094256,跃出,v,1,9,34746073,自传,录音室专辑,2016-07-21,12,任意门,自传,1.0,0.0
11341,422094256,课本,n,1,9,34746073,自传,录音室专辑,2016-07-21,12,任意门,自传,1.0,0.0
11342,422094256,那么,r,1,9,34746073,自传,录音室专辑,2016-07-21,12,任意门,自传,1.0,0.0
11343,422094256,新鲜,ns,1,9,34746073,自传,录音室专辑,2016-07-21,12,任意门,自传,1.0,0.0
11344,422094256,从,p,1,9,34746073,自传,录音室专辑,2016-07-21,12,任意门,自传,1.0,0.0
11345,422094256,回民,n,1,9,34746073,自传,录音室专辑,2016-07-21,12,任意门,自传,1.0,0.0
11346,422094256,街,n,1,9,34746073,自传,录音室专辑,2016-07-21,12,任意门,自传,1.0,0.0
11347,422094256,再,d,1,9,34746073,自传,录音室专辑,2016-07-21,12,任意门,自传,1.0,0.0
11348,422094256,飞到,v,1,9,34746073,自传,录音室专辑,2016-07-21,12,任意门,自传,1.0,0.0
11349,422094256,尖沙咀,ns,1,9,34746073,自传,录音室专辑,2016-07-21,12,任意门,自传,1.0,0.0
11350,422094256,男儿,n,1,9,34746073,自传,录音室专辑,2016-07-21,12,任意门,自传,1.0,0.0
11351,422094256,立志,n,1,9,34746073,自传,录音室专辑,2016-07-21,12,任意门,自传,1.0,0.0
11352,422094256,成名在望,nw,1,9,34746073,自传,录音室专辑,2016-07-21,12,任意门,自传,1.0,0.0
11353,422094256,不论,c,1,9,34746073,自传,录音室专辑,2016-07-21,12,任意门,自传,1.0,0.0
11354,422094256,一,m,1,9,34746073,自传,录音室专辑,2016-07-21,12,任意门,自传,1.0,0.0
11355,422094256,却,d,1,9,34746073,自传,录音室专辑,2016-07-21,12,任意门,自传,1.0,0.0
11356,422094256,又,d,1,9,34746073,自传,录音室专辑,2016-07-21,12,任意门,自传,1.0,0.0
11357,422094256,想念,v,1,9,34746073,自传,录音室专辑,2016-07-21,12,任意门,自传,1.0,0.0
11358,422094256,无名,v,1,9,34746073,自传,录音室专辑,2016-07-21,12,任意门,自传,1.0,0.0
11359,422094256,高地,n,1,9,34746073,自传,录音室专辑,2016-07-21,12,任意门,自传,1.0,0.0
11360,422094256,鸟巢,n,1,9,34746073,自传,录音室专辑,2016-07-21,12,任意门,自传,1.0,0.0
11361,422094256,十年,m,1,9,34746073,自传,录音室专辑,2016-07-21,12,任意门,自传,1.0,0.0
11362,422094256,一路,m,1,9,34746073,自传,录音室专辑,2016-07-21,12,任意门,自传,1.0,0.0
11363,422094256,铺满,v,1,9,34746073,自传,录音室专辑,2016-07-21,12,任意门,自传,1.0,0.0
11364,422094256,汗水,n,1,9,34746073,自传,录音室专辑,2016-07-21,12,任意门,自传,1.0,0.0
11365,422094256,泪水,n,1,9,34746073,自传,录音室专辑,2016-07-21,12,任意门,自传,1.0,0.0
11366,422094256,用,p,1,9,34746073,自传,录音室专辑,2016-07-21,12,任意门,自传,1.0,0.0
11367,422094256,尽全力,l,1,9,34746073,自传,录音室专辑,2016-07-21,12,任意门,自传,1.0,0.0
11368,422094256,管,v,1,9,34746073,自传,录音室专辑,2016-07-21,12,任意门,自传,1.0,0.0
11369,422094256,他,r,1,9,34746073,自传,录音室专辑,2016-07-21,12,任意门,自传,1.0,0.0
11370,422094256,有,v,1,9,34746073,自传,录音室专辑,2016-07-21,12,任意门,自传,1.0,0.0
11371,422094256,何时,c,1,9,34746073,自传,录音室专辑,2016-07-21,12,任意门,自传,1.0,0.0
11372,422094256,已,d,1,9,34746073,自传,录音室专辑,2016-07-21,12,任意门,自传,1.0,0.0
11373,422094256,不见,v,1,9,34746073,自传,录音室专辑,2016-07-21,12,任意门,自传,1.0,0.0
11374,422094256,说,v,1,9,34746073,自传,录音室专辑,2016-07-21,12,任意门,自传,1.0,0.0
11375,422094256,过,ug,1,9,34746073,自传,录音室专辑,2016-07-21,12,任意门,自传,1.0,0.0
11376,422094256,里,f,1,9,34746073,自传,录音室专辑,2016-07-21,12,任意门,自传,1.0,0.0
11377,422094256,偶尔,d,1,9,34746073,自传,录音室专辑,2016-07-21,12,任意门,自传,1.0,0.0
11378,422094256,疲倦,a,1,9,34746073,自传,录音室专辑,2016-07-21,12,任意门,自传,1.0,0.0
11379,422094256,将,d,1,9,34746073,自传,录音室专辑,2016-07-21,12,任意门,自传,1.0,0.0
11380,422094256,回到,v,1,9,34746073,自传,录音室专辑,2016-07-21,12,任意门,自传,1.0,0.0
11381,422094256,生活,vn,1,9,34746073,自传,录音室专辑,2016-07-21,12,任意门,自传,1.0,0.0
11382,422094256,中,f,1,9,34746073,自传,录音室专辑,2016-07-21,12,任意门,自传,1.0,0.0
11383,422094256,充满,a,1,9,34746073,自传,录音室专辑,2016-07-21,12,任意门,自传,1.0,0.0
11384,422094256,哭声,n,1,9,34746073,自传,录音室专辑,2016-07-21,12,任意门,自传,1.0,0.0
11385,422094256,柴米,nr,1,9,34746073,自传,录音室专辑,2016-07-21,12,任意门,自传,1.0,0.0
11386,422094256,油盐,n,1,9,34746073,自传,录音室专辑,2016-07-21,12,任意门,自传,1.0,0.0
11387,422094256,麦迪逊,nr,1,9,34746073,自传,录音室专辑,2016-07-21,12,任意门,自传,1.0,0.0
11388,422094256,花园,n,1,9,34746073,自传,录音室专辑,2016-07-21,12,任意门,自传,1.0,0.0
11389,422094256,外绕,v,1,9,34746073,自传,录音室专辑,2016-07-21,12,任意门,自传,1.0,0.0
11390,422094256,一大,a,1,9,34746073,自传,录音室专辑,2016-07-21,12,任意门,自传,1.0,0.0
11391,422094256,圈,q,1,9,34746073,自传,录音室专辑,2016-07-21,12,任意门,自传,1.0,0.0
11392,422094256,问,v,1,9,34746073,自传,录音室专辑,2016-07-21,12,任意门,自传,1.0,0.0
11393,422094256,我,r,1,9,34746073,自传,录音室专辑,2016-07-21,12,任意门,自传,1.0,0.0
11394,422094256,全世界,n,1,9,34746073,自传,录音室专辑,2016-07-21,12,任意门,自传,1.0,0.0
11395,422094256,哪里,r,1,9,34746073,自传,录音室专辑,2016-07-21,12,任意门,自传,1.0,0.0
11396,422094256,最美,a,1,9,34746073,自传,录音室专辑,2016-07-21,12,任意门,自传,1.0,0.0
11397,422094256,答案,n,1,9,34746073,自传,录音室专辑,2016-07-21,12,任意门,自传,1.0,0.0
11398,422094256,只要,c,1,9,34746073,自传,录音室专辑,2016-07-21,12,任意门,自传,1.0,0.0
11399,422094256,兽妈,n,1,9,34746073,自传,录音室专辑,2016-07-21,12,任意门,自传,1.0,0.0
11400,422094256,准备,v,1,9,34746073,自传,录音室专辑,2016-07-21,12,任意门,自传,1.0,0.0
11401,422094256,宵夜,n,1,9,34746073,自传,录音室专辑,2016-07-21,12,任意门,自传,1.0,0.0
11402,422094256,大,a,1,9,34746073,自传,录音室专辑,2016-07-21,12,任意门,自传,1.0,0.0
11403,422094256,鸡腿,n,1,9,34746073,自传,录音室专辑,2016-07-21,12,任意门,自传,1.0,0.0
11404,422094256,每个,r,1,9,34746073,自传,录音室专辑,2016-07-21,12,任意门,自传,1.0,0.0
11405,422094256,梦,n,1,9,34746073,自传,录音室专辑,2016-07-21,12,任意门,自传,1.0,0.0
11406,422094256,往,zg,1,9,34746073,自传,录音室专辑,2016-07-21,12,任意门,自传,1.0,0.0
11407,422094256,不同,a,1,9,34746073,自传,录音室专辑,2016-07-21,12,任意门,自传,1.0,0.0
11408,422094256,而,c,1,9,34746073,自传,录音室专辑,2016-07-21,12,任意门,自传,1.0,0.0
11409,422094256,故事,n,1,9,34746073,自传,录音室专辑,2016-07-21,12,任意门,自传,1.0,0.0
11410,422094256,现在,t,1,9,34746073,自传,录音室专辑,2016-07-21,12,任意门,自传,1.0,0.0
11411,422094256,正是,d,1,9,34746073,自传,录音室专辑,2016-07-21,12,任意门,自传,1.0,0.0
11412,422094256,起点,n,1,9,34746073,自传,录音室专辑,2016-07-21,12,任意门,自传,1.0,0.0
11413,422094257,的,uj,19,9,34746073,自传,录音室专辑,2016-07-21,13,转眼,自传,1.0,0.0
11414,422094257,我,r,16,9,34746073,自传,录音室专辑,2016-07-21,13,转眼,自传,1.0,0.0
11415,422094257,曾,d,6,9,34746073,自传,录音室专辑,2016-07-21,13,转眼,自传,1.0,0.0
11416,422094257,有没有,v,6,9,34746073,自传,录音室专辑,2016-07-21,13,转眼,自传,1.0,0.0
11417,422094257,人,n,6,9,34746073,自传,录音室专辑,2016-07-21,13,转眼,自传,1.0,0.0
11418,422094257,最,d,6,9,34746073,自传,录音室专辑,2016-07-21,13,转眼,自传,1.0,0.0
11419,422094257,你,r,5,9,34746073,自传,录音室专辑,2016-07-21,13,转眼,自传,1.0,0.0
11420,422094257,在,p,4,9,34746073,自传,录音室专辑,2016-07-21,13,转眼,自传,1.0,0.0
11421,422094257,如,v,4,9,34746073,自传,录音室专辑,2016-07-21,13,转眼,自传,1.0,0.0
11422,422094257,谁,r,3,9,34746073,自传,录音室专辑,2016-07-21,13,转眼,自传,1.0,0.0
11423,422094257,身旁,s,3,9,34746073,自传,录音室专辑,2016-07-21,13,转眼,自传,1.0,0.0
11424,422094257,和,c,3,9,34746073,自传,录音室专辑,2016-07-21,13,转眼,自传,1.0,0.0
11425,422094257,地方,n,3,9,34746073,自传,录音室专辑,2016-07-21,13,转眼,自传,1.0,0.0
11426,422094257,与,p,3,9,34746073,自传,录音室专辑,2016-07-21,13,转眼,自传,1.0,0.0
11427,422094257,回忆,v,3,9,34746073,自传,录音室专辑,2016-07-21,13,转眼,自传,1.0,0.0
11428,422094257,是,v,3,9,34746073,自传,录音室专辑,2016-07-21,13,转眼,自传,1.0,0.0
11429,422094257,了,ul,2,9,34746073,自传,录音室专辑,2016-07-21,13,转眼,自传,1.0,0.0
11430,422094257,自传,n,2,9,34746073,自传,录音室专辑,2016-07-21,13,转眼,自传,1.0,0.0
11431,422094257,最终,d,2,9,34746073,自传,录音室专辑,2016-07-21,13,转眼,自传,1.0,0.0
11432,422094257,章,q,2,9,34746073,自传,录音室专辑,2016-07-21,13,转眼,自传,1.0,0.0
11433,422094257,所有,b,2,9,34746073,自传,录音室专辑,2016-07-21,13,转眼,自传,1.0,0.0
11434,422094257,也,d,2,9,34746073,自传,录音室专辑,2016-07-21,13,转眼,自传,1.0,0.0
11435,422094257,最爱,a,2,9,34746073,自传,录音室专辑,2016-07-21,13,转眼,自传,1.0,0.0
11436,422094257,爱情,n,2,9,34746073,自传,录音室专辑,2016-07-21,13,转眼,自传,1.0,0.0
11437,422094257,遗忘,v,2,9,34746073,自传,录音室专辑,2016-07-21,13,转眼,自传,1.0,0.0
11438,422094257,生命,vn,2,9,34746073,自传,录音室专辑,2016-07-21,13,转眼,自传,1.0,0.0
11439,422094257,会,v,2,9,34746073,自传,录音室专辑,2016-07-21,13,转眼,自传,1.0,0.0
11440,422094257,幻象,n,2,9,34746073,自传,录音室专辑,2016-07-21,13,转眼,自传,1.0,0.0
11441,422094257,原来,d,2,9,34746073,自传,录音室专辑,2016-07-21,13,转眼,自传,1.0,0.0
11442,422094257,这,r,2,9,34746073,自传,录音室专辑,2016-07-21,13,转眼,自传,1.0,0.0
11443,422094257,知道,v,2,9,34746073,自传,录音室专辑,2016-07-21,13,转眼,自传,1.0,0.0
11444,422094257,忙,v,2,9,34746073,自传,录音室专辑,2016-07-21,13,转眼,自传,1.0,0.0
11445,422094257,飞翔,nz,2,9,34746073,自传,录音室专辑,2016-07-21,13,转眼,自传,1.0,0.0
11446,422094257,转眼,v,1,9,34746073,自传,录音室专辑,2016-07-21,13,转眼,自传,1.0,0.0
11447,422094257,走到,v,1,9,34746073,自传,录音室专辑,2016-07-21,13,转眼,自传,1.0,0.0
11448,422094257,已,d,1,9,34746073,自传,录音室专辑,2016-07-21,13,转眼,自传,1.0,0.0
11449,422094257,浏览,v,1,9,34746073,自传,录音室专辑,2016-07-21,13,转眼,自传,1.0,0.0
11450,422094257,命运,n,1,9,34746073,自传,录音室专辑,2016-07-21,13,转眼,自传,1.0,0.0
11451,422094257,风光,n,1,9,34746073,自传,录音室专辑,2016-07-21,13,转眼,自传,1.0,0.0
11452,422094257,混浊,a,1,9,34746073,自传,录音室专辑,2016-07-21,13,转眼,自传,1.0,0.0
11453,422094257,瞳孔,n,1,9,34746073,自传,录音室专辑,2016-07-21,13,转眼,自传,1.0,0.0
11454,422094257,风干,n,1,9,34746073,自传,录音室专辑,2016-07-21,13,转眼,自传,1.0,0.0
11455,422094257,皮囊,n,1,9,34746073,自传,录音室专辑,2016-07-21,13,转眼,自传,1.0,0.0
11456,422094257,那般,r,1,9,34746073,自传,录音室专辑,2016-07-21,13,转眼,自传,1.0,0.0
11457,422094257,花漾,nr,1,9,34746073,自传,录音室专辑,2016-07-21,13,转眼,自传,1.0,0.0
11458,422094257,相片,n,1,9,34746073,自传,录音室专辑,2016-07-21,13,转眼,自传,1.0,0.0
11459,422094257,让,v,1,9,34746073,自传,录音室专辑,2016-07-21,13,转眼,自传,1.0,0.0
11460,422094257,挑,v,1,9,34746073,自传,录音室专辑,2016-07-21,13,转眼,自传,1.0,0.0
11461,422094257,一张,m,1,9,34746073,自传,录音室专辑,2016-07-21,13,转眼,自传,1.0,0.0
11462,422094257,千万个,m,1,9,34746073,自传,录音室专辑,2016-07-21,13,转眼,自传,1.0,0.0
11463,422094257,片刻,m,1,9,34746073,自传,录音室专辑,2016-07-21,13,转眼,自传,1.0,0.0
11464,422094257,那,r,1,9,34746073,自传,录音室专辑,2016-07-21,13,转眼,自传,1.0,0.0
11465,422094257,一年,m,1,9,34746073,自传,录音室专辑,2016-07-21,13,转眼,自传,1.0,0.0
11466,422094257,一样,r,1,9,34746073,自传,录音室专辑,2016-07-21,13,转眼,自传,1.0,0.0
11467,422094257,飞扬,v,1,9,34746073,自传,录音室专辑,2016-07-21,13,转眼,自传,1.0,0.0
11468,422094257,惶惶不安,i,1,9,34746073,自传,录音室专辑,2016-07-21,13,转眼,自传,1.0,0.0
11469,422094257,念念不忘,i,1,9,34746073,自传,录音室专辑,2016-07-21,13,转眼,自传,1.0,0.0
11470,422094257,还是,c,1,9,34746073,自传,录音室专辑,2016-07-21,13,转眼,自传,1.0,0.0
11471,422094257,得,ud,1,9,34746073,自传,录音室专辑,2016-07-21,13,转眼,自传,1.0,0.0
11472,422094257,放开,v,1,9,34746073,自传,录音室专辑,2016-07-21,13,转眼,自传,1.0,0.0
11473,422094257,双掌,n,1,9,34746073,自传,录音室专辑,2016-07-21,13,转眼,自传,1.0,0.0
11474,422094257,掌心,v,1,9,34746073,自传,录音室专辑,2016-07-21,13,转眼,自传,1.0,0.0
11475,422094257,握,v,1,9,34746073,自传,录音室专辑,2016-07-21,13,转眼,自传,1.0,0.0
11476,422094257,着,uz,1,9,34746073,自传,录音室专辑,2016-07-21,13,转眼,自传,1.0,0.0
11477,422094257,体温,n,1,9,34746073,自传,录音室专辑,2016-07-21,13,转眼,自传,1.0,0.0
11478,422094257,渐凉,v,1,9,34746073,自传,录音室专辑,2016-07-21,13,转眼,自传,1.0,0.0
11479,422094257,某个,r,1,9,34746073,自传,录音室专辑,2016-07-21,13,转眼,自传,1.0,0.0
11480,422094257,等,u,1,9,34746073,自传,录音室专辑,2016-07-21,13,转眼,自传,1.0,0.0
11481,422094257,重回,v,1,9,34746073,自传,录音室专辑,2016-07-21,13,转眼,自传,1.0,0.0
11482,422094257,当初,t,1,9,34746073,自传,录音室专辑,2016-07-21,13,转眼,自传,1.0,0.0
11483,422094257,模样,n,1,9,34746073,自传,录音室专辑,2016-07-21,13,转眼,自传,1.0,0.0
11484,422094257,双颊,n,1,9,34746073,自传,录音室专辑,2016-07-21,13,转眼,自传,1.0,0.0
11485,422094257,光滑,a,1,9,34746073,自传,录音室专辑,2016-07-21,13,转眼,自传,1.0,0.0
11486,422094257,夜色,n,1,9,34746073,自传,录音室专辑,2016-07-21,13,转眼,自传,1.0,0.0
11487,422094257,曾沁凉,nr,1,9,34746073,自传,录音室专辑,2016-07-21,13,转眼,自传,1.0,0.0
11488,422094257,世界,n,1,9,34746073,自传,录音室专辑,2016-07-21,13,转眼,自传,1.0,0.0
11489,422094257,疯狂,a,1,9,34746073,自传,录音室专辑,2016-07-21,13,转眼,自传,1.0,0.0
11490,422094257,绽放,v,1,9,34746073,自传,录音室专辑,2016-07-21,13,转眼,自传,1.0,0.0
11491,422094257,依偎,v,1,9,34746073,自传,录音室专辑,2016-07-21,13,转眼,自传,1.0,0.0
11492,422094257,听,v,1,9,34746073,自传,录音室专辑,2016-07-21,13,转眼,自传,1.0,0.0
11493,422094257,倾诉,v,1,9,34746073,自传,录音室专辑,2016-07-21,13,转眼,自传,1.0,0.0
11494,422094257,余生,nr,1,9,34746073,自传,录音室专辑,2016-07-21,13,转眼,自传,1.0,0.0
11495,422094257,漫长,n,1,9,34746073,自传,录音室专辑,2016-07-21,13,转眼,自传,1.0,0.0
11496,422094257,眼中,s,1,9,34746073,自传,录音室专辑,2016-07-21,13,转眼,自传,1.0,0.0
11497,422094257,似乎,d,1,9,34746073,自传,录音室专辑,2016-07-21,13,转眼,自传,1.0,0.0
11498,422094257,健忘,a,1,9,34746073,自传,录音室专辑,2016-07-21,13,转眼,自传,1.0,0.0
11499,422094257,因为,c,1,9,34746073,自传,录音室专辑,2016-07-21,13,转眼,自传,1.0,0.0
11500,422094257,脑海,n,1,9,34746073,自传,录音室专辑,2016-07-21,13,转眼,自传,1.0,0.0
11501,422094257,已有,v,1,9,34746073,自传,录音室专辑,2016-07-21,13,转眼,自传,1.0,0.0
11502,422094257,难忘,v,1,9,34746073,自传,录音室专辑,2016-07-21,13,转眼,自传,1.0,0.0
11503,422094257,难,a,1,9,34746073,自传,录音室专辑,2016-07-21,13,转眼,自传,1.0,0.0
11504,422094257,时代,n,1,9,34746073,自传,录音室专辑,2016-07-21,13,转眼,自传,1.0,0.0
11505,422094257,还有,v,1,9,34746073,自传,录音室专辑,2016-07-21,13,转眼,自传,1.0,0.0
11506,422094257,唱片,n,1,9,34746073,自传,录音室专辑,2016-07-21,13,转眼,自传,1.0,0.0
11507,422094257,行,zg,1,9,34746073,自传,录音室专辑,2016-07-21,13,转眼,自传,1.0,0.0
11508,422094257,如同,d,1,9,34746073,自传,录音室专辑,2016-07-21,13,转眼,自传,1.0,0.0
11509,422094257,博物馆,n,1,9,34746073,自传,录音室专辑,2016-07-21,13,转眼,自传,1.0,0.0
11510,422094257,装满,v,1,9,34746073,自传,录音室专辑,2016-07-21,13,转眼,自传,1.0,0.0
11511,422094257,希望,v,1,9,34746073,自传,录音室专辑,2016-07-21,13,转眼,自传,1.0,0.0
11512,422094257,披头,v,1,9,34746073,自传,录音室专辑,2016-07-21,13,转眼,自传,1.0,0.0
11513,422094257,枪花,n,1,9,34746073,自传,录音室专辑,2016-07-21,13,转眼,自传,1.0,0.0
11514,422094257,忧伤,v,1,9,34746073,自传,录音室专辑,2016-07-21,13,转眼,自传,1.0,0.0
11515,422094257,永远,d,1,9,34746073,自传,录音室专辑,2016-07-21,13,转眼,自传,1.0,0.0
11516,422094257,骄傲,a,1,9,34746073,自传,录音室专辑,2016-07-21,13,转眼,自传,1.0,0.0
11517,422094257,高唱,v,1,9,34746073,自传,录音室专辑,2016-07-21,13,转眼,自传,1.0,0.0
11518,422094257,成就,n,1,9,34746073,自传,录音室专辑,2016-07-21,13,转眼,自传,1.0,0.0
11519,422094257,沙堡,ns,1,9,34746073,自传,录音室专辑,2016-07-21,13,转眼,自传,1.0,0.0
11520,422094257,海浪,nz,1,9,34746073,自传,录音室专辑,2016-07-21,13,转眼,自传,1.0,0.0
11521,422094257,浪花,n,1,9,34746073,自传,录音室专辑,2016-07-21,13,转眼,自传,1.0,0.0
11522,422094257,淘尽,v,1,9,34746073,自传,录音室专辑,2016-07-21,13,转眼,自传,1.0,0.0
11523,422094257,存款,n,1,9,34746073,自传,录音室专辑,2016-07-21,13,转眼,自传,1.0,0.0
11524,422094257,楼房,n,1,9,34746073,自传,录音室专辑,2016-07-21,13,转眼,自传,1.0,0.0
11525,422094257,挣扎,v,1,9,34746073,自传,录音室专辑,2016-07-21,13,转眼,自传,1.0,0.0
11526,422094257,渴望,v,1,9,34746073,自传,录音室专辑,2016-07-21,13,转眼,自传,1.0,0.0
11527,422094257,散场,n,1,9,34746073,自传,录音室专辑,2016-07-21,13,转眼,自传,1.0,0.0
11528,422094257,窗,s,1,9,34746073,自传,录音室专辑,2016-07-21,13,转眼,自传,1.0,0.0
11529,422094257,冷泪,n,1,9,34746073,自传,录音室专辑,2016-07-21,13,转眼,自传,1.0,0.0
11530,422094257,盈眶,n,1,9,34746073,自传,录音室专辑,2016-07-21,13,转眼,自传,1.0,0.0
11531,422094257,风景,n,1,9,34746073,自传,录音室专辑,2016-07-21,13,转眼,自传,1.0,0.0
11532,422094257,模糊,a,1,9,34746073,自传,录音室专辑,2016-07-21,13,转眼,自传,1.0,0.0
11533,422094257,天堂,n,1,9,34746073,自传,录音室专辑,2016-07-21,13,转眼,自传,1.0,0.0
11534,422094257,孤单,a,1,9,34746073,自传,录音室专辑,2016-07-21,13,转眼,自传,1.0,0.0
11535,422094257,大床,n,1,9,34746073,自传,录音室专辑,2016-07-21,13,转眼,自传,1.0,0.0
11536,422094257,贴近,v,1,9,34746073,自传,录音室专辑,2016-07-21,13,转眼,自传,1.0,0.0
11537,422094257,脸庞,n,1,9,34746073,自传,录音室专辑,2016-07-21,13,转眼,自传,1.0,0.0
11538,422094257,笑,v,1,9,34746073,自传,录音室专辑,2016-07-21,13,转眼,自传,1.0,0.0
11539,422094257,忆,v,1,9,34746073,自传,录音室专辑,2016-07-21,13,转眼,自传,1.0,0.0
11540,422094257,过往,t,1,9,34746073,自传,录音室专辑,2016-07-21,13,转眼,自传,1.0,0.0
11541,422094257,跌跌撞撞,z,1,9,34746073,自传,录音室专辑,2016-07-21,13,转眼,自传,1.0,0.0
11542,422094257,当时,t,1,9,34746073,自传,录音室专辑,2016-07-21,13,转眼,自传,1.0,0.0
11543,422094257,蠢样,n,1,9,34746073,自传,录音室专辑,2016-07-21,13,转眼,自传,1.0,0.0
11544,422094257,平凡,a,1,9,34746073,自传,录音室专辑,2016-07-21,13,转眼,自传,1.0,0.0
11545,422094257,日子,n,1,9,34746073,自传,录音室专辑,2016-07-21,13,转眼,自传,1.0,0.0
11546,422094257,卑微,a,1,9,34746073,自传,录音室专辑,2016-07-21,13,转眼,自传,1.0,0.0
11547,422094257,梦想,n,1,9,34746073,自传,录音室专辑,2016-07-21,13,转眼,自传,1.0,0.0
11548,422094257,何时,c,1,9,34746073,自传,录音室专辑,2016-07-21,13,转眼,自传,1.0,0.0
11549,422094257,才,d,1,9,34746073,自传,录音室专辑,2016-07-21,13,转眼,自传,1.0,0.0
11550,422094257,发现,v,1,9,34746073,自传,录音室专辑,2016-07-21,13,转眼,自传,1.0,0.0
11551,422094257,值得,v,1,9,34746073,自传,录音室专辑,2016-07-21,13,转眼,自传,1.0,0.0
11552,422094257,珍藏,ns,1,9,34746073,自传,录音室专辑,2016-07-21,13,转眼,自传,1.0,0.0
11553,422094257,告诉,v,1,9,34746073,自传,录音室专辑,2016-07-21,13,转眼,自传,1.0,0.0
11554,422094257,真相,d,1,9,34746073,自传,录音室专辑,2016-07-21,13,转眼,自传,1.0,0.0
11555,422094257,时间,n,1,9,34746073,自传,录音室专辑,2016-07-21,13,转眼,自传,1.0,0.0
11556,422094257,就是,d,1,9,34746073,自传,录音室专辑,2016-07-21,13,转眼,自传,1.0,0.0
11557,422094257,巨大,a,1,9,34746073,自传,录音室专辑,2016-07-21,13,转眼,自传,1.0,0.0
11558,422094257,谎,n,1,9,34746073,自传,录音室专辑,2016-07-21,13,转眼,自传,1.0,0.0
11559,422094257,以为,c,1,9,34746073,自传,录音室专辑,2016-07-21,13,转眼,自传,1.0,0.0
11560,422094257,日常,d,1,9,34746073,自传,录音室专辑,2016-07-21,13,转眼,自传,1.0,0.0
11561,422094257,无常,d,1,9,34746073,自传,录音室专辑,2016-07-21,13,转眼,自传,1.0,0.0
11562,422094257,具象,v,1,9,34746073,自传,录音室专辑,2016-07-21,13,转眼,自传,1.0,0.0
11563,422094257,只是,c,1,9,34746073,自传,录音室专辑,2016-07-21,13,转眼,自传,1.0,0.0
11564,422094257,写,v,1,9,34746073,自传,录音室专辑,2016-07-21,13,转眼,自传,1.0,0.0
11565,422094257,首长,n,1,9,34746073,自传,录音室专辑,2016-07-21,13,转眼,自传,1.0,0.0
11566,422094257,诗,n,1,9,34746073,自传,录音室专辑,2016-07-21,13,转眼,自传,1.0,0.0
11567,422094257,用,p,1,9,34746073,自传,录音室专辑,2016-07-21,13,转眼,自传,1.0,0.0
11568,422094257,一生,m,1,9,34746073,自传,录音室专辑,2016-07-21,13,转眼,自传,1.0,0.0
11569,422094257,时光,n,1,9,34746073,自传,录音室专辑,2016-07-21,13,转眼,自传,1.0,0.0
11570,422094257,躯壳,n,1,9,34746073,自传,录音室专辑,2016-07-21,13,转眼,自传,1.0,0.0
11571,422094257,解脱,v,1,9,34746073,自传,录音室专辑,2016-07-21,13,转眼,自传,1.0,0.0
11572,422094257,药罐,n,1,9,34746073,自传,录音室专辑,2016-07-21,13,转眼,自传,1.0,0.0
11573,422094257,空房,n,1,9,34746073,自传,录音室专辑,2016-07-21,13,转眼,自传,1.0,0.0
11574,422094257,从,p,1,9,34746073,自传,录音室专辑,2016-07-21,13,转眼,自传,1.0,0.0
11575,422094257,婴儿床,n,1,9,34746073,自传,录音室专辑,2016-07-21,13,转眼,自传,1.0,0.0
11576,422094257,再,d,1,9,34746073,自传,录音室专辑,2016-07-21,13,转眼,自传,1.0,0.0
11577,422094257,走,v,1,9,34746073,自传,录音室专辑,2016-07-21,13,转眼,自传,1.0,0.0
11578,422094257,回,v,1,9,34746073,自传,录音室专辑,2016-07-21,13,转眼,自传,1.0,0.0
11579,422094257,光芒,n,1,9,34746073,自传,录音室专辑,2016-07-21,13,转眼,自传,1.0,0.0
11580,422094257,某种,r,1,9,34746073,自传,录音室专辑,2016-07-21,13,转眼,自传,1.0,0.0
11581,422094257,秘方,n,1,9,34746073,自传,录音室专辑,2016-07-21,13,转眼,自传,1.0,0.0
11582,422094257,不必,d,1,9,34746073,自传,录音室专辑,2016-07-21,13,转眼,自传,1.0,0.0
11583,422094257,永生,b,1,9,34746073,自传,录音室专辑,2016-07-21,13,转眼,自传,1.0,0.0
11584,422094257,只要,c,1,9,34746073,自传,录音室专辑,2016-07-21,13,转眼,自传,1.0,0.0
11585,422094257,不,d,1,9,34746073,自传,录音室专辑,2016-07-21,13,转眼,自传,1.0,0.0
11586,422094257,忘,v,1,9,34746073,自传,录音室专辑,2016-07-21,13,转眼,自传,1.0,0.0
11587,422094257,不怕,c,1,9,34746073,自传,录音室专辑,2016-07-21,13,转眼,自传,1.0,0.0
11588,422094257,死亡,v,1,9,34746073,自传,录音室专辑,2016-07-21,13,转眼,自传,1.0,0.0
11589,422094257,只,d,1,9,34746073,自传,录音室专辑,2016-07-21,13,转眼,自传,1.0,0.0
11590,422094257,害怕,v,1,9,34746073,自传,录音室专辑,2016-07-21,13,转眼,自传,1.0,0.0
11591,422094257,生存,v,1,9,34746073,自传,录音室专辑,2016-07-21,13,转眼,自传,1.0,0.0
11592,422094257,那个,r,1,9,34746073,自传,录音室专辑,2016-07-21,13,转眼,自传,1.0,0.0
11593,422094257,能,v,1,9,34746073,自传,录音室专辑,2016-07-21,13,转眼,自传,1.0,0.0
11594,422094257,回到,v,1,9,34746073,自传,录音室专辑,2016-07-21,13,转眼,自传,1.0,0.0
11595,422094257,儿孙,n,1,9,34746073,自传,录音室专辑,2016-07-21,13,转眼,自传,1.0,0.0
11596,422094257,们,k,1,9,34746073,自传,录音室专辑,2016-07-21,13,转眼,自传,1.0,0.0
11597,422094257,都,d,1,9,34746073,自传,录音室专辑,2016-07-21,13,转眼,自传,1.0,0.0
11598,422094257,就让,v,1,9,34746073,自传,录音室专辑,2016-07-21,13,转眼,自传,1.0,0.0
11599,422094257,他们,r,1,9,34746073,自传,录音室专辑,2016-07-21,13,转眼,自传,1.0,0.0
11600,422094257,离开,v,1,9,34746073,自传,录音室专辑,2016-07-21,13,转眼,自传,1.0,0.0
11601,422094257,时候,n,1,9,34746073,自传,录音室专辑,2016-07-21,13,转眼,自传,1.0,0.0
11602,422094257,就,d,1,9,34746073,自传,录音室专辑,2016-07-21,13,转眼,自传,1.0,0.0
11603,422094257,当,p,1,9,34746073,自传,录音室专辑,2016-07-21,13,转眼,自传,1.0,0.0
11604,422094257,自由,a,1,9,34746073,自传,录音室专辑,2016-07-21,13,转眼,自传,1.0,0.0
11605,385965,你,r,11,10,38247,知足 最真杰作选,精选辑,2005-08-26,1,知足,知足 最真杰作选,1.0,0.0
11606,385965,的,uj,10,10,38247,知足 最真杰作选,精选辑,2005-08-26,1,知足,知足 最真杰作选,1.0,0.0
11607,385965,而,c,9,10,38247,知足 最真杰作选,精选辑,2005-08-26,1,知足,知足 最真杰作选,1.0,0.0
11608,385965,我,r,8,10,38247,知足 最真杰作选,精选辑,2005-08-26,1,知足,知足 最真杰作选,1.0,0.0
11609,385965,怎么,r,6,10,38247,知足 最真杰作选,精选辑,2005-08-26,1,知足,知足 最真杰作选,1.0,0.0
11610,385965,拥有,v,5,10,38247,知足 最真杰作选,精选辑,2005-08-26,1,知足,知足 最真杰作选,1.0,0.0
11611,385965,才,d,5,10,38247,知足 最真杰作选,精选辑,2005-08-26,1,知足,知足 最真杰作选,1.0,0.0
11612,385965,着,uz,5,10,38247,知足 最真杰作选,精选辑,2005-08-26,1,知足,知足 最真杰作选,1.0,0.0
11613,385965,笑,v,4,10,38247,知足 最真杰作选,精选辑,2005-08-26,1,知足,知足 最真杰作选,1.0,0.0
11614,385965,人,n,4,10,38247,知足 最真杰作选,精选辑,2005-08-26,1,知足,知足 最真杰作选,1.0,0.0
11615,385965,如果,c,4,10,38247,知足 最真杰作选,精选辑,2005-08-26,1,知足,知足 最真杰作选,1.0,0.0
11616,385965,要,v,4,10,38247,知足 最真杰作选,精选辑,2005-08-26,1,知足,知足 最真杰作选,1.0,0.0
11617,385965,快乐,a,4,10,38247,知足 最真杰作选,精选辑,2005-08-26,1,知足,知足 最真杰作选,1.0,0.0
11618,385965,足够,v,3,10,38247,知足 最真杰作选,精选辑,2005-08-26,1,知足,知足 最真杰作选,1.0,0.0
11619,385965,当,t,3,10,38247,知足 最真杰作选,精选辑,2005-08-26,1,知足,知足 最真杰作选,1.0,0.0
11620,385965,一阵风,l,3,10,38247,知足 最真杰作选,精选辑,2005-08-26,1,知足,知足 最真杰作选,1.0,0.0
11621,385965,吹,v,3,10,38247,知足 最真杰作选,精选辑,2005-08-26,1,知足,知足 最真杰作选,1.0,0.0
11622,385965,来,v,3,10,38247,知足 最真杰作选,精选辑,2005-08-26,1,知足,知足 最真杰作选,1.0,0.0
11623,385965,风筝,n,3,10,38247,知足 最真杰作选,精选辑,2005-08-26,1,知足,知足 最真杰作选,1.0,0.0
11624,385965,飞上,n,3,10,38247,知足 最真杰作选,精选辑,2005-08-26,1,知足,知足 最真杰作选,1.0,0.0
11625,385965,天空,n,3,10,38247,知足 最真杰作选,精选辑,2005-08-26,1,知足,知足 最真杰作选,1.0,0.0
11626,385965,为了,p,3,10,38247,知足 最真杰作选,精选辑,2005-08-26,1,知足,知足 最真杰作选,1.0,0.0
11627,385965,祈祷,v,3,10,38247,知足 最真杰作选,精选辑,2005-08-26,1,知足,知足 最真杰作选,1.0,0.0
11628,385965,祝福,nr,3,10,38247,知足 最真杰作选,精选辑,2005-08-26,1,知足,知足 最真杰作选,1.0,0.0
11629,385965,感动,v,3,10,38247,知足 最真杰作选,精选辑,2005-08-26,1,知足,知足 最真杰作选,1.0,0.0
11630,385965,终于,d,3,10,38247,知足 最真杰作选,精选辑,2005-08-26,1,知足,知足 最真杰作选,1.0,0.0
11631,385965,身影,n,3,10,38247,知足 最真杰作选,精选辑,2005-08-26,1,知足,知足 最真杰作选,1.0,0.0
11632,385965,消失,v,3,10,38247,知足 最真杰作选,精选辑,2005-08-26,1,知足,知足 最真杰作选,1.0,0.0
11633,385965,在,p,3,10,38247,知足 最真杰作选,精选辑,2005-08-26,1,知足,知足 最真杰作选,1.0,0.0
11634,385965,海,n,3,10,38247,知足 最真杰作选,精选辑,2005-08-26,1,知足,知足 最真杰作选,1.0,0.0
11635,385965,尽头,d,3,10,38247,知足 最真杰作选,精选辑,2005-08-26,1,知足,知足 最真杰作选,1.0,0.0
11636,385965,发现,v,3,10,38247,知足 最真杰作选,精选辑,2005-08-26,1,知足,知足 最真杰作选,1.0,0.0
11637,385965,哭,v,3,10,38247,知足 最真杰作选,精选辑,2005-08-26,1,知足,知足 最真杰作选,1.0,0.0
11638,385965,最痛,a,3,10,38247,知足 最真杰作选,精选辑,2005-08-26,1,知足,知足 最真杰作选,1.0,0.0
11639,385965,去,v,2,10,38247,知足 最真杰作选,精选辑,2005-08-26,1,知足,知足 最真杰作选,1.0,0.0
11640,385965,不能,v,2,10,38247,知足 最真杰作选,精选辑,2005-08-26,1,知足,知足 最真杰作选,1.0,0.0
11641,385965,爱,v,2,10,38247,知足 最真杰作选,精选辑,2005-08-26,1,知足,知足 最真杰作选,1.0,0.0
11642,385965,上,f,2,10,38247,知足 最真杰作选,精选辑,2005-08-26,1,知足,知足 最真杰作选,1.0,0.0
11643,385965,笑容,n,2,10,38247,知足 最真杰作选,精选辑,2005-08-26,1,知足,知足 最真杰作选,1.0,0.0
11644,385965,收藏,v,2,10,38247,知足 最真杰作选,精选辑,2005-08-26,1,知足,知足 最真杰作选,1.0,0.0
11645,385965,不是,c,2,10,38247,知足 最真杰作选,精选辑,2005-08-26,1,知足,知足 最真杰作选,1.0,0.0
11646,385965,为,p,2,10,38247,知足 最真杰作选,精选辑,2005-08-26,1,知足,知足 最真杰作选,1.0,0.0
11647,385965,会,v,2,10,38247,知足 最真杰作选,精选辑,2005-08-26,1,知足,知足 最真杰作选,1.0,0.0
11648,385965,不会,v,2,10,38247,知足 最真杰作选,精选辑,2005-08-26,1,知足,知足 最真杰作选,1.0,0.0
11649,385965,放手,v,2,10,38247,知足 最真杰作选,精选辑,2005-08-26,1,知足,知足 最真杰作选,1.0,0.0
11650,385965,其实,d,2,10,38247,知足 最真杰作选,精选辑,2005-08-26,1,知足,知足 最真杰作选,1.0,0.0
11651,385965,是,v,2,10,38247,知足 最真杰作选,精选辑,2005-08-26,1,知足,知足 最真杰作选,1.0,0.0
11652,385965,那样,r,2,10,38247,知足 最真杰作选,精选辑,2005-08-26,1,知足,知足 最真杰作选,1.0,0.0
11653,385965,知足,nw,2,10,38247,知足 最真杰作选,精选辑,2005-08-26,1,知足,知足 最真杰作选,1.0,0.0
11654,385965,叫,v,2,10,38247,知足 最真杰作选,精选辑,2005-08-26,1,知足,知足 最真杰作选,1.0,0.0
11655,385965,忍受,v,2,10,38247,知足 最真杰作选,精选辑,2005-08-26,1,知足,知足 最真杰作选,1.0,0.0
11656,385965,心痛,n,2,10,38247,知足 最真杰作选,精选辑,2005-08-26,1,知足,知足 最真杰作选,1.0,0.0
11657,385965,一道,m,1,10,38247,知足 最真杰作选,精选辑,2005-08-26,1,知足,知足 最真杰作选,1.0,0.0
11658,385965,彩虹,nz,1,10,38247,知足 最真杰作选,精选辑,2005-08-26,1,知足,知足 最真杰作选,1.0,0.0
11659,385965,拥抱,v,1,10,38247,知足 最真杰作选,精选辑,2005-08-26,1,知足,知足 最真杰作选,1.0,0.0
11660,385965,一,m,1,10,38247,知足 最真杰作选,精选辑,2005-08-26,1,知足,知足 最真杰作选,1.0,0.0
11661,385965,夏天,t,1,10,38247,知足 最真杰作选,精选辑,2005-08-26,1,知足,知足 最真杰作选,1.0,0.0
11662,385965,风,n,1,10,38247,知足 最真杰作选,精选辑,2005-08-26,1,知足,知足 最真杰作选,1.0,0.0
11663,385965,天上,s,1,10,38247,知足 最真杰作选,精选辑,2005-08-26,1,知足,知足 最真杰作选,1.0,0.0
11664,385965,星星,nz,1,10,38247,知足 最真杰作选,精选辑,2005-08-26,1,知足,知足 最真杰作选,1.0,0.0
11665,385965,地上,s,1,10,38247,知足 最真杰作选,精选辑,2005-08-26,1,知足,知足 最真杰作选,1.0,0.0
11666,385965,总是,c,1,10,38247,知足 最真杰作选,精选辑,2005-08-26,1,知足,知足 最真杰作选,1.0,0.0
11667,385965,懂,v,1,10,38247,知足 最真杰作选,精选辑,2005-08-26,1,知足,知足 最真杰作选,1.0,0.0
11668,385965,觉得,v,1,10,38247,知足 最真杰作选,精选辑,2005-08-26,1,知足,知足 最真杰作选,1.0,0.0
11669,385965,那天,r,1,10,38247,知足 最真杰作选,精选辑,2005-08-26,1,知足,知足 最真杰作选,1.0,0.0
11670,385965,和,c,1,10,38247,知足 最真杰作选,精选辑,2005-08-26,1,知足,知足 最真杰作选,1.0,0.0
11671,385965,那个,r,1,10,38247,知足 最真杰作选,精选辑,2005-08-26,1,知足,知足 最真杰作选,1.0,0.0
11672,385965,山丘,ns,1,10,38247,知足 最真杰作选,精选辑,2005-08-26,1,知足,知足 最真杰作选,1.0,0.0
11673,385965,唱,v,1,10,38247,知足 最真杰作选,精选辑,2005-08-26,1,知足,知足 最真杰作选,1.0,0.0
11674,385965,那,r,1,10,38247,知足 最真杰作选,精选辑,2005-08-26,1,知足,知足 最真杰作选,1.0,0.0
11675,385965,一年,m,1,10,38247,知足 最真杰作选,精选辑,2005-08-26,1,知足,知足 最真杰作选,1.0,0.0
11676,385965,歌,n,1,10,38247,知足 最真杰作选,精选辑,2005-08-26,1,知足,知足 最真杰作选,1.0,0.0
11677,385965,回忆,v,1,10,38247,知足 最真杰作选,精选辑,2005-08-26,1,知足,知足 最真杰作选,1.0,0.0
11678,385965,那么,r,1,10,38247,知足 最真杰作选,精选辑,2005-08-26,1,知足,知足 最真杰作选,1.0,0.0
11679,385965,天天,t,1,10,38247,知足 最真杰作选,精选辑,2005-08-26,1,知足,知足 最真杰作选,1.0,0.0
11680,385965,都,d,1,10,38247,知足 最真杰作选,精选辑,2005-08-26,1,知足,知足 最真杰作选,1.0,0.0
11681,385965,品尝,v,1,10,38247,知足 最真杰作选,精选辑,2005-08-26,1,知足,知足 最真杰作选,1.0,0.0
11682,385965,寂寞,a,1,10,38247,知足 最真杰作选,精选辑,2005-08-26,1,知足,知足 最真杰作选,1.0,0.0
11683,385965,哦,zg,1,10,38247,知足 最真杰作选,精选辑,2005-08-26,1,知足,知足 最真杰作选,1.0,0.0
11684,385965,再,d,1,10,38247,知足 最真杰作选,精选辑,2005-08-26,1,知足,知足 最真杰作选,1.0,0.0
11685,385967,的,uj,17,10,38247,知足 最真杰作选,精选辑,2005-08-26,2,牙关,知足 最真杰作选,1.0,0.0
11686,385967,我,r,17,10,38247,知足 最真杰作选,精选辑,2005-08-26,2,牙关,知足 最真杰作选,1.0,0.0
11687,385967,你,r,13,10,38247,知足 最真杰作选,精选辑,2005-08-26,2,牙关,知足 最真杰作选,1.0,0.0
11688,385967,等待,vn,12,10,38247,知足 最真杰作选,精选辑,2005-08-26,2,牙关,知足 最真杰作选,1.0,0.0
11689,385967,後,nr,9,10,38247,知足 最真杰作选,精选辑,2005-08-26,2,牙关,知足 最真杰作选,1.0,0.0
11690,385967,如果,c,8,10,38247,知足 最真杰作选,精选辑,2005-08-26,2,牙关,知足 最真杰作选,1.0,0.0
11691,385967,就,d,8,10,38247,知足 最真杰作选,精选辑,2005-08-26,2,牙关,知足 最真杰作选,1.0,0.0
11692,385967,这样,r,8,10,38247,知足 最真杰作选,精选辑,2005-08-26,2,牙关,知足 最真杰作选,1.0,0.0
11693,385967,更,d,6,10,38247,知足 最真杰作选,精选辑,2005-08-26,2,牙关,知足 最真杰作选,1.0,0.0
11694,385967,爱,v,6,10,38247,知足 最真杰作选,精选辑,2005-08-26,2,牙关,知足 最真杰作选,1.0,0.0
11695,385967,多,m,5,10,38247,知足 最真杰作选,精选辑,2005-08-26,2,牙关,知足 最真杰作选,1.0,0.0
11696,385967,和,c,5,10,38247,知足 最真杰作选,精选辑,2005-08-26,2,牙关,知足 最真杰作选,1.0,0.0
11697,385967,过,ug,4,10,38247,知足 最真杰作选,精选辑,2005-08-26,2,牙关,知足 最真杰作选,1.0,0.0
11698,385967,不会,v,4,10,38247,知足 最真杰作选,精选辑,2005-08-26,2,牙关,知足 最真杰作选,1.0,0.0
11699,385967,走,v,4,10,38247,知足 最真杰作选,精选辑,2005-08-26,2,牙关,知足 最真杰作选,1.0,0.0
11700,385967,丢下,v,4,10,38247,知足 最真杰作选,精选辑,2005-08-26,2,牙关,知足 最真杰作选,1.0,0.0
11701,385967,那些,r,4,10,38247,知足 最真杰作选,精选辑,2005-08-26,2,牙关,知足 最真杰作选,1.0,0.0
11702,385967,天真,nz,4,10,38247,知足 最真杰作选,精选辑,2005-08-26,2,牙关,知足 最真杰作选,1.0,0.0
11703,385967,承诺,v,4,10,38247,知足 最真杰作选,精选辑,2005-08-26,2,牙关,知足 最真杰作选,1.0,0.0
11704,385967,再也,d,4,10,38247,知足 最真杰作选,精选辑,2005-08-26,2,牙关,知足 最真杰作选,1.0,0.0
11705,385967,不,d,4,10,38247,知足 最真杰作选,精选辑,2005-08-26,2,牙关,知足 最真杰作选,1.0,0.0
11706,385967,不能,v,4,10,38247,知足 最真杰作选,精选辑,2005-08-26,2,牙关,知足 最真杰作选,1.0,0.0
11707,385967,再,d,4,10,38247,知足 最真杰作选,精选辑,2005-08-26,2,牙关,知足 最真杰作选,1.0,0.0
11708,385967,承受,v,4,10,38247,知足 最真杰作选,精选辑,2005-08-26,2,牙关,知足 最真杰作选,1.0,0.0
11709,385967,痛哭,v,4,10,38247,知足 最真杰作选,精选辑,2005-08-26,2,牙关,知足 最真杰作选,1.0,0.0
11710,385967,之,u,4,10,38247,知足 最真杰作选,精选辑,2005-08-26,2,牙关,知足 最真杰作选,1.0,0.0
11711,385967,却,d,4,10,38247,知足 最真杰作选,精选辑,2005-08-26,2,牙关,知足 最真杰作选,1.0,0.0
11712,385967,又,d,4,10,38247,知足 最真杰作选,精选辑,2005-08-26,2,牙关,知足 最真杰作选,1.0,0.0
11713,385967,咬紧牙关,l,4,10,38247,知足 最真杰作选,精选辑,2005-08-26,2,牙关,知足 最真杰作选,1.0,0.0
11714,385967,继续,v,4,10,38247,知足 最真杰作选,精选辑,2005-08-26,2,牙关,知足 最真杰作选,1.0,0.0
11715,385967,最,d,3,10,38247,知足 最真杰作选,精选辑,2005-08-26,2,牙关,知足 最真杰作选,1.0,0.0
11716,385967,永久,d,3,10,38247,知足 最真杰作选,精选辑,2005-08-26,2,牙关,知足 最真杰作选,1.0,0.0
11717,385967,然,r,3,10,38247,知足 最真杰作选,精选辑,2005-08-26,2,牙关,知足 最真杰作选,1.0,0.0
11718,385967,咬紧,v,3,10,38247,知足 最真杰作选,精选辑,2005-08-26,2,牙关,知足 最真杰作选,1.0,0.0
11719,385967,了,ul,3,10,38247,知足 最真杰作选,精选辑,2005-08-26,2,牙关,知足 最真杰作选,1.0,0.0
11720,385967,牙关,ns,3,10,38247,知足 最真杰作选,精选辑,2005-08-26,2,牙关,知足 最真杰作选,1.0,0.0
11721,385967,更多,d,3,10,38247,知足 最真杰作选,精选辑,2005-08-26,2,牙关,知足 最真杰作选,1.0,0.0
11722,385967,漂流,a,3,10,38247,知足 最真杰作选,精选辑,2005-08-26,2,牙关,知足 最真杰作选,1.0,0.0
11723,385967,雨,n,2,10,38247,知足 最真杰作选,精选辑,2005-08-26,2,牙关,知足 最真杰作选,1.0,0.0
11724,385967,停,v,2,10,38247,知足 最真杰作选,精选辑,2005-08-26,2,牙关,知足 最真杰作选,1.0,0.0
11725,385967,在,p,2,10,38247,知足 最真杰作选,精选辑,2005-08-26,2,牙关,知足 最真杰作选,1.0,0.0
11726,385967,等候,n,2,10,38247,知足 最真杰作选,精选辑,2005-08-26,2,牙关,知足 最真杰作选,1.0,0.0
11727,385967,面,n,2,10,38247,知足 最真杰作选,精选辑,2005-08-26,2,牙关,知足 最真杰作选,1.0,0.0
11728,385967,是,v,2,10,38247,知足 最真杰作选,精选辑,2005-08-26,2,牙关,知足 最真杰作选,1.0,0.0
11729,385967,沉默,a,2,10,38247,知足 最真杰作选,精选辑,2005-08-26,2,牙关,知足 最真杰作选,1.0,0.0
11730,385967,知道,v,2,10,38247,知足 最真杰作选,精选辑,2005-08-26,2,牙关,知足 最真杰作选,1.0,0.0
11731,385967,会,v,2,10,38247,知足 最真杰作选,精选辑,2005-08-26,2,牙关,知足 最真杰作选,1.0,0.0
11732,385967,放肆,d,1,10,38247,知足 最真杰作选,精选辑,2005-08-26,2,牙关,知足 最真杰作选,1.0,0.0
11733,385967,尽情,d,1,10,38247,知足 最真杰作选,精选辑,2005-08-26,2,牙关,知足 最真杰作选,1.0,0.0
11734,385967,挥霍,v,1,10,38247,知足 最真杰作选,精选辑,2005-08-26,2,牙关,知足 最真杰作选,1.0,0.0
11735,385967,那,r,1,10,38247,知足 最真杰作选,精选辑,2005-08-26,2,牙关,知足 最真杰作选,1.0,0.0
11736,385967,一年,m,1,10,38247,知足 最真杰作选,精选辑,2005-08-26,2,牙关,知足 最真杰作选,1.0,0.0
11737,385967,玩,v,1,10,38247,知足 最真杰作选,精选辑,2005-08-26,2,牙关,知足 最真杰作选,1.0,0.0
11738,385967,疯,v,1,10,38247,知足 最真杰作选,精选辑,2005-08-26,2,牙关,知足 最真杰作选,1.0,0.0
11739,385967,站上,s,1,10,38247,知足 最真杰作选,精选辑,2005-08-26,2,牙关,知足 最真杰作选,1.0,0.0
11740,385967,全世界,n,1,10,38247,知足 最真杰作选,精选辑,2005-08-26,2,牙关,知足 最真杰作选,1.0,0.0
11741,385967,快乐,a,1,10,38247,知足 最真杰作选,精选辑,2005-08-26,2,牙关,知足 最真杰作选,1.0,0.0
11742,385967,巅峰,n,1,10,38247,知足 最真杰作选,精选辑,2005-08-26,2,牙关,知足 最真杰作选,1.0,0.0
11743,385967,等,u,1,10,38247,知足 最真杰作选,精选辑,2005-08-26,2,牙关,知足 最真杰作选,1.0,0.0
11744,385967,着,uz,1,10,38247,知足 最真杰作选,精选辑,2005-08-26,2,牙关,知足 最真杰作选,1.0,0.0
11745,385967,午后,t,1,10,38247,知足 最真杰作选,精选辑,2005-08-26,2,牙关,知足 最真杰作选,1.0,0.0
11746,385967,希望,v,1,10,38247,知足 最真杰作选,精选辑,2005-08-26,2,牙关,知足 最真杰作选,1.0,0.0
11747,385967,此刻,r,1,10,38247,知足 最真杰作选,精选辑,2005-08-26,2,牙关,知足 最真杰作选,1.0,0.0
11748,385967,而,c,1,10,38247,知足 最真杰作选,精选辑,2005-08-26,2,牙关,知足 最真杰作选,1.0,0.0
11749,385967,现在,t,1,10,38247,知足 最真杰作选,精选辑,2005-08-26,2,牙关,知足 最真杰作选,1.0,0.0
11750,385967,就是,d,1,10,38247,知足 最真杰作选,精选辑,2005-08-26,2,牙关,知足 最真杰作选,1.0,0.0
11751,385967,牢笼,n,1,10,38247,知足 最真杰作选,精选辑,2005-08-26,2,牙关,知足 最真杰作选,1.0,0.0
11752,385967,让,v,1,10,38247,知足 最真杰作选,精选辑,2005-08-26,2,牙关,知足 最真杰作选,1.0,0.0
11753,385967,一直,d,1,10,38247,知足 最真杰作选,精选辑,2005-08-26,2,牙关,知足 最真杰作选,1.0,0.0
11754,385967,哪个,r,1,10,38247,知足 最真杰作选,精选辑,2005-08-26,2,牙关,知足 最真杰作选,1.0,0.0
11755,385967,歌手,n,1,10,38247,知足 最真杰作选,精选辑,2005-08-26,2,牙关,知足 最真杰作选,1.0,0.0
11756,385967,最爱,a,1,10,38247,知足 最真杰作选,精选辑,2005-08-26,2,牙关,知足 最真杰作选,1.0,0.0
11757,385967,吃什,n,1,10,38247,知足 最真杰作选,精选辑,2005-08-26,2,牙关,知足 最真杰作选,1.0,0.0
11758,385967,火锅,n,1,10,38247,知足 最真杰作选,精选辑,2005-08-26,2,牙关,知足 最真杰作选,1.0,0.0
11759,385967,把,p,1,10,38247,知足 最真杰作选,精选辑,2005-08-26,2,牙关,知足 最真杰作选,1.0,0.0
11760,385967,小小的,z,1,10,38247,知足 最真杰作选,精选辑,2005-08-26,2,牙关,知足 最真杰作选,1.0,0.0
11761,385967,脸,n,1,10,38247,知足 最真杰作选,精选辑,2005-08-26,2,牙关,知足 最真杰作选,1.0,0.0
11762,385967,轻轻,d,1,10,38247,知足 最真杰作选,精选辑,2005-08-26,2,牙关,知足 最真杰作选,1.0,0.0
11763,385967,靠,v,1,10,38247,知足 最真杰作选,精选辑,2005-08-26,2,牙关,知足 最真杰作选,1.0,0.0
11764,385967,胸口,s,1,10,38247,知足 最真杰作选,精选辑,2005-08-26,2,牙关,知足 最真杰作选,1.0,0.0
11765,385967,这,r,1,10,38247,知足 最真杰作选,精选辑,2005-08-26,2,牙关,知足 最真杰作选,1.0,0.0
11766,385967,城市,ns,1,10,38247,知足 最真杰作选,精选辑,2005-08-26,2,牙关,知足 最真杰作选,1.0,0.0
11767,385967,每个,r,1,10,38247,知足 最真杰作选,精选辑,2005-08-26,2,牙关,知足 最真杰作选,1.0,0.0
11768,385967,角落,n,1,10,38247,知足 最真杰作选,精选辑,2005-08-26,2,牙关,知足 最真杰作选,1.0,0.0
11769,385967,回忆,v,1,10,38247,知足 最真杰作选,精选辑,2005-08-26,2,牙关,知足 最真杰作选,1.0,0.0
11770,385967,都,d,1,10,38247,知足 最真杰作选,精选辑,2005-08-26,2,牙关,知足 最真杰作选,1.0,0.0
11771,385967,霸占,v,1,10,38247,知足 最真杰作选,精选辑,2005-08-26,2,牙关,知足 最真杰作选,1.0,0.0
11772,385967,街头,s,1,10,38247,知足 最真杰作选,精选辑,2005-08-26,2,牙关,知足 最真杰作选,1.0,0.0
11773,385967,想起,v,1,10,38247,知足 最真杰作选,精选辑,2005-08-26,2,牙关,知足 最真杰作选,1.0,0.0
11774,385967,时候,n,1,10,38247,知足 最真杰作选,精选辑,2005-08-26,2,牙关,知足 最真杰作选,1.0,0.0
11775,385967,回头,v,1,10,38247,知足 最真杰作选,精选辑,2005-08-26,2,牙关,知足 最真杰作选,1.0,0.0
11776,385970,的,uj,18,10,38247,知足 最真杰作选,精选辑,2005-08-26,3,乱世浮生,知足 最真杰作选,1.0,0.0
11777,385970,你,r,16,10,38247,知足 最真杰作选,精选辑,2005-08-26,3,乱世浮生,知足 最真杰作选,1.0,0.0
11778,385970,谁,r,12,10,38247,知足 最真杰作选,精选辑,2005-08-26,3,乱世浮生,知足 最真杰作选,1.0,0.0
11779,385970,了,ul,10,10,38247,知足 最真杰作选,精选辑,2005-08-26,3,乱世浮生,知足 最真杰作选,1.0,0.0
11780,385970,有,v,10,10,38247,知足 最真杰作选,精选辑,2005-08-26,3,乱世浮生,知足 最真杰作选,1.0,0.0
11781,385970,因为,c,9,10,38247,知足 最真杰作选,精选辑,2005-08-26,3,乱世浮生,知足 最真杰作选,1.0,0.0
11782,385970,和,c,6,10,38247,知足 最真杰作选,精选辑,2005-08-26,3,乱世浮生,知足 最真杰作选,1.0,0.0
11783,385970,命运,n,6,10,38247,知足 最真杰作选,精选辑,2005-08-26,3,乱世浮生,知足 最真杰作选,1.0,0.0
11784,385970,像,v,6,10,38247,知足 最真杰作选,精选辑,2005-08-26,3,乱世浮生,知足 最真杰作选,1.0,0.0
11785,385970,着,uz,4,10,38247,知足 最真杰作选,精选辑,2005-08-26,3,乱世浮生,知足 最真杰作选,1.0,0.0
11786,385970,漂浮,v,4,10,38247,知足 最真杰作选,精选辑,2005-08-26,3,乱世浮生,知足 最真杰作选,1.0,0.0
11787,385970,吧,y,4,10,38247,知足 最真杰作选,精选辑,2005-08-26,3,乱世浮生,知足 最真杰作选,1.0,0.0
11788,385970,飞过,v,4,10,38247,知足 最真杰作选,精选辑,2005-08-26,3,乱世浮生,知足 最真杰作选,1.0,0.0
11789,385970,混乱,a,4,10,38247,知足 最真杰作选,精选辑,2005-08-26,3,乱世浮生,知足 最真杰作选,1.0,0.0
11790,385970,世界,n,4,10,38247,知足 最真杰作选,精选辑,2005-08-26,3,乱世浮生,知足 最真杰作选,1.0,0.0
11791,385970,经过,p,3,10,38247,知足 最真杰作选,精选辑,2005-08-26,3,乱世浮生,知足 最真杰作选,1.0,0.0
11792,385970,相遇,v,3,10,38247,知足 最真杰作选,精选辑,2005-08-26,3,乱世浮生,知足 最真杰作选,1.0,0.0
11793,385970,又,d,3,10,38247,知足 最真杰作选,精选辑,2005-08-26,3,乱世浮生,知足 最真杰作选,1.0,0.0
11794,385970,分离,v,3,10,38247,知足 最真杰作选,精选辑,2005-08-26,3,乱世浮生,知足 最真杰作选,1.0,0.0
11795,385970,最后,f,3,10,38247,知足 最真杰作选,精选辑,2005-08-26,3,乱世浮生,知足 最真杰作选,1.0,0.0
11796,385970,把,p,3,10,38247,知足 最真杰作选,精选辑,2005-08-26,3,乱世浮生,知足 最真杰作选,1.0,0.0
11797,385970,自己,r,3,10,38247,知足 最真杰作选,精选辑,2005-08-26,3,乱世浮生,知足 最真杰作选,1.0,0.0
11798,385970,交给,v,3,10,38247,知足 最真杰作选,精选辑,2005-08-26,3,乱世浮生,知足 最真杰作选,1.0,0.0
11799,385970,失控,vn,3,10,38247,知足 最真杰作选,精选辑,2005-08-26,3,乱世浮生,知足 最真杰作选,1.0,0.0
11800,385970,马戏,n,3,10,38247,知足 最真杰作选,精选辑,2005-08-26,3,乱世浮生,知足 最真杰作选,1.0,0.0
11801,385970,小丑,nr,3,10,38247,知足 最真杰作选,精选辑,2005-08-26,3,乱世浮生,知足 最真杰作选,1.0,0.0
11802,385970,开始,v,3,10,38247,知足 最真杰作选,精选辑,2005-08-26,3,乱世浮生,知足 最真杰作选,1.0,0.0
11803,385970,哭泣,v,3,10,38247,知足 最真杰作选,精选辑,2005-08-26,3,乱世浮生,知足 最真杰作选,1.0,0.0
11804,385970,大象,n,3,10,38247,知足 最真杰作选,精选辑,2005-08-26,3,乱世浮生,知足 最真杰作选,1.0,0.0
11805,385970,猴子,n,3,10,38247,知足 最真杰作选,精选辑,2005-08-26,3,乱世浮生,知足 最真杰作选,1.0,0.0
11806,385970,跑,v,3,10,38247,知足 最真杰作选,精选辑,2005-08-26,3,乱世浮生,知足 最真杰作选,1.0,0.0
11807,385970,进城,v,3,10,38247,知足 最真杰作选,精选辑,2005-08-26,3,乱世浮生,知足 最真杰作选,1.0,0.0
11808,385970,里,f,3,10,38247,知足 最真杰作选,精选辑,2005-08-26,3,乱世浮生,知足 最真杰作选,1.0,0.0
11809,385970,变换,v,3,10,38247,知足 最真杰作选,精选辑,2005-08-26,3,乱世浮生,知足 最真杰作选,1.0,0.0
11810,385970,整个,b,3,10,38247,知足 最真杰作选,精选辑,2005-08-26,3,乱世浮生,知足 最真杰作选,1.0,0.0
11811,385970,场景,n,3,10,38247,知足 最真杰作选,精选辑,2005-08-26,3,乱世浮生,知足 最真杰作选,1.0,0.0
11812,385970,那,r,3,10,38247,知足 最真杰作选,精选辑,2005-08-26,3,乱世浮生,知足 最真杰作选,1.0,0.0
11813,385970,忧郁,a,3,10,38247,知足 最真杰作选,精选辑,2005-08-26,3,乱世浮生,知足 最真杰作选,1.0,0.0
11814,385970,好像,v,3,10,38247,知足 最真杰作选,精选辑,2005-08-26,3,乱世浮生,知足 最真杰作选,1.0,0.0
11815,385970,可有可无,l,3,10,38247,知足 最真杰作选,精选辑,2005-08-26,3,乱世浮生,知足 最真杰作选,1.0,0.0
11816,385970,道具,n,3,10,38247,知足 最真杰作选,精选辑,2005-08-26,3,乱世浮生,知足 最真杰作选,1.0,0.0
11817,385970,紧抓,v,3,10,38247,知足 最真杰作选,精选辑,2005-08-26,3,乱世浮生,知足 最真杰作选,1.0,0.0
11818,385970,坐,v,3,10,38247,知足 最真杰作选,精选辑,2005-08-26,3,乱世浮生,知足 最真杰作选,1.0,0.0
11819,385970,上,f,3,10,38247,知足 最真杰作选,精选辑,2005-08-26,3,乱世浮生,知足 最真杰作选,1.0,0.0
11820,385970,纸飞机,n,3,10,38247,知足 最真杰作选,精选辑,2005-08-26,3,乱世浮生,知足 最真杰作选,1.0,0.0
11821,385970,逻辑,n,3,10,38247,知足 最真杰作选,精选辑,2005-08-26,3,乱世浮生,知足 最真杰作选,1.0,0.0
11822,385970,原因,n,3,10,38247,知足 最真杰作选,精选辑,2005-08-26,3,乱世浮生,知足 最真杰作选,1.0,0.0
11823,385970,乱世,v,2,10,38247,知足 最真杰作选,精选辑,2005-08-26,3,乱世浮生,知足 最真杰作选,1.0,0.0
11824,385970,浮生,v,2,10,38247,知足 最真杰作选,精选辑,2005-08-26,3,乱世浮生,知足 最真杰作选,1.0,0.0
11825,385970,这,r,2,10,38247,知足 最真杰作选,精选辑,2005-08-26,3,乱世浮生,知足 最真杰作选,1.0,0.0
11826,385970,是,v,2,10,38247,知足 最真杰作选,精选辑,2005-08-26,3,乱世浮生,知足 最真杰作选,1.0,0.0
11827,385970,笑,v,2,10,38247,知足 最真杰作选,精选辑,2005-08-26,3,乱世浮生,知足 最真杰作选,1.0,0.0
11828,385970,说,v,2,10,38247,知足 最真杰作选,精选辑,2005-08-26,3,乱世浮生,知足 最真杰作选,1.0,0.0
11829,385970,也,d,2,10,38247,知足 最真杰作选,精选辑,2005-08-26,3,乱世浮生,知足 最真杰作选,1.0,0.0
11830,385970,要,v,2,10,38247,知足 最真杰作选,精选辑,2005-08-26,3,乱世浮生,知足 最真杰作选,1.0,0.0
11831,385970,给,p,1,10,38247,知足 最真杰作选,精选辑,2005-08-26,3,乱世浮生,知足 最真杰作选,1.0,0.0
11832,385970,活着,v,1,10,38247,知足 最真杰作选,精选辑,2005-08-26,3,乱世浮生,知足 最真杰作选,1.0,0.0
11833,385970,评语,nz,1,10,38247,知足 最真杰作选,精选辑,2005-08-26,3,乱世浮生,知足 最真杰作选,1.0,0.0
11834,385970,轻蔑,v,1,10,38247,知足 最真杰作选,精选辑,2005-08-26,3,乱世浮生,知足 最真杰作选,1.0,0.0
11835,385970,尽,v,1,10,38247,知足 最真杰作选,精选辑,2005-08-26,3,乱世浮生,知足 最真杰作选,1.0,0.0
11836,385970,神气,n,1,10,38247,知足 最真杰作选,精选辑,2005-08-26,3,乱世浮生,知足 最真杰作选,1.0,0.0
11837,385970,风,n,1,10,38247,知足 最真杰作选,精选辑,2005-08-26,3,乱世浮生,知足 最真杰作选,1.0,0.0
11838,385970,吹过来,l,1,10,38247,知足 最真杰作选,精选辑,2005-08-26,3,乱世浮生,知足 最真杰作选,1.0,0.0
11839,385970,吹起,v,1,10,38247,知足 最真杰作选,精选辑,2005-08-26,3,乱世浮生,知足 最真杰作选,1.0,0.0
11840,385970,白色,n,1,10,38247,知足 最真杰作选,精选辑,2005-08-26,3,乱世浮生,知足 最真杰作选,1.0,0.0
11841,385970,衣领,n,1,10,38247,知足 最真杰作选,精选辑,2005-08-26,3,乱世浮生,知足 最真杰作选,1.0,0.0
11842,385970,吹,v,1,10,38247,知足 最真杰作选,精选辑,2005-08-26,3,乱世浮生,知足 最真杰作选,1.0,0.0
11843,385970,走,v,1,10,38247,知足 最真杰作选,精选辑,2005-08-26,3,乱世浮生,知足 最真杰作选,1.0,0.0
11844,385970,我,r,1,10,38247,知足 最真杰作选,精选辑,2005-08-26,3,乱世浮生,知足 最真杰作选,1.0,0.0
11845,385970,悲观,a,1,10,38247,知足 最真杰作选,精选辑,2005-08-26,3,乱世浮生,知足 最真杰作选,1.0,0.0
11846,385970,相信,v,1,10,38247,知足 最真杰作选,精选辑,2005-08-26,3,乱世浮生,知足 最真杰作选,1.0,0.0
11847,385970,没有,v,1,10,38247,知足 最真杰作选,精选辑,2005-08-26,3,乱世浮生,知足 最真杰作选,1.0,0.0
11848,385970,为什么,r,1,10,38247,知足 最真杰作选,精选辑,2005-08-26,3,乱世浮生,知足 最真杰作选,1.0,0.0
11849,385970,一定,d,1,10,38247,知足 最真杰作选,精选辑,2005-08-26,3,乱世浮生,知足 最真杰作选,1.0,0.0
11850,385970,有人,r,1,10,38247,知足 最真杰作选,精选辑,2005-08-26,3,乱世浮生,知足 最真杰作选,1.0,0.0
11851,385970,到,v,1,10,38247,知足 最真杰作选,精选辑,2005-08-26,3,乱世浮生,知足 最真杰作选,1.0,0.0
11852,385970,七十岁,m,1,10,38247,知足 最真杰作选,精选辑,2005-08-26,3,乱世浮生,知足 最真杰作选,1.0,0.0
11853,385970,还,d,1,10,38247,知足 最真杰作选,精选辑,2005-08-26,3,乱世浮生,知足 最真杰作选,1.0,0.0
11854,385970,问,v,1,10,38247,知足 最真杰作选,精选辑,2005-08-26,3,乱世浮生,知足 最真杰作选,1.0,0.0
11855,385970,唇语,nz,1,10,38247,知足 最真杰作选,精选辑,2005-08-26,3,乱世浮生,知足 最真杰作选,1.0,0.0
11856,385970,就算,v,1,10,38247,知足 最真杰作选,精选辑,2005-08-26,3,乱世浮生,知足 最真杰作选,1.0,0.0
11857,385970,一秒,m,1,10,38247,知足 最真杰作选,精选辑,2005-08-26,3,乱世浮生,知足 最真杰作选,1.0,0.0
11858,385970,快乐,a,1,10,38247,知足 最真杰作选,精选辑,2005-08-26,3,乱世浮生,知足 最真杰作选,1.0,0.0
11859,385970,决心,v,1,10,38247,知足 最真杰作选,精选辑,2005-08-26,3,乱世浮生,知足 最真杰作选,1.0,0.0
11860,385970,昨天,t,1,10,38247,知足 最真杰作选,精选辑,2005-08-26,3,乱世浮生,知足 最真杰作选,1.0,0.0
11861,385970,烦恼,a,1,10,38247,知足 最真杰作选,精选辑,2005-08-26,3,乱世浮生,知足 最真杰作选,1.0,0.0
11862,385970,就,d,1,10,38247,知足 最真杰作选,精选辑,2005-08-26,3,乱世浮生,知足 最真杰作选,1.0,0.0
11863,385970,丢,v,1,10,38247,知足 最真杰作选,精选辑,2005-08-26,3,乱世浮生,知足 最真杰作选,1.0,0.0
11864,385970,在,p,1,10,38247,知足 最真杰作选,精选辑,2005-08-26,3,乱世浮生,知足 最真杰作选,1.0,0.0
11865,385970,上个世纪,t,1,10,38247,知足 最真杰作选,精选辑,2005-08-26,3,乱世浮生,知足 最真杰作选,1.0,0.0
11866,385973,ing,eng,13,10,38247,知足 最真杰作选,精选辑,2005-08-26,4,恋爱ing,知足 最真杰作选,1.0,0.0
11867,385973,你,r,9,10,38247,知足 最真杰作选,精选辑,2005-08-26,4,恋爱ing,知足 最真杰作选,1.0,0.0
11868,385973,恋爱,v,7,10,38247,知足 最真杰作选,精选辑,2005-08-26,4,恋爱ing,知足 最真杰作选,1.0,0.0
11869,385973,改变,v,6,10,38247,知足 最真杰作选,精选辑,2005-08-26,4,恋爱ing,知足 最真杰作选,1.0,0.0
11870,385973,了,ul,5,10,38247,知足 最真杰作选,精选辑,2005-08-26,4,恋爱ing,知足 最真杰作选,1.0,0.0
11871,385973,到,v,4,10,38247,知足 最真杰作选,精选辑,2005-08-26,4,恋爱ing,知足 最真杰作选,1.0,0.0
11872,385973,心情,n,4,10,38247,知足 最真杰作选,精选辑,2005-08-26,4,恋爱ing,知足 最真杰作选,1.0,0.0
11873,385973,黄昏,t,4,10,38247,知足 最真杰作选,精选辑,2005-08-26,4,恋爱ing,知足 最真杰作选,1.0,0.0
11874,385973,黎明,nr,4,10,38247,知足 最真杰作选,精选辑,2005-08-26,4,恋爱ing,知足 最真杰作选,1.0,0.0
11875,385973,都,d,4,10,38247,知足 最真杰作选,精选辑,2005-08-26,4,恋爱ing,知足 最真杰作选,1.0,0.0
11876,385973,也,d,3,10,38247,知足 最真杰作选,精选辑,2005-08-26,4,恋爱ing,知足 最真杰作选,1.0,0.0
11877,385973,Happy,eng,3,10,38247,知足 最真杰作选,精选辑,2005-08-26,4,恋爱ing,知足 最真杰作选,1.0,0.0
11878,385973,就,d,3,10,38247,知足 最真杰作选,精选辑,2005-08-26,4,恋爱ing,知足 最真杰作选,1.0,0.0
11879,385973,像是,v,3,10,38247,知足 最真杰作选,精选辑,2005-08-26,4,恋爱ing,知足 最真杰作选,1.0,0.0
11880,385973,坐,v,3,10,38247,知足 最真杰作选,精选辑,2005-08-26,4,恋爱ing,知足 最真杰作选,1.0,0.0
11881,385973,上,f,3,10,38247,知足 最真杰作选,精选辑,2005-08-26,4,恋爱ing,知足 最真杰作选,1.0,0.0
11882,385973,一台,m,3,10,38247,知足 最真杰作选,精选辑,2005-08-26,4,恋爱ing,知足 最真杰作选,1.0,0.0
11883,385973,喷射机,n,3,10,38247,知足 最真杰作选,精选辑,2005-08-26,4,恋爱ing,知足 最真杰作选,1.0,0.0
11884,385973,有,v,3,10,38247,知足 最真杰作选,精选辑,2005-08-26,4,恋爱ing,知足 最真杰作选,1.0,0.0
11885,385973,心跳,v,3,10,38247,知足 最真杰作选,精选辑,2005-08-26,4,恋爱ing,知足 最真杰作选,1.0,0.0
11886,385973,不行,v,3,10,38247,知足 最真杰作选,精选辑,2005-08-26,4,恋爱ing,知足 最真杰作选,1.0,0.0
11887,385973,陪,v,2,10,38247,知足 最真杰作选,精选辑,2005-08-26,4,恋爱ing,知足 最真杰作选,1.0,0.0
11888,385973,没关系,l,2,10,38247,知足 最真杰作选,精选辑,2005-08-26,4,恋爱ing,知足 最真杰作选,1.0,0.0
11889,385973,让,v,2,10,38247,知足 最真杰作选,精选辑,2005-08-26,4,恋爱ing,知足 最真杰作选,1.0,0.0
11890,385973,我,r,2,10,38247,知足 最真杰作选,精选辑,2005-08-26,4,恋爱ing,知足 最真杰作选,1.0,0.0
11891,385973,整个,b,2,10,38247,知足 最真杰作选,精选辑,2005-08-26,4,恋爱ing,知足 最真杰作选,1.0,0.0
11892,385973,是,v,2,10,38247,知足 最真杰作选,精选辑,2005-08-26,4,恋爱ing,知足 最真杰作选,1.0,0.0
11893,385973,空气,n,2,10,38247,知足 最真杰作选,精选辑,2005-08-26,4,恋爱ing,知足 最真杰作选,1.0,0.0
11894,385973,但是,c,2,10,38247,知足 最真杰作选,精选辑,2005-08-26,4,恋爱ing,知足 最真杰作选,1.0,0.0
11895,385973,能,v,2,10,38247,知足 最真杰作选,精选辑,2005-08-26,4,恋爱ing,知足 最真杰作选,1.0,0.0
11896,385973,熬夜,v,1,10,38247,知足 最真杰作选,精选辑,2005-08-26,4,恋爱ing,知足 最真杰作选,1.0,0.0
11897,385973,聊天,nz,1,10,38247,知足 最真杰作选,精选辑,2005-08-26,4,恋爱ing,知足 最真杰作选,1.0,0.0
11898,385973,爆,v,1,10,38247,知足 最真杰作选,精选辑,2005-08-26,4,恋爱ing,知足 最真杰作选,1.0,0.0
11899,385973,肝,n,1,10,38247,知足 最真杰作选,精选辑,2005-08-26,4,恋爱ing,知足 最真杰作选,1.0,0.0
11900,385973,逛街,v,1,10,38247,知足 最真杰作选,精选辑,2005-08-26,4,恋爱ing,知足 最真杰作选,1.0,0.0
11901,385973,逛成,v,1,10,38247,知足 最真杰作选,精选辑,2005-08-26,4,恋爱ing,知足 最真杰作选,1.0,0.0
11902,385973,扁平足,z,1,10,38247,知足 最真杰作选,精选辑,2005-08-26,4,恋爱ing,知足 最真杰作选,1.0,0.0
11903,385973,超,v,1,10,38247,知足 最真杰作选,精选辑,2005-08-26,4,恋爱ing,知足 最真杰作选,1.0,0.0
11904,385973,感谢,v,1,10,38247,知足 最真杰作选,精选辑,2005-08-26,4,恋爱ing,知足 最真杰作选,1.0,0.0
11905,385973,重生,n,1,10,38247,知足 最真杰作选,精选辑,2005-08-26,4,恋爱ing,知足 最真杰作选,1.0,0.0
11906,385973,Orz,eng,1,10,38247,知足 最真杰作选,精选辑,2005-08-26,4,恋爱ing,知足 最真杰作选,1.0,0.0
11907,385973,重新认识,l,1,10,38247,知足 最真杰作选,精选辑,2005-08-26,4,恋爱ing,知足 最真杰作选,1.0,0.0
11908,385973,好闻,n,1,10,38247,知足 最真杰作选,精选辑,2005-08-26,4,恋爱ing,知足 最真杰作选,1.0,0.0
11909,385973,胜过,v,1,10,38247,知足 最真杰作选,精选辑,2005-08-26,4,恋爱ing,知足 最真杰作选,1.0,0.0
11910,385973,阳光,nr,1,10,38247,知足 最真杰作选,精选辑,2005-08-26,4,恋爱ing,知足 最真杰作选,1.0,0.0
11911,385973,却,d,1,10,38247,知足 最真杰作选,精选辑,2005-08-26,4,恋爱ing,知足 最真杰作选,1.0,0.0
11912,385973,照进,v,1,10,38247,知足 最真杰作选,精选辑,2005-08-26,4,恋爱ing,知足 最真杰作选,1.0,0.0
11913,385973,半夜里,t,1,10,38247,知足 最真杰作选,精选辑,2005-08-26,4,恋爱ing,知足 最真杰作选,1.0,0.0
11914,385973,水能载舟,i,1,10,38247,知足 最真杰作选,精选辑,2005-08-26,4,恋爱ing,知足 最真杰作选,1.0,0.0
11915,385973,煮粥,v,1,10,38247,知足 最真杰作选,精选辑,2005-08-26,4,恋爱ing,知足 最真杰作选,1.0,0.0
11916,385973,喂饱,v,1,10,38247,知足 最真杰作选,精选辑,2005-08-26,4,恋爱ing,知足 最真杰作选,1.0,0.0
11917,385973,生命,vn,1,10,38247,知足 最真杰作选,精选辑,2005-08-26,4,恋爱ing,知足 最真杰作选,1.0,0.0
11918,385973,就是,d,1,10,38247,知足 最真杰作选,精选辑,2005-08-26,4,恋爱ing,知足 最真杰作选,1.0,0.0
11919,385973,维他命,nz,1,10,38247,知足 最真杰作选,精选辑,2005-08-26,4,恋爱ing,知足 最真杰作选,1.0,0.0
11920,385973,未来,t,1,10,38247,知足 最真杰作选,精选辑,2005-08-26,4,恋爱ing,知足 最真杰作选,1.0,0.0
11921,385973,某年某月,nrt,1,10,38247,知足 最真杰作选,精选辑,2005-08-26,4,恋爱ing,知足 最真杰作选,1.0,0.0
11922,385973,某日,r,1,10,38247,知足 最真杰作选,精选辑,2005-08-26,4,恋爱ing,知足 最真杰作选,1.0,0.0
11923,385973,某时某分,z,1,10,38247,知足 最真杰作选,精选辑,2005-08-26,4,恋爱ing,知足 最真杰作选,1.0,0.0
11924,385973,某秒,r,1,10,38247,知足 最真杰作选,精选辑,2005-08-26,4,恋爱ing,知足 最真杰作选,1.0,0.0
11925,385973,某人,r,1,10,38247,知足 最真杰作选,精选辑,2005-08-26,4,恋爱ing,知足 最真杰作选,1.0,0.0
11926,385973,某地,r,1,10,38247,知足 最真杰作选,精选辑,2005-08-26,4,恋爱ing,知足 最真杰作选,1.0,0.0
11927,385973,某种,r,1,10,38247,知足 最真杰作选,精选辑,2005-08-26,4,恋爱ing,知足 最真杰作选,1.0,0.0
11928,385973,永远,d,1,10,38247,知足 最真杰作选,精选辑,2005-08-26,4,恋爱ing,知足 最真杰作选,1.0,0.0
11929,385973,的,uj,1,10,38247,知足 最真杰作选,精选辑,2005-08-26,4,恋爱ing,知足 最真杰作选,1.0,0.0
11930,385973,不会,v,1,10,38247,知足 最真杰作选,精选辑,2005-08-26,4,恋爱ing,知足 最真杰作选,1.0,0.0
11931,385973,忘记,v,1,10,38247,知足 最真杰作选,精选辑,2005-08-26,4,恋爱ing,知足 最真杰作选,1.0,0.0
11932,385973,此刻,r,1,10,38247,知足 最真杰作选,精选辑,2005-08-26,4,恋爱ing,知足 最真杰作选,1.0,0.0
11933,385976,的,uj,26,10,38247,知足 最真杰作选,精选辑,2005-08-26,5,听不到,知足 最真杰作选,1.0,0.0
11934,385976,你,r,21,10,38247,知足 最真杰作选,精选辑,2005-08-26,5,听不到,知足 最真杰作选,1.0,0.0
11935,385976,我,r,20,10,38247,知足 最真杰作选,精选辑,2005-08-26,5,听不到,知足 最真杰作选,1.0,0.0
11936,385976,在,p,13,10,38247,知足 最真杰作选,精选辑,2005-08-26,5,听不到,知足 最真杰作选,1.0,0.0
11937,385976,听,v,9,10,38247,知足 最真杰作选,精选辑,2005-08-26,5,听不到,知足 最真杰作选,1.0,0.0
11938,385976,不到,v,8,10,38247,知足 最真杰作选,精选辑,2005-08-26,5,听不到,知足 最真杰作选,1.0,0.0
11939,385976,电话,n,7,10,38247,知足 最真杰作选,精选辑,2005-08-26,5,听不到,知足 最真杰作选,1.0,0.0
11940,385976,声音,n,6,10,38247,知足 最真杰作选,精选辑,2005-08-26,5,听不到,知足 最真杰作选,1.0,0.0
11941,385976,笑,v,6,10,38247,知足 最真杰作选,精选辑,2005-08-26,5,听不到,知足 最真杰作选,1.0,0.0
11942,385976,泪,n,6,10,38247,知足 最真杰作选,精选辑,2005-08-26,5,听不到,知足 最真杰作选,1.0,0.0
11943,385976,飙,v,6,10,38247,知足 最真杰作选,精选辑,2005-08-26,5,听不到,知足 最真杰作选,1.0,0.0
11944,385976,那,r,6,10,38247,知足 最真杰作选,精选辑,2005-08-26,5,听不到,知足 最真杰作选,1.0,0.0
11945,385976,头,n,6,10,38247,知足 最真杰作选,精选辑,2005-08-26,5,听不到,知足 最真杰作选,1.0,0.0
11946,385976,可,v,6,10,38247,知足 最真杰作选,精选辑,2005-08-26,5,听不到,知足 最真杰作选,1.0,0.0
11947,385976,知道,v,6,10,38247,知足 最真杰作选,精选辑,2005-08-26,5,听不到,知足 最真杰作选,1.0,0.0
11948,385976,世界,n,6,10,38247,知足 最真杰作选,精选辑,2005-08-26,5,听不到,知足 最真杰作选,1.0,0.0
11949,385976,若,c,6,10,38247,知足 最真杰作选,精选辑,2005-08-26,5,听不到,知足 最真杰作选,1.0,0.0
11950,385976,是,v,6,10,38247,知足 最真杰作选,精选辑,2005-08-26,5,听不到,知足 最真杰作选,1.0,0.0
11951,385976,那么,r,6,10,38247,知足 最真杰作选,精选辑,2005-08-26,5,听不到,知足 最真杰作选,1.0,0.0
11952,385976,为何,r,6,10,38247,知足 最真杰作选,精选辑,2005-08-26,5,听不到,知足 最真杰作选,1.0,0.0
11953,385976,给,p,4,10,38247,知足 最真杰作选,精选辑,2005-08-26,5,听不到,知足 最真杰作选,1.0,0.0
11954,385976,大,a,3,10,38247,知足 最真杰作选,精选辑,2005-08-26,5,听不到,知足 最真杰作选,1.0,0.0
11955,385976,要,v,3,10,38247,知足 最真杰作选,精选辑,2005-08-26,5,听不到,知足 最真杰作选,1.0,0.0
11956,385976,忘,v,3,10,38247,知足 最真杰作选,精选辑,2005-08-26,5,听不到,知足 最真杰作选,1.0,0.0
11957,385976,无处,d,3,10,38247,知足 最真杰作选,精选辑,2005-08-26,5,听不到,知足 最真杰作选,1.0,0.0
11958,385976,逃,v,3,10,38247,知足 最真杰作选,精选辑,2005-08-26,5,听不到,知足 最真杰作选,1.0,0.0
11959,385976,小,a,3,10,38247,知足 最真杰作选,精选辑,2005-08-26,5,听不到,知足 最真杰作选,1.0,0.0
11960,385976,真心,d,3,10,38247,知足 最真杰作选,精选辑,2005-08-26,5,听不到,知足 最真杰作选,1.0,0.0
11961,385976,生气,n,2,10,38247,知足 最真杰作选,精选辑,2005-08-26,5,听不到,知足 最真杰作选,1.0,0.0
11962,385976,自己,r,2,10,38247,知足 最真杰作选,精选辑,2005-08-26,5,听不到,知足 最真杰作选,1.0,0.0
11963,385976,有,v,2,10,38247,知足 最真杰作选,精选辑,2005-08-26,5,听不到,知足 最真杰作选,1.0,0.0
11964,385976,还是,c,2,10,38247,知足 最真杰作选,精选辑,2005-08-26,5,听不到,知足 最真杰作选,1.0,0.0
11965,385976,会,v,2,10,38247,知足 最真杰作选,精选辑,2005-08-26,5,听不到,知足 最真杰作选,1.0,0.0
11966,385976,秘密,n,2,10,38247,知足 最真杰作选,精选辑,2005-08-26,5,听不到,知足 最真杰作选,1.0,0.0
11967,385976,暴走,v,2,10,38247,知足 最真杰作选,精选辑,2005-08-26,5,听不到,知足 最真杰作选,1.0,0.0
11968,385976,扑通,o,2,10,38247,知足 最真杰作选,精选辑,2005-08-26,5,听不到,知足 最真杰作选,1.0,0.0
11969,385976,做,v,2,10,38247,知足 最真杰作选,精选辑,2005-08-26,5,听不到,知足 最真杰作选,1.0,0.0
11970,385976,得到,v,2,10,38247,知足 最真杰作选,精选辑,2005-08-26,5,听不到,知足 最真杰作选,1.0,0.0
11971,385976,夜,t,1,10,38247,知足 最真杰作选,精选辑,2005-08-26,5,听不到,知足 最真杰作选,1.0,0.0
11972,385976,黑夜,n,1,10,38247,知足 最真杰作选,精选辑,2005-08-26,5,听不到,知足 最真杰作选,1.0,0.0
11973,385976,寂寞,a,1,10,38247,知足 最真杰作选,精选辑,2005-08-26,5,听不到,知足 最真杰作选,1.0,0.0
11974,385976,夜里,t,1,10,38247,知足 最真杰作选,精选辑,2005-08-26,5,听不到,知足 最真杰作选,1.0,0.0
11975,385976,气,n,1,10,38247,知足 最真杰作选,精选辑,2005-08-26,5,听不到,知足 最真杰作选,1.0,0.0
11976,385976,对,p,1,10,38247,知足 最真杰作选,精选辑,2005-08-26,5,听不到,知足 最真杰作选,1.0,0.0
11977,385976,软弱,a,1,10,38247,知足 最真杰作选,精选辑,2005-08-26,5,听不到,知足 最真杰作选,1.0,0.0
11978,385976,又,d,1,10,38247,知足 最真杰作选,精选辑,2005-08-26,5,听不到,知足 最真杰作选,1.0,0.0
11979,385976,打,v,1,10,38247,知足 最真杰作选,精选辑,2005-08-26,5,听不到,知足 最真杰作选,1.0,0.0
11980,385976,想,v,1,10,38247,知足 最真杰作选,精选辑,2005-08-26,5,听不到,知足 最真杰作选,1.0,0.0
11981,385976,那边,r,1,10,38247,知足 最真杰作选,精选辑,2005-08-26,5,听不到,知足 最真杰作选,1.0,0.0
11982,385976,空气,n,1,10,38247,知足 最真杰作选,精选辑,2005-08-26,5,听不到,知足 最真杰作选,1.0,0.0
11983,385976,什么,r,1,10,38247,知足 最真杰作选,精选辑,2005-08-26,5,听不到,知足 最真杰作选,1.0,0.0
11984,385976,精彩,n,1,10,38247,知足 最真杰作选,精选辑,2005-08-26,5,听不到,知足 最真杰作选,1.0,0.0
11985,385976,话题,n,1,10,38247,知足 最真杰作选,精选辑,2005-08-26,5,听不到,知足 最真杰作选,1.0,0.0
11986,385976,温柔,nw,1,10,38247,知足 最真杰作选,精选辑,2005-08-26,5,听不到,知足 最真杰作选,1.0,0.0
11987,385976,婉转,v,1,10,38247,知足 最真杰作选,精选辑,2005-08-26,5,听不到,知足 最真杰作选,1.0,0.0
11988,385976,距离,n,1,10,38247,知足 最真杰作选,精选辑,2005-08-26,5,听不到,知足 最真杰作选,1.0,0.0
11989,385976,很,d,1,10,38247,知足 最真杰作选,精选辑,2005-08-26,5,听不到,知足 最真杰作选,1.0,0.0
11990,385976,伪装,v,1,10,38247,知足 最真杰作选,精选辑,2005-08-26,5,听不到,知足 最真杰作选,1.0,0.0
11991,385976,不该,v,1,10,38247,知足 最真杰作选,精选辑,2005-08-26,5,听不到,知足 最真杰作选,1.0,0.0
11992,385976,背,v,1,10,38247,知足 最真杰作选,精选辑,2005-08-26,5,听不到,知足 最真杰作选,1.0,0.0
11993,385976,沉重,a,1,10,38247,知足 最真杰作选,精选辑,2005-08-26,5,听不到,知足 最真杰作选,1.0,0.0
11994,385976,都,d,1,10,38247,知足 最真杰作选,精选辑,2005-08-26,5,听不到,知足 最真杰作选,1.0,0.0
11995,385976,微笑,vn,1,10,38247,知足 最真杰作选,精选辑,2005-08-26,5,听不到,知足 最真杰作选,1.0,0.0
11996,385976,奔,zg,1,10,38247,知足 最真杰作选,精选辑,2005-08-26,5,听不到,知足 最真杰作选,1.0,0.0
11997,385976,狂奔,v,1,10,38247,知足 最真杰作选,精选辑,2005-08-26,5,听不到,知足 最真杰作选,1.0,0.0
11998,385976,空旷,nr,1,10,38247,知足 最真杰作选,精选辑,2005-08-26,5,听不到,知足 最真杰作选,1.0,0.0
11999,385976,感情,n,1,10,38247,知足 最真杰作选,精选辑,2005-08-26,5,听不到,知足 最真杰作选,1.0,0.0
12000,385976,走,v,1,10,38247,知足 最真杰作选,精选辑,2005-08-26,5,听不到,知足 最真杰作选,1.0,0.0
12001,385976,伤心,n,1,10,38247,知足 最真杰作选,精选辑,2005-08-26,5,听不到,知足 最真杰作选,1.0,0.0
12002,385976,透明,v,1,10,38247,知足 最真杰作选,精选辑,2005-08-26,5,听不到,知足 最真杰作选,1.0,0.0
12003,385976,叹息,v,1,10,38247,知足 最真杰作选,精选辑,2005-08-26,5,听不到,知足 最真杰作选,1.0,0.0
12004,385976,最后,f,1,10,38247,知足 最真杰作选,精选辑,2005-08-26,5,听不到,知足 最真杰作选,1.0,0.0
12005,385976,执着,v,1,10,38247,知足 最真杰作选,精选辑,2005-08-26,5,听不到,知足 最真杰作选,1.0,0.0
12006,385976,一直,d,1,10,38247,知足 最真杰作选,精选辑,2005-08-26,5,听不到,知足 最真杰作选,1.0,0.0
12007,385976,跳,v,1,10,38247,知足 最真杰作选,精选辑,2005-08-26,5,听不到,知足 最真杰作选,1.0,0.0
12008,385976,直到,v,1,10,38247,知足 最真杰作选,精选辑,2005-08-26,5,听不到,知足 最真杰作选,1.0,0.0
12009,385976,一天,m,1,10,38247,知足 最真杰作选,精选辑,2005-08-26,5,听不到,知足 最真杰作选,1.0,0.0
12010,385976,能够,v,1,10,38247,知足 最真杰作选,精选辑,2005-08-26,5,听不到,知足 最真杰作选,1.0,0.0
12011,385976,明,a,1,10,38247,知足 最真杰作选,精选辑,2005-08-26,5,听不到,知足 最真杰作选,1.0,0.0
12012,385976,了,ul,1,10,38247,知足 最真杰作选,精选辑,2005-08-26,5,听不到,知足 最真杰作选,1.0,0.0
12013,385976,啦,y,1,10,38247,知足 最真杰作选,精选辑,2005-08-26,5,听不到,知足 最真杰作选,1.0,0.0
12014,385976,.....,m,1,10,38247,知足 最真杰作选,精选辑,2005-08-26,5,听不到,知足 最真杰作选,1.0,0.0
12015,385976,......,m,1,10,38247,知足 最真杰作选,精选辑,2005-08-26,5,听不到,知足 最真杰作选,1.0,0.0
12016,386001,的,uj,26,10,38247,知足 最真杰作选,精选辑,2005-08-26,17,温柔 (还你自由版),知足 最真杰作选,1.0,0.0
12017,386001,我,r,23,10,38247,知足 最真杰作选,精选辑,2005-08-26,17,温柔 (还你自由版),知足 最真杰作选,1.0,0.0
12018,386001,你,r,20,10,38247,知足 最真杰作选,精选辑,2005-08-26,17,温柔 (还你自由版),知足 最真杰作选,1.0,0.0
12019,386001,不,d,13,10,38247,知足 最真杰作选,精选辑,2005-08-26,17,温柔 (还你自由版),知足 最真杰作选,1.0,0.0
12020,386001,是,v,11,10,38247,知足 最真杰作选,精选辑,2005-08-26,17,温柔 (还你自由版),知足 最真杰作选,1.0,0.0
12021,386001,自由,a,11,10,38247,知足 最真杰作选,精选辑,2005-08-26,17,温柔 (还你自由版),知足 最真杰作选,1.0,0.0
12022,386001,温柔,nw,10,10,38247,知足 最真杰作选,精选辑,2005-08-26,17,温柔 (还你自由版),知足 最真杰作选,1.0,0.0
12023,386001,没有,v,9,10,38247,知足 最真杰作选,精选辑,2005-08-26,17,温柔 (还你自由版),知足 最真杰作选,1.0,0.0
12024,386001,这,r,8,10,38247,知足 最真杰作选,精选辑,2005-08-26,17,温柔 (还你自由版),知足 最真杰作选,1.0,0.0
12025,386001,给,p,7,10,38247,知足 最真杰作选,精选辑,2005-08-26,17,温柔 (还你自由版),知足 最真杰作选,1.0,0.0
12026,386001,孤单,a,5,10,38247,知足 最真杰作选,精选辑,2005-08-26,17,温柔 (还你自由版),知足 最真杰作选,1.0,0.0
12027,386001,喔,e,5,10,38247,知足 最真杰作选,精选辑,2005-08-26,17,温柔 (还你自由版),知足 最真杰作选,1.0,0.0
12028,386001,在,p,4,10,38247,知足 最真杰作选,精选辑,2005-08-26,17,温柔 (还你自由版),知足 最真杰作选,1.0,0.0
12029,386001,就让,v,4,10,38247,知足 最真杰作选,精选辑,2005-08-26,17,温柔 (还你自由版),知足 最真杰作选,1.0,0.0
12030,386001,知道,v,4,10,38247,知足 最真杰作选,精选辑,2005-08-26,17,温柔 (还你自由版),知足 最真杰作选,1.0,0.0
12031,386001,不明,v,4,10,38247,知足 最真杰作选,精选辑,2005-08-26,17,温柔 (还你自由版),知足 最真杰作选,1.0,0.0
12032,386001,了,ul,4,10,38247,知足 最真杰作选,精选辑,2005-08-26,17,温柔 (还你自由版),知足 最真杰作选,1.0,0.0
12033,386001,想要,v,4,10,38247,知足 最真杰作选,精选辑,2005-08-26,17,温柔 (还你自由版),知足 最真杰作选,1.0,0.0
12034,386001,为什么,r,4,10,38247,知足 最真杰作选,精选辑,2005-08-26,17,温柔 (还你自由版),知足 最真杰作选,1.0,0.0
12035,386001,心,n,4,10,38247,知足 最真杰作选,精选辑,2005-08-26,17,温柔 (还你自由版),知足 最真杰作选,1.0,0.0
12036,386001,到,v,4,10,38247,知足 最真杰作选,精选辑,2005-08-26,17,温柔 (还你自由版),知足 最真杰作选,1.0,0.0
12037,386001,有,v,4,10,38247,知足 最真杰作选,精选辑,2005-08-26,17,温柔 (还你自由版),知足 最真杰作选,1.0,0.0
12038,386001,全部,n,4,10,38247,知足 最真杰作选,精选辑,2005-08-26,17,温柔 (还你自由版),知足 最真杰作选,1.0,0.0
12039,386001,如果,c,3,10,38247,知足 最真杰作选,精选辑,2005-08-26,17,温柔 (还你自由版),知足 最真杰作选,1.0,0.0
12040,386001,着,uz,2,10,38247,知足 最真杰作选,精选辑,2005-08-26,17,温柔 (还你自由版),知足 最真杰作选,1.0,0.0
12041,386001,都,d,2,10,38247,知足 最真杰作选,精选辑,2005-08-26,17,温柔 (还你自由版),知足 最真杰作选,1.0,0.0
12042,386001,眼中,s,2,10,38247,知足 最真杰作选,精选辑,2005-08-26,17,温柔 (还你自由版),知足 最真杰作选,1.0,0.0
12043,386001,明明,t,2,10,38247,知足 最真杰作选,精选辑,2005-08-26,17,温柔 (还你自由版),知足 最真杰作选,1.0,0.0
12044,386001,想,v,2,10,38247,知足 最真杰作选,精选辑,2005-08-26,17,温柔 (还你自由版),知足 最真杰作选,1.0,0.0
12045,386001,靠近,v,2,10,38247,知足 最真杰作选,精选辑,2005-08-26,17,温柔 (还你自由版),知足 最真杰作选,1.0,0.0
12046,386001,却,d,2,10,38247,知足 最真杰作选,精选辑,2005-08-26,17,温柔 (还你自由版),知足 最真杰作选,1.0,0.0
12047,386001,黎明,nr,2,10,38247,知足 最真杰作选,精选辑,2005-08-26,17,温柔 (还你自由版),知足 最真杰作选,1.0,0.0
12048,386001,那,r,2,10,38247,知足 最真杰作选,精选辑,2005-08-26,17,温柔 (还你自由版),知足 最真杰作选,1.0,0.0
12049,386001,爱情,n,2,10,38247,知足 最真杰作选,精选辑,2005-08-26,17,温柔 (还你自由版),知足 最真杰作选,1.0,0.0
12050,386001,绮丽,a,2,10,38247,知足 最真杰作选,精选辑,2005-08-26,17,温柔 (还你自由版),知足 最真杰作选,1.0,0.0
12051,386001,总是,c,2,10,38247,知足 最真杰作选,精选辑,2005-08-26,17,温柔 (还你自由版),知足 最真杰作选,1.0,0.0
12052,386001,里,f,2,10,38247,知足 最真杰作选,精选辑,2005-08-26,17,温柔 (还你自由版),知足 最真杰作选,1.0,0.0
12053,386001,再,d,2,10,38247,知足 最真杰作选,精选辑,2005-08-26,17,温柔 (还你自由版),知足 最真杰作选,1.0,0.0
12054,386001,把,p,2,10,38247,知足 最真杰作选,精选辑,2005-08-26,17,温柔 (还你自由版),知足 最真杰作选,1.0,0.0
12055,386001,最好,a,2,10,38247,知足 最真杰作选,精选辑,2005-08-26,17,温柔 (还你自由版),知足 最真杰作选,1.0,0.0
12056,386001,爱,v,2,10,38247,知足 最真杰作选,精选辑,2005-08-26,17,温柔 (还你自由版),知足 最真杰作选,1.0,0.0
12057,386001,不知不觉,i,2,10,38247,知足 最真杰作选,精选辑,2005-08-26,17,温柔 (还你自由版),知足 最真杰作选,1.0,0.0
12058,386001,不情,n,2,10,38247,知足 最真杰作选,精选辑,2005-08-26,17,温柔 (还你自由版),知足 最真杰作选,1.0,0.0
12059,386001,愿,v,2,10,38247,知足 最真杰作选,精选辑,2005-08-26,17,温柔 (还你自由版),知足 最真杰作选,1.0,0.0
12060,386001,又,d,2,10,38247,知足 最真杰作选,精选辑,2005-08-26,17,温柔 (还你自由版),知足 最真杰作选,1.0,0.0
12061,386001,巷子口,n,2,10,38247,知足 最真杰作选,精选辑,2005-08-26,17,温柔 (还你自由版),知足 最真杰作选,1.0,0.0
12062,386001,哭,v,2,10,38247,知足 最真杰作选,精选辑,2005-08-26,17,温柔 (还你自由版),知足 最真杰作选,1.0,0.0
12063,386001,也,d,2,10,38247,知足 最真杰作选,精选辑,2005-08-26,17,温柔 (还你自由版),知足 最真杰作选,1.0,0.0
12064,386001,笑,v,2,10,38247,知足 最真杰作选,精选辑,2005-08-26,17,温柔 (还你自由版),知足 最真杰作选,1.0,0.0
12065,386001,因为,c,2,10,38247,知足 最真杰作选,精选辑,2005-08-26,17,温柔 (还你自由版),知足 最真杰作选,1.0,0.0
12066,386001,梦,n,2,10,38247,知足 最真杰作选,精选辑,2005-08-26,17,温柔 (还你自由版),知足 最真杰作选,1.0,0.0
12067,386001,预兆,n,2,10,38247,知足 最真杰作选,精选辑,2005-08-26,17,温柔 (还你自由版),知足 最真杰作选,1.0,0.0
12068,386001,理由,n,2,10,38247,知足 最真杰作选,精选辑,2005-08-26,17,温柔 (还你自由版),知足 最真杰作选,1.0,0.0
12069,386001,真的,d,2,10,38247,知足 最真杰作选,精选辑,2005-08-26,17,温柔 (还你自由版),知足 最真杰作选,1.0,0.0
12070,386001,说,v,2,10,38247,知足 最真杰作选,精选辑,2005-08-26,17,温柔 (还你自由版),知足 最真杰作选,1.0,0.0
12071,386001,过,ug,2,10,38247,知足 最真杰作选,精选辑,2005-08-26,17,温柔 (还你自由版),知足 最真杰作选,1.0,0.0
12072,386001,还给,v,2,10,38247,知足 最真杰作选,精选辑,2005-08-26,17,温柔 (还你自由版),知足 最真杰作选,1.0,0.0
12073,386001,走,v,1,10,38247,知足 最真杰作选,精选辑,2005-08-26,17,温柔 (还你自由版),知足 最真杰作选,1.0,0.0
12074,386001,风,n,1,10,38247,知足 最真杰作选,精选辑,2005-08-26,17,温柔 (还你自由版),知足 最真杰作选,1.0,0.0
12075,386001,中,f,1,10,38247,知足 最真杰作选,精选辑,2005-08-26,17,温柔 (还你自由版),知足 最真杰作选,1.0,0.0
12076,386001,今天,t,1,10,38247,知足 最真杰作选,精选辑,2005-08-26,17,温柔 (还你自由版),知足 最真杰作选,1.0,0.0
12077,386001,阳光,nr,1,10,38247,知足 最真杰作选,精选辑,2005-08-26,17,温柔 (还你自由版),知足 最真杰作选,1.0,0.0
12078,386001,突然,ad,1,10,38247,知足 最真杰作选,精选辑,2005-08-26,17,温柔 (还你自由版),知足 最真杰作选,1.0,0.0
12079,386001,好,a,1,10,38247,知足 最真杰作选,精选辑,2005-08-26,17,温柔 (还你自由版),知足 最真杰作选,1.0,0.0
12080,386001,天,q,1,10,38247,知足 最真杰作选,精选辑,2005-08-26,17,温柔 (还你自由版),知足 最真杰作选,1.0,0.0
12081,386001,地,uv,1,10,38247,知足 最真杰作选,精选辑,2005-08-26,17,温柔 (还你自由版),知足 最真杰作选,1.0,0.0
12082,386001,像,v,1,10,38247,知足 最真杰作选,精选辑,2005-08-26,17,温柔 (还你自由版),知足 最真杰作选,1.0,0.0
12083,386001,抱,v,1,10,38247,知足 最真杰作选,精选辑,2005-08-26,17,温柔 (还你自由版),知足 最真杰作选,1.0,0.0
12084,386001,然后,c,1,10,38247,知足 最真杰作选,精选辑,2005-08-26,17,温柔 (还你自由版),知足 最真杰作选,1.0,0.0
12085,386001,发现,v,1,10,38247,知足 最真杰作选,精选辑,2005-08-26,17,温柔 (还你自由版),知足 最真杰作选,1.0,0.0
12086,386001,改变,v,1,10,38247,知足 最真杰作选,精选辑,2005-08-26,17,温柔 (还你自由版),知足 最真杰作选,1.0,0.0
12087,386001,今后,t,1,10,38247,知足 最真杰作选,精选辑,2005-08-26,17,温柔 (还你自由版),知足 最真杰作选,1.0,0.0
12088,386001,冷,a,1,10,38247,知足 最真杰作选,精选辑,2005-08-26,17,温柔 (还你自由版),知足 最真杰作选,1.0,0.0
12089,386001,该,r,1,10,38247,知足 最真杰作选,精选辑,2005-08-26,17,温柔 (还你自由版),知足 最真杰作选,1.0,0.0
12090,386001,怎么,r,1,10,38247,知足 最真杰作选,精选辑,2005-08-26,17,温柔 (还你自由版),知足 最真杰作选,1.0,0.0
12091,386001,度过,v,1,10,38247,知足 最真杰作选,精选辑,2005-08-26,17,温柔 (还你自由版),知足 最真杰作选,1.0,0.0
12092,386001,天边,s,1,10,38247,知足 最真杰作选,精选辑,2005-08-26,17,温柔 (还你自由版),知足 最真杰作选,1.0,0.0
12093,386001,风光,n,1,10,38247,知足 最真杰作选,精选辑,2005-08-26,17,温柔 (还你自由版),知足 最真杰作选,1.0,0.0
12094,386001,身边,s,1,10,38247,知足 最真杰作选,精选辑,2005-08-26,17,温柔 (还你自由版),知足 最真杰作选,1.0,0.0
12095,386001,藏,v,1,10,38247,知足 最真杰作选,精选辑,2005-08-26,17,温柔 (还你自由版),知足 最真杰作选,1.0,0.0
12096,386001,什么,r,1,10,38247,知足 最真杰作选,精选辑,2005-08-26,17,温柔 (还你自由版),知足 最真杰作选,1.0,0.0
12097,386001,从来,d,1,10,38247,知足 最真杰作选,精选辑,2005-08-26,17,温柔 (还你自由版),知足 最真杰作选,1.0,0.0
12098,386001,懂,v,1,10,38247,知足 最真杰作选,精选辑,2005-08-26,17,温柔 (还你自由版),知足 最真杰作选,1.0,0.0
12099,386001,关系,n,1,10,38247,知足 最真杰作选,精选辑,2005-08-26,17,温柔 (还你自由版),知足 最真杰作选,1.0,0.0
12100,386001,世界,n,1,10,38247,知足 最真杰作选,精选辑,2005-08-26,17,温柔 (还你自由版),知足 最真杰作选,1.0,0.0
12101,386001,拥有,v,1,10,38247,知足 最真杰作选,精选辑,2005-08-26,17,温柔 (还你自由版),知足 最真杰作选,1.0,0.0
12102,386001,打扰,v,1,10,38247,知足 最真杰作选,精选辑,2005-08-26,17,温柔 (还你自由版),知足 最真杰作选,1.0,0.0
12103,386007,多谢,nrt,18,10,38247,知足 最真杰作选,精选辑,2005-08-26,19,金多虾,知足 最真杰作选,1.0,0.0
12104,386007,真,d,16,10,38247,知足 最真杰作选,精选辑,2005-08-26,19,金多虾,知足 最真杰作选,1.0,0.0
12105,386007,阮,nr,4,10,38247,知足 最真杰作选,精选辑,2005-08-26,19,金多虾,知足 最真杰作选,1.0,0.0
12106,386007,我,r,4,10,38247,知足 最真杰作选,精选辑,2005-08-26,19,金多虾,知足 最真杰作选,1.0,0.0
12107,386007,有,v,3,10,38247,知足 最真杰作选,精选辑,2005-08-26,19,金多虾,知足 最真杰作选,1.0,0.0
12108,386007,很多,m,3,10,38247,知足 最真杰作选,精选辑,2005-08-26,19,金多虾,知足 最真杰作选,1.0,0.0
12109,386007,一直,d,3,10,38247,知足 最真杰作选,精选辑,2005-08-26,19,金多虾,知足 最真杰作选,1.0,0.0
12110,386007,啥,r,3,10,38247,知足 最真杰作选,精选辑,2005-08-26,19,金多虾,知足 最真杰作选,1.0,0.0
12111,386007,拢,v,3,10,38247,知足 最真杰作选,精选辑,2005-08-26,19,金多虾,知足 最真杰作选,1.0,0.0
12112,386007,遮,v,3,10,38247,知足 最真杰作选,精选辑,2005-08-26,19,金多虾,知足 最真杰作选,1.0,0.0
12113,386007,美丽,ns,2,10,38247,知足 最真杰作选,精选辑,2005-08-26,19,金多虾,知足 最真杰作选,1.0,0.0
12114,386007,的,uj,2,10,38247,知足 最真杰作选,精选辑,2005-08-26,19,金多虾,知足 最真杰作选,1.0,0.0
12115,386007,海洋,ns,2,10,38247,知足 最真杰作选,精选辑,2005-08-26,19,金多虾,知足 最真杰作选,1.0,0.0
12116,386007,汝遮济,ns,2,10,38247,知足 最真杰作选,精选辑,2005-08-26,19,金多虾,知足 最真杰作选,1.0,0.0
12117,386007,年来,t,2,10,38247,知足 最真杰作选,精选辑,2005-08-26,19,金多虾,知足 最真杰作选,1.0,0.0
12118,386007,陪伴,n,2,10,38247,知足 最真杰作选,精选辑,2005-08-26,19,金多虾,知足 最真杰作选,1.0,0.0
12119,386007,唱歌,n,2,10,38247,知足 最真杰作选,精选辑,2005-08-26,19,金多虾,知足 最真杰作选,1.0,0.0
12120,386007,毋管,c,2,10,38247,知足 最真杰作选,精选辑,2005-08-26,19,金多虾,知足 最真杰作选,1.0,0.0
12121,386007,欲,d,2,10,38247,知足 最真杰作选,精选辑,2005-08-26,19,金多虾,知足 最真杰作选,1.0,0.0
12122,386007,创,vg,2,10,38247,知足 最真杰作选,精选辑,2005-08-26,19,金多虾,知足 最真杰作选,1.0,0.0
12123,386007,你,r,2,10,38247,知足 最真杰作选,精选辑,2005-08-26,19,金多虾,知足 最真杰作选,1.0,0.0
12124,386007,会,v,2,10,38247,知足 最真杰作选,精选辑,2005-08-26,19,金多虾,知足 最真杰作选,1.0,0.0
12125,386007,徛,zg,2,10,38247,知足 最真杰作选,精选辑,2005-08-26,19,金多虾,知足 最真杰作选,1.0,0.0
12126,386007,伫,vg,2,10,38247,知足 最真杰作选,精选辑,2005-08-26,19,金多虾,知足 最真杰作选,1.0,0.0
12127,386007,变化,vn,2,10,38247,知足 最真杰作选,精选辑,2005-08-26,19,金多虾,知足 最真杰作选,1.0,0.0
12128,386007,地球,n,1,10,38247,知足 最真杰作选,精选辑,2005-08-26,19,金多虾,知足 最真杰作选,1.0,0.0
12129,386007,里,f,1,10,38247,知足 最真杰作选,精选辑,2005-08-26,19,金多虾,知足 最真杰作选,1.0,0.0
12130,386007,住,v,1,10,38247,知足 最真杰作选,精选辑,2005-08-26,19,金多虾,知足 最真杰作选,1.0,0.0
12131,386007,着,uz,1,10,38247,知足 最真杰作选,精选辑,2005-08-26,19,金多虾,知足 最真杰作选,1.0,0.0
12132,386007,生命,vn,1,10,38247,知足 最真杰作选,精选辑,2005-08-26,19,金多虾,知足 最真杰作选,1.0,0.0
12133,386007,鱼,n,1,10,38247,知足 最真杰作选,精选辑,2005-08-26,19,金多虾,知足 最真杰作选,1.0,0.0
12134,386007,虾,n,1,10,38247,知足 最真杰作选,精选辑,2005-08-26,19,金多虾,知足 最真杰作选,1.0,0.0
12135,386007,到,v,1,10,38247,知足 最真杰作选,精选辑,2005-08-26,19,金多虾,知足 最真杰作选,1.0,0.0
12136,386007,这,r,1,10,38247,知足 最真杰作选,精选辑,2005-08-26,19,金多虾,知足 最真杰作选,1.0,0.0
12137,386007,马,n,1,10,38247,知足 最真杰作选,精选辑,2005-08-26,19,金多虾,知足 最真杰作选,1.0,0.0
12138,386007,无,v,1,10,38247,知足 最真杰作选,精选辑,2005-08-26,19,金多虾,知足 最真杰作选,1.0,0.0
12139,386007,侬,g,1,10,38247,知足 最真杰作选,精选辑,2005-08-26,19,金多虾,知足 最真杰作选,1.0,0.0
12140,386007,知影,n,1,10,38247,知足 最真杰作选,精选辑,2005-08-26,19,金多虾,知足 最真杰作选,1.0,0.0
12141,386007,事志,n,1,10,38247,知足 最真杰作选,精选辑,2005-08-26,19,金多虾,知足 最真杰作选,1.0,0.0
12142,386007,大汉,ns,1,10,38247,知足 最真杰作选,精选辑,2005-08-26,19,金多虾,知足 最真杰作选,1.0,0.0
12143,386007,了,ul,1,10,38247,知足 最真杰作选,精选辑,2005-08-26,19,金多虾,知足 最真杰作选,1.0,0.0
12144,386007,后,f,1,10,38247,知足 最真杰作选,精选辑,2005-08-26,19,金多虾,知足 最真杰作选,1.0,0.0
12145,386007,遮济,n,1,10,38247,知足 最真杰作选,精选辑,2005-08-26,19,金多虾,知足 最真杰作选,1.0,0.0
12146,386007,佳,a,1,10,38247,知足 最真杰作选,精选辑,2005-08-26,19,金多虾,知足 最真杰作选,1.0,0.0
12147,386007,哉,y,1,10,38247,知足 最真杰作选,精选辑,2005-08-26,19,金多虾,知足 最真杰作选,1.0,0.0
12148,386007,汝,r,1,10,38247,知足 最真杰作选,精选辑,2005-08-26,19,金多虾,知足 最真杰作选,1.0,0.0
12149,386007,陪,v,1,10,38247,知足 最真杰作选,精选辑,2005-08-26,19,金多虾,知足 最真杰作选,1.0,0.0
12150,386007,踮,v,1,10,38247,知足 最真杰作选,精选辑,2005-08-26,19,金多虾,知足 最真杰作选,1.0,0.0
12151,386007,媵,g,1,10,38247,知足 最真杰作选,精选辑,2005-08-26,19,金多虾,知足 最真杰作选,1.0,0.0
12152,386007,挖心,v,1,10,38247,知足 最真杰作选,精选辑,2005-08-26,19,金多虾,知足 最真杰作选,1.0,0.0
12153,386007,挖,v,1,10,38247,知足 最真杰作选,精选辑,2005-08-26,19,金多虾,知足 最真杰作选,1.0,0.0
12154,386007,肝,n,1,10,38247,知足 最真杰作选,精选辑,2005-08-26,19,金多虾,知足 最真杰作选,1.0,0.0
12155,386007,感谢,v,1,10,38247,知足 最真杰作选,精选辑,2005-08-26,19,金多虾,知足 最真杰作选,1.0,0.0
12156,386010,我,r,22,10,38247,知足 最真杰作选,精选辑,2005-08-26,20,麦来乱,知足 最真杰作选,1.0,0.0
12157,386010,你,r,20,10,38247,知足 最真杰作选,精选辑,2005-08-26,20,麦来乱,知足 最真杰作选,1.0,0.0
12158,386010,搁,v,11,10,38247,知足 最真杰作选,精选辑,2005-08-26,20,麦来乱,知足 最真杰作选,1.0,0.0
12159,386010,的,uj,9,10,38247,知足 最真杰作选,精选辑,2005-08-26,20,麦来乱,知足 最真杰作选,1.0,0.0
12160,386010,乱,d,8,10,38247,知足 最真杰作选,精选辑,2005-08-26,20,麦来乱,知足 最真杰作选,1.0,0.0
12161,386010,爱,v,7,10,38247,知足 最真杰作选,精选辑,2005-08-26,20,麦来乱,知足 最真杰作选,1.0,0.0
12162,386010,最怕,a,6,10,38247,知足 最真杰作选,精选辑,2005-08-26,20,麦来乱,知足 最真杰作选,1.0,0.0
12163,386010,也,d,6,10,38247,知足 最真杰作选,精选辑,2005-08-26,20,麦来乱,知足 最真杰作选,1.0,0.0
12164,386010,麦,ng,6,10,38247,知足 最真杰作选,精选辑,2005-08-26,20,麦来乱,知足 最真杰作选,1.0,0.0
12165,386010,无缘,n,5,10,38247,知足 最真杰作选,精选辑,2005-08-26,20,麦来乱,知足 最真杰作选,1.0,0.0
12166,386010,人,n,5,10,38247,知足 最真杰作选,精选辑,2005-08-26,20,麦来乱,知足 最真杰作选,1.0,0.0
12167,386010,不,d,4,10,38247,知足 最真杰作选,精选辑,2005-08-26,20,麦来乱,知足 最真杰作选,1.0,0.0
12168,386010,找,v,4,10,38247,知足 最真杰作选,精选辑,2005-08-26,20,麦来乱,知足 最真杰作选,1.0,0.0
12169,386010,阮,nr,4,10,38247,知足 最真杰作选,精选辑,2005-08-26,20,麦来乱,知足 最真杰作选,1.0,0.0
12170,386010,说,v,4,10,38247,知足 最真杰作选,精选辑,2005-08-26,20,麦来乱,知足 最真杰作选,1.0,0.0
12171,386010,麦来,nr,4,10,38247,知足 最真杰作选,精选辑,2005-08-26,20,麦来乱,知足 最真杰作选,1.0,0.0
12172,386010,搁来,v,4,10,38247,知足 最真杰作选,精选辑,2005-08-26,20,麦来乱,知足 最真杰作选,1.0,0.0
12173,386010,去,v,4,10,38247,知足 最真杰作选,精选辑,2005-08-26,20,麦来乱,知足 最真杰作选,1.0,0.0
12174,386010,别人,r,4,10,38247,知足 最真杰作选,精选辑,2005-08-26,20,麦来乱,知足 最真杰作选,1.0,0.0
12175,386010,这,r,4,10,38247,知足 最真杰作选,精选辑,2005-08-26,20,麦来乱,知足 最真杰作选,1.0,0.0
12176,386010,一天,m,3,10,38247,知足 最真杰作选,精选辑,2005-08-26,20,麦来乱,知足 最真杰作选,1.0,0.0
12177,386010,讲,v,3,10,38247,知足 最真杰作选,精选辑,2005-08-26,20,麦来乱,知足 最真杰作选,1.0,0.0
12178,386010,犹,d,3,10,38247,知足 最真杰作选,精选辑,2005-08-26,20,麦来乱,知足 最真杰作选,1.0,0.0
12179,386010,原,d,3,10,38247,知足 最真杰作选,精选辑,2005-08-26,20,麦来乱,知足 最真杰作选,1.0,0.0
12180,386010,思念,n,3,10,38247,知足 最真杰作选,精选辑,2005-08-26,20,麦来乱,知足 最真杰作选,1.0,0.0
12181,386010,再,d,3,10,38247,知足 最真杰作选,精选辑,2005-08-26,20,麦来乱,知足 最真杰作选,1.0,0.0
12182,386010,给,p,3,10,38247,知足 最真杰作选,精选辑,2005-08-26,20,麦来乱,知足 最真杰作选,1.0,0.0
12183,386010,希望,v,3,10,38247,知足 最真杰作选,精选辑,2005-08-26,20,麦来乱,知足 最真杰作选,1.0,0.0
12184,386010,心,n,3,10,38247,知足 最真杰作选,精选辑,2005-08-26,20,麦来乱,知足 最真杰作选,1.0,0.0
12185,386010,破洞,n,3,10,38247,知足 最真杰作选,精选辑,2005-08-26,20,麦来乱,知足 最真杰作选,1.0,0.0
12186,386010,山崩,n,3,10,38247,知足 最真杰作选,精选辑,2005-08-26,20,麦来乱,知足 最真杰作选,1.0,0.0
12187,386010,电话,n,3,10,38247,知足 最真杰作选,精选辑,2005-08-26,20,麦来乱,知足 最真杰作选,1.0,0.0
12188,386010,接,v,3,10,38247,知足 最真杰作选,精选辑,2005-08-26,20,麦来乱,知足 最真杰作选,1.0,0.0
12189,386010,不睬,v,3,10,38247,知足 最真杰作选,精选辑,2005-08-26,20,麦来乱,知足 最真杰作选,1.0,0.0
12190,386010,眼泪,n,2,10,38247,知足 最真杰作选,精选辑,2005-08-26,20,麦来乱,知足 最真杰作选,1.0,0.0
12191,386010,咸,a,2,10,38247,知足 最真杰作选,精选辑,2005-08-26,20,麦来乱,知足 最真杰作选,1.0,0.0
12192,386010,到,v,2,10,38247,知足 最真杰作选,精选辑,2005-08-26,20,麦来乱,知足 最真杰作选,1.0,0.0
12193,386010,一,m,2,10,38247,知足 最真杰作选,精选辑,2005-08-26,20,麦来乱,知足 最真杰作选,1.0,0.0
12194,386010,冬,tg,2,10,38247,知足 最真杰作选,精选辑,2005-08-26,20,麦来乱,知足 最真杰作选,1.0,0.0
12195,386010,拢,v,2,10,38247,知足 最真杰作选,精选辑,2005-08-26,20,麦来乱,知足 最真杰作选,1.0,0.0
12196,386010,感谢,v,2,10,38247,知足 最真杰作选,精选辑,2005-08-26,20,麦来乱,知足 最真杰作选,1.0,0.0
12197,386010,是,v,2,10,38247,知足 最真杰作选,精选辑,2005-08-26,20,麦来乱,知足 最真杰作选,1.0,0.0
12198,386010,奈,vg,2,10,38247,知足 最真杰作选,精选辑,2005-08-26,20,麦来乱,知足 最真杰作选,1.0,0.0
12199,386010,啊,y,2,10,38247,知足 最真杰作选,精选辑,2005-08-26,20,麦来乱,知足 最真杰作选,1.0,0.0
12200,386010,甲,n,2,10,38247,知足 最真杰作选,精选辑,2005-08-26,20,麦来乱,知足 最真杰作选,1.0,0.0
12201,386010,哭,v,1,10,38247,知足 最真杰作选,精选辑,2005-08-26,20,麦来乱,知足 最真杰作选,1.0,0.0
12202,386010,过,ug,1,10,38247,知足 最真杰作选,精选辑,2005-08-26,20,麦来乱,知足 最真杰作选,1.0,0.0
12203,386010,痛,a,1,10,38247,知足 最真杰作选,精选辑,2005-08-26,20,麦来乱,知足 最真杰作选,1.0,0.0
12204,386010,亲像,n,1,10,38247,知足 最真杰作选,精选辑,2005-08-26,20,麦来乱,知足 最真杰作选,1.0,0.0
12205,386010,过一冬,t,1,10,38247,知足 最真杰作选,精选辑,2005-08-26,20,麦来乱,知足 最真杰作选,1.0,0.0
12206,386010,又,d,1,10,38247,知足 最真杰作选,精选辑,2005-08-26,20,麦来乱,知足 最真杰作选,1.0,0.0
12207,386010,开讲,v,1,10,38247,知足 最真杰作选,精选辑,2005-08-26,20,麦来乱,知足 最真杰作选,1.0,0.0
12208,386010,想,v,1,10,38247,知足 最真杰作选,精选辑,2005-08-26,20,麦来乱,知足 最真杰作选,1.0,0.0
12209,386010,无,v,1,10,38247,知足 最真杰作选,精选辑,2005-08-26,20,麦来乱,知足 最真杰作选,1.0,0.0
12210,386010,采工,v,1,10,38247,知足 最真杰作选,精选辑,2005-08-26,20,麦来乱,知足 最真杰作选,1.0,0.0
12211,386010,真,d,1,10,38247,知足 最真杰作选,精选辑,2005-08-26,20,麦来乱,知足 最真杰作选,1.0,0.0
12212,386010,陪伴,n,1,10,38247,知足 最真杰作选,精选辑,2005-08-26,20,麦来乱,知足 最真杰作选,1.0,0.0
12213,386010,自,p,1,10,38247,知足 最真杰作选,精选辑,2005-08-26,20,麦来乱,知足 最真杰作选,1.0,0.0
12214,386010,屏东,ns,1,10,38247,知足 最真杰作选,精选辑,2005-08-26,20,麦来乱,知足 最真杰作选,1.0,0.0
12215,386010,基隆,nz,1,10,38247,知足 最真杰作选,精选辑,2005-08-26,20,麦来乱,知足 最真杰作选,1.0,0.0
12216,386010,走过,v,1,10,38247,知足 最真杰作选,精选辑,2005-08-26,20,麦来乱,知足 最真杰作选,1.0,0.0
12217,386010,多,m,1,10,38247,知足 最真杰作选,精选辑,2005-08-26,20,麦来乱,知足 最真杰作选,1.0,0.0
12218,386010,美梦,nz,1,10,38247,知足 最真杰作选,精选辑,2005-08-26,20,麦来乱,知足 最真杰作选,1.0,0.0
12219,386010,梦醒,v,1,10,38247,知足 最真杰作选,精选辑,2005-08-26,20,麦来乱,知足 最真杰作选,1.0,0.0
12220,386010,了,ul,1,10,38247,知足 最真杰作选,精选辑,2005-08-26,20,麦来乱,知足 最真杰作选,1.0,0.0
12221,386010,咱,r,1,10,38247,知足 最真杰作选,精选辑,2005-08-26,20,麦来乱,知足 最真杰作选,1.0,0.0
12222,386010,拜托,nrt,1,10,38247,知足 最真杰作选,精选辑,2005-08-26,20,麦来乱,知足 最真杰作选,1.0,0.0
12223,386010,回头,v,1,10,38247,知足 最真杰作选,精选辑,2005-08-26,20,麦来乱,知足 最真杰作选,1.0,0.0
12224,386010,问,v,1,10,38247,知足 最真杰作选,精选辑,2005-08-26,20,麦来乱,知足 最真杰作选,1.0,0.0
12225,386010,目眶,n,1,10,38247,知足 最真杰作选,精选辑,2005-08-26,20,麦来乱,知足 最真杰作选,1.0,0.0
12226,386010,怎,r,1,10,38247,知足 最真杰作选,精选辑,2005-08-26,20,麦来乱,知足 最真杰作选,1.0,0.0
12227,386010,红,n,1,10,38247,知足 最真杰作选,精选辑,2005-08-26,20,麦来乱,知足 最真杰作选,1.0,0.0
12228,386010,为,p,1,10,38247,知足 最真杰作选,精选辑,2005-08-26,20,麦来乱,知足 最真杰作选,1.0,0.0
12229,386010,怎样,r,1,10,38247,知足 最真杰作选,精选辑,2005-08-26,20,麦来乱,知足 最真杰作选,1.0,0.0
12230,386010,白目,n,1,10,38247,知足 最真杰作选,精选辑,2005-08-26,20,麦来乱,知足 最真杰作选,1.0,0.0
12231,386010,饭桶,n,1,10,38247,知足 最真杰作选,精选辑,2005-08-26,20,麦来乱,知足 最真杰作选,1.0,0.0
12232,386010,明知,v,1,10,38247,知足 最真杰作选,精选辑,2005-08-26,20,麦来乱,知足 最真杰作选,1.0,0.0
12233,386010,影,n,1,10,38247,知足 最真杰作选,精选辑,2005-08-26,20,麦来乱,知足 最真杰作选,1.0,0.0
12234,386010,危险,an,1,10,38247,知足 最真杰作选,精选辑,2005-08-26,20,麦来乱,知足 最真杰作选,1.0,0.0
12235,386010,学,n,1,10,38247,知足 最真杰作选,精选辑,2005-08-26,20,麦来乱,知足 最真杰作选,1.0,0.0
12236,386010,不会,v,1,10,38247,知足 最真杰作选,精选辑,2005-08-26,20,麦来乱,知足 最真杰作选,1.0,0.0
12237,386010,闪,v,1,10,38247,知足 最真杰作选,精选辑,2005-08-26,20,麦来乱,知足 最真杰作选,1.0,0.0
12238,386010,放,v,1,10,38247,知足 最真杰作选,精选辑,2005-08-26,20,麦来乱,知足 最真杰作选,1.0,0.0
12239,386010,着,uz,1,10,38247,知足 最真杰作选,精选辑,2005-08-26,20,麦来乱,知足 最真杰作选,1.0,0.0
12240,386010,青春,n,1,10,38247,知足 最真杰作选,精选辑,2005-08-26,20,麦来乱,知足 最真杰作选,1.0,0.0
12241,386010,生活,vn,1,10,38247,知足 最真杰作选,精选辑,2005-08-26,20,麦来乱,知足 最真杰作选,1.0,0.0
12242,386010,拆,v,1,10,38247,知足 最真杰作选,精选辑,2005-08-26,20,麦来乱,知足 最真杰作选,1.0,0.0
12243,386010,吃入,v,1,10,38247,知足 最真杰作选,精选辑,2005-08-26,20,麦来乱,知足 最真杰作选,1.0,0.0
12244,386010,腹,n,1,10,38247,知足 最真杰作选,精选辑,2005-08-26,20,麦来乱,知足 最真杰作选,1.0,0.0
12245,386025,喔,e,20,10,38247,知足 最真杰作选,精选辑,2005-08-26,24,OK 啦,知足 最真杰作选,1.0,0.0
12246,386025,OK,eng,12,10,38247,知足 最真杰作选,精选辑,2005-08-26,24,OK 啦,知足 最真杰作选,1.0,0.0
12247,386025,啦,y,11,10,38247,知足 最真杰作选,精选辑,2005-08-26,24,OK 啦,知足 最真杰作选,1.0,0.0
12248,386025,啥,r,6,10,38247,知足 最真杰作选,精选辑,2005-08-26,24,OK 啦,知足 最真杰作选,1.0,0.0
12249,386025,我,r,5,10,38247,知足 最真杰作选,精选辑,2005-08-26,24,OK 啦,知足 最真杰作选,1.0,0.0
12250,386025,失败,v,5,10,38247,知足 最真杰作选,精选辑,2005-08-26,24,OK 啦,知足 最真杰作选,1.0,0.0
12251,386025,谁,r,4,10,38247,知足 最真杰作选,精选辑,2005-08-26,24,OK 啦,知足 最真杰作选,1.0,0.0
12252,386025,你,r,4,10,38247,知足 最真杰作选,精选辑,2005-08-26,24,OK 啦,知足 最真杰作选,1.0,0.0
12253,386025,人,n,3,10,38247,知足 最真杰作选,精选辑,2005-08-26,24,OK 啦,知足 最真杰作选,1.0,0.0
12254,386025,衰,ag,3,10,38247,知足 最真杰作选,精选辑,2005-08-26,24,OK 啦,知足 最真杰作选,1.0,0.0
12255,386025,尾,n,3,10,38247,知足 最真杰作选,精选辑,2005-08-26,24,OK 啦,知足 最真杰作选,1.0,0.0
12256,386025,不怕,c,3,10,38247,知足 最真杰作选,精选辑,2005-08-26,24,OK 啦,知足 最真杰作选,1.0,0.0
12257,386025,嘛,y,3,10,38247,知足 最真杰作选,精选辑,2005-08-26,24,OK 啦,知足 最真杰作选,1.0,0.0
12258,386025,无算,v,3,10,38247,知足 最真杰作选,精选辑,2005-08-26,24,OK 啦,知足 最真杰作选,1.0,0.0
12259,386025,快活,d,3,10,38247,知足 最真杰作选,精选辑,2005-08-26,24,OK 啦,知足 最真杰作选,1.0,0.0
12260,386025,想不开,v,2,10,38247,知足 最真杰作选,精选辑,2005-08-26,24,OK 啦,知足 最真杰作选,1.0,0.0
12261,386025,是,v,2,10,38247,知足 最真杰作选,精选辑,2005-08-26,24,OK 啦,知足 最真杰作选,1.0,0.0
12262,386025,的,uj,2,10,38247,知足 最真杰作选,精选辑,2005-08-26,24,OK 啦,知足 最真杰作选,1.0,0.0
12263,386025,心情,n,2,10,38247,知足 最真杰作选,精选辑,2005-08-26,24,OK 啦,知足 最真杰作选,1.0,0.0
12264,386025,那,r,2,10,38247,知足 最真杰作选,精选辑,2005-08-26,24,OK 啦,知足 最真杰作选,1.0,0.0
12265,386025,有,v,2,10,38247,知足 最真杰作选,精选辑,2005-08-26,24,OK 啦,知足 最真杰作选,1.0,0.0
12266,386025,放,v,2,10,38247,知足 最真杰作选,精选辑,2005-08-26,24,OK 啦,知足 最真杰作选,1.0,0.0
12267,386025,轻松,a,2,10,38247,知足 最真杰作选,精选辑,2005-08-26,24,OK 啦,知足 最真杰作选,1.0,0.0
12268,386025,才,d,2,10,38247,知足 最真杰作选,精选辑,2005-08-26,24,OK 啦,知足 最真杰作选,1.0,0.0
12269,386025,这么,r,1,10,38247,知足 最真杰作选,精选辑,2005-08-26,24,OK 啦,知足 最真杰作选,1.0,0.0
12270,386025,整天,m,1,10,38247,知足 最真杰作选,精选辑,2005-08-26,24,OK 啦,知足 最真杰作选,1.0,0.0
12271,386025,难看,v,1,10,38247,知足 最真杰作选,精选辑,2005-08-26,24,OK 啦,知足 最真杰作选,1.0,0.0
12272,386025,面,n,1,10,38247,知足 最真杰作选,精选辑,2005-08-26,24,OK 啦,知足 最真杰作选,1.0,0.0
12273,386025,愈想愈多,l,1,10,38247,知足 最真杰作选,精选辑,2005-08-26,24,OK 啦,知足 最真杰作选,1.0,0.0
12274,386025,愈来愈,d,1,10,38247,知足 最真杰作选,精选辑,2005-08-26,24,OK 啦,知足 最真杰作选,1.0,0.0
12275,386025,歹,ag,1,10,38247,知足 最真杰作选,精选辑,2005-08-26,24,OK 啦,知足 最真杰作选,1.0,0.0
12276,386025,世界,n,1,10,38247,知足 最真杰作选,精选辑,2005-08-26,24,OK 啦,知足 最真杰作选,1.0,0.0
12277,386025,要,v,1,10,38247,知足 最真杰作选,精选辑,2005-08-26,24,OK 啦,知足 最真杰作选,1.0,0.0
12278,386025,和,c,1,10,38247,知足 最真杰作选,精选辑,2005-08-26,24,OK 啦,知足 最真杰作选,1.0,0.0
12279,386025,车,n,1,10,38247,知足 最真杰作选,精选辑,2005-08-26,24,OK 啦,知足 最真杰作选,1.0,0.0
12280,386025,拼,v,1,10,38247,知足 最真杰作选,精选辑,2005-08-26,24,OK 啦,知足 最真杰作选,1.0,0.0
12281,386025,但是,c,1,10,38247,知足 最真杰作选,精选辑,2005-08-26,24,OK 啦,知足 最真杰作选,1.0,0.0
12282,386025,这,r,1,10,38247,知足 最真杰作选,精选辑,2005-08-26,24,OK 啦,知足 最真杰作选,1.0,0.0
12283,386025,国有,b,1,10,38247,知足 最真杰作选,精选辑,2005-08-26,24,OK 啦,知足 最真杰作选,1.0,0.0
12284,386025,去,v,1,10,38247,知足 最真杰作选,精选辑,2005-08-26,24,OK 啦,知足 最真杰作选,1.0,0.0
12285,386025,伤解,v,1,10,38247,知足 最真杰作选,精选辑,2005-08-26,24,OK 啦,知足 最真杰作选,1.0,0.0
12286,386025,郁上,v,1,10,38247,知足 最真杰作选,精选辑,2005-08-26,24,OK 啦,知足 最真杰作选,1.0,0.0
12287,386025,厉害,a,1,10,38247,知足 最真杰作选,精选辑,2005-08-26,24,OK 啦,知足 最真杰作选,1.0,0.0
12288,386025,感冒,v,1,10,38247,知足 最真杰作选,精选辑,2005-08-26,24,OK 啦,知足 最真杰作选,1.0,0.0
12289,386025,头疼,a,1,10,38247,知足 最真杰作选,精选辑,2005-08-26,24,OK 啦,知足 最真杰作选,1.0,0.0
12290,386025,袂,ng,1,10,38247,知足 最真杰作选,精选辑,2005-08-26,24,OK 啦,知足 最真杰作选,1.0,0.0
12291,386025,阁,ng,1,10,38247,知足 最真杰作选,精选辑,2005-08-26,24,OK 啦,知足 最真杰作选,1.0,0.0
12292,386025,来,v,1,10,38247,知足 最真杰作选,精选辑,2005-08-26,24,OK 啦,知足 最真杰作选,1.0,0.0
12293,386025,别人,r,1,10,38247,知足 最真杰作选,精选辑,2005-08-26,24,OK 啦,知足 最真杰作选,1.0,0.0
12294,386025,叫,v,1,10,38247,知足 最真杰作选,精选辑,2005-08-26,24,OK 啦,知足 最真杰作选,1.0,0.0
12295,386025,憨大呆,z,1,10,38247,知足 最真杰作选,精选辑,2005-08-26,24,OK 啦,知足 最真杰作选,1.0,0.0
12296,386025,了解,v,1,10,38247,知足 最真杰作选,精选辑,2005-08-26,24,OK 啦,知足 最真杰作选,1.0,0.0
12297,386025,人生,n,1,10,38247,知足 最真杰作选,精选辑,2005-08-26,24,OK 啦,知足 最真杰作选,1.0,0.0
12298,386025,无,v,1,10,38247,知足 最真杰作选,精选辑,2005-08-26,24,OK 啦,知足 最真杰作选,1.0,0.0
12299,386025,米,q,1,10,38247,知足 最真杰作选,精选辑,2005-08-26,24,OK 啦,知足 最真杰作选,1.0,0.0
12300,386025,输赢,v,1,10,38247,知足 最真杰作选,精选辑,2005-08-26,24,OK 啦,知足 最真杰作选,1.0,0.0
12301,386025,重要,a,1,10,38247,知足 最真杰作选,精选辑,2005-08-26,24,OK 啦,知足 最真杰作选,1.0,0.0
12302,386025,不可,v,1,10,38247,知足 最真杰作选,精选辑,2005-08-26,24,OK 啦,知足 最真杰作选,1.0,0.0
12303,386025,孤单,a,1,10,38247,知足 最真杰作选,精选辑,2005-08-26,24,OK 啦,知足 最真杰作选,1.0,0.0
12304,386025,头壳坏去,l,1,10,38247,知足 最真杰作选,精选辑,2005-08-26,24,OK 啦,知足 最真杰作选,1.0,0.0
12305,386025,赌,zg,1,10,38247,知足 最真杰作选,精选辑,2005-08-26,24,OK 啦,知足 最真杰作选,1.0,0.0
12306,386025,性命,n,1,10,38247,知足 最真杰作选,精选辑,2005-08-26,24,OK 啦,知足 最真杰作选,1.0,0.0
12307,386025,想开,v,1,10,38247,知足 最真杰作选,精选辑,2005-08-26,24,OK 啦,知足 最真杰作选,1.0,0.0
12308,386025,...,m,1,10,38247,知足 最真杰作选,精选辑,2005-08-26,24,OK 啦,知足 最真杰作选,1.0,0.0
12309,386028,你,r,39,10,38247,知足 最真杰作选,精选辑,2005-08-26,25,垃圾车 (朋友版),知足 最真杰作选,1.0,0.0
12310,386028,我,r,25,10,38247,知足 最真杰作选,精选辑,2005-08-26,25,垃圾车 (朋友版),知足 最真杰作选,1.0,0.0
12311,386028,有,v,19,10,38247,知足 最真杰作选,精选辑,2005-08-26,25,垃圾车 (朋友版),知足 最真杰作选,1.0,0.0
12312,386028,的,uj,16,10,38247,知足 最真杰作选,精选辑,2005-08-26,25,垃圾车 (朋友版),知足 最真杰作选,1.0,0.0
12313,386028,才,d,12,10,38247,知足 最真杰作选,精选辑,2005-08-26,25,垃圾车 (朋友版),知足 最真杰作选,1.0,0.0
12314,386028,若,c,8,10,38247,知足 最真杰作选,精选辑,2005-08-26,25,垃圾车 (朋友版),知足 最真杰作选,1.0,0.0
12315,386028,未,d,6,10,38247,知足 最真杰作选,精选辑,2005-08-26,25,垃圾车 (朋友版),知足 最真杰作选,1.0,0.0
12316,386028,孤单,a,6,10,38247,知足 最真杰作选,精选辑,2005-08-26,25,垃圾车 (朋友版),知足 最真杰作选,1.0,0.0
12317,386028,陪伴,n,6,10,38247,知足 最真杰作选,精选辑,2005-08-26,25,垃圾车 (朋友版),知足 最真杰作选,1.0,0.0
12318,386028,靠山,n,6,10,38247,知足 最真杰作选,精选辑,2005-08-26,25,垃圾车 (朋友版),知足 最真杰作选,1.0,0.0
12319,386028,是,v,6,10,38247,知足 最真杰作选,精选辑,2005-08-26,25,垃圾车 (朋友版),知足 最真杰作选,1.0,0.0
12320,386028,垃圾车,n,6,10,38247,知足 最真杰作选,精选辑,2005-08-26,25,垃圾车 (朋友版),知足 最真杰作选,1.0,0.0
12321,386028,每天,r,6,10,38247,知足 最真杰作选,精选辑,2005-08-26,25,垃圾车 (朋友版),知足 最真杰作选,1.0,0.0
12322,386028,干,v,6,10,38247,知足 最真杰作选,精选辑,2005-08-26,25,垃圾车 (朋友版),知足 最真杰作选,1.0,0.0
12323,386028,喝,vg,5,10,38247,知足 最真杰作选,精选辑,2005-08-26,25,垃圾车 (朋友版),知足 最真杰作选,1.0,0.0
12324,386028,为,p,4,10,38247,知足 最真杰作选,精选辑,2005-08-26,25,垃圾车 (朋友版),知足 最真杰作选,1.0,0.0
12325,386028,唱歌,n,4,10,38247,知足 最真杰作选,精选辑,2005-08-26,25,垃圾车 (朋友版),知足 最真杰作选,1.0,0.0
12326,386028,到,v,3,10,38247,知足 最真杰作选,精选辑,2005-08-26,25,垃圾车 (朋友版),知足 最真杰作选,1.0,0.0
12327,386028,不爽,a,3,10,38247,知足 最真杰作选,精选辑,2005-08-26,25,垃圾车 (朋友版),知足 最真杰作选,1.0,0.0
12328,386028,听,v,3,10,38247,知足 最真杰作选,精选辑,2005-08-26,25,垃圾车 (朋友版),知足 最真杰作选,1.0,0.0
12329,386028,心声,n,3,10,38247,知足 最真杰作选,精选辑,2005-08-26,25,垃圾车 (朋友版),知足 最真杰作选,1.0,0.0
12330,386028,欢喜,v,3,10,38247,知足 最真杰作选,精选辑,2005-08-26,25,垃圾车 (朋友版),知足 最真杰作选,1.0,0.0
12331,386028,la,eng,3,10,38247,知足 最真杰作选,精选辑,2005-08-26,25,垃圾车 (朋友版),知足 最真杰作选,1.0,0.0
12332,386028,又,d,2,10,38247,知足 最真杰作选,精选辑,2005-08-26,25,垃圾车 (朋友版),知足 最真杰作选,1.0,0.0
12333,386028,爱,v,2,10,38247,知足 最真杰作选,精选辑,2005-08-26,25,垃圾车 (朋友版),知足 最真杰作选,1.0,0.0
12334,386028,咱,r,2,10,38247,知足 最真杰作选,精选辑,2005-08-26,25,垃圾车 (朋友版),知足 最真杰作选,1.0,0.0
12335,386028,就要,d,2,10,38247,知足 最真杰作选,精选辑,2005-08-26,25,垃圾车 (朋友版),知足 最真杰作选,1.0,0.0
12336,386028,一杯,m,2,10,38247,知足 最真杰作选,精选辑,2005-08-26,25,垃圾车 (朋友版),知足 最真杰作选,1.0,0.0
12337,386028,都,d,2,10,38247,知足 最真杰作选,精选辑,2005-08-26,25,垃圾车 (朋友版),知足 最真杰作选,1.0,0.0
12338,386028,虽然,c,1,10,38247,知足 最真杰作选,精选辑,2005-08-26,25,垃圾车 (朋友版),知足 最真杰作选,1.0,0.0
12339,386028,脾气坏,n,1,10,38247,知足 最真杰作选,精选辑,2005-08-26,25,垃圾车 (朋友版),知足 最真杰作选,1.0,0.0
12340,386028,对待,v,1,10,38247,知足 最真杰作选,精选辑,2005-08-26,25,垃圾车 (朋友版),知足 最真杰作选,1.0,0.0
12341,386028,朋友,n,1,10,38247,知足 最真杰作选,精选辑,2005-08-26,25,垃圾车 (朋友版),知足 最真杰作选,1.0,0.0
12342,386028,差,a,1,10,38247,知足 最真杰作选,精选辑,2005-08-26,25,垃圾车 (朋友版),知足 最真杰作选,1.0,0.0
12343,386028,凸,ag,1,10,38247,知足 最真杰作选,精选辑,2005-08-26,25,垃圾车 (朋友版),知足 最真杰作选,1.0,0.0
12344,386028,槌,ng,1,10,38247,知足 最真杰作选,精选辑,2005-08-26,25,垃圾车 (朋友版),知足 最真杰作选,1.0,0.0
12345,386028,更,d,1,10,38247,知足 最真杰作选,精选辑,2005-08-26,25,垃圾车 (朋友版),知足 最真杰作选,1.0,0.0
12346,386028,牵,v,1,10,38247,知足 最真杰作选,精选辑,2005-08-26,25,垃圾车 (朋友版),知足 最真杰作选,1.0,0.0
12347,386028,拖,v,1,10,38247,知足 最真杰作选,精选辑,2005-08-26,25,垃圾车 (朋友版),知足 最真杰作选,1.0,0.0
12348,386028,佳,a,1,10,38247,知足 最真杰作选,精选辑,2005-08-26,25,垃圾车 (朋友版),知足 最真杰作选,1.0,0.0
12349,386028,在,p,1,10,38247,知足 最真杰作选,精选辑,2005-08-26,25,垃圾车 (朋友版),知足 最真杰作选,1.0,0.0
12350,386028,遇到,v,1,10,38247,知足 最真杰作选,精选辑,2005-08-26,25,垃圾车 (朋友版),知足 最真杰作选,1.0,0.0
12351,386028,不,d,1,10,38247,知足 最真杰作选,精选辑,2005-08-26,25,垃圾车 (朋友版),知足 最真杰作选,1.0,0.0
12352,386028,计较,v,1,10,38247,知足 最真杰作选,精选辑,2005-08-26,25,垃圾车 (朋友版),知足 最真杰作选,1.0,0.0
12353,386028,算,v,1,10,38247,知足 最真杰作选,精选辑,2005-08-26,25,垃圾车 (朋友版),知足 最真杰作选,1.0,0.0
12354,386028,坏人,n,1,10,38247,知足 最真杰作选,精选辑,2005-08-26,25,垃圾车 (朋友版),知足 最真杰作选,1.0,0.0
12355,386028,好,a,1,10,38247,知足 最真杰作选,精选辑,2005-08-26,25,垃圾车 (朋友版),知足 最真杰作选,1.0,0.0
12356,386028,命,n,1,10,38247,知足 最真杰作选,精选辑,2005-08-26,25,垃圾车 (朋友版),知足 最真杰作选,1.0,0.0
12357,386028,走路,n,1,10,38247,知足 最真杰作选,精选辑,2005-08-26,25,垃圾车 (朋友版),知足 最真杰作选,1.0,0.0
12358,386028,坐车,v,1,10,38247,知足 最真杰作选,精选辑,2005-08-26,25,垃圾车 (朋友版),知足 最真杰作选,1.0,0.0
12359,386028,吃饭,v,1,10,38247,知足 最真杰作选,精选辑,2005-08-26,25,垃圾车 (朋友版),知足 最真杰作选,1.0,0.0
12360,386028,洗碗,n,1,10,38247,知足 最真杰作选,精选辑,2005-08-26,25,垃圾车 (朋友版),知足 最真杰作选,1.0,0.0
12361,386028,被,p,1,10,38247,知足 最真杰作选,精选辑,2005-08-26,25,垃圾车 (朋友版),知足 最真杰作选,1.0,0.0
12362,386028,欺负,v,1,10,38247,知足 最真杰作选,精选辑,2005-08-26,25,垃圾车 (朋友版),知足 最真杰作选,1.0,0.0
12363,386028,拼命,v,1,10,38247,知足 最真杰作选,精选辑,2005-08-26,25,垃圾车 (朋友版),知足 最真杰作选,1.0,0.0
12364,386028,为了,p,1,10,38247,知足 最真杰作选,精选辑,2005-08-26,25,垃圾车 (朋友版),知足 最真杰作选,1.0,0.0
12365,386028,爽,nr,1,10,38247,知足 最真杰作选,精选辑,2005-08-26,25,垃圾车 (朋友版),知足 最真杰作选,1.0,0.0
12366,386028,可以,c,1,10,38247,知足 最真杰作选,精选辑,2005-08-26,25,垃圾车 (朋友版),知足 最真杰作选,1.0,0.0
12367,386028,艰苦,a,1,10,38247,知足 最真杰作选,精选辑,2005-08-26,25,垃圾车 (朋友版),知足 最真杰作选,1.0,0.0
12368,386028,因为,c,1,10,38247,知足 最真杰作选,精选辑,2005-08-26,25,垃圾车 (朋友版),知足 最真杰作选,1.0,0.0
12369,386028,缘分,n,1,10,38247,知足 最真杰作选,精选辑,2005-08-26,25,垃圾车 (朋友版),知足 最真杰作选,1.0,0.0
12370,386028,不可,v,1,10,38247,知足 最真杰作选,精选辑,2005-08-26,25,垃圾车 (朋友版),知足 最真杰作选,1.0,0.0
12371,386028,散,v,1,10,38247,知足 最真杰作选,精选辑,2005-08-26,25,垃圾车 (朋友版),知足 最真杰作选,1.0,0.0
12372,386028,感情,n,1,10,38247,知足 最真杰作选,精选辑,2005-08-26,25,垃圾车 (朋友版),知足 最真杰作选,1.0,0.0
12373,386028,想要,v,1,10,38247,知足 最真杰作选,精选辑,2005-08-26,25,垃圾车 (朋友版),知足 最真杰作选,1.0,0.0
12374,386028,满,a,1,10,38247,知足 最真杰作选,精选辑,2005-08-26,25,垃圾车 (朋友版),知足 最真杰作选,1.0,0.0
12375,386028,杯底,n,1,10,38247,知足 最真杰作选,精选辑,2005-08-26,25,垃圾车 (朋友版),知足 最真杰作选,1.0,0.0
12376,386028,这,r,1,10,38247,知足 最真杰作选,精选辑,2005-08-26,25,垃圾车 (朋友版),知足 最真杰作选,1.0,0.0
12377,386028,杯,q,1,10,38247,知足 最真杰作选,精选辑,2005-08-26,25,垃圾车 (朋友版),知足 最真杰作选,1.0,0.0
12378,386028,要,v,1,10,38247,知足 最真杰作选,精选辑,2005-08-26,25,垃圾车 (朋友版),知足 最真杰作选,1.0,0.0
12379,386028,喝到,v,1,10,38247,知足 最真杰作选,精选辑,2005-08-26,25,垃圾车 (朋友版),知足 最真杰作选,1.0,0.0
12380,386028,整箱,n,1,10,38247,知足 最真杰作选,精选辑,2005-08-26,25,垃圾车 (朋友版),知足 最真杰作选,1.0,0.0
12381,386028,.....,m,1,10,38247,知足 最真杰作选,精选辑,2005-08-26,25,垃圾车 (朋友版),知足 最真杰作选,1.0,0.0
12382,386040,我,r,33,10,38247,知足 最真杰作选,精选辑,2005-08-26,30,咸鱼,知足 最真杰作选,1.0,0.0
12383,386040,有,v,14,10,38247,知足 最真杰作选,精选辑,2005-08-26,30,咸鱼,知足 最真杰作选,1.0,0.0
12384,386040,的,uj,12,10,38247,知足 最真杰作选,精选辑,2005-08-26,30,咸鱼,知足 最真杰作选,1.0,0.0
12385,386040,梦,n,12,10,38247,知足 最真杰作选,精选辑,2005-08-26,30,咸鱼,知足 最真杰作选,1.0,0.0
12386,386040,是,v,7,10,38247,知足 最真杰作选,精选辑,2005-08-26,30,咸鱼,知足 最真杰作选,1.0,0.0
12387,386040,会,v,6,10,38247,知足 最真杰作选,精选辑,2005-08-26,30,咸鱼,知足 最真杰作选,1.0,0.0
12388,386040,如果,c,6,10,38247,知足 最真杰作选,精选辑,2005-08-26,30,咸鱼,知足 最真杰作选,1.0,0.0
12389,386040,明白,nr,6,10,38247,知足 最真杰作选,精选辑,2005-08-26,30,咸鱼,知足 最真杰作选,1.0,0.0
12390,386040,疯,a,6,10,38247,知足 最真杰作选,精选辑,2005-08-26,30,咸鱼,知足 最真杰作选,1.0,0.0
12391,386040,咸鱼,n,5,10,38247,知足 最真杰作选,精选辑,2005-08-26,30,咸鱼,知足 最真杰作选,1.0,0.0
12392,386040,也,d,4,10,38247,知足 最真杰作选,精选辑,2005-08-26,30,咸鱼,知足 最真杰作选,1.0,0.0
12393,386040,错,v,4,10,38247,知足 最真杰作选,精选辑,2005-08-26,30,咸鱼,知足 最真杰作选,1.0,0.0
12394,386040,英雄,ns,4,10,38247,知足 最真杰作选,精选辑,2005-08-26,30,咸鱼,知足 最真杰作选,1.0,0.0
12395,386040,天真,nz,3,10,38247,知足 最真杰作选,精选辑,2005-08-26,30,咸鱼,知足 最真杰作选,1.0,0.0
12396,386040,不,d,3,10,38247,知足 最真杰作选,精选辑,2005-08-26,30,咸鱼,知足 最真杰作选,1.0,0.0
12397,386040,却,d,3,10,38247,知足 最真杰作选,精选辑,2005-08-26,30,咸鱼,知足 最真杰作选,1.0,0.0
12398,386040,一生,m,3,10,38247,知足 最真杰作选,精选辑,2005-08-26,30,咸鱼,知足 最真杰作选,1.0,0.0
12399,386040,有没有,v,3,10,38247,知足 最真杰作选,精选辑,2005-08-26,30,咸鱼,知足 最真杰作选,1.0,0.0
12400,386040,错过,v,3,10,38247,知足 最真杰作选,精选辑,2005-08-26,30,咸鱼,知足 最真杰作选,1.0,0.0
12401,386040,才,d,3,10,38247,知足 最真杰作选,精选辑,2005-08-26,30,咸鱼,知足 最真杰作选,1.0,0.0
12402,386040,更加,d,3,10,38247,知足 最真杰作选,精选辑,2005-08-26,30,咸鱼,知足 最真杰作选,1.0,0.0
12403,386040,坚持,v,3,10,38247,知足 最真杰作选,精选辑,2005-08-26,30,咸鱼,知足 最真杰作选,1.0,0.0
12404,386040,什么,r,3,10,38247,知足 最真杰作选,精选辑,2005-08-26,30,咸鱼,知足 最真杰作选,1.0,0.0
12405,386040,要够,v,3,10,38247,知足 最真杰作选,精选辑,2005-08-26,30,咸鱼,知足 最真杰作选,1.0,0.0
12406,386040,够,v,3,10,38247,知足 最真杰作选,精选辑,2005-08-26,30,咸鱼,知足 最真杰作选,1.0,0.0
12407,386040,才能,v,3,10,38247,知足 最真杰作选,精选辑,2005-08-26,30,咸鱼,知足 最真杰作选,1.0,0.0
12408,386040,变成,v,3,10,38247,知足 最真杰作选,精选辑,2005-08-26,30,咸鱼,知足 最真杰作选,1.0,0.0
12409,386040,总会,n,3,10,38247,知足 最真杰作选,精选辑,2005-08-26,30,咸鱼,知足 最真杰作选,1.0,0.0
12410,386040,一篇,m,3,10,38247,知足 最真杰作选,精选辑,2005-08-26,30,咸鱼,知足 最真杰作选,1.0,0.0
12411,386040,传说,n,3,10,38247,知足 最真杰作选,精选辑,2005-08-26,30,咸鱼,知足 最真杰作选,1.0,0.0
12412,386040,翻身,v,2,10,38247,知足 最真杰作选,精选辑,2005-08-26,30,咸鱼,知足 最真杰作选,1.0,0.0
12413,386040,没有,v,2,10,38247,知足 最真杰作选,精选辑,2005-08-26,30,咸鱼,知足 最真杰作选,1.0,0.0
12414,386040,任何,r,2,10,38247,知足 最真杰作选,精选辑,2005-08-26,30,咸鱼,知足 最真杰作选,1.0,0.0
12415,386040,天分,n,2,10,38247,知足 最真杰作选,精选辑,2005-08-26,30,咸鱼,知足 最真杰作选,1.0,0.0
12416,386040,傻,a,2,10,38247,知足 最真杰作选,精选辑,2005-08-26,30,咸鱼,知足 最真杰作选,1.0,0.0
12417,386040,不是,c,2,10,38247,知足 最真杰作选,精选辑,2005-08-26,30,咸鱼,知足 最真杰作选,1.0,0.0
12418,386040,蠢,a,2,10,38247,知足 最真杰作选,精选辑,2005-08-26,30,咸鱼,知足 最真杰作选,1.0,0.0
12419,386040,将,d,2,10,38247,知足 最真杰作选,精选辑,2005-08-26,30,咸鱼,知足 最真杰作选,1.0,0.0
12420,386040,证明,n,2,10,38247,知足 最真杰作选,精选辑,2005-08-26,30,咸鱼,知足 最真杰作选,1.0,0.0
12421,386040,用,p,2,10,38247,知足 最真杰作选,精选辑,2005-08-26,30,咸鱼,知足 最真杰作选,1.0,0.0
12422,386040,天空,n,2,10,38247,知足 最真杰作选,精选辑,2005-08-26,30,咸鱼,知足 最真杰作选,1.0,0.0
12423,386040,知道,v,2,10,38247,知足 最真杰作选,精选辑,2005-08-26,30,咸鱼,知足 最真杰作选,1.0,0.0
12424,386040,你,r,2,10,38247,知足 最真杰作选,精选辑,2005-08-26,30,咸鱼,知足 最真杰作选,1.0,0.0
12425,386040,懂,v,2,10,38247,知足 最真杰作选,精选辑,2005-08-26,30,咸鱼,知足 最真杰作选,1.0,0.0
12426,386040,一只,m,1,10,38247,知足 最真杰作选,精选辑,2005-08-26,30,咸鱼,知足 最真杰作选,1.0,0.0
12427,386040,不想,v,1,10,38247,知足 最真杰作选,精选辑,2005-08-26,30,咸鱼,知足 最真杰作选,1.0,0.0
12428,386040,承认,v,1,10,38247,知足 最真杰作选,精选辑,2005-08-26,30,咸鱼,知足 最真杰作选,1.0,0.0
12429,386040,不能,v,1,10,38247,知足 最真杰作选,精选辑,2005-08-26,30,咸鱼,知足 最真杰作选,1.0,0.0
12430,386040,否认,v,1,10,38247,知足 最真杰作选,精选辑,2005-08-26,30,咸鱼,知足 最真杰作选,1.0,0.0
12431,386040,不要,df,1,10,38247,知足 最真杰作选,精选辑,2005-08-26,30,咸鱼,知足 最真杰作选,1.0,0.0
12432,386040,同情,n,1,10,38247,知足 最真杰作选,精选辑,2005-08-26,30,咸鱼,知足 最真杰作选,1.0,0.0
12433,386040,笨,a,1,10,38247,知足 最真杰作选,精选辑,2005-08-26,30,咸鱼,知足 最真杰作选,1.0,0.0
12434,386040,又,d,1,10,38247,知足 最真杰作选,精选辑,2005-08-26,30,咸鱼,知足 最真杰作选,1.0,0.0
12435,386040,夸,v,1,10,38247,知足 最真杰作选,精选辑,2005-08-26,30,咸鱼,知足 最真杰作选,1.0,0.0
12436,386040,还,d,1,10,38247,知足 最真杰作选,精选辑,2005-08-26,30,咸鱼,知足 最真杰作选,1.0,0.0
12437,386040,梦想,n,1,10,38247,知足 最真杰作选,精选辑,2005-08-26,30,咸鱼,知足 最真杰作选,1.0,0.0
12438,386040,着,uz,1,10,38247,知足 最真杰作选,精选辑,2005-08-26,30,咸鱼,知足 最真杰作选,1.0,0.0
12439,386040,就算,v,1,10,38247,知足 最真杰作选,精选辑,2005-08-26,30,咸鱼,知足 最真杰作选,1.0,0.0
12440,386040,还是,c,1,10,38247,知足 最真杰作选,精选辑,2005-08-26,30,咸鱼,知足 最真杰作选,1.0,0.0
12441,386040,只,d,1,10,38247,知足 最真杰作选,精选辑,2005-08-26,30,咸鱼,知足 最真杰作选,1.0,0.0
12442,386040,输得,v,1,10,38247,知足 最真杰作选,精选辑,2005-08-26,30,咸鱼,知足 最真杰作选,1.0,0.0
12443,386040,诚恳,a,1,10,38247,知足 最真杰作选,精选辑,2005-08-26,30,咸鱼,知足 最真杰作选,1.0,0.0
12444,386040,至少,d,1,10,38247,知足 最真杰作选,精选辑,2005-08-26,30,咸鱼,知足 最真杰作选,1.0,0.0
12445,386040,到,v,1,10,38247,知足 最真杰作选,精选辑,2005-08-26,30,咸鱼,知足 最真杰作选,1.0,0.0
12446,386040,最后,f,1,10,38247,知足 最真杰作选,精选辑,2005-08-26,30,咸鱼,知足 最真杰作选,1.0,0.0
12447,386040,还有,v,1,10,38247,知足 最真杰作选,精选辑,2005-08-26,30,咸鱼,知足 最真杰作选,1.0,0.0
12448,386040,腐烂,a,1,10,38247,知足 最真杰作选,精选辑,2005-08-26,30,咸鱼,知足 最真杰作选,1.0,0.0
12449,386040,自尊,v,1,10,38247,知足 最真杰作选,精选辑,2005-08-26,30,咸鱼,知足 最真杰作选,1.0,0.0
12450,386040,不好,d,1,10,38247,知足 最真杰作选,精选辑,2005-08-26,30,咸鱼,知足 最真杰作选,1.0,0.0
12451,386040,不坏,v,1,10,38247,知足 最真杰作选,精选辑,2005-08-26,30,咸鱼,知足 最真杰作选,1.0,0.0
12452,386040,特别,d,1,10,38247,知足 最真杰作选,精选辑,2005-08-26,30,咸鱼,知足 最真杰作选,1.0,0.0
12453,386040,出众,n,1,10,38247,知足 最真杰作选,精选辑,2005-08-26,30,咸鱼,知足 最真杰作选,1.0,0.0
12454,386040,只是,c,1,10,38247,知足 最真杰作选,精选辑,2005-08-26,30,咸鱼,知足 最真杰作选,1.0,0.0
12455,386040,敢,v,1,10,38247,知足 最真杰作选,精选辑,2005-08-26,30,咸鱼,知足 最真杰作选,1.0,0.0
12456,386040,不同,a,1,10,38247,知足 最真杰作选,精选辑,2005-08-26,30,咸鱼,知足 最真杰作选,1.0,0.0
12457,386040,人生,n,1,10,38247,知足 最真杰作选,精选辑,2005-08-26,30,咸鱼,知足 最真杰作选,1.0,0.0
12458,386040,就是,d,1,10,38247,知足 最真杰作选,精选辑,2005-08-26,30,咸鱼,知足 最真杰作选,1.0,0.0
12459,386040,一错再错,i,1,10,38247,知足 最真杰作选,精选辑,2005-08-26,30,咸鱼,知足 最真杰作选,1.0,0.0
12460,386040,完,v,1,10,38247,知足 最真杰作选,精选辑,2005-08-26,30,咸鱼,知足 最真杰作选,1.0,0.0
12461,386040,了,ul,1,10,38247,知足 最真杰作选,精选辑,2005-08-26,30,咸鱼,知足 最真杰作选,1.0,0.0
12462,386040,再,d,1,10,38247,知足 最真杰作选,精选辑,2005-08-26,30,咸鱼,知足 最真杰作选,1.0,0.0
12463,386040,从头,v,1,10,38247,知足 最真杰作选,精选辑,2005-08-26,30,咸鱼,知足 最真杰作选,1.0,0.0
12464,386040,也许,d,1,10,38247,知足 最真杰作选,精选辑,2005-08-26,30,咸鱼,知足 最真杰作选,1.0,0.0
12465,386040,放弃,v,1,10,38247,知足 最真杰作选,精选辑,2005-08-26,30,咸鱼,知足 最真杰作选,1.0,0.0
12466,386040,掉,zg,1,10,38247,知足 最真杰作选,精选辑,2005-08-26,30,咸鱼,知足 最真杰作选,1.0,0.0
12467,386040,一些,m,1,10,38247,知足 最真杰作选,精选辑,2005-08-26,30,咸鱼,知足 最真杰作选,1.0,0.0
12468,386040,活得,v,1,10,38247,知足 最真杰作选,精选辑,2005-08-26,30,咸鱼,知足 最真杰作选,1.0,0.0
12469,386040,更,d,1,10,38247,知足 最真杰作选,精选辑,2005-08-26,30,咸鱼,知足 最真杰作选,1.0,0.0
12470,386040,轻松,a,1,10,38247,知足 最真杰作选,精选辑,2005-08-26,30,咸鱼,知足 最真杰作选,1.0,0.0
12471,386040,不再,d,1,10,38247,知足 最真杰作选,精选辑,2005-08-26,30,咸鱼,知足 最真杰作选,1.0,0.0
12472,386040,愿,v,1,10,38247,知足 最真杰作选,精选辑,2005-08-26,30,咸鱼,知足 最真杰作选,1.0,0.0
12473,386040,晒太阳,n,1,10,38247,知足 最真杰作选,精选辑,2005-08-26,30,咸鱼,知足 最真杰作选,1.0,0.0
12474,386040,吹风,v,1,10,38247,知足 最真杰作选,精选辑,2005-08-26,30,咸鱼,知足 最真杰作选,1.0,0.0
12475,386040,要,v,1,10,38247,知足 最真杰作选,精选辑,2005-08-26,30,咸鱼,知足 最真杰作选,1.0,0.0
12476,386040,一天,m,1,10,38247,知足 最真杰作选,精选辑,2005-08-26,30,咸鱼,知足 最真杰作选,1.0,0.0
12477,386040,做,v,1,10,38247,知足 最真杰作选,精选辑,2005-08-26,30,咸鱼,知足 最真杰作选,1.0,0.0
12478,386040,在,p,1,10,38247,知足 最真杰作选,精选辑,2005-08-26,30,咸鱼,知足 最真杰作选,1.0,0.0
12479,28181103,的,uj,22,11,2740205,步步 自选作品辑,精选辑,2013-12-30,1,步步,步步 自选作品辑,,
12480,28181103,你,r,13,11,2740205,步步 自选作品辑,精选辑,2013-12-30,1,步步,步步 自选作品辑,,
12481,28181103,在,p,10,11,2740205,步步 自选作品辑,精选辑,2013-12-30,1,步步,步步 自选作品辑,,
12482,28181103,一步步,m,9,11,2740205,步步 自选作品辑,精选辑,2013-12-30,1,步步,步步 自选作品辑,,
12483,28181103,我,r,8,11,2740205,步步 自选作品辑,精选辑,2013-12-30,1,步步,步步 自选作品辑,,
12484,28181103,里面,f,6,11,2740205,步步 自选作品辑,精选辑,2013-12-30,1,步步,步步 自选作品辑,,
12485,28181103,却,d,5,11,2740205,步步 自选作品辑,精选辑,2013-12-30,1,步步,步步 自选作品辑,,
12486,28181103,每,zg,5,11,2740205,步步 自选作品辑,精选辑,2013-12-30,1,步步,步步 自选作品辑,,
12487,28181103,当时,t,4,11,2740205,步步 自选作品辑,精选辑,2013-12-30,1,步步,步步 自选作品辑,,
12488,28181103,心愿,n,4,11,2740205,步步 自选作品辑,精选辑,2013-12-30,1,步步,步步 自选作品辑,,
12489,28181103,和,c,3,11,2740205,步步 自选作品辑,精选辑,2013-12-30,1,步步,步步 自选作品辑,,
12490,28181103,失去,v,3,11,2740205,步步 自选作品辑,精选辑,2013-12-30,1,步步,步步 自选作品辑,,
12491,28181103,风景,n,3,11,2740205,步步 自选作品辑,精选辑,2013-12-30,1,步步,步步 自选作品辑,,
12492,28181103,占据,v,3,11,2740205,步步 自选作品辑,精选辑,2013-12-30,1,步步,步步 自选作品辑,,
12493,28181103,了,ul,3,11,2740205,步步 自选作品辑,精选辑,2013-12-30,1,步步,步步 自选作品辑,,
12494,28181103,充满,a,3,11,2740205,步步 自选作品辑,精选辑,2013-12-30,1,步步,步步 自选作品辑,,
12495,28181103,回忆,v,3,11,2740205,步步 自选作品辑,精选辑,2013-12-30,1,步步,步步 自选作品辑,,
12496,28181103,走过,v,3,11,2740205,步步 自选作品辑,精选辑,2013-12-30,1,步步,步步 自选作品辑,,
12497,28181103,为,p,2,11,2740205,步步 自选作品辑,精选辑,2013-12-30,1,步步,步步 自选作品辑,,
12498,28181103,世界,n,2,11,2740205,步步 自选作品辑,精选辑,2013-12-30,1,步步,步步 自选作品辑,,
12499,28181103,爱,v,2,11,2740205,步步 自选作品辑,精选辑,2013-12-30,1,步步,步步 自选作品辑,,
12500,28181103,如果,c,2,11,2740205,步步 自选作品辑,精选辑,2013-12-30,1,步步,步步 自选作品辑,,
12501,28181103,不能,v,2,11,2740205,步步 自选作品辑,精选辑,2013-12-30,1,步步,步步 自选作品辑,,
12502,28181103,是不是,l,2,11,2740205,步步 自选作品辑,精选辑,2013-12-30,1,步步,步步 自选作品辑,,
12503,28181103,一条街,n,2,11,2740205,步步 自选作品辑,精选辑,2013-12-30,1,步步,步步 自选作品辑,,
12504,28181103,曾经,d,2,11,2740205,步步 自选作品辑,精选辑,2013-12-30,1,步步,步步 自选作品辑,,
12505,28181103,想念,v,2,11,2740205,步步 自选作品辑,精选辑,2013-12-30,1,步步,步步 自选作品辑,,
12506,28181103,脚下,f,2,11,2740205,步步 自选作品辑,精选辑,2013-12-30,1,步步,步步 自选作品辑,,
12507,28181103,蔓延,v,2,11,2740205,步步 自选作品辑,精选辑,2013-12-30,1,步步,步步 自选作品辑,,
12508,28181103,独自,d,2,11,2740205,步步 自选作品辑,精选辑,2013-12-30,1,步步,步步 自选作品辑,,
12509,28181103,流浪,v,2,11,2740205,步步 自选作品辑,精选辑,2013-12-30,1,步步,步步 自选作品辑,,
12510,28181103,海角,n,2,11,2740205,步步 自选作品辑,精选辑,2013-12-30,1,步步,步步 自选作品辑,,
12511,28181103,天边,s,2,11,2740205,步步 自选作品辑,精选辑,2013-12-30,1,步步,步步 自选作品辑,,
12512,28181103,孤单,a,2,11,2740205,步步 自选作品辑,精选辑,2013-12-30,1,步步,步步 自选作品辑,,
12513,28181103,有,v,2,11,2740205,步步 自选作品辑,精选辑,2013-12-30,1,步步,步步 自选作品辑,,
12514,28181103,多少,m,2,11,2740205,步步 自选作品辑,精选辑,2013-12-30,1,步步,步步 自选作品辑,,
12515,28181103,就,d,2,11,2740205,步步 自选作品辑,精选辑,2013-12-30,1,步步,步步 自选作品辑,,
12516,28181103,残缺,a,2,11,2740205,步步 自选作品辑,精选辑,2013-12-30,1,步步,步步 自选作品辑,,
12517,28181103,般,u,2,11,2740205,步步 自选作品辑,精选辑,2013-12-30,1,步步,步步 自选作品辑,,
12518,28181103,一步,m,2,11,2740205,步步 自选作品辑,精选辑,2013-12-30,1,步步,步步 自选作品辑,,
12519,28181103,眼泪,n,2,11,2740205,步步 自选作品辑,精选辑,2013-12-30,1,步步,步步 自选作品辑,,
12520,28181103,明天,t,2,11,2740205,步步 自选作品辑,精选辑,2013-12-30,1,步步,步步 自选作品辑,,
12521,28181103,完成,v,2,11,2740205,步步 自选作品辑,精选辑,2013-12-30,1,步步,步步 自选作品辑,,
12522,28181103,空无一人,i,1,11,2740205,步步 自选作品辑,精选辑,2013-12-30,1,步步,步步 自选作品辑,,
12523,28181103,大街,ns,1,11,2740205,步步 自选作品辑,精选辑,2013-12-30,1,步步,步步 自选作品辑,,
12524,28181103,闯入,v,1,11,2740205,步步 自选作品辑,精选辑,2013-12-30,1,步步,步步 自选作品辑,,
12525,28181103,无人,n,1,11,2740205,步步 自选作品辑,精选辑,2013-12-30,1,步步,步步 自选作品辑,,
12526,28181103,婚纱店,n,1,11,2740205,步步 自选作品辑,精选辑,2013-12-30,1,步步,步步 自选作品辑,,
12527,28181103,披上,v,1,11,2740205,步步 自选作品辑,精选辑,2013-12-30,1,步步,步步 自选作品辑,,
12528,28181103,雪白,z,1,11,2740205,步步 自选作品辑,精选辑,2013-12-30,1,步步,步步 自选作品辑,,
12529,28181103,誓言,n,1,11,2740205,步步 自选作品辑,精选辑,2013-12-30,1,步步,步步 自选作品辑,,
12530,28181103,已,d,1,11,2740205,步步 自选作品辑,精选辑,2013-12-30,1,步步,步步 自选作品辑,,
12531,28181103,灰飞烟灭,i,1,11,2740205,步步 自选作品辑,精选辑,2013-12-30,1,步步,步步 自选作品辑,,
12532,28181103,而,c,1,11,2740205,步步 自选作品辑,精选辑,2013-12-30,1,步步,步步 自选作品辑,,
12533,28181103,矗立,v,1,11,2740205,步步 自选作品辑,精选辑,2013-12-30,1,步步,步步 自选作品辑,,
12534,28181103,高楼,n,1,11,2740205,步步 自选作品辑,精选辑,2013-12-30,1,步步,步步 自选作品辑,,
12535,28181103,间,f,1,11,2740205,步步 自选作品辑,精选辑,2013-12-30,1,步步,步步 自选作品辑,,
12536,28181103,是,v,1,11,2740205,步步 自选作品辑,精选辑,2013-12-30,1,步步,步步 自选作品辑,,
12537,28181103,真的,d,1,11,2740205,步步 自选作品辑,精选辑,2013-12-30,1,步步,步步 自选作品辑,,
12538,28181103,或是,c,1,11,2740205,步步 自选作品辑,精选辑,2013-12-30,1,步步,步步 自选作品辑,,
12539,28181103,幻觉,n,1,11,2740205,步步 自选作品辑,精选辑,2013-12-30,1,步步,步步 自选作品辑,,
12540,28181103,时光,n,1,11,2740205,步步 自选作品辑,精选辑,2013-12-30,1,步步,步步 自选作品辑,,
12541,28181103,遗忘,v,1,11,2740205,步步 自选作品辑,精选辑,2013-12-30,1,步步,步步 自选作品辑,,
12542,28181103,背面,f,1,11,2740205,步步 自选作品辑,精选辑,2013-12-30,1,步步,步步 自选作品辑,,
12543,28181103,独坐,v,1,11,2740205,步步 自选作品辑,精选辑,2013-12-30,1,步步,步步 自选作品辑,,
12544,28181103,残破,v,1,11,2740205,步步 自选作品辑,精选辑,2013-12-30,1,步步,步步 自选作品辑,,
12545,28181103,台阶,n,1,11,2740205,步步 自选作品辑,精选辑,2013-12-30,1,步步,步步 自选作品辑,,
12546,28181103,哪个,r,1,11,2740205,步步 自选作品辑,精选辑,2013-12-30,1,步步,步步 自选作品辑,,
12547,28181103,乱世,v,1,11,2740205,步步 自选作品辑,精选辑,2013-12-30,1,步步,步步 自选作品辑,,
12548,28181103,没有,v,1,11,2740205,步步 自选作品辑,精选辑,2013-12-30,1,步步,步步 自选作品辑,,
12549,28181103,离别,v,1,11,2740205,步步 自选作品辑,精选辑,2013-12-30,1,步步,步步 自选作品辑,,
12550,28181103,天空,n,1,11,2740205,步步 自选作品辑,精选辑,2013-12-30,1,步步,步步 自选作品辑,,
12551,28181103,中间,f,1,11,2740205,步步 自选作品辑,精选辑,2013-12-30,1,步步,步步 自选作品辑,,
12552,28181103,只,d,1,11,2740205,步步 自选作品辑,精选辑,2013-12-30,1,步步,步步 自选作品辑,,
12553,28181103,剩,v,1,11,2740205,步步 自选作品辑,精选辑,2013-12-30,1,步步,步步 自选作品辑,,
12554,28181103,倾盆,n,1,11,2740205,步步 自选作品辑,精选辑,2013-12-30,1,步步,步步 自选作品辑,,
12555,28181103,思念,n,1,11,2740205,步步 自选作品辑,精选辑,2013-12-30,1,步步,步步 自选作品辑,,
12556,28181103,相识,v,1,11,2740205,步步 自选作品辑,精选辑,2013-12-30,1,步步,步步 自选作品辑,,
12557,28181103,相恋,v,1,11,2740205,步步 自选作品辑,精选辑,2013-12-30,1,步步,步步 自选作品辑,,
12558,28181103,还,d,1,11,2740205,步步 自选作品辑,精选辑,2013-12-30,1,步步,步步 自选作品辑,,
12559,28181103,不如,c,1,11,2740205,步步 自选作品辑,精选辑,2013-12-30,1,步步,步步 自选作品辑,,
12560,28181103,擦肩,v,1,11,2740205,步步 自选作品辑,精选辑,2013-12-30,1,步步,步步 自选作品辑,,
12561,28181103,格林威治,nr,1,11,2740205,步步 自选作品辑,精选辑,2013-12-30,1,步步,步步 自选作品辑,,
12562,28181103,大钟,m,1,11,2740205,步步 自选作品辑,精选辑,2013-12-30,1,步步,步步 自选作品辑,,
12563,28181103,前,f,1,11,2740205,步步 自选作品辑,精选辑,2013-12-30,1,步步,步步 自选作品辑,,
12564,28181103,归零,v,1,11,2740205,步步 自选作品辑,精选辑,2013-12-30,1,步步,步步 自选作品辑,,
12565,28181103,超载,v,1,11,2740205,步步 自选作品辑,精选辑,2013-12-30,1,步步,步步 自选作品辑,,
12566,28181103,伤悲,a,1,11,2740205,步步 自选作品辑,精选辑,2013-12-30,1,步步,步步 自选作品辑,,
12567,28181103,背著,v,1,11,2740205,步步 自选作品辑,精选辑,2013-12-30,1,步步,步步 自选作品辑,,
12568,28181103,诺言,nz,1,11,2740205,步步 自选作品辑,精选辑,2013-12-30,1,步步,步步 自选作品辑,,
12569,28181103,一起,m,1,11,2740205,步步 自选作品辑,精选辑,2013-12-30,1,步步,步步 自选作品辑,,
12570,28181103,计划,n,1,11,2740205,步步 自选作品辑,精选辑,2013-12-30,1,步步,步步 自选作品辑,,
12571,28181103,路线,n,1,11,2740205,步步 自选作品辑,精选辑,2013-12-30,1,步步,步步 自选作品辑,,
12572,28181103,对照,p,1,11,2740205,步步 自选作品辑,精选辑,2013-12-30,1,步步,步步 自选作品辑,,
12573,28181103,旅店,n,1,11,2740205,步步 自选作品辑,精选辑,2013-12-30,1,步步,步步 自选作品辑,,
12574,28181103,一声,m,1,11,2740205,步步 自选作品辑,精选辑,2013-12-30,1,步步,步步 自选作品辑,,
12575,28181103,晚安,n,1,11,2740205,步步 自选作品辑,精选辑,2013-12-30,1,步步,步步 自选作品辑,,
12576,28181103,又,d,1,11,2740205,步步 自选作品辑,精选辑,2013-12-30,1,步步,步步 自选作品辑,,
12577,28181103,唤醒,v,1,11,2740205,步步 自选作品辑,精选辑,2013-12-30,1,步步,步步 自选作品辑,,
12578,28181103,泪腺,n,1,11,2740205,步步 自选作品辑,精选辑,2013-12-30,1,步步,步步 自选作品辑,,
12579,28181103,时代广场,n,1,11,2740205,步步 自选作品辑,精选辑,2013-12-30,1,步步,步步 自选作品辑,,
12580,28181103,跨年,b,1,11,2740205,步步 自选作品辑,精选辑,2013-12-30,1,步步,步步 自选作品辑,,
12581,28181103,颐和,nz,1,11,2740205,步步 自选作品辑,精选辑,2013-12-30,1,步步,步步 自选作品辑,,
12582,28181103,花季,t,1,11,2740205,步步 自选作品辑,精选辑,2013-12-30,1,步步,步步 自选作品辑,,
12583,28181103,蓝天,nr,1,11,2740205,步步 自选作品辑,精选辑,2013-12-30,1,步步,步步 自选作品辑,,
12584,28181103,数着,m,1,11,2740205,步步 自选作品辑,精选辑,2013-12-30,1,步步,步步 自选作品辑,,
12585,28181103,愿望,v,1,11,2740205,步步 自选作品辑,精选辑,2013-12-30,1,步步,步步 自选作品辑,,
12586,28181103,指尖,n,1,11,2740205,步步 自选作品辑,精选辑,2013-12-30,1,步步,步步 自选作品辑,,
12587,28181103,后悔,v,1,11,2740205,步步 自选作品辑,精选辑,2013-12-30,1,步步,步步 自选作品辑,,
12588,28181103,后退,v,1,11,2740205,步步 自选作品辑,精选辑,2013-12-30,1,步步,步步 自选作品辑,,
12589,28181103,只能,v,1,11,2740205,步步 自选作品辑,精选辑,2013-12-30,1,步步,步步 自选作品辑,,
12590,28181103,往前,t,1,11,2740205,步步 自选作品辑,精选辑,2013-12-30,1,步步,步步 自选作品辑,,
12591,28181103,生,vn,1,11,2740205,步步 自选作品辑,精选辑,2013-12-30,1,步步,步步 自选作品辑,,
12592,28181103,如,v,1,11,2740205,步步 自选作品辑,精选辑,2013-12-30,1,步步,步步 自选作品辑,,
12593,28181103,浮萍,nr,1,11,2740205,步步 自选作品辑,精选辑,2013-12-30,1,步步,步步 自选作品辑,,
12594,28181103,卑微,a,1,11,2740205,步步 自选作品辑,精选辑,2013-12-30,1,步步,步步 自选作品辑,,
12595,28181103,苍穹,n,1,11,2740205,步步 自选作品辑,精选辑,2013-12-30,1,步步,步步 自选作品辑,,
12596,28181103,壮烈,a,1,11,2740205,步步 自选作品辑,精选辑,2013-12-30,1,步步,步步 自选作品辑,,
12597,28181103,要,v,1,11,2740205,步步 自选作品辑,精选辑,2013-12-30,1,步步,步步 自选作品辑,,
12598,28181103,爬,v,1,11,2740205,步步 自选作品辑,精选辑,2013-12-30,1,步步,步步 自选作品辑,,
12599,28181103,上,f,1,11,2740205,步步 自选作品辑,精选辑,2013-12-30,1,步步,步步 自选作品辑,,
12600,28181103,最险,a,1,11,2740205,步步 自选作品辑,精选辑,2013-12-30,1,步步,步步 自选作品辑,,
12601,28181103,山岳,ns,1,11,2740205,步步 自选作品辑,精选辑,2013-12-30,1,步步,步步 自选作品辑,,
12602,28181103,最,d,1,11,2740205,步步 自选作品辑,精选辑,2013-12-30,1,步步,步步 自选作品辑,,
12603,28181103,崎岖,a,1,11,2740205,步步 自选作品辑,精选辑,2013-12-30,1,步步,步步 自选作品辑,,
12604,28181103,眷恋,v,1,11,2740205,步步 自选作品辑,精选辑,2013-12-30,1,步步,步步 自选作品辑,,
12605,28181103,穿越,v,1,11,2740205,步步 自选作品辑,精选辑,2013-12-30,1,步步,步步 自选作品辑,,
12606,28181103,整个,b,1,11,2740205,步步 自选作品辑,精选辑,2013-12-30,1,步步,步步 自选作品辑,,
12607,28181103,一张,m,1,11,2740205,步步 自选作品辑,精选辑,2013-12-30,1,步步,步步 自选作品辑,,
12608,28181103,相片,n,1,11,2740205,步步 自选作品辑,精选辑,2013-12-30,1,步步,步步 自选作品辑,,
12609,28181103,一个,m,1,11,2740205,步步 自选作品辑,精选辑,2013-12-30,1,步步,步步 自选作品辑,,
12610,28181103,房间,n,1,11,2740205,步步 自选作品辑,精选辑,2013-12-30,1,步步,步步 自选作品辑,,
12611,28181103,一滴,m,1,11,2740205,步步 自选作品辑,精选辑,2013-12-30,1,步步,步步 自选作品辑,,
12612,28181103,独自一人,i,1,11,2740205,步步 自选作品辑,精选辑,2013-12-30,1,步步,步步 自选作品辑,,
12613,28181103,周旋,nr,1,11,2740205,步步 自选作品辑,精选辑,2013-12-30,1,步步,步步 自选作品辑,,
12614,28181103,走向,v,1,11,2740205,步步 自选作品辑,精选辑,2013-12-30,1,步步,步步 自选作品辑,,
12615,28181103,也许,d,1,11,2740205,步步 自选作品辑,精选辑,2013-12-30,1,步步,步步 自选作品辑,,
12616,28181103,来生,v,1,11,2740205,步步 自选作品辑,精选辑,2013-12-30,1,步步,步步 自选作品辑,,
12617,28181103,某个,r,1,11,2740205,步步 自选作品辑,精选辑,2013-12-30,1,步步,步步 自选作品辑,,
12618,28181103,我们,r,1,11,2740205,步步 自选作品辑,精选辑,2013-12-30,1,步步,步步 自选作品辑,,
12619,28181103,能,v,1,11,2740205,步步 自选作品辑,精选辑,2013-12-30,1,步步,步步 自选作品辑,,
12620,28181103,再,d,1,11,2740205,步步 自选作品辑,精选辑,2013-12-30,1,步步,步步 自选作品辑,,
12621,28181103,写,v,1,11,2740205,步步 自选作品辑,精选辑,2013-12-30,1,步步,步步 自选作品辑,,
12622,28181103,新,a,1,11,2740205,步步 自选作品辑,精选辑,2013-12-30,1,步步,步步 自选作品辑,,
12623,28181103,情节,n,1,11,2740205,步步 自选作品辑,精选辑,2013-12-30,1,步步,步步 自选作品辑,,
12624,28181103,最美,a,1,11,2740205,步步 自选作品辑,精选辑,2013-12-30,1,步步,步步 自选作品辑,,
12625,28181105,我,r,24,11,2740205,步步 自选作品辑,精选辑,2013-12-31,2,拥抱 (2013新录制作品),步步 自选作品辑,,
12626,28181105,的,uj,18,11,2740205,步步 自选作品辑,精选辑,2013-12-31,2,拥抱 (2013新录制作品),步步 自选作品辑,,
12627,28181105,爱,v,10,11,2740205,步步 自选作品辑,精选辑,2013-12-31,2,拥抱 (2013新录制作品),步步 自选作品辑,,
12628,28181105,吻,v,7,11,2740205,步步 自选作品辑,精选辑,2013-12-31,2,拥抱 (2013新录制作品),步步 自选作品辑,,
12629,28181105,那,r,5,11,2740205,步步 自选作品辑,精选辑,2013-12-31,2,拥抱 (2013新录制作品),步步 自选作品辑,,
12630,28181105,抱紧,v,5,11,2740205,步步 自选作品辑,精选辑,2013-12-31,2,拥抱 (2013新录制作品),步步 自选作品辑,,
12631,28181105,太,d,4,11,2740205,步步 自选作品辑,精选辑,2013-12-31,2,拥抱 (2013新录制作品),步步 自选作品辑,,
12632,28181105,你,r,4,11,2740205,步步 自选作品辑,精选辑,2013-12-31,2,拥抱 (2013新录制作品),步步 自选作品辑,,
12633,28181105,别,d,4,11,2740205,步步 自选作品辑,精选辑,2013-12-31,2,拥抱 (2013新录制作品),步步 自选作品辑,,
12634,28181105,走,v,4,11,2740205,步步 自选作品辑,精选辑,2013-12-31,2,拥抱 (2013新录制作品),步步 自选作品辑,,
12635,28181105,自己,r,4,11,2740205,步步 自选作品辑,精选辑,2013-12-31,2,拥抱 (2013新录制作品),步步 自选作品辑,,
12636,28181105,明天,t,3,11,2740205,步步 自选作品辑,精选辑,2013-12-31,2,拥抱 (2013新录制作品),步步 自选作品辑,,
12637,28181105,一个,m,3,11,2740205,步步 自选作品辑,精选辑,2013-12-31,2,拥抱 (2013新录制作品),步步 自选作品辑,,
12638,28181105,人,n,3,11,2740205,步步 自选作品辑,精选辑,2013-12-31,2,拥抱 (2013新录制作品),步步 自选作品辑,,
12639,28181105,将,d,3,11,2740205,步步 自选作品辑,精选辑,2013-12-31,2,拥抱 (2013新录制作品),步步 自选作品辑,,
12640,28181105,手,n,3,11,2740205,步步 自选作品辑,精选辑,2013-12-31,2,拥抱 (2013新录制作品),步步 自选作品辑,,
12641,28181105,紧握,v,3,11,2740205,步步 自选作品辑,精选辑,2013-12-31,2,拥抱 (2013新录制作品),步步 自选作品辑,,
12642,28181105,向,p,2,11,2740205,步步 自选作品辑,精选辑,2013-12-31,2,拥抱 (2013新录制作品),步步 自选作品辑,,
12643,28181105,让,v,2,11,2740205,步步 自选作品辑,精选辑,2013-12-31,2,拥抱 (2013新录制作品),步步 自选作品辑,,
12644,28181105,这,r,2,11,2740205,步步 自选作品辑,精选辑,2013-12-31,2,拥抱 (2013新录制作品),步步 自选作品辑,,
12645,28181105,是,v,2,11,2740205,步步 自选作品辑,精选辑,2013-12-31,2,拥抱 (2013新录制作品),步步 自选作品辑,,
12646,28181105,昨天,t,2,11,2740205,步步 自选作品辑,精选辑,2013-12-31,2,拥抱 (2013新录制作品),步步 自选作品辑,,
12647,28181105,近,a,2,11,2740205,步步 自选作品辑,精选辑,2013-12-31,2,拥抱 (2013新录制作品),步步 自选作品辑,,
12648,28181105,远,a,2,11,2740205,步步 自选作品辑,精选辑,2013-12-31,2,拥抱 (2013新录制作品),步步 自选作品辑,,
12649,28181105,默默,d,2,11,2740205,步步 自选作品辑,精选辑,2013-12-31,2,拥抱 (2013新录制作品),步步 自选作品辑,,
12650,28181105,聆听,v,2,11,2740205,步步 自选作品辑,精选辑,2013-12-31,2,拥抱 (2013新录制作品),步步 自选作品辑,,
12651,28181105,黑夜,n,2,11,2740205,步步 自选作品辑,精选辑,2013-12-31,2,拥抱 (2013新录制作品),步步 自选作品辑,,
12652,28181105,晚风,n,2,11,2740205,步步 自选作品辑,精选辑,2013-12-31,2,拥抱 (2013新录制作品),步步 自选作品辑,,
12653,28181105,尽,v,2,11,2740205,步步 自选作品辑,精选辑,2013-12-31,2,拥抱 (2013新录制作品),步步 自选作品辑,,
12654,28181105,荷花,n,2,11,2740205,步步 自选作品辑,精选辑,2013-12-31,2,拥抱 (2013新录制作品),步步 自选作品辑,,
12655,28181105,叶,nr,2,11,2740205,步步 自选作品辑,精选辑,2013-12-31,2,拥抱 (2013新录制作品),步步 自选作品辑,,
12656,28181105,任,v,2,11,2740205,步步 自选作品辑,精选辑,2013-12-31,2,拥抱 (2013新录制作品),步步 自选作品辑,,
12657,28181105,醉倒在,i,2,11,2740205,步步 自选作品辑,精选辑,2013-12-31,2,拥抱 (2013新录制作品),步步 自选作品辑,,
12658,28181105,池边,s,2,11,2740205,步步 自选作品辑,精选辑,2013-12-31,2,拥抱 (2013新录制作品),步步 自选作品辑,,
12659,28181105,等,u,2,11,2740205,步步 自选作品辑,精选辑,2013-12-31,2,拥抱 (2013新录制作品),步步 自选作品辑,,
12660,28181105,清楚,a,2,11,2740205,步步 自选作品辑,精选辑,2013-12-31,2,拥抱 (2013新录制作品),步步 自选作品辑,,
12661,28181105,看见,v,2,11,2740205,步步 自选作品辑,精选辑,2013-12-31,2,拥抱 (2013新录制作品),步步 自选作品辑,,
12662,28181105,美,ns,2,11,2740205,步步 自选作品辑,精选辑,2013-12-31,2,拥抱 (2013新录制作品),步步 自选作品辑,,
12663,28181105,月光,n,2,11,2740205,步步 自选作品辑,精选辑,2013-12-31,2,拥抱 (2013新录制作品),步步 自选作品辑,,
12664,28181105,晒干,n,2,11,2740205,步步 自选作品辑,精选辑,2013-12-31,2,拥抱 (2013新录制作品),步步 自选作品辑,,
12665,28181105,眼泪,n,2,11,2740205,步步 自选作品辑,精选辑,2013-12-31,2,拥抱 (2013新录制作品),步步 自选作品辑,,
12666,28181105,就算,v,2,11,2740205,步步 自选作品辑,精选辑,2013-12-31,2,拥抱 (2013新录制作品),步步 自选作品辑,,
12667,28181105,脱,v,1,11,2740205,步步 自选作品辑,精选辑,2013-12-31,2,拥抱 (2013新录制作品),步步 自选作品辑,,
12668,28181105,下长,v,1,11,2740205,步步 自选作品辑,精选辑,2013-12-31,2,拥抱 (2013新录制作品),步步 自选作品辑,,
12669,28181105,日,m,1,11,2740205,步步 自选作品辑,精选辑,2013-12-31,2,拥抱 (2013新录制作品),步步 自选作品辑,,
12670,28181105,假面,c,1,11,2740205,步步 自选作品辑,精选辑,2013-12-31,2,拥抱 (2013新录制作品),步步 自选作品辑,,
12671,28181105,奔,zg,1,11,2740205,步步 自选作品辑,精选辑,2013-12-31,2,拥抱 (2013新录制作品),步步 自选作品辑,,
12672,28181105,梦幻,n,1,11,2740205,步步 自选作品辑,精选辑,2013-12-31,2,拥抱 (2013新录制作品),步步 自选作品辑,,
12673,28181105,疆界,n,1,11,2740205,步步 自选作品辑,精选辑,2013-12-31,2,拥抱 (2013新录制作品),步步 自选作品辑,,
12674,28181105,南瓜,ns,1,11,2740205,步步 自选作品辑,精选辑,2013-12-31,2,拥抱 (2013新录制作品),步步 自选作品辑,,
12675,28181105,马车,n,1,11,2740205,步步 自选作品辑,精选辑,2013-12-31,2,拥抱 (2013新录制作品),步步 自选作品辑,,
12676,28181105,午夜,t,1,11,2740205,步步 自选作品辑,精选辑,2013-12-31,2,拥抱 (2013新录制作品),步步 自选作品辑,,
12677,28181105,换上,v,1,11,2740205,步步 自选作品辑,精选辑,2013-12-31,2,拥抱 (2013新录制作品),步步 自选作品辑,,
12678,28181105,童话,n,1,11,2740205,步步 自选作品辑,精选辑,2013-12-31,2,拥抱 (2013新录制作品),步步 自选作品辑,,
12679,28181105,玻璃,n,1,11,2740205,步步 自选作品辑,精选辑,2013-12-31,2,拥抱 (2013新录制作品),步步 自选作品辑,,
12680,28181105,鞋,n,1,11,2740205,步步 自选作品辑,精选辑,2013-12-31,2,拥抱 (2013新录制作品),步步 自选作品辑,,
12681,28181105,享受,v,1,11,2740205,步步 自选作品辑,精选辑,2013-12-31,2,拥抱 (2013新录制作品),步步 自选作品辑,,
12682,28181105,感觉,n,1,11,2740205,步步 自选作品辑,精选辑,2013-12-31,2,拥抱 (2013新录制作品),步步 自选作品辑,,
12683,28181105,孤傲,a,1,11,2740205,步步 自选作品辑,精选辑,2013-12-31,2,拥抱 (2013新录制作品),步步 自选作品辑,,
12684,28181105,蔷薇,n,1,11,2740205,步步 自选作品辑,精选辑,2013-12-31,2,拥抱 (2013新录制作品),步步 自选作品辑,,
12685,28181105,品尝,v,1,11,2740205,步步 自选作品辑,精选辑,2013-12-31,2,拥抱 (2013新录制作品),步步 自选作品辑,,
12686,28181105,滋味,n,1,11,2740205,步步 自选作品辑,精选辑,2013-12-31,2,拥抱 (2013新录制作品),步步 自选作品辑,,
12687,28181105,纷乱,d,1,11,2740205,步步 自选作品辑,精选辑,2013-12-31,2,拥抱 (2013新录制作品),步步 自选作品辑,,
12688,28181105,世界,n,1,11,2740205,步步 自选作品辑,精选辑,2013-12-31,2,拥抱 (2013新录制作品),步步 自选作品辑,,
12689,28181105,不,a,1,11,2740205,步步 自选作品辑,精选辑,2013-12-31,2,拥抱 (2013新录制作品),步步 自选作品辑,,
12690,28181105,了解,v,1,11,2740205,步步 自选作品辑,精选辑,2013-12-31,2,拥抱 (2013新录制作品),步步 自选作品辑,,
12691,28181105,哪,r,1,11,2740205,步步 自选作品辑,精选辑,2013-12-31,2,拥抱 (2013新录制作品),步步 自选作品辑,,
12692,28181105,隐藏,v,1,11,2740205,步步 自选作品辑,精选辑,2013-12-31,2,拥抱 (2013新录制作品),步步 自选作品辑,,
12693,28181105,疲倦,a,1,11,2740205,步步 自选作品辑,精选辑,2013-12-31,2,拥抱 (2013新录制作品),步步 自选作品辑,,
12694,28181105,表达,v,1,11,2740205,步步 自选作品辑,精选辑,2013-12-31,2,拥抱 (2013新录制作品),步步 自选作品辑,,
12695,28181105,狼狈,an,1,11,2740205,步步 自选作品辑,精选辑,2013-12-31,2,拥抱 (2013新录制作品),步步 自选作品辑,,
12696,28181105,放纵,v,1,11,2740205,步步 自选作品辑,精选辑,2013-12-31,2,拥抱 (2013新录制作品),步步 自选作品辑,,
12697,28181105,狂野,n,1,11,2740205,步步 自选作品辑,精选辑,2013-12-31,2,拥抱 (2013新录制作品),步步 自选作品辑,,
12698,28181105,找寻,v,1,11,2740205,步步 自选作品辑,精选辑,2013-12-31,2,拥抱 (2013新录制作品),步步 自选作品辑,,
12699,28181105,要求,v,1,11,2740205,步步 自选作品辑,精选辑,2013-12-31,2,拥抱 (2013新录制作品),步步 自选作品辑,,
12700,28181105,誓言,n,1,11,2740205,步步 自选作品辑,精选辑,2013-12-31,2,拥抱 (2013新录制作品),步步 自选作品辑,,
12701,28181105,谎言,n,1,11,2740205,步步 自选作品辑,精选辑,2013-12-31,2,拥抱 (2013新录制作品),步步 自选作品辑,,
12702,28181105,需要,v,1,11,2740205,步步 自选作品辑,精选辑,2013-12-31,2,拥抱 (2013新录制作品),步步 自选作品辑,,
12703,28181105,慰藉,v,1,11,2740205,步步 自选作品辑,精选辑,2013-12-31,2,拥抱 (2013新录制作品),步步 自选作品辑,,
12704,28181105,已,d,1,11,2740205,步步 自选作品辑,精选辑,2013-12-31,2,拥抱 (2013新录制作品),步步 自选作品辑,,
12705,28181105,如,v,1,11,2740205,步步 自选作品辑,精选辑,2013-12-31,2,拥抱 (2013新录制作品),步步 自选作品辑,,
12706,28181105,潮水,n,1,11,2740205,步步 自选作品辑,精选辑,2013-12-31,2,拥抱 (2013新录制作品),步步 自选作品辑,,
12707,28181107,了,ul,29,11,2740205,步步 自选作品辑,精选辑,2014-01-01,3,伤心的人别听慢歌(贯彻快乐),步步 自选作品辑,,
12708,28181107,的,uj,22,11,2740205,步步 自选作品辑,精选辑,2014-01-01,3,伤心的人别听慢歌(贯彻快乐),步步 自选作品辑,,
12709,28181107,谁,r,14,11,2740205,步步 自选作品辑,精选辑,2014-01-01,3,伤心的人别听慢歌(贯彻快乐),步步 自选作品辑,,
12710,28181107,是,v,13,11,2740205,步步 自选作品辑,精选辑,2014-01-01,3,伤心的人别听慢歌(贯彻快乐),步步 自选作品辑,,
12711,28181107,我,r,13,11,2740205,步步 自选作品辑,精选辑,2014-01-01,3,伤心的人别听慢歌(贯彻快乐),步步 自选作品辑,,
12712,28181107,你,r,11,11,2740205,步步 自选作品辑,精选辑,2014-01-01,3,伤心的人别听慢歌(贯彻快乐),步步 自选作品辑,,
12713,28181107,不管,c,10,11,2740205,步步 自选作品辑,精选辑,2014-01-01,3,伤心的人别听慢歌(贯彻快乐),步步 自选作品辑,,
12714,28181107,快乐,a,9,11,2740205,步步 自选作品辑,精选辑,2014-01-01,3,伤心的人别听慢歌(贯彻快乐),步步 自选作品辑,,
12715,28181107,动次动次,nz,9,11,2740205,步步 自选作品辑,精选辑,2014-01-01,3,伤心的人别听慢歌(贯彻快乐),步步 自选作品辑,,
12716,28181107,着,uz,9,11,2740205,步步 自选作品辑,精选辑,2014-01-01,3,伤心的人别听慢歌(贯彻快乐),步步 自选作品辑,,
12717,28181107,oh,eng,8,11,2740205,步步 自选作品辑,精选辑,2014-01-01,3,伤心的人别听慢歌(贯彻快乐),步步 自选作品辑,,
12718,28181107,都,d,7,11,2740205,步步 自选作品辑,精选辑,2014-01-01,3,伤心的人别听慢歌(贯彻快乐),步步 自选作品辑,,
12719,28181107,反正,d,6,11,2740205,步步 自选作品辑,精选辑,2014-01-01,3,伤心的人别听慢歌(贯彻快乐),步步 自选作品辑,,
12720,28181107,让,v,6,11,2740205,步步 自选作品辑,精选辑,2014-01-01,3,伤心的人别听慢歌(贯彻快乐),步步 自选作品辑,,
12721,28181107,听,v,5,11,2740205,步步 自选作品辑,精选辑,2014-01-01,3,伤心的人别听慢歌(贯彻快乐),步步 自选作品辑,,
12722,28181107,歌,n,5,11,2740205,步步 自选作品辑,精选辑,2014-01-01,3,伤心的人别听慢歌(贯彻快乐),步步 自选作品辑,,
12723,28181107,不要,df,5,11,2740205,步步 自选作品辑,精选辑,2014-01-01,3,伤心的人别听慢歌(贯彻快乐),步步 自选作品辑,,
12724,28181107,慢,a,4,11,2740205,步步 自选作品辑,精选辑,2014-01-01,3,伤心的人别听慢歌(贯彻快乐),步步 自选作品辑,,
12725,28181107,错,v,4,11,2740205,步步 自选作品辑,精选辑,2014-01-01,3,伤心的人别听慢歌(贯彻快乐),步步 自选作品辑,,
12726,28181107,自己,r,4,11,2740205,步步 自选作品辑,精选辑,2014-01-01,3,伤心的人别听慢歌(贯彻快乐),步步 自选作品辑,,
12727,28181107,不想,v,4,11,2740205,步步 自选作品辑,精选辑,2014-01-01,3,伤心的人别听慢歌(贯彻快乐),步步 自选作品辑,,
12728,28181107,不等,a,4,11,2740205,步步 自选作品辑,精选辑,2014-01-01,3,伤心的人别听慢歌(贯彻快乐),步步 自选作品辑,,
12729,28181107,太,d,3,11,2740205,步步 自选作品辑,精选辑,2014-01-01,3,伤心的人别听慢歌(贯彻快乐),步步 自选作品辑,,
12730,28181107,心,n,3,11,2740205,步步 自选作品辑,精选辑,2014-01-01,3,伤心的人别听慢歌(贯彻快乐),步步 自选作品辑,,
12731,28181107,跳动,vn,3,11,2740205,步步 自选作品辑,精选辑,2014-01-01,3,伤心的人别听慢歌(贯彻快乐),步步 自选作品辑,,
12732,28181107,次动次,b,3,11,2740205,步步 自选作品辑,精选辑,2014-01-01,3,伤心的人别听慢歌(贯彻快乐),步步 自选作品辑,,
12733,28181107,感觉,n,3,11,2740205,步步 自选作品辑,精选辑,2014-01-01,3,伤心的人别听慢歌(贯彻快乐),步步 自选作品辑,,
12734,28181107,活着,v,3,11,2740205,步步 自选作品辑,精选辑,2014-01-01,3,伤心的人别听慢歌(贯彻快乐),步步 自选作品辑,,
12735,28181107,站,v,3,11,2740205,步步 自选作品辑,精选辑,2014-01-01,3,伤心的人别听慢歌(贯彻快乐),步步 自选作品辑,,
12736,28181107,坐,v,3,11,2740205,步步 自选作品辑,精选辑,2014-01-01,3,伤心的人别听慢歌(贯彻快乐),步步 自选作品辑,,
12737,28181107,躺,v,3,11,2740205,步步 自选作品辑,精选辑,2014-01-01,3,伤心的人别听慢歌(贯彻快乐),步步 自选作品辑,,
12738,28181107,趴着,v,3,11,2740205,步步 自选作品辑,精选辑,2014-01-01,3,伤心的人别听慢歌(贯彻快乐),步步 自选作品辑,,
12739,28181107,要,v,3,11,2740205,步步 自选作品辑,精选辑,2014-01-01,3,伤心的人别听慢歌(贯彻快乐),步步 自选作品辑,,
12740,28181107,音乐,n,3,11,2740205,步步 自选作品辑,精选辑,2014-01-01,3,伤心的人别听慢歌(贯彻快乐),步步 自选作品辑,,
12741,28181107,快要,d,3,11,2740205,步步 自选作品辑,精选辑,2014-01-01,3,伤心的人别听慢歌(贯彻快乐),步步 自选作品辑,,
12742,28181107,聋,v,3,11,2740205,步步 自选作品辑,精选辑,2014-01-01,3,伤心的人别听慢歌(贯彻快乐),步步 自选作品辑,,
12743,28181107,不,d,3,11,2740205,步步 自选作品辑,精选辑,2014-01-01,3,伤心的人别听慢歌(贯彻快乐),步步 自选作品辑,,
12744,28181107,伤心,n,3,11,2740205,步步 自选作品辑,精选辑,2014-01-01,3,伤心的人别听慢歌(贯彻快乐),步步 自选作品辑,,
12745,28181107,人,n,3,11,2740205,步步 自选作品辑,精选辑,2014-01-01,3,伤心的人别听慢歌(贯彻快乐),步步 自选作品辑,,
12746,28181107,别,d,3,11,2740205,步步 自选作品辑,精选辑,2014-01-01,3,伤心的人别听慢歌(贯彻快乐),步步 自选作品辑,,
12747,28181107,哭,v,2,11,2740205,步步 自选作品辑,精选辑,2014-01-01,3,伤心的人别听慢歌(贯彻快乐),步步 自选作品辑,,
12748,28181107,很慢,a,2,11,2740205,步步 自选作品辑,精选辑,2014-01-01,3,伤心的人别听慢歌(贯彻快乐),步步 自选作品辑,,
12749,28181107,再,d,2,11,2740205,步步 自选作品辑,精选辑,2014-01-01,3,伤心的人别听慢歌(贯彻快乐),步步 自选作品辑,,
12750,28181107,问,v,2,11,2740205,步步 自选作品辑,精选辑,2014-01-01,3,伤心的人别听慢歌(贯彻快乐),步步 自选作品辑,,
12751,28181107,对,p,2,11,2740205,步步 自选作品辑,精选辑,2014-01-01,3,伤心的人别听慢歌(贯彻快乐),步步 自选作品辑,,
12752,28181107,谁是谁非,i,2,11,2740205,步步 自选作品辑,精选辑,2014-01-01,3,伤心的人别听慢歌(贯彻快乐),步步 自选作品辑,,
12753,28181107,又,d,2,11,2740205,步步 自选作品辑,精选辑,2014-01-01,3,伤心的人别听慢歌(贯彻快乐),步步 自选作品辑,,
12754,28181107,亏欠,v,2,11,2740205,步步 自选作品辑,精选辑,2014-01-01,3,伤心的人别听慢歌(贯彻快乐),步步 自选作品辑,,
12755,28181107,输,v,2,11,2740205,步步 自选作品辑,精选辑,2014-01-01,3,伤心的人别听慢歌(贯彻快乐),步步 自选作品辑,,
12756,28181107,陪,v,2,11,2740205,步步 自选作品辑,精选辑,2014-01-01,3,伤心的人别听慢歌(贯彻快乐),步步 自选作品辑,,
12757,28181107,累,v,1,11,2740205,步步 自选作品辑,精选辑,2014-01-01,3,伤心的人别听慢歌(贯彻快乐),步步 自选作品辑,,
12758,28181107,伤,v,1,11,2740205,步步 自选作品辑,精选辑,2014-01-01,3,伤心的人别听慢歌(贯彻快乐),步步 自选作品辑,,
12759,28181107,深,a,1,11,2740205,步步 自选作品辑,精选辑,2014-01-01,3,伤心的人别听慢歌(贯彻快乐),步步 自选作品辑,,
12760,28181107,爱,v,1,11,2740205,步步 自选作品辑,精选辑,2014-01-01,3,伤心的人别听慢歌(贯彻快乐),步步 自选作品辑,,
12761,28181107,傻,a,1,11,2740205,步步 自选作品辑,精选辑,2014-01-01,3,伤心的人别听慢歌(贯彻快乐),步步 自选作品辑,,
12762,28181107,就,d,1,11,2740205,步步 自选作品辑,精选辑,2014-01-01,3,伤心的人别听慢歌(贯彻快乐),步步 自选作品辑,,
12763,28181107,像是,v,1,11,2740205,步步 自选作品辑,精选辑,2014-01-01,3,伤心的人别听慢歌(贯彻快乐),步步 自选作品辑,,
12764,28181107,末日,t,1,11,2740205,步步 自选作品辑,精选辑,2014-01-01,3,伤心的人别听慢歌(贯彻快乐),步步 自选作品辑,,
12765,28181107,要来,v,1,11,2740205,步步 自选作品辑,精选辑,2014-01-01,3,伤心的人别听慢歌(贯彻快乐),步步 自选作品辑,,
12766,28181107,所以,c,1,11,2740205,步步 自选作品辑,精选辑,2014-01-01,3,伤心的人别听慢歌(贯彻快乐),步步 自选作品辑,,
12767,28181107,得,ud,1,11,2740205,步步 自选作品辑,精选辑,2014-01-01,3,伤心的人别听慢歌(贯彻快乐),步步 自选作品辑,,
12768,28181107,心如刀割,i,1,11,2740205,步步 自选作品辑,精选辑,2014-01-01,3,伤心的人别听慢歌(贯彻快乐),步步 自选作品辑,,
12769,28181107,是不是,l,1,11,2740205,步步 自选作品辑,精选辑,2014-01-01,3,伤心的人别听慢歌(贯彻快乐),步步 自选作品辑,,
12770,28181107,应该,v,1,11,2740205,步步 自选作品辑,精选辑,2014-01-01,3,伤心的人别听慢歌(贯彻快乐),步步 自选作品辑,,
12771,28181107,换,nz,1,11,2740205,步步 自选作品辑,精选辑,2014-01-01,3,伤心的人别听慢歌(贯彻快乐),步步 自选作品辑,,
12772,28181107,一种,m,1,11,2740205,步步 自选作品辑,精选辑,2014-01-01,3,伤心的人别听慢歌(贯彻快乐),步步 自选作品辑,,
12773,28181107,节奏,n,1,11,2740205,步步 自选作品辑,精选辑,2014-01-01,3,伤心的人别听慢歌(贯彻快乐),步步 自选作品辑,,
12774,28181107,人生,n,1,11,2740205,步步 自选作品辑,精选辑,2014-01-01,3,伤心的人别听慢歌(贯彻快乐),步步 自选作品辑,,
12775,28181107,分分合合,n,1,11,2740205,步步 自选作品辑,精选辑,2014-01-01,3,伤心的人别听慢歌(贯彻快乐),步步 自选作品辑,,
12776,28181107,爱情,n,1,11,2740205,步步 自选作品辑,精选辑,2014-01-01,3,伤心的人别听慢歌(贯彻快乐),步步 自选作品辑,,
12777,28181107,拉拉扯扯,l,1,11,2740205,步步 自选作品辑,精选辑,2014-01-01,3,伤心的人别听慢歌(贯彻快乐),步步 自选作品辑,,
12778,28181107,一路,m,1,11,2740205,步步 自选作品辑,精选辑,2014-01-01,3,伤心的人别听慢歌(贯彻快乐),步步 自选作品辑,,
12779,28181107,曲曲折折,z,1,11,2740205,步步 自选作品辑,精选辑,2014-01-01,3,伤心的人别听慢歌(贯彻快乐),步步 自选作品辑,,
12780,28181107,还是,c,1,11,2740205,步步 自选作品辑,精选辑,2014-01-01,3,伤心的人别听慢歌(贯彻快乐),步步 自选作品辑,,
12781,28181107,期待,vn,1,11,2740205,步步 自选作品辑,精选辑,2014-01-01,3,伤心的人别听慢歌(贯彻快乐),步步 自选作品辑,,
12782,28181107,明日,t,1,11,2740205,步步 自选作品辑,精选辑,2014-01-01,3,伤心的人别听慢歌(贯彻快乐),步步 自选作品辑,,
12783,28181107,新,n,1,11,2740205,步步 自选作品辑,精选辑,2014-01-01,3,伤心的人别听慢歌(贯彻快乐),步步 自选作品辑,,
12784,28181107,景色,n,1,11,2740205,步步 自选作品辑,精选辑,2014-01-01,3,伤心的人别听慢歌(贯彻快乐),步步 自选作品辑,,
12785,28181107,愤青,a,1,11,2740205,步步 自选作品辑,精选辑,2014-01-01,3,伤心的人别听慢歌(贯彻快乐),步步 自选作品辑,,
12786,28181107,释怀,nr,1,11,2740205,步步 自选作品辑,精选辑,2014-01-01,3,伤心的人别听慢歌(贯彻快乐),步步 自选作品辑,,
12787,28181107,光棍,n,1,11,2740205,步步 自选作品辑,精选辑,2014-01-01,3,伤心的人别听慢歌(贯彻快乐),步步 自选作品辑,,
12788,28181107,恋爱,v,1,11,2740205,步步 自选作品辑,精选辑,2014-01-01,3,伤心的人别听慢歌(贯彻快乐),步步 自选作品辑,,
12789,28181107,悲剧,n,1,11,2740205,步步 自选作品辑,精选辑,2014-01-01,3,伤心的人别听慢歌(贯彻快乐),步步 自选作品辑,,
12790,28181107,圆满,a,1,11,2740205,步步 自选作品辑,精选辑,2014-01-01,3,伤心的人别听慢歌(贯彻快乐),步步 自选作品辑,,
12791,28181107,每,zg,1,11,2740205,步步 自选作品辑,精选辑,2014-01-01,3,伤心的人别听慢歌(贯彻快乐),步步 自选作品辑,,
12792,28181107,一段,m,1,11,2740205,步步 自选作品辑,精选辑,2014-01-01,3,伤心的人别听慢歌(贯彻快乐),步步 自选作品辑,,
12793,28181107,争执,v,1,11,2740205,步步 自选作品辑,精选辑,2014-01-01,3,伤心的人别听慢歌(贯彻快乐),步步 自选作品辑,,
12794,28181107,飞出,v,1,11,2740205,步步 自选作品辑,精选辑,2014-01-01,3,伤心的人别听慢歌(贯彻快乐),步步 自选作品辑,,
12795,28181107,和平鸽,nz,1,11,2740205,步步 自选作品辑,精选辑,2014-01-01,3,伤心的人别听慢歌(贯彻快乐),步步 自选作品辑,,
12796,28181107,此时,c,1,11,2740205,步步 自选作品辑,精选辑,2014-01-01,3,伤心的人别听慢歌(贯彻快乐),步步 自选作品辑,,
12797,28181107,和,c,1,11,2740205,步步 自选作品辑,精选辑,2014-01-01,3,伤心的人别听慢歌(贯彻快乐),步步 自选作品辑,,
12798,28181107,此刻,r,1,11,2740205,步步 自选作品辑,精选辑,2014-01-01,3,伤心的人别听慢歌(贯彻快乐),步步 自选作品辑,,
12799,28181107,不得不,d,1,11,2740205,步步 自选作品辑,精选辑,2014-01-01,3,伤心的人别听慢歌(贯彻快乐),步步 自选作品辑,,
12800,28181107,去,v,1,11,2740205,步步 自选作品辑,精选辑,2014-01-01,3,伤心的人别听慢歌(贯彻快乐),步步 自选作品辑,,
12801,28181107,贯彻,v,1,11,2740205,步步 自选作品辑,精选辑,2014-01-01,3,伤心的人别听慢歌(贯彻快乐),步步 自选作品辑,,
12802,28181109,你,r,35,11,2740205,步步 自选作品辑,精选辑,2014-01-02,4,洋葱 (2013新录制作品),步步 自选作品辑,,
12803,28181109,的,uj,29,11,2740205,步步 自选作品辑,精选辑,2014-01-02,4,洋葱 (2013新录制作品),步步 自选作品辑,,
12804,28181109,我,r,23,11,2740205,步步 自选作品辑,精选辑,2014-01-02,4,洋葱 (2013新录制作品),步步 自选作品辑,,
12805,28181109,一层,m,18,11,2740205,步步 自选作品辑,精选辑,2014-01-02,4,洋葱 (2013新录制作品),步步 自选作品辑,,
12806,28181109,会,v,14,11,2740205,步步 自选作品辑,精选辑,2014-01-02,4,洋葱 (2013新录制作品),步步 自选作品辑,,
12807,28181109,如果,c,8,11,2740205,步步 自选作品辑,精选辑,2014-01-02,4,洋葱 (2013新录制作品),步步 自选作品辑,,
12808,28181109,能,v,6,11,2740205,步步 自选作品辑,精选辑,2014-01-02,4,洋葱 (2013新录制作品),步步 自选作品辑,,
12809,28181109,愿意,v,6,11,2740205,步步 自选作品辑,精选辑,2014-01-02,4,洋葱 (2013新录制作品),步步 自选作品辑,,
12810,28181109,剥开,v,6,11,2740205,步步 自选作品辑,精选辑,2014-01-02,4,洋葱 (2013新录制作品),步步 自选作品辑,,
12811,28181109,心,n,6,11,2740205,步步 自选作品辑,精选辑,2014-01-02,4,洋葱 (2013新录制作品),步步 自选作品辑,,
12812,28181109,听到,v,5,11,2740205,步步 自选作品辑,精选辑,2014-01-02,4,洋葱 (2013新录制作品),步步 自选作品辑,,
12813,28181109,是,v,5,11,2740205,步步 自选作品辑,精选辑,2014-01-02,4,洋葱 (2013新录制作品),步步 自选作品辑,,
12814,28181109,最,d,4,11,2740205,步步 自选作品辑,精选辑,2014-01-02,4,洋葱 (2013新录制作品),步步 自选作品辑,,
12815,28181109,鼻酸,n,4,11,2740205,步步 自选作品辑,精选辑,2014-01-02,4,洋葱 (2013新录制作品),步步 自选作品辑,,
12816,28181109,流泪,n,4,11,2740205,步步 自选作品辑,精选辑,2014-01-02,4,洋葱 (2013新录制作品),步步 自选作品辑,,
12817,28181109,只要,c,4,11,2740205,步步 自选作品辑,精选辑,2014-01-02,4,洋葱 (2013新录制作品),步步 自选作品辑,,
12818,28181109,看到,v,4,11,2740205,步步 自选作品辑,精选辑,2014-01-02,4,洋葱 (2013新录制作品),步步 自选作品辑,,
12819,28181109,全心全意,i,4,11,2740205,步步 自选作品辑,精选辑,2014-01-02,4,洋葱 (2013新录制作品),步步 自选作品辑,,
12820,28181109,沉默,a,3,11,2740205,步步 自选作品辑,精选辑,2014-01-02,4,洋葱 (2013新录制作品),步步 自选作品辑,,
12821,28181109,着,uz,3,11,2740205,步步 自选作品辑,精选辑,2014-01-02,4,洋葱 (2013新录制作品),步步 自选作品辑,,
12822,28181109,多,m,3,11,2740205,步步 自选作品辑,精选辑,2014-01-02,4,洋葱 (2013新录制作品),步步 自选作品辑,,
12823,28181109,发现,v,3,11,2740205,步步 自选作品辑,精选辑,2014-01-02,4,洋葱 (2013新录制作品),步步 自选作品辑,,
12824,28181109,讶异,v,3,11,2740205,步步 自选作品辑,精选辑,2014-01-02,4,洋葱 (2013新录制作品),步步 自选作品辑,,
12825,28181109,压抑,v,3,11,2740205,步步 自选作品辑,精选辑,2014-01-02,4,洋葱 (2013新录制作品),步步 自选作品辑,,
12826,28181109,最深处,d,3,11,2740205,步步 自选作品辑,精选辑,2014-01-02,4,洋葱 (2013新录制作品),步步 自选作品辑,,
12827,28181109,秘密,n,3,11,2740205,步步 自选作品辑,精选辑,2014-01-02,4,洋葱 (2013新录制作品),步步 自选作品辑,,
12828,28181109,自己,r,2,11,2740205,步步 自选作品辑,精选辑,2014-01-02,4,洋葱 (2013新录制作品),步步 自选作品辑,,
12829,28181109,空气,n,2,11,2740205,步步 自选作品辑,精选辑,2014-01-02,4,洋葱 (2013新录制作品),步步 自选作品辑,,
12830,28181109,笑,v,2,11,2740205,步步 自选作品辑,精选辑,2014-01-02,4,洋葱 (2013新录制作品),步步 自选作品辑,,
12831,28181109,得,ud,2,11,2740205,步步 自选作品辑,精选辑,2014-01-02,4,洋葱 (2013新录制作品),步步 自选作品辑,,
12832,28181109,洋葱,n,2,11,2740205,步步 自选作品辑,精选辑,2014-01-02,4,洋葱 (2013新录制作品),步步 自选作品辑,,
12833,28181109,像,v,2,11,2740205,步步 自选作品辑,精选辑,2014-01-02,4,洋葱 (2013新录制作品),步步 自选作品辑,,
12834,28181109,永远,d,2,11,2740205,步步 自选作品辑,精选辑,2014-01-02,4,洋葱 (2013新录制作品),步步 自选作品辑,,
12835,28181109,偷偷地,i,2,11,2740205,步步 自选作品辑,精选辑,2014-01-02,4,洋葱 (2013新录制作品),步步 自选作品辑,,
12836,28181109,和,c,2,11,2740205,步步 自选作品辑,精选辑,2014-01-02,4,洋葱 (2013新录制作品),步步 自选作品辑,,
12837,28181109,眼神,n,1,11,2740205,步步 自选作品辑,精选辑,2014-01-02,4,洋葱 (2013新录制作品),步步 自选作品辑,,
12838,28181109,能够,v,1,11,2740205,步步 自选作品辑,精选辑,2014-01-02,4,洋葱 (2013新录制作品),步步 自选作品辑,,
12839,28181109,为,p,1,11,2740205,步步 自选作品辑,精选辑,2014-01-02,4,洋葱 (2013新录制作品),步步 自选作品辑,,
12840,28181109,片刻,m,1,11,2740205,步步 自选作品辑,精选辑,2014-01-02,4,洋葱 (2013新录制作品),步步 自选作品辑,,
12841,28181109,降临,v,1,11,2740205,步步 自选作品辑,精选辑,2014-01-02,4,洋葱 (2013新录制作品),步步 自选作品辑,,
12842,28181109,心碎,v,1,11,2740205,步步 自选作品辑,精选辑,2014-01-02,4,洋葱 (2013新录制作品),步步 自选作品辑,,
12843,28181109,声音,n,1,11,2740205,步步 自选作品辑,精选辑,2014-01-02,4,洋葱 (2013新录制作品),步步 自选作品辑,,
12844,28181109,守护,v,1,11,2740205,步步 自选作品辑,精选辑,2014-01-02,4,洋葱 (2013新录制作品),步步 自选作品辑,,
12845,28181109,著,v,1,11,2740205,步步 自选作品辑,精选辑,2014-01-02,4,洋葱 (2013新录制作品),步步 自选作品辑,,
12846,28181109,的等,u,1,11,2740205,步步 自选作品辑,精选辑,2014-01-02,4,洋葱 (2013新录制作品),步步 自选作品辑,,
12847,28181109,奇迹,n,1,11,2740205,步步 自选作品辑,精选辑,2014-01-02,4,洋葱 (2013新录制作品),步步 自选作品辑,,
12848,28181109,让,v,1,11,2740205,步步 自选作品辑,精选辑,2014-01-02,4,洋葱 (2013新录制作品),步步 自选作品辑,,
12849,28181109,像是,v,1,11,2740205,步步 自选作品辑,精选辑,2014-01-02,4,洋葱 (2013新录制作品),步步 自选作品辑,,
12850,28181109,大家,n,1,11,2740205,步步 自选作品辑,精选辑,2014-01-02,4,洋葱 (2013新录制作品),步步 自选作品辑,,
12851,28181109,都,d,1,11,2740205,步步 自选作品辑,精选辑,2014-01-02,4,洋葱 (2013新录制作品),步步 自选作品辑,,
12852,28181109,吃,v,1,11,2740205,步步 自选作品辑,精选辑,2014-01-02,4,洋葱 (2013新录制作品),步步 自选作品辑,,
12853,28181109,聊着,v,1,11,2740205,步步 自选作品辑,精选辑,2014-01-02,4,洋葱 (2013新录制作品),步步 自选作品辑,,
12854,28181109,今晚,t,1,11,2740205,步步 自选作品辑,精选辑,2014-01-02,4,洋葱 (2013新录制作品),步步 自选作品辑,,
12855,28181109,开心,v,1,11,2740205,步步 自选作品辑,精选辑,2014-01-02,4,洋葱 (2013新录制作品),步步 自选作品辑,,
12856,28181109,角落里,n,1,11,2740205,步步 自选作品辑,精选辑,2014-01-02,4,洋葱 (2013新录制作品),步步 自选作品辑,,
12857,28181109,合群,n,1,11,2740205,步步 自选作品辑,精选辑,2014-01-02,4,洋葱 (2013新录制作品),步步 自选作品辑,,
12858,28181109,盘底,s,1,11,2740205,步步 自选作品辑,精选辑,2014-01-02,4,洋葱 (2013新录制作品),步步 自选作品辑,,
12859,28181109,调味品,n,1,11,2740205,步步 自选作品辑,精选辑,2014-01-02,4,洋葱 (2013新录制作品),步步 自选作品辑,,
12860,28181109,看着,v,1,11,2740205,步步 自选作品辑,精选辑,2014-01-02,4,洋葱 (2013新录制作品),步步 自选作品辑,,
12861,28181109,隐藏,v,1,11,2740205,步步 自选作品辑,精选辑,2014-01-02,4,洋葱 (2013新录制作品),步步 自选作品辑,,
12862,28181109,听,v,1,11,2740205,步步 自选作品辑,精选辑,2014-01-02,4,洋葱 (2013新录制作品),步步 自选作品辑,,
12863,28181109,说,v,1,11,2740205,步步 自选作品辑,精选辑,2014-01-02,4,洋葱 (2013新录制作品),步步 自选作品辑,,
12864,28181109,他们,r,1,11,2740205,步步 自选作品辑,精选辑,2014-01-02,4,洋葱 (2013新录制作品),步步 自选作品辑,,
12865,28181109,暧昧,a,1,11,2740205,步步 自选作品辑,精选辑,2014-01-02,4,洋葱 (2013新录制作品),步步 自选作品辑,,
12866,28181109,绝望,v,1,11,2740205,步步 自选作品辑,精选辑,2014-01-02,4,洋葱 (2013新录制作品),步步 自选作品辑,,
12867,28181109,装,v,1,11,2740205,步步 自选作品辑,精选辑,2014-01-02,4,洋葱 (2013新录制作品),步步 自选作品辑,,
12868,28181109,很,d,1,11,2740205,步步 自选作品辑,精选辑,2014-01-02,4,洋葱 (2013新录制作品),步步 自选作品辑,,
12869,28181109,风趣,n,1,11,2740205,步步 自选作品辑,精选辑,2014-01-02,4,洋葱 (2013新录制作品),步步 自选作品辑,,
12870,28181109,就,d,1,11,2740205,步步 自选作品辑,精选辑,2014-01-02,4,洋葱 (2013新录制作品),步步 自选作品辑,,
12871,28181109,一颗,m,1,11,2740205,步步 自选作品辑,精选辑,2014-01-02,4,洋葱 (2013新录制作品),步步 自选作品辑,,
12872,28181109,配角,n,1,11,2740205,步步 自选作品辑,精选辑,2014-01-02,4,洋葱 (2013新录制作品),步步 自选作品辑,,
12873,28181109,戏,n,1,11,2740205,步步 自选作品辑,精选辑,2014-01-02,4,洋葱 (2013新录制作品),步步 自选作品辑,,
12874,28181109,希望,v,1,11,2740205,步步 自选作品辑,精选辑,2014-01-02,4,洋葱 (2013新录制作品),步步 自选作品辑,,
12875,28181109,与,p,1,11,2740205,步步 自选作品辑,精选辑,2014-01-02,4,洋葱 (2013新录制作品),步步 自选作品辑,,
12876,28181109,有,v,1,11,2740205,步步 自选作品辑,精选辑,2014-01-02,4,洋葱 (2013新录制作品),步步 自选作品辑,,
12877,28181109,一秒,m,1,11,2740205,步步 自选作品辑,精选辑,2014-01-02,4,洋葱 (2013新录制作品),步步 自选作品辑,,
12878,28181109,专属,n,1,11,2740205,步步 自选作品辑,精选辑,2014-01-02,4,洋葱 (2013新录制作品),步步 自选作品辑,,
12879,28181109,剧情,n,1,11,2740205,步步 自选作品辑,精选辑,2014-01-02,4,洋葱 (2013新录制作品),步步 自选作品辑,,
12880,28181113,的,uj,11,11,2740205,步步 自选作品辑,精选辑,2014-01-04,6,入阵曲,步步 自选作品辑,,
12881,28181113,我,r,8,11,2740205,步步 自选作品辑,精选辑,2014-01-04,6,入阵曲,步步 自选作品辑,,
12882,28181113,在,p,7,11,2740205,步步 自选作品辑,精选辑,2014-01-04,6,入阵曲,步步 自选作品辑,,
12883,28181113,只,d,6,11,2740205,步步 自选作品辑,精选辑,2014-01-04,6,入阵曲,步步 自选作品辑,,
12884,28181113,当,t,4,11,2740205,步步 自选作品辑,精选辑,2014-01-04,6,入阵曲,步步 自选作品辑,,
12885,28181113,再,d,4,11,2740205,步步 自选作品辑,精选辑,2014-01-04,6,入阵曲,步步 自选作品辑,,
12886,28181113,滚烫,z,4,11,2740205,步步 自选作品辑,精选辑,2014-01-04,6,入阵曲,步步 自选作品辑,,
12887,28181113,无悔,v,4,11,2740205,步步 自选作品辑,精选辑,2014-01-04,6,入阵曲,步步 自选作品辑,,
12888,28181113,夜未央,n,3,11,2740205,步步 自选作品辑,精选辑,2014-01-04,6,入阵曲,步步 自选作品辑,,
12889,28181113,天未亮,nr,3,11,2740205,步步 自选作品辑,精选辑,2014-01-04,6,入阵曲,步步 自选作品辑,,
12890,28181113,幸存,v,3,11,2740205,步步 自选作品辑,精选辑,2014-01-04,6,入阵曲,步步 自选作品辑,,
12891,28181113,沙场,n,3,11,2740205,步步 自选作品辑,精选辑,2014-01-04,6,入阵曲,步步 自选作品辑,,
12892,28181113,盼望,v,3,11,2740205,步步 自选作品辑,精选辑,2014-01-04,6,入阵曲,步步 自选作品辑,,
12893,28181113,此生,t,3,11,2740205,步步 自选作品辑,精选辑,2014-01-04,6,入阵曲,步步 自选作品辑,,
12894,28181113,奔,zg,3,11,2740205,步步 自选作品辑,精选辑,2014-01-04,6,入阵曲,步步 自选作品辑,,
12895,28181113,向,p,3,11,2740205,步步 自选作品辑,精选辑,2014-01-04,6,入阵曲,步步 自选作品辑,,
12896,28181113,思念,n,3,11,2740205,步步 自选作品辑,精选辑,2014-01-04,6,入阵曲,步步 自选作品辑,,
12897,28181113,脸庞,n,3,11,2740205,步步 自选作品辑,精选辑,2014-01-04,6,入阵曲,步步 自选作品辑,,
12898,28181113,泪未干心未凉,i,3,11,2740205,步步 自选作品辑,精选辑,2014-01-04,6,入阵曲,步步 自选作品辑,,
12899,28181113,是,v,3,11,2740205,步步 自选作品辑,精选辑,2014-01-04,6,入阵曲,步步 自选作品辑,,
12900,28181113,什么,r,3,11,2740205,步步 自选作品辑,精选辑,2014-01-04,6,入阵曲,步步 自选作品辑,,
12901,28181113,依然,d,3,11,2740205,步步 自选作品辑,精选辑,2014-01-04,6,入阵曲,步步 自选作品辑,,
12902,28181113,入阵,v,3,11,2740205,步步 自选作品辑,精选辑,2014-01-04,6,入阵曲,步步 自选作品辑,,
12903,28181113,曲伴,n,3,11,2740205,步步 自选作品辑,精选辑,2014-01-04,6,入阵曲,步步 自选作品辑,,
12904,28181113,狂妄,a,3,11,2740205,步步 自选作品辑,精选辑,2014-01-04,6,入阵曲,步步 自选作品辑,,
12905,28181113,谁,r,3,11,2740205,步步 自选作品辑,精选辑,2014-01-04,6,入阵曲,步步 自选作品辑,,
12906,28181113,都,d,3,11,2740205,步步 自选作品辑,精选辑,2014-01-04,6,入阵曲,步步 自选作品辑,,
12907,28181113,一份,m,2,11,2740205,步步 自选作品辑,精选辑,2014-01-04,6,入阵曲,步步 自选作品辑,,
12908,28181113,忘,v,2,11,2740205,步步 自选作品辑,精选辑,2014-01-04,6,入阵曲,步步 自选作品辑,,
12909,28181113,遗忘,v,2,11,2740205,步步 自选作品辑,精选辑,2014-01-04,6,入阵曲,步步 自选作品辑,,
12910,28181113,我们,r,2,11,2740205,步步 自选作品辑,精选辑,2014-01-04,6,入阵曲,步步 自选作品辑,,
12911,28181113,不,d,2,11,2740205,步步 自选作品辑,精选辑,2014-01-04,6,入阵曲,步步 自选作品辑,,
12912,28181113,入,v,2,11,2740205,步步 自选作品辑,精选辑,2014-01-04,6,入阵曲,步步 自选作品辑,,
12913,28181113,已,d,2,11,2740205,步步 自选作品辑,精选辑,2014-01-04,6,入阵曲,步步 自选作品辑,,
12914,28181113,一座,m,1,11,2740205,步步 自选作品辑,精选辑,2014-01-04,6,入阵曲,步步 自选作品辑,,
12915,28181113,城墙,n,1,11,2740205,步步 自选作品辑,精选辑,2014-01-04,6,入阵曲,步步 自选作品辑,,
12916,28181113,为了,p,1,11,2740205,步步 自选作品辑,精选辑,2014-01-04,6,入阵曲,步步 自选作品辑,,
12917,28181113,阻挡,v,1,11,2740205,步步 自选作品辑,精选辑,2014-01-04,6,入阵曲,步步 自选作品辑,,
12918,28181113,所有,b,1,11,2740205,步步 自选作品辑,精选辑,2014-01-04,6,入阵曲,步步 自选作品辑,,
12919,28181113,自由,a,1,11,2740205,步步 自选作品辑,精选辑,2014-01-04,6,入阵曲,步步 自选作品辑,,
12920,28181113,渴望,v,1,11,2740205,步步 自选作品辑,精选辑,2014-01-04,6,入阵曲,步步 自选作品辑,,
12921,28181113,信仰,n,1,11,2740205,步步 自选作品辑,精选辑,2014-01-04,6,入阵曲,步步 自选作品辑,,
12922,28181113,不能,v,1,11,2740205,步步 自选作品辑,精选辑,2014-01-04,6,入阵曲,步步 自选作品辑,,
12923,28181113,抵抗,vn,1,11,2740205,步步 自选作品辑,精选辑,2014-01-04,6,入阵曲,步步 自选作品辑,,
12924,28181113,遍地,v,1,11,2740205,步步 自选作品辑,精选辑,2014-01-04,6,入阵曲,步步 自选作品辑,,
12925,28181113,战乱,n,1,11,2740205,步步 自选作品辑,精选辑,2014-01-04,6,入阵曲,步步 自选作品辑,,
12926,28181113,饥荒,n,1,11,2740205,步步 自选作品辑,精选辑,2014-01-04,6,入阵曲,步步 自选作品辑,,
12927,28181113,兰陵,ns,1,11,2740205,步步 自选作品辑,精选辑,2014-01-04,6,入阵曲,步步 自选作品辑,,
12928,28181113,撩乱,v,1,11,2740205,步步 自选作品辑,精选辑,2014-01-04,6,入阵曲,步步 自选作品辑,,
12929,28181113,茫,ag,1,11,2740205,步步 自选作品辑,精选辑,2014-01-04,6,入阵曲,步步 自选作品辑,,
12930,28181113,天地,n,1,11,2740205,步步 自选作品辑,精选辑,2014-01-04,6,入阵曲,步步 自选作品辑,,
12931,28181113,离,v,1,11,2740205,步步 自选作品辑,精选辑,2014-01-04,6,入阵曲,步步 自选作品辑,,
12932,28181113,人,n,1,11,2740205,步步 自选作品辑,精选辑,2014-01-04,6,入阵曲,步步 自选作品辑,,
12933,28181113,无畏,v,1,11,2740205,步步 自选作品辑,精选辑,2014-01-04,6,入阵曲,步步 自选作品辑,,
12934,28181113,孤,a,1,11,2740205,步步 自选作品辑,精选辑,2014-01-04,6,入阵曲,步步 自选作品辑,,
12935,28181113,冢,ng,1,11,2740205,步步 自选作品辑,精选辑,2014-01-04,6,入阵曲,步步 自选作品辑,,
12936,28181113,葬,vg,1,11,2740205,步步 自选作品辑,精选辑,2014-01-04,6,入阵曲,步步 自选作品辑,,
12937,28181113,只怕,c,1,11,2740205,步步 自选作品辑,精选辑,2014-01-04,6,入阵曲,步步 自选作品辑,,
12938,28181113,苍生,nr,1,11,2740205,步步 自选作品辑,精选辑,2014-01-04,6,入阵曲,步步 自选作品辑,,
12939,28181113,殇,vg,1,11,2740205,步步 自选作品辑,精选辑,2014-01-04,6,入阵曲,步步 自选作品辑,,
12940,28181113,真相,d,1,11,2740205,步步 自选作品辑,精选辑,2014-01-04,6,入阵曲,步步 自选作品辑,,
12941,28181113,只手,d,1,11,2740205,步步 自选作品辑,精选辑,2014-01-04,6,入阵曲,步步 自选作品辑,,
12942,28181113,能,v,1,11,2740205,步步 自选作品辑,精选辑,2014-01-04,6,入阵曲,步步 自选作品辑,,
12943,28181113,隐藏,v,1,11,2740205,步步 自选作品辑,精选辑,2014-01-04,6,入阵曲,步步 自选作品辑,,
12944,28181113,直到,v,1,11,2740205,步步 自选作品辑,精选辑,2014-01-04,6,入阵曲,步步 自选作品辑,,
12945,28181113,人们,n,1,11,2740205,步步 自选作品辑,精选辑,2014-01-04,6,入阵曲,步步 自选作品辑,,
12946,28181113,写,v,1,11,2740205,步步 自选作品辑,精选辑,2014-01-04,6,入阵曲,步步 自选作品辑,,
12947,28181113,一页,m,1,11,2740205,步步 自选作品辑,精选辑,2014-01-04,6,入阵曲,步步 自选作品辑,,
12948,28181113,莽撞,z,1,11,2740205,步步 自选作品辑,精选辑,2014-01-04,6,入阵曲,步步 自选作品辑,,
12949,28181113,篇章,n,1,11,2740205,步步 自选作品辑,精选辑,2014-01-04,6,入阵曲,步步 自选作品辑,,
12950,28181113,曾经,d,1,11,2740205,步步 自选作品辑,精选辑,2014-01-04,6,入阵曲,步步 自选作品辑,,
12951,28181113,如此,c,1,11,2740205,步步 自选作品辑,精选辑,2014-01-04,6,入阵曲,步步 自选作品辑,,
12952,28181113,辉煌,a,1,11,2740205,步步 自选作品辑,精选辑,2014-01-04,6,入阵曲,步步 自选作品辑,,
12953,28181113,丹青,nr,1,11,2740205,步步 自选作品辑,精选辑,2014-01-04,6,入阵曲,步步 自选作品辑,,
12954,28181113,千秋,nr,1,11,2740205,步步 自选作品辑,精选辑,2014-01-04,6,入阵曲,步步 自选作品辑,,
12955,28181113,酿一,vn,1,11,2740205,步步 自选作品辑,精选辑,2014-01-04,6,入阵曲,步步 自选作品辑,,
12956,28181113,醉解,v,1,11,2740205,步步 自选作品辑,精选辑,2014-01-04,6,入阵曲,步步 自选作品辑,,
12957,28181113,愁肠,n,1,11,2740205,步步 自选作品辑,精选辑,2014-01-04,6,入阵曲,步步 自选作品辑,,
12958,28181113,少年,m,1,11,2740205,步步 自选作品辑,精选辑,2014-01-04,6,入阵曲,步步 自选作品辑,,
12959,28181113,枉,vg,1,11,2740205,步步 自选作品辑,精选辑,2014-01-04,6,入阵曲,步步 自选作品辑,,
12960,28181113,愿,v,1,11,2740205,步步 自选作品辑,精选辑,2014-01-04,6,入阵曲,步步 自选作品辑,,
12961,28181113,壮志,n,1,11,2740205,步步 自选作品辑,精选辑,2014-01-04,6,入阵曲,步步 自选作品辑,,
12962,28181113,狂,zg,1,11,2740205,步步 自选作品辑,精选辑,2014-01-04,6,入阵曲,步步 自选作品辑,,
12963,28181113,记原,n,1,11,2740205,步步 自选作品辑,精选辑,2014-01-04,6,入阵曲,步步 自选作品辑,,
12964,28181113,不谅,v,1,11,2740205,步步 自选作品辑,精选辑,2014-01-04,6,入阵曲,步步 自选作品辑,,
12965,28181113,愤恨,v,1,11,2740205,步步 自选作品辑,精选辑,2014-01-04,6,入阵曲,步步 自选作品辑,,
12966,28181113,无疆,ns,1,11,2740205,步步 自选作品辑,精选辑,2014-01-04,6,入阵曲,步步 自选作品辑,,
12967,28181113,肃,nr,1,11,2740205,步步 自选作品辑,精选辑,2014-01-04,6,入阵曲,步步 自选作品辑,,
12968,28181113,清除,v,1,11,2740205,步步 自选作品辑,精选辑,2014-01-04,6,入阵曲,步步 自选作品辑,,
12969,28181113,不尽,d,1,11,2740205,步步 自选作品辑,精选辑,2014-01-04,6,入阵曲,步步 自选作品辑,,
12970,28181113,魑魅魍魉,i,1,11,2740205,步步 自选作品辑,精选辑,2014-01-04,6,入阵曲,步步 自选作品辑,,
12971,28181113,幼,ag,1,11,2740205,步步 自选作品辑,精选辑,2014-01-04,6,入阵曲,步步 自选作品辑,,
12972,28181113,无,v,1,11,2740205,步步 自选作品辑,精选辑,2014-01-04,6,入阵曲,步步 自选作品辑,,
12973,28181113,粮民,n,1,11,2740205,步步 自选作品辑,精选辑,2014-01-04,6,入阵曲,步步 自选作品辑,,
12974,28181113,无房,v,1,11,2740205,步步 自选作品辑,精选辑,2014-01-04,6,入阵曲,步步 自选作品辑,,
12975,28181113,分赃,v,1,11,2740205,步步 自选作品辑,精选辑,2014-01-04,6,入阵曲,步步 自选作品辑,,
12976,28181113,千年,m,1,11,2740205,步步 自选作品辑,精选辑,2014-01-04,6,入阵曲,步步 自选作品辑,,
12977,28181113,后,f,1,11,2740205,步步 自选作品辑,精选辑,2014-01-04,6,入阵曲,步步 自选作品辑,,
12978,28181113,你,r,1,11,2740205,步步 自选作品辑,精选辑,2014-01-04,6,入阵曲,步步 自选作品辑,,
12979,28181113,仍,d,1,11,2740205,步步 自选作品辑,精选辑,2014-01-04,6,入阵曲,步步 自选作品辑,,
12980,28181113,被,p,1,11,2740205,步步 自选作品辑,精选辑,2014-01-04,6,入阵曲,步步 自选作品辑,,
12981,28181113,豢养,v,1,11,2740205,步步 自选作品辑,精选辑,2014-01-04,6,入阵曲,步步 自选作品辑,,
12982,28181113,阵曲,n,1,11,2740205,步步 自选作品辑,精选辑,2014-01-04,6,入阵曲,步步 自选作品辑,,
12983,28181113,四面楚歌,i,1,11,2740205,步步 自选作品辑,精选辑,2014-01-04,6,入阵曲,步步 自选作品辑,,
12984,28181113,独唱,v,1,11,2740205,步步 自选作品辑,精选辑,2014-01-04,6,入阵曲,步步 自选作品辑,,
12985,28181113,夜,tg,1,11,2740205,步步 自选作品辑,精选辑,2014-01-04,6,入阵曲,步步 自选作品辑,,
12986,28181113,央,vg,1,11,2740205,步步 自选作品辑,精选辑,2014-01-04,6,入阵曲,步步 自选作品辑,,
12987,28181113,天,q,1,11,2740205,步步 自选作品辑,精选辑,2014-01-04,6,入阵曲,步步 自选作品辑,,
12988,28181113,亮,v,1,11,2740205,步步 自选作品辑,精选辑,2014-01-04,6,入阵曲,步步 自选作品辑,,
12989,28181113,白昼,nr,1,11,2740205,步步 自选作品辑,精选辑,2014-01-04,6,入阵曲,步步 自选作品辑,,
12990,28181113,隐没,v,1,11,2740205,步步 自选作品辑,精选辑,2014-01-04,6,入阵曲,步步 自选作品辑,,
12991,28181113,了,ul,1,11,2740205,步步 自选作品辑,精选辑,2014-01-04,6,入阵曲,步步 自选作品辑,,
12992,28181113,星光,n,1,11,2740205,步步 自选作品辑,精选辑,2014-01-04,6,入阵曲,步步 自选作品辑,,
12993,28181113,像,v,1,11,2740205,步步 自选作品辑,精选辑,2014-01-04,6,入阵曲,步步 自选作品辑,,
12994,28181113,终将,d,1,11,2740205,步步 自选作品辑,精选辑,2014-01-04,6,入阵曲,步步 自选作品辑,,
12995,28181113,葬身,n,1,11,2740205,步步 自选作品辑,精选辑,2014-01-04,6,入阵曲,步步 自选作品辑,,
12996,28181113,历史,n,1,11,2740205,步步 自选作品辑,精选辑,2014-01-04,6,入阵曲,步步 自选作品辑,,
12997,28181113,洪荒,ns,1,11,2740205,步步 自选作品辑,精选辑,2014-01-04,6,入阵曲,步步 自选作品辑,,
12998,28181113,世人,n,1,11,2740205,步步 自选作品辑,精选辑,2014-01-04,6,入阵曲,步步 自选作品辑,,
12999,28181113,血液,n,1,11,2740205,步步 自选作品辑,精选辑,2014-01-04,6,入阵曲,步步 自选作品辑,,
13000,28181113,曾,d,1,11,2740205,步步 自选作品辑,精选辑,2014-01-04,6,入阵曲,步步 自选作品辑,,
13001,28181113,为,p,1,11,2740205,步步 自选作品辑,精选辑,2014-01-04,6,入阵曲,步步 自选作品辑,,
13002,28181113,阵,ng,1,11,2740205,步步 自选作品辑,精选辑,2014-01-04,6,入阵曲,步步 自选作品辑,,
13003,28181113,去,v,1,11,2740205,步步 自选作品辑,精选辑,2014-01-04,6,入阵曲,步步 自选作品辑,,
13004,28181113,因,p,1,11,2740205,步步 自选作品辑,精选辑,2014-01-04,6,入阵曲,步步 自选作品辑,,
13005,28181113,恨铁不成钢,i,1,11,2740205,步步 自选作品辑,精选辑,2014-01-04,6,入阵曲,步步 自选作品辑,,
13006,28181121,烦恼,a,20,11,2740205,步步 自选作品辑,精选辑,2014-01-08,10,离开地球表面,步步 自选作品辑,,
13007,28181121,地球,n,12,11,2740205,步步 自选作品辑,精选辑,2014-01-08,10,离开地球表面,步步 自选作品辑,,
13008,28181121,甩掉,v,12,11,2740205,步步 自选作品辑,精选辑,2014-01-08,10,离开地球表面,步步 自选作品辑,,
13009,28181121,扑通,o,12,11,2740205,步步 自选作品辑,精选辑,2014-01-08,10,离开地球表面,步步 自选作品辑,,
13010,28181121,的,uj,10,11,2740205,步步 自选作品辑,精选辑,2014-01-08,10,离开地球表面,步步 自选作品辑,,
13011,28181121,跳越,v,9,11,2740205,步步 自选作品辑,精选辑,2014-01-08,10,离开地球表面,步步 自选作品辑,,
13012,28181121,丢掉,v,8,11,2740205,步步 自选作品辑,精选辑,2014-01-08,10,离开地球表面,步步 自选作品辑,,
13013,28181121,丢,v,8,11,2740205,步步 自选作品辑,精选辑,2014-01-08,10,离开地球表面,步步 自选作品辑,,
13014,28181121,我,r,8,11,2740205,步步 自选作品辑,精选辑,2014-01-08,10,离开地球表面,步步 自选作品辑,,
13015,28181121,越,d,7,11,2740205,步步 自选作品辑,精选辑,2014-01-08,10,离开地球表面,步步 自选作品辑,,
13016,28181121,高,a,7,11,2740205,步步 自选作品辑,精选辑,2014-01-08,10,离开地球表面,步步 自选作品辑,,
13017,28181121,跳,v,7,11,2740205,步步 自选作品辑,精选辑,2014-01-08,10,离开地球表面,步步 自选作品辑,,
13018,28181121,一颗,m,6,11,2740205,步步 自选作品辑,精选辑,2014-01-08,10,离开地球表面,步步 自选作品辑,,
13019,28181121,心,n,6,11,2740205,步步 自选作品辑,精选辑,2014-01-08,10,离开地球表面,步步 自选作品辑,,
13020,28181121,狂,d,6,11,2740205,步步 自选作品辑,精选辑,2014-01-08,10,离开地球表面,步步 自选作品辑,,
13021,28181121,一瞬间,m,6,11,2740205,步步 自选作品辑,精选辑,2014-01-08,10,离开地球表面,步步 自选作品辑,,
13022,28181121,全,a,6,11,2740205,步步 自选作品辑,精选辑,2014-01-08,10,离开地球表面,步步 自选作品辑,,
13023,28181121,忘掉,v,6,11,2740205,步步 自选作品辑,精选辑,2014-01-08,10,离开地球表面,步步 自选作品辑,,
13024,28181121,再也,d,6,11,2740205,步步 自选作品辑,精选辑,2014-01-08,10,离开地球表面,步步 自选作品辑,,
13025,28181121,不要,df,6,11,2740205,步步 自选作品辑,精选辑,2014-01-08,10,离开地球表面,步步 自选作品辑,,
13026,28181121,只要,c,5,11,2740205,步步 自选作品辑,精选辑,2014-01-08,10,离开地球表面,步步 自选作品辑,,
13027,28181121,再,d,4,11,2740205,步步 自选作品辑,精选辑,2014-01-08,10,离开地球表面,步步 自选作品辑,,
13028,28181121,冲,v,3,11,2740205,步步 自选作品辑,精选辑,2014-01-08,10,离开地球表面,步步 自选作品辑,,
13029,28181121,啥,r,3,11,2740205,步步 自选作品辑,精选辑,2014-01-08,10,离开地球表面,步步 自选作品辑,,
13030,28181121,委屈,v,3,11,2740205,步步 自选作品辑,精选辑,2014-01-08,10,离开地球表面,步步 自选作品辑,,
13031,28181121,自己,r,3,11,2740205,步步 自选作品辑,精选辑,2014-01-08,10,离开地球表面,步步 自选作品辑,,
13032,28181121,一秒,m,3,11,2740205,步步 自选作品辑,精选辑,2014-01-08,10,离开地球表面,步步 自选作品辑,,
13033,28181121,手表,n,2,11,2740205,步步 自选作品辑,精选辑,2014-01-08,10,离开地球表面,步步 自选作品辑,,
13034,28181121,外套,n,2,11,2740205,步步 自选作品辑,精选辑,2014-01-08,10,离开地球表面,步步 自选作品辑,,
13035,28181121,背包,n,2,11,2740205,步步 自选作品辑,精选辑,2014-01-08,10,离开地球表面,步步 自选作品辑,,
13036,28181121,唠叨,z,2,11,2740205,步步 自选作品辑,精选辑,2014-01-08,10,离开地球表面,步步 自选作品辑,,
13037,28181121,电视,n,2,11,2740205,步步 自选作品辑,精选辑,2014-01-08,10,离开地球表面,步步 自选作品辑,,
13038,28181121,电脑,n,2,11,2740205,步步 自选作品辑,精选辑,2014-01-08,10,离开地球表面,步步 自选作品辑,,
13039,28181121,大脑,n,2,11,2740205,步步 自选作品辑,精选辑,2014-01-08,10,离开地球表面,步步 自选作品辑,,
13040,28181121,大,a,2,11,2740205,步步 自选作品辑,精选辑,2014-01-08,10,离开地球表面,步步 自选作品辑,,
13041,28181121,小,a,2,11,2740205,步步 自选作品辑,精选辑,2014-01-08,10,离开地球表面,步步 自选作品辑,,
13042,28181121,恨,v,2,11,2740205,步步 自选作品辑,精选辑,2014-01-08,10,离开地球表面,步步 自选作品辑,,
13043,28181121,少,n,2,11,2740205,步步 自选作品辑,精选辑,2014-01-08,10,离开地球表面,步步 自选作品辑,,
13044,28181121,只,d,2,11,2740205,步步 自选作品辑,精选辑,2014-01-08,10,离开地球表面,步步 自选作品辑,,
13045,28181121,想,v,2,11,2740205,步步 自选作品辑,精选辑,2014-01-08,10,离开地球表面,步步 自选作品辑,,
13046,28181121,疯越,a,2,11,2740205,步步 自选作品辑,精选辑,2014-01-08,10,离开地球表面,步步 自选作品辑,,
13047,28181121,把,p,2,11,2740205,步步 自选作品辑,精选辑,2014-01-08,10,离开地球表面,步步 自选作品辑,,
13048,28181121,Come,eng,2,11,2740205,步步 自选作品辑,精选辑,2014-01-08,10,离开地球表面,步步 自选作品辑,,
13049,28181121,on,eng,2,11,2740205,步步 自选作品辑,精选辑,2014-01-08,10,离开地球表面,步步 自选作品辑,,
13050,28181121,JUMP,eng,2,11,2740205,步步 自选作品辑,精选辑,2014-01-08,10,离开地球表面,步步 自选作品辑,,
13051,28181121,都,d,1,11,2740205,步步 自选作品辑,精选辑,2014-01-08,10,离开地球表面,步步 自选作品辑,,
13052,28181121,有人,r,1,11,2740205,步步 自选作品辑,精选辑,2014-01-08,10,离开地球表面,步步 自选作品辑,,
13053,28181121,唱反调,l,1,11,2740205,步步 自选作品辑,精选辑,2014-01-08,10,离开地球表面,步步 自选作品辑,,
13054,28181121,多,m,1,11,2740205,步步 自选作品辑,精选辑,2014-01-08,10,离开地球表面,步步 自选作品辑,,
13055,28181121,爱,v,1,11,2740205,步步 自选作品辑,精选辑,2014-01-08,10,离开地球表面,步步 自选作品辑,,
13056,28181121,野心,n,1,11,2740205,步步 自选作品辑,精选辑,2014-01-08,10,离开地球表面,步步 自选作品辑,,
13057,28181121,胆子,n,1,11,2740205,步步 自选作品辑,精选辑,2014-01-08,10,离开地球表面,步步 自选作品辑,,
13058,28181121,跳舞,v,1,11,2740205,步步 自选作品辑,精选辑,2014-01-08,10,离开地球表面,步步 自选作品辑,,
13059,28181121,还要,c,1,11,2740205,步步 自选作品辑,精选辑,2014-01-08,10,离开地球表面,步步 自选作品辑,,
13060,28181121,靠,v,1,11,2740205,步步 自选作品辑,精选辑,2014-01-08,10,离开地球表面,步步 自选作品辑,,
13061,28181121,别人,r,1,11,2740205,步步 自选作品辑,精选辑,2014-01-08,10,离开地球表面,步步 自选作品辑,,
13062,28181121,多爱,a,1,11,2740205,步步 自选作品辑,精选辑,2014-01-08,10,离开地球表面,步步 自选作品辑,,
13063,28181129,的,uj,10,11,2740205,步步 自选作品辑,精选辑,2014-01-12,14,知足 (乐团版),步步 自选作品辑,,
13064,28181129,你,r,9,11,2740205,步步 自选作品辑,精选辑,2014-01-12,14,知足 (乐团版),步步 自选作品辑,,
13065,28181129,而,c,9,11,2740205,步步 自选作品辑,精选辑,2014-01-12,14,知足 (乐团版),步步 自选作品辑,,
13066,28181129,我,r,8,11,2740205,步步 自选作品辑,精选辑,2014-01-12,14,知足 (乐团版),步步 自选作品辑,,
13067,28181129,怎么,r,6,11,2740205,步步 自选作品辑,精选辑,2014-01-12,14,知足 (乐团版),步步 自选作品辑,,
13068,28181129,拥有,v,5,11,2740205,步步 自选作品辑,精选辑,2014-01-12,14,知足 (乐团版),步步 自选作品辑,,
13069,28181129,才,d,5,11,2740205,步步 自选作品辑,精选辑,2014-01-12,14,知足 (乐团版),步步 自选作品辑,,
13070,28181129,着,uz,5,11,2740205,步步 自选作品辑,精选辑,2014-01-12,14,知足 (乐团版),步步 自选作品辑,,
13071,28181129,笑,v,4,11,2740205,步步 自选作品辑,精选辑,2014-01-12,14,知足 (乐团版),步步 自选作品辑,,
13072,28181129,如果,c,4,11,2740205,步步 自选作品辑,精选辑,2014-01-12,14,知足 (乐团版),步步 自选作品辑,,
13073,28181129,要,v,4,11,2740205,步步 自选作品辑,精选辑,2014-01-12,14,知足 (乐团版),步步 自选作品辑,,
13074,28181129,快乐,a,4,11,2740205,步步 自选作品辑,精选辑,2014-01-12,14,知足 (乐团版),步步 自选作品辑,,
13075,28181129,足够,v,3,11,2740205,步步 自选作品辑,精选辑,2014-01-12,14,知足 (乐团版),步步 自选作品辑,,
13076,28181129,当,t,3,11,2740205,步步 自选作品辑,精选辑,2014-01-12,14,知足 (乐团版),步步 自选作品辑,,
13077,28181129,一阵风,l,3,11,2740205,步步 自选作品辑,精选辑,2014-01-12,14,知足 (乐团版),步步 自选作品辑,,
13078,28181129,吹,v,3,11,2740205,步步 自选作品辑,精选辑,2014-01-12,14,知足 (乐团版),步步 自选作品辑,,
13079,28181129,来,v,3,11,2740205,步步 自选作品辑,精选辑,2014-01-12,14,知足 (乐团版),步步 自选作品辑,,
13080,28181129,风筝,n,3,11,2740205,步步 自选作品辑,精选辑,2014-01-12,14,知足 (乐团版),步步 自选作品辑,,
13081,28181129,飞上,n,3,11,2740205,步步 自选作品辑,精选辑,2014-01-12,14,知足 (乐团版),步步 自选作品辑,,
13082,28181129,天空,n,3,11,2740205,步步 自选作品辑,精选辑,2014-01-12,14,知足 (乐团版),步步 自选作品辑,,
13083,28181129,为了,p,3,11,2740205,步步 自选作品辑,精选辑,2014-01-12,14,知足 (乐团版),步步 自选作品辑,,
13084,28181129,祈祷,v,3,11,2740205,步步 自选作品辑,精选辑,2014-01-12,14,知足 (乐团版),步步 自选作品辑,,
13085,28181129,祝福,nr,3,11,2740205,步步 自选作品辑,精选辑,2014-01-12,14,知足 (乐团版),步步 自选作品辑,,
13086,28181129,感动,v,3,11,2740205,步步 自选作品辑,精选辑,2014-01-12,14,知足 (乐团版),步步 自选作品辑,,
13087,28181129,终于,d,3,11,2740205,步步 自选作品辑,精选辑,2014-01-12,14,知足 (乐团版),步步 自选作品辑,,
13088,28181129,身影,n,3,11,2740205,步步 自选作品辑,精选辑,2014-01-12,14,知足 (乐团版),步步 自选作品辑,,
13089,28181129,消失,v,3,11,2740205,步步 自选作品辑,精选辑,2014-01-12,14,知足 (乐团版),步步 自选作品辑,,
13090,28181129,在,p,3,11,2740205,步步 自选作品辑,精选辑,2014-01-12,14,知足 (乐团版),步步 自选作品辑,,
13091,28181129,人海,n,3,11,2740205,步步 自选作品辑,精选辑,2014-01-12,14,知足 (乐团版),步步 自选作品辑,,
13092,28181129,尽头,d,3,11,2740205,步步 自选作品辑,精选辑,2014-01-12,14,知足 (乐团版),步步 自选作品辑,,
13093,28181129,发现,v,3,11,2740205,步步 自选作品辑,精选辑,2014-01-12,14,知足 (乐团版),步步 自选作品辑,,
13094,28181129,哭,v,3,11,2740205,步步 自选作品辑,精选辑,2014-01-12,14,知足 (乐团版),步步 自选作品辑,,
13095,28181129,最痛,a,3,11,2740205,步步 自选作品辑,精选辑,2014-01-12,14,知足 (乐团版),步步 自选作品辑,,
13096,28181129,去,v,2,11,2740205,步步 自选作品辑,精选辑,2014-01-12,14,知足 (乐团版),步步 自选作品辑,,
13097,28181129,不能,v,2,11,2740205,步步 自选作品辑,精选辑,2014-01-12,14,知足 (乐团版),步步 自选作品辑,,
13098,28181129,爱上你,nr,2,11,2740205,步步 自选作品辑,精选辑,2014-01-12,14,知足 (乐团版),步步 自选作品辑,,
13099,28181129,笑容,n,2,11,2740205,步步 自选作品辑,精选辑,2014-01-12,14,知足 (乐团版),步步 自选作品辑,,
13100,28181129,收藏,v,2,11,2740205,步步 自选作品辑,精选辑,2014-01-12,14,知足 (乐团版),步步 自选作品辑,,
13101,28181129,不是,c,2,11,2740205,步步 自选作品辑,精选辑,2014-01-12,14,知足 (乐团版),步步 自选作品辑,,
13102,28181129,为,p,2,11,2740205,步步 自选作品辑,精选辑,2014-01-12,14,知足 (乐团版),步步 自选作品辑,,
13103,28181129,会,v,2,11,2740205,步步 自选作品辑,精选辑,2014-01-12,14,知足 (乐团版),步步 自选作品辑,,
13104,28181129,不会,v,2,11,2740205,步步 自选作品辑,精选辑,2014-01-12,14,知足 (乐团版),步步 自选作品辑,,
13105,28181129,放手,v,2,11,2740205,步步 自选作品辑,精选辑,2014-01-12,14,知足 (乐团版),步步 自选作品辑,,
13106,28181129,其实,d,2,11,2740205,步步 自选作品辑,精选辑,2014-01-12,14,知足 (乐团版),步步 自选作品辑,,
13107,28181129,是,v,2,11,2740205,步步 自选作品辑,精选辑,2014-01-12,14,知足 (乐团版),步步 自选作品辑,,
13108,28181129,那样,r,2,11,2740205,步步 自选作品辑,精选辑,2014-01-12,14,知足 (乐团版),步步 自选作品辑,,
13109,28181129,知足,nw,2,11,2740205,步步 自选作品辑,精选辑,2014-01-12,14,知足 (乐团版),步步 自选作品辑,,
13110,28181129,叫,v,2,11,2740205,步步 自选作品辑,精选辑,2014-01-12,14,知足 (乐团版),步步 自选作品辑,,
13111,28181129,忍受,v,2,11,2740205,步步 自选作品辑,精选辑,2014-01-12,14,知足 (乐团版),步步 自选作品辑,,
13112,28181129,心痛,n,2,11,2740205,步步 自选作品辑,精选辑,2014-01-12,14,知足 (乐团版),步步 自选作品辑,,
13113,28181129,一道,m,1,11,2740205,步步 自选作品辑,精选辑,2014-01-12,14,知足 (乐团版),步步 自选作品辑,,
13114,28181129,彩虹,nz,1,11,2740205,步步 自选作品辑,精选辑,2014-01-12,14,知足 (乐团版),步步 自选作品辑,,
13115,28181129,拥抱,v,1,11,2740205,步步 自选作品辑,精选辑,2014-01-12,14,知足 (乐团版),步步 自选作品辑,,
13116,28181129,一,m,1,11,2740205,步步 自选作品辑,精选辑,2014-01-12,14,知足 (乐团版),步步 自选作品辑,,
13117,28181129,夏天,t,1,11,2740205,步步 自选作品辑,精选辑,2014-01-12,14,知足 (乐团版),步步 自选作品辑,,
13118,28181129,风,n,1,11,2740205,步步 自选作品辑,精选辑,2014-01-12,14,知足 (乐团版),步步 自选作品辑,,
13119,28181129,天上,s,1,11,2740205,步步 自选作品辑,精选辑,2014-01-12,14,知足 (乐团版),步步 自选作品辑,,
13120,28181129,星星,nz,1,11,2740205,步步 自选作品辑,精选辑,2014-01-12,14,知足 (乐团版),步步 自选作品辑,,
13121,28181129,地上,s,1,11,2740205,步步 自选作品辑,精选辑,2014-01-12,14,知足 (乐团版),步步 自选作品辑,,
13122,28181129,人,n,1,11,2740205,步步 自选作品辑,精选辑,2014-01-12,14,知足 (乐团版),步步 自选作品辑,,
13123,28181129,总是,c,1,11,2740205,步步 自选作品辑,精选辑,2014-01-12,14,知足 (乐团版),步步 自选作品辑,,
13124,28181129,懂,v,1,11,2740205,步步 自选作品辑,精选辑,2014-01-12,14,知足 (乐团版),步步 自选作品辑,,
13125,28181129,觉得,v,1,11,2740205,步步 自选作品辑,精选辑,2014-01-12,14,知足 (乐团版),步步 自选作品辑,,
13126,28181129,那年,r,1,11,2740205,步步 自选作品辑,精选辑,2014-01-12,14,知足 (乐团版),步步 自选作品辑,,
13127,28181129,和,c,1,11,2740205,步步 自选作品辑,精选辑,2014-01-12,14,知足 (乐团版),步步 自选作品辑,,
13128,28181129,那个,r,1,11,2740205,步步 自选作品辑,精选辑,2014-01-12,14,知足 (乐团版),步步 自选作品辑,,
13129,28181129,山丘,ns,1,11,2740205,步步 自选作品辑,精选辑,2014-01-12,14,知足 (乐团版),步步 自选作品辑,,
13130,28181129,唱,v,1,11,2740205,步步 自选作品辑,精选辑,2014-01-12,14,知足 (乐团版),步步 自选作品辑,,
13131,28181129,那,r,1,11,2740205,步步 自选作品辑,精选辑,2014-01-12,14,知足 (乐团版),步步 自选作品辑,,
13132,28181129,一年,m,1,11,2740205,步步 自选作品辑,精选辑,2014-01-12,14,知足 (乐团版),步步 自选作品辑,,
13133,28181129,歌,n,1,11,2740205,步步 自选作品辑,精选辑,2014-01-12,14,知足 (乐团版),步步 自选作品辑,,
13134,28181129,回忆,v,1,11,2740205,步步 自选作品辑,精选辑,2014-01-12,14,知足 (乐团版),步步 自选作品辑,,
13135,28181129,那么,r,1,11,2740205,步步 自选作品辑,精选辑,2014-01-12,14,知足 (乐团版),步步 自选作品辑,,
13136,28181129,天天,t,1,11,2740205,步步 自选作品辑,精选辑,2014-01-12,14,知足 (乐团版),步步 自选作品辑,,
13137,28181129,都,d,1,11,2740205,步步 自选作品辑,精选辑,2014-01-12,14,知足 (乐团版),步步 自选作品辑,,
13138,28181129,品尝,v,1,11,2740205,步步 自选作品辑,精选辑,2014-01-12,14,知足 (乐团版),步步 自选作品辑,,
13139,28181129,寂寞,a,1,11,2740205,步步 自选作品辑,精选辑,2014-01-12,14,知足 (乐团版),步步 自选作品辑,,
13140,28181129,wo,eng,1,11,2740205,步步 自选作品辑,精选辑,2014-01-12,14,知足 (乐团版),步步 自选作品辑,,
13141,28181129,再,d,1,11,2740205,步步 自选作品辑,精选辑,2014-01-12,14,知足 (乐团版),步步 自选作品辑,,
13142,28181131,的,uj,26,11,2740205,步步 自选作品辑,精选辑,2014-01-13,15,温柔 (2013Remix版),步步 自选作品辑,,
13143,28181131,我,r,23,11,2740205,步步 自选作品辑,精选辑,2014-01-13,15,温柔 (2013Remix版),步步 自选作品辑,,
13144,28181131,你,r,22,11,2740205,步步 自选作品辑,精选辑,2014-01-13,15,温柔 (2013Remix版),步步 自选作品辑,,
13145,28181131,不,d,13,11,2740205,步步 自选作品辑,精选辑,2014-01-13,15,温柔 (2013Remix版),步步 自选作品辑,,
13146,28181131,是,v,11,11,2740205,步步 自选作品辑,精选辑,2014-01-13,15,温柔 (2013Remix版),步步 自选作品辑,,
13147,28181131,自由,a,11,11,2740205,步步 自选作品辑,精选辑,2014-01-13,15,温柔 (2013Remix版),步步 自选作品辑,,
13148,28181131,温柔,nw,10,11,2740205,步步 自选作品辑,精选辑,2014-01-13,15,温柔 (2013Remix版),步步 自选作品辑,,
13149,28181131,没有,v,9,11,2740205,步步 自选作品辑,精选辑,2014-01-13,15,温柔 (2013Remix版),步步 自选作品辑,,
13150,28181131,这,r,8,11,2740205,步步 自选作品辑,精选辑,2014-01-13,15,温柔 (2013Remix版),步步 自选作品辑,,
13151,28181131,给,p,7,11,2740205,步步 自选作品辑,精选辑,2014-01-13,15,温柔 (2013Remix版),步步 自选作品辑,,
13152,28181131,孤单,a,5,11,2740205,步步 自选作品辑,精选辑,2014-01-13,15,温柔 (2013Remix版),步步 自选作品辑,,
13153,28181131,在,p,4,11,2740205,步步 自选作品辑,精选辑,2014-01-13,15,温柔 (2013Remix版),步步 自选作品辑,,
13154,28181131,知道,v,4,11,2740205,步步 自选作品辑,精选辑,2014-01-13,15,温柔 (2013Remix版),步步 自选作品辑,,
13155,28181131,不明,v,4,11,2740205,步步 自选作品辑,精选辑,2014-01-13,15,温柔 (2013Remix版),步步 自选作品辑,,
13156,28181131,了,ul,4,11,2740205,步步 自选作品辑,精选辑,2014-01-13,15,温柔 (2013Remix版),步步 自选作品辑,,
13157,28181131,想要,v,4,11,2740205,步步 自选作品辑,精选辑,2014-01-13,15,温柔 (2013Remix版),步步 自选作品辑,,
13158,28181131,为什么,r,4,11,2740205,步步 自选作品辑,精选辑,2014-01-13,15,温柔 (2013Remix版),步步 自选作品辑,,
13159,28181131,心,n,4,11,2740205,步步 自选作品辑,精选辑,2014-01-13,15,温柔 (2013Remix版),步步 自选作品辑,,
13160,28181131,到,v,4,11,2740205,步步 自选作品辑,精选辑,2014-01-13,15,温柔 (2013Remix版),步步 自选作品辑,,
13161,28181131,有,v,4,11,2740205,步步 自选作品辑,精选辑,2014-01-13,15,温柔 (2013Remix版),步步 自选作品辑,,
13162,28181131,如果,c,3,11,2740205,步步 自选作品辑,精选辑,2014-01-13,15,温柔 (2013Remix版),步步 自选作品辑,,
13163,28181131,就让,v,3,11,2740205,步步 自选作品辑,精选辑,2014-01-13,15,温柔 (2013Remix版),步步 自选作品辑,,
13164,28181131,全部,n,3,11,2740205,步步 自选作品辑,精选辑,2014-01-13,15,温柔 (2013Remix版),步步 自选作品辑,,
13165,28181131,着,uz,2,11,2740205,步步 自选作品辑,精选辑,2014-01-13,15,温柔 (2013Remix版),步步 自选作品辑,,
13166,28181131,都,d,2,11,2740205,步步 自选作品辑,精选辑,2014-01-13,15,温柔 (2013Remix版),步步 自选作品辑,,
13167,28181131,眼中,s,2,11,2740205,步步 自选作品辑,精选辑,2014-01-13,15,温柔 (2013Remix版),步步 自选作品辑,,
13168,28181131,明明,t,2,11,2740205,步步 自选作品辑,精选辑,2014-01-13,15,温柔 (2013Remix版),步步 自选作品辑,,
13169,28181131,想,v,2,11,2740205,步步 自选作品辑,精选辑,2014-01-13,15,温柔 (2013Remix版),步步 自选作品辑,,
13170,28181131,靠近,v,2,11,2740205,步步 自选作品辑,精选辑,2014-01-13,15,温柔 (2013Remix版),步步 自选作品辑,,
13171,28181131,却,d,2,11,2740205,步步 自选作品辑,精选辑,2014-01-13,15,温柔 (2013Remix版),步步 自选作品辑,,
13172,28181131,黎明,nr,2,11,2740205,步步 自选作品辑,精选辑,2014-01-13,15,温柔 (2013Remix版),步步 自选作品辑,,
13173,28181131,那,r,2,11,2740205,步步 自选作品辑,精选辑,2014-01-13,15,温柔 (2013Remix版),步步 自选作品辑,,
13174,28181131,爱情,n,2,11,2740205,步步 自选作品辑,精选辑,2014-01-13,15,温柔 (2013Remix版),步步 自选作品辑,,
13175,28181131,绮丽,a,2,11,2740205,步步 自选作品辑,精选辑,2014-01-13,15,温柔 (2013Remix版),步步 自选作品辑,,
13176,28181131,总是,c,2,11,2740205,步步 自选作品辑,精选辑,2014-01-13,15,温柔 (2013Remix版),步步 自选作品辑,,
13177,28181131,里,f,2,11,2740205,步步 自选作品辑,精选辑,2014-01-13,15,温柔 (2013Remix版),步步 自选作品辑,,
13178,28181131,再,d,2,11,2740205,步步 自选作品辑,精选辑,2014-01-13,15,温柔 (2013Remix版),步步 自选作品辑,,
13179,28181131,把,p,2,11,2740205,步步 自选作品辑,精选辑,2014-01-13,15,温柔 (2013Remix版),步步 自选作品辑,,
13180,28181131,最好,a,2,11,2740205,步步 自选作品辑,精选辑,2014-01-13,15,温柔 (2013Remix版),步步 自选作品辑,,
13181,28181131,爱,v,2,11,2740205,步步 自选作品辑,精选辑,2014-01-13,15,温柔 (2013Remix版),步步 自选作品辑,,
13182,28181131,不知不觉,i,2,11,2740205,步步 自选作品辑,精选辑,2014-01-13,15,温柔 (2013Remix版),步步 自选作品辑,,
13183,28181131,不情,n,2,11,2740205,步步 自选作品辑,精选辑,2014-01-13,15,温柔 (2013Remix版),步步 自选作品辑,,
13184,28181131,愿,v,2,11,2740205,步步 自选作品辑,精选辑,2014-01-13,15,温柔 (2013Remix版),步步 自选作品辑,,
13185,28181131,又,d,2,11,2740205,步步 自选作品辑,精选辑,2014-01-13,15,温柔 (2013Remix版),步步 自选作品辑,,
13186,28181131,巷子口,n,2,11,2740205,步步 自选作品辑,精选辑,2014-01-13,15,温柔 (2013Remix版),步步 自选作品辑,,
13187,28181131,哭,v,2,11,2740205,步步 自选作品辑,精选辑,2014-01-13,15,温柔 (2013Remix版),步步 自选作品辑,,
13188,28181131,也,d,2,11,2740205,步步 自选作品辑,精选辑,2014-01-13,15,温柔 (2013Remix版),步步 自选作品辑,,
13189,28181131,笑,v,2,11,2740205,步步 自选作品辑,精选辑,2014-01-13,15,温柔 (2013Remix版),步步 自选作品辑,,
13190,28181131,因为,c,2,11,2740205,步步 自选作品辑,精选辑,2014-01-13,15,温柔 (2013Remix版),步步 自选作品辑,,
13191,28181131,梦,n,2,11,2740205,步步 自选作品辑,精选辑,2014-01-13,15,温柔 (2013Remix版),步步 自选作品辑,,
13192,28181131,预兆,n,2,11,2740205,步步 自选作品辑,精选辑,2014-01-13,15,温柔 (2013Remix版),步步 自选作品辑,,
13193,28181131,理由,n,2,11,2740205,步步 自选作品辑,精选辑,2014-01-13,15,温柔 (2013Remix版),步步 自选作品辑,,
13194,28181131,真的,d,2,11,2740205,步步 自选作品辑,精选辑,2014-01-13,15,温柔 (2013Remix版),步步 自选作品辑,,
13195,28181131,说,v,2,11,2740205,步步 自选作品辑,精选辑,2014-01-13,15,温柔 (2013Remix版),步步 自选作品辑,,
13196,28181131,过,ug,2,11,2740205,步步 自选作品辑,精选辑,2014-01-13,15,温柔 (2013Remix版),步步 自选作品辑,,
13197,28181131,还,d,2,11,2740205,步步 自选作品辑,精选辑,2014-01-13,15,温柔 (2013Remix版),步步 自选作品辑,,
13198,28181131,走,v,1,11,2740205,步步 自选作品辑,精选辑,2014-01-13,15,温柔 (2013Remix版),步步 自选作品辑,,
13199,28181131,风,n,1,11,2740205,步步 自选作品辑,精选辑,2014-01-13,15,温柔 (2013Remix版),步步 自选作品辑,,
13200,28181131,中,f,1,11,2740205,步步 自选作品辑,精选辑,2014-01-13,15,温柔 (2013Remix版),步步 自选作品辑,,
13201,28181131,今天,t,1,11,2740205,步步 自选作品辑,精选辑,2014-01-13,15,温柔 (2013Remix版),步步 自选作品辑,,
13202,28181131,阳光,nr,1,11,2740205,步步 自选作品辑,精选辑,2014-01-13,15,温柔 (2013Remix版),步步 自选作品辑,,
13203,28181131,突然,ad,1,11,2740205,步步 自选作品辑,精选辑,2014-01-13,15,温柔 (2013Remix版),步步 自选作品辑,,
13204,28181131,好,a,1,11,2740205,步步 自选作品辑,精选辑,2014-01-13,15,温柔 (2013Remix版),步步 自选作品辑,,
13205,28181131,天,q,1,11,2740205,步步 自选作品辑,精选辑,2014-01-13,15,温柔 (2013Remix版),步步 自选作品辑,,
13206,28181131,地,uv,1,11,2740205,步步 自选作品辑,精选辑,2014-01-13,15,温柔 (2013Remix版),步步 自选作品辑,,
13207,28181131,像,v,1,11,2740205,步步 自选作品辑,精选辑,2014-01-13,15,温柔 (2013Remix版),步步 自选作品辑,,
13208,28181131,抱,v,1,11,2740205,步步 自选作品辑,精选辑,2014-01-13,15,温柔 (2013Remix版),步步 自选作品辑,,
13209,28181131,然后,c,1,11,2740205,步步 自选作品辑,精选辑,2014-01-13,15,温柔 (2013Remix版),步步 自选作品辑,,
13210,28181131,发现,v,1,11,2740205,步步 自选作品辑,精选辑,2014-01-13,15,温柔 (2013Remix版),步步 自选作品辑,,
13211,28181131,改变,v,1,11,2740205,步步 自选作品辑,精选辑,2014-01-13,15,温柔 (2013Remix版),步步 自选作品辑,,
13212,28181131,今后,t,1,11,2740205,步步 自选作品辑,精选辑,2014-01-13,15,温柔 (2013Remix版),步步 自选作品辑,,
13213,28181131,冷,a,1,11,2740205,步步 自选作品辑,精选辑,2014-01-13,15,温柔 (2013Remix版),步步 自选作品辑,,
13214,28181131,该,r,1,11,2740205,步步 自选作品辑,精选辑,2014-01-13,15,温柔 (2013Remix版),步步 自选作品辑,,
13215,28181131,怎么,r,1,11,2740205,步步 自选作品辑,精选辑,2014-01-13,15,温柔 (2013Remix版),步步 自选作品辑,,
13216,28181131,渡过,v,1,11,2740205,步步 自选作品辑,精选辑,2014-01-13,15,温柔 (2013Remix版),步步 自选作品辑,,
13217,28181131,天边,s,1,11,2740205,步步 自选作品辑,精选辑,2014-01-13,15,温柔 (2013Remix版),步步 自选作品辑,,
13218,28181131,风光,n,1,11,2740205,步步 自选作品辑,精选辑,2014-01-13,15,温柔 (2013Remix版),步步 自选作品辑,,
13219,28181131,身边,s,1,11,2740205,步步 自选作品辑,精选辑,2014-01-13,15,温柔 (2013Remix版),步步 自选作品辑,,
13220,28181131,藏,v,1,11,2740205,步步 自选作品辑,精选辑,2014-01-13,15,温柔 (2013Remix版),步步 自选作品辑,,
13221,28181131,什么,r,1,11,2740205,步步 自选作品辑,精选辑,2014-01-13,15,温柔 (2013Remix版),步步 自选作品辑,,
13222,28181131,从来,d,1,11,2740205,步步 自选作品辑,精选辑,2014-01-13,15,温柔 (2013Remix版),步步 自选作品辑,,
13223,28181131,懂,v,1,11,2740205,步步 自选作品辑,精选辑,2014-01-13,15,温柔 (2013Remix版),步步 自选作品辑,,
13224,28181131,关系,n,1,11,2740205,步步 自选作品辑,精选辑,2014-01-13,15,温柔 (2013Remix版),步步 自选作品辑,,
13225,28181131,世界,n,1,11,2740205,步步 自选作品辑,精选辑,2014-01-13,15,温柔 (2013Remix版),步步 自选作品辑,,
13226,28181131,拥有,v,1,11,2740205,步步 自选作品辑,精选辑,2014-01-13,15,温柔 (2013Remix版),步步 自选作品辑,,
13227,28181131,打扰,v,1,11,2740205,步步 自选作品辑,精选辑,2014-01-13,15,温柔 (2013Remix版),步步 自选作品辑,,
13228,28181131,让,v,1,11,2740205,步步 自选作品辑,精选辑,2014-01-13,15,温柔 (2013Remix版),步步 自选作品辑,,
13229,28181104,你,r,14,11,2740205,步步 自选作品辑,精选辑,2014-01-14,16,你是唯一 (2013新录制作品),步步 自选作品辑,,
13230,28181104,是,v,10,11,2740205,步步 自选作品辑,精选辑,2014-01-14,16,你是唯一 (2013新录制作品),步步 自选作品辑,,
13231,28181104,的,uj,8,11,2740205,步步 自选作品辑,精选辑,2014-01-14,16,你是唯一 (2013新录制作品),步步 自选作品辑,,
13232,28181104,我,r,7,11,2740205,步步 自选作品辑,精选辑,2014-01-14,16,你是唯一 (2013新录制作品),步步 自选作品辑,,
13233,28181104,爱,v,5,11,2740205,步步 自选作品辑,精选辑,2014-01-14,16,你是唯一 (2013新录制作品),步步 自选作品辑,,
13234,28181104,在,p,3,11,2740205,步步 自选作品辑,精选辑,2014-01-14,16,你是唯一 (2013新录制作品),步步 自选作品辑,,
13235,28181104,变成,v,2,11,2740205,步步 自选作品辑,精选辑,2014-01-14,16,你是唯一 (2013新录制作品),步步 自选作品辑,,
13236,28181104,如果,c,2,11,2740205,步步 自选作品辑,精选辑,2014-01-14,16,你是唯一 (2013新录制作品),步步 自选作品辑,,
13237,28181104,笑意,n,2,11,2740205,步步 自选作品辑,精选辑,2014-01-14,16,你是唯一 (2013新录制作品),步步 自选作品辑,,
13238,28181104,雨林,nr,1,11,2740205,步步 自选作品辑,精选辑,2014-01-14,16,你是唯一 (2013新录制作品),步步 自选作品辑,,
13239,28181104,通往,d,1,11,2740205,步步 自选作品辑,精选辑,2014-01-14,16,你是唯一 (2013新录制作品),步步 自选作品辑,,
13240,28181104,雪景,n,1,11,2740205,步步 自选作品辑,精选辑,2014-01-14,16,你是唯一 (2013新录制作品),步步 自选作品辑,,
13241,28181104,向往,d,1,11,2740205,步步 自选作品辑,精选辑,2014-01-14,16,你是唯一 (2013新录制作品),步步 自选作品辑,,
13242,28181104,旅行,vn,1,11,2740205,步步 自选作品辑,精选辑,2014-01-14,16,你是唯一 (2013新录制作品),步步 自选作品辑,,
13243,28181104,专机,n,1,11,2740205,步步 自选作品辑,精选辑,2014-01-14,16,你是唯一 (2013新录制作品),步步 自选作品辑,,
13244,28181104,带,v,1,11,2740205,步步 自选作品辑,精选辑,2014-01-14,16,你是唯一 (2013新录制作品),步步 自选作品辑,,
13245,28181104,前进,v,1,11,2740205,步步 自选作品辑,精选辑,2014-01-14,16,你是唯一 (2013新录制作品),步步 自选作品辑,,
13246,28181104,地心引力,n,1,11,2740205,步步 自选作品辑,精选辑,2014-01-14,16,你是唯一 (2013新录制作品),步步 自选作品辑,,
13247,28181104,绝不会,l,1,11,2740205,步步 自选作品辑,精选辑,2014-01-14,16,你是唯一 (2013新录制作品),步步 自选作品辑,,
13248,28181104,抗拒,v,1,11,2740205,步步 自选作品辑,精选辑,2014-01-14,16,你是唯一 (2013新录制作品),步步 自选作品辑,,
13249,28181104,重新,a,1,11,2740205,步步 自选作品辑,精选辑,2014-01-14,16,你是唯一 (2013新录制作品),步步 自选作品辑,,
13250,28181104,去,v,1,11,2740205,步步 自选作品辑,精选辑,2014-01-14,16,你是唯一 (2013新录制作品),步步 自选作品辑,,
13251,28181104,定义,n,1,11,2740205,步步 自选作品辑,精选辑,2014-01-14,16,你是唯一 (2013新录制作品),步步 自选作品辑,,
13252,28181104,水平,n,1,11,2740205,步步 自选作品辑,精选辑,2014-01-14,16,你是唯一 (2013新录制作品),步步 自选作品辑,,
13253,28181104,空白,n,1,11,2740205,步步 自选作品辑,精选辑,2014-01-14,16,你是唯一 (2013新录制作品),步步 自选作品辑,,
13254,28181104,日记,n,1,11,2740205,步步 自选作品辑,精选辑,2014-01-14,16,你是唯一 (2013新录制作品),步步 自选作品辑,,
13255,28181104,笔,q,1,11,2740205,步步 自选作品辑,精选辑,2014-01-14,16,你是唯一 (2013新录制作品),步步 自选作品辑,,
13256,28181104,任,v,1,11,2740205,步步 自选作品辑,精选辑,2014-01-14,16,你是唯一 (2013新录制作品),步步 自选作品辑,,
13257,28181104,涂鸦,n,1,11,2740205,步步 自选作品辑,精选辑,2014-01-14,16,你是唯一 (2013新录制作品),步步 自选作品辑,,
13258,28181104,着,uz,1,11,2740205,步步 自选作品辑,精选辑,2014-01-14,16,你是唯一 (2013新录制作品),步步 自选作品辑,,
13259,28181104,回忆,v,1,11,2740205,步步 自选作品辑,精选辑,2014-01-14,16,你是唯一 (2013新录制作品),步步 自选作品辑,,
13260,28181104,填满,v,1,11,2740205,步步 自选作品辑,精选辑,2014-01-14,16,你是唯一 (2013新录制作品),步步 自选作品辑,,
13261,28181104,感动,v,1,11,2740205,步步 自选作品辑,精选辑,2014-01-14,16,你是唯一 (2013新录制作品),步步 自选作品辑,,
13262,28181104,心里,s,1,11,2740205,步步 自选作品辑,精选辑,2014-01-14,16,你是唯一 (2013新录制作品),步步 自选作品辑,,
13263,28181104,翻阅,v,1,11,2740205,步步 自选作品辑,精选辑,2014-01-14,16,你是唯一 (2013新录制作品),步步 自选作品辑,,
13264,28181104,每一刻,r,1,11,2740205,步步 自选作品辑,精选辑,2014-01-14,16,你是唯一 (2013新录制作品),步步 自选作品辑,,
13265,28181104,美丽,ns,1,11,2740205,步步 自选作品辑,精选辑,2014-01-14,16,你是唯一 (2013新录制作品),步步 自选作品辑,,
13266,28181104,眼前,t,1,11,2740205,步步 自选作品辑,精选辑,2014-01-14,16,你是唯一 (2013新录制作品),步步 自选作品辑,,
13267,28181104,直达,v,1,11,2740205,步步 自选作品辑,精选辑,2014-01-14,16,你是唯一 (2013新录制作品),步步 自选作品辑,,
13268,28181104,天际,n,1,11,2740205,步步 自选作品辑,精选辑,2014-01-14,16,你是唯一 (2013新录制作品),步步 自选作品辑,,
13269,28181104,期盼,v,1,11,2740205,步步 自选作品辑,精选辑,2014-01-14,16,你是唯一 (2013新录制作品),步步 自选作品辑,,
13270,28181104,飞行,v,1,11,2740205,步步 自选作品辑,精选辑,2014-01-14,16,你是唯一 (2013新录制作品),步步 自选作品辑,,
13271,28181104,云朵,n,1,11,2740205,步步 自选作品辑,精选辑,2014-01-14,16,你是唯一 (2013新录制作品),步步 自选作品辑,,
13272,28181104,陪,v,1,11,2740205,步步 自选作品辑,精选辑,2014-01-14,16,你是唯一 (2013新录制作品),步步 自选作品辑,,
13273,28181104,游戏,n,1,11,2740205,步步 自选作品辑,精选辑,2014-01-14,16,你是唯一 (2013新录制作品),步步 自选作品辑,,
13274,28181104,棉花,n,1,11,2740205,步步 自选作品辑,精选辑,2014-01-14,16,你是唯一 (2013新录制作品),步步 自选作品辑,,
13275,28181104,糖机,n,1,11,2740205,步步 自选作品辑,精选辑,2014-01-14,16,你是唯一 (2013新录制作品),步步 自选作品辑,,
13276,28181104,愿,v,1,11,2740205,步步 自选作品辑,精选辑,2014-01-14,16,你是唯一 (2013新录制作品),步步 自选作品辑,,
13277,28181104,融化,vn,1,11,2740205,步步 自选作品辑,精选辑,2014-01-14,16,你是唯一 (2013新录制作品),步步 自选作品辑,,
13278,28181104,真心,d,1,11,2740205,步步 自选作品辑,精选辑,2014-01-14,16,你是唯一 (2013新录制作品),步步 自选作品辑,,
13279,28181104,旋转,v,1,11,2740205,步步 自选作品辑,精选辑,2014-01-14,16,你是唯一 (2013新录制作品),步步 自选作品辑,,
13280,28181104,成,n,1,11,2740205,步步 自选作品辑,精选辑,2014-01-14,16,你是唯一 (2013新录制作品),步步 自选作品辑,,
13281,28181104,手心,n,1,11,2740205,步步 自选作品辑,精选辑,2014-01-14,16,你是唯一 (2013新录制作品),步步 自选作品辑,,
13282,28181104,云,n,1,11,2740205,步步 自选作品辑,精选辑,2014-01-14,16,你是唯一 (2013新录制作品),步步 自选作品辑,,
13283,28181104,七彩,nz,1,11,2740205,步步 自选作品辑,精选辑,2014-01-14,16,你是唯一 (2013新录制作品),步步 自选作品辑,,
13284,28181104,光影,n,1,11,2740205,步步 自选作品辑,精选辑,2014-01-14,16,你是唯一 (2013新录制作品),步步 自选作品辑,,
13285,28181104,雨,n,1,11,2740205,步步 自选作品辑,精选辑,2014-01-14,16,你是唯一 (2013新录制作品),步步 自选作品辑,,
13286,28181104,给,p,1,11,2740205,步步 自选作品辑,精选辑,2014-01-14,16,你是唯一 (2013新录制作品),步步 自选作品辑,,
13287,28181104,缤纷,z,1,11,2740205,步步 自选作品辑,精选辑,2014-01-14,16,你是唯一 (2013新录制作品),步步 自选作品辑,,
13288,28181104,雨季,t,1,11,2740205,步步 自选作品辑,精选辑,2014-01-14,16,你是唯一 (2013新录制作品),步步 自选作品辑,,
13289,28181104,折射,v,1,11,2740205,步步 自选作品辑,精选辑,2014-01-14,16,你是唯一 (2013新录制作品),步步 自选作品辑,,
13290,28181104,温暖,an,1,11,2740205,步步 自选作品辑,精选辑,2014-01-14,16,你是唯一 (2013新录制作品),步步 自选作品辑,,
13291,28181104,眼底,t,1,11,2740205,步步 自选作品辑,精选辑,2014-01-14,16,你是唯一 (2013新录制作品),步步 自选作品辑,,
13292,28181104,呼唤,nr,1,11,2740205,步步 自选作品辑,精选辑,2014-01-14,16,你是唯一 (2013新录制作品),步步 自选作品辑,,
13293,28181104,闪耀,v,1,11,2740205,步步 自选作品辑,精选辑,2014-01-14,16,你是唯一 (2013新录制作品),步步 自选作品辑,,
13294,28181104,天晴,nr,1,11,2740205,步步 自选作品辑,精选辑,2014-01-14,16,你是唯一 (2013新录制作品),步步 自选作品辑,,
13295,28181104,透明,v,1,11,2740205,步步 自选作品辑,精选辑,2014-01-14,16,你是唯一 (2013新录制作品),步步 自选作品辑,,
13296,28181104,水晶,n,1,11,2740205,步步 自选作品辑,精选辑,2014-01-14,16,你是唯一 (2013新录制作品),步步 自选作品辑,,
13297,28181104,悬,v,1,11,2740205,步步 自选作品辑,精选辑,2014-01-14,16,你是唯一 (2013新录制作品),步步 自选作品辑,,
13298,28181104,胸口,s,1,11,2740205,步步 自选作品辑,精选辑,2014-01-14,16,你是唯一 (2013新录制作品),步步 自选作品辑,,
13299,28181104,封印,nr,1,11,2740205,步步 自选作品辑,精选辑,2014-01-14,16,你是唯一 (2013新录制作品),步步 自选作品辑,,
13300,28181104,清澈,a,1,11,2740205,步步 自选作品辑,精选辑,2014-01-14,16,你是唯一 (2013新录制作品),步步 自选作品辑,,
13301,28181104,守护,v,1,11,2740205,步步 自选作品辑,精选辑,2014-01-14,16,你是唯一 (2013新录制作品),步步 自选作品辑,,
13302,28181104,记忆,n,1,11,2740205,步步 自选作品辑,精选辑,2014-01-14,16,你是唯一 (2013新录制作品),步步 自选作品辑,,
13303,28181104,让,v,1,11,2740205,步步 自选作品辑,精选辑,2014-01-14,16,你是唯一 (2013新录制作品),步步 自选作品辑,,
13304,28181104,珍惜,a,1,11,2740205,步步 自选作品辑,精选辑,2014-01-14,16,你是唯一 (2013新录制作品),步步 自选作品辑,,
13305,28181104,因,p,1,11,2740205,步步 自选作品辑,精选辑,2014-01-14,16,你是唯一 (2013新录制作品),步步 自选作品辑,,
13306,28181104,完整,a,1,11,2740205,步步 自选作品辑,精选辑,2014-01-14,16,你是唯一 (2013新录制作品),步步 自选作品辑,,
13307,28181104,生命,vn,1,11,2740205,步步 自选作品辑,精选辑,2014-01-14,16,你是唯一 (2013新录制作品),步步 自选作品辑,,
13308,28181104,每个,r,1,11,2740205,步步 自选作品辑,精选辑,2014-01-14,16,你是唯一 (2013新录制作品),步步 自选作品辑,,
13309,28181104,曾经,d,1,11,2740205,步步 自选作品辑,精选辑,2014-01-14,16,你是唯一 (2013新录制作品),步步 自选作品辑,,
13310,28181104,和,c,1,11,2740205,步步 自选作品辑,精选辑,2014-01-14,16,你是唯一 (2013新录制作品),步步 自选作品辑,,
13311,28181104,一起,m,1,11,2740205,步步 自选作品辑,精选辑,2014-01-14,16,你是唯一 (2013新录制作品),步步 自选作品辑,,
13312,28181104,唯一,b,1,11,2740205,步步 自选作品辑,精选辑,2014-01-14,16,你是唯一 (2013新录制作品),步步 自选作品辑,,
13313,28181104,追寻,v,1,11,2740205,步步 自选作品辑,精选辑,2014-01-14,16,你是唯一 (2013新录制作品),步步 自选作品辑,,
13314,28181110,我,r,32,11,2740205,步步 自选作品辑,精选辑,2014-01-17,19,盛夏光年,步步 自选作品辑,,
13315,28181110,不,d,12,11,2740205,步步 自选作品辑,精选辑,2014-01-17,19,盛夏光年,步步 自选作品辑,,
13316,28181110,转弯,v,12,11,2740205,步步 自选作品辑,精选辑,2014-01-17,19,盛夏光年,步步 自选作品辑,,
13317,28181110,的,uj,10,11,2740205,步步 自选作品辑,精选辑,2014-01-17,19,盛夏光年,步步 自选作品辑,,
13318,28181110,爱,v,9,11,2740205,步步 自选作品辑,精选辑,2014-01-17,19,盛夏光年,步步 自选作品辑,,
13319,28181110,要,v,8,11,2740205,步步 自选作品辑,精选辑,2014-01-17,19,盛夏光年,步步 自选作品辑,,
13320,28181110,去,v,5,11,2740205,步步 自选作品辑,精选辑,2014-01-17,19,盛夏光年,步步 自选作品辑,,
13321,28181110,未来,t,5,11,2740205,步步 自选作品辑,精选辑,2014-01-17,19,盛夏光年,步步 自选作品辑,,
13322,28181110,让,v,4,11,2740205,步步 自选作品辑,精选辑,2014-01-17,19,盛夏光年,步步 自选作品辑,,
13323,28181110,现在,t,4,11,2740205,步步 自选作品辑,精选辑,2014-01-17,19,盛夏光年,步步 自选作品辑,,
13324,28181110,疯,v,4,11,2740205,步步 自选作品辑,精选辑,2014-01-17,19,盛夏光年,步步 自选作品辑,,
13325,28181110,盛夏,t,3,11,2740205,步步 自选作品辑,精选辑,2014-01-17,19,盛夏光年,步步 自选作品辑,,
13326,28181110,光年,n,3,11,2740205,步步 自选作品辑,精选辑,2014-01-17,19,盛夏光年,步步 自选作品辑,,
13327,28181110,放弃,v,3,11,2740205,步步 自选作品辑,精选辑,2014-01-17,19,盛夏光年,步步 自选作品辑,,
13328,28181110,规则,n,3,11,2740205,步步 自选作品辑,精选辑,2014-01-17,19,盛夏光年,步步 自选作品辑,,
13329,28181110,放纵,v,3,11,2740205,步步 自选作品辑,精选辑,2014-01-17,19,盛夏光年,步步 自选作品辑,,
13330,28181110,放肆,d,3,11,2740205,步步 自选作品辑,精选辑,2014-01-17,19,盛夏光年,步步 自选作品辑,,
13331,28181110,自己,r,3,11,2740205,步步 自选作品辑,精选辑,2014-01-17,19,盛夏光年,步步 自选作品辑,,
13332,28181110,放空,v,3,11,2740205,步步 自选作品辑,精选辑,2014-01-17,19,盛夏光年,步步 自选作品辑,,
13333,28181110,才,d,2,11,2740205,步步 自选作品辑,精选辑,2014-01-17,19,盛夏光年,步步 自选作品辑,,
13334,28181110,是,v,2,11,2740205,步步 自选作品辑,精选辑,2014-01-17,19,盛夏光年,步步 自选作品辑,,
13335,28181110,贪玩,v,2,11,2740205,步步 自选作品辑,精选辑,2014-01-17,19,盛夏光年,步步 自选作品辑,,
13336,28181110,把,p,2,11,2740205,步步 自选作品辑,精选辑,2014-01-17,19,盛夏光年,步步 自选作品辑,,
13337,28181110,残酷,a,2,11,2740205,步步 自选作品辑,精选辑,2014-01-17,19,盛夏光年,步步 自选作品辑,,
13338,28181110,狂放,v,2,11,2740205,步步 自选作品辑,精选辑,2014-01-17,19,盛夏光年,步步 自选作品辑,,
13339,28181110,到,v,2,11,2740205,步步 自选作品辑,精选辑,2014-01-17,19,盛夏光年,步步 自选作品辑,,
13340,28181110,外,f,2,11,2740205,步步 自选作品辑,精选辑,2014-01-17,19,盛夏光年,步步 自选作品辑,,
13341,28181110,而,c,2,11,2740205,步步 自选作品辑,精选辑,2014-01-17,19,盛夏光年,步步 自选作品辑,,
13342,28181110,更,d,2,11,2740205,步步 自选作品辑,精选辑,2014-01-17,19,盛夏光年,步步 自选作品辑,,
13343,28181110,就是,d,2,11,2740205,步步 自选作品辑,精选辑,2014-01-17,19,盛夏光年,步步 自选作品辑,,
13344,28181110,骄傲,a,1,11,2740205,步步 自选作品辑,精选辑,2014-01-17,19,盛夏光年,步步 自选作品辑,,
13345,28181110,破坏,v,1,11,2740205,步步 自选作品辑,精选辑,2014-01-17,19,盛夏光年,步步 自选作品辑,,
13346,28181110,痛恨,v,1,11,2740205,步步 自选作品辑,精选辑,2014-01-17,19,盛夏光年,步步 自选作品辑,,
13347,28181110,平凡,a,1,11,2740205,步步 自选作品辑,精选辑,2014-01-17,19,盛夏光年,步步 自选作品辑,,
13348,28181110,想起,v,1,11,2740205,步步 自选作品辑,精选辑,2014-01-17,19,盛夏光年,步步 自选作品辑,,
13349,28181110,那些,r,1,11,2740205,步步 自选作品辑,精选辑,2014-01-17,19,盛夏光年,步步 自选作品辑,,
13350,28181110,最,d,1,11,2740205,步步 自选作品辑,精选辑,2014-01-17,19,盛夏光年,步步 自选作品辑,,
13351,28181110,定律,n,1,11,2740205,步步 自选作品辑,精选辑,2014-01-17,19,盛夏光年,步步 自选作品辑,,
13352,28181110,简单,a,1,11,2740205,步步 自选作品辑,精选辑,2014-01-17,19,盛夏光年,步步 自选作品辑,,
13353,28181110,秩序,n,1,11,2740205,步步 自选作品辑,精选辑,2014-01-17,19,盛夏光年,步步 自选作品辑,,
13354,28181110,混乱,a,1,11,2740205,步步 自选作品辑,精选辑,2014-01-17,19,盛夏光年,步步 自选作品辑,,
13355,28181110,这样,r,1,11,2740205,步步 自选作品辑,精选辑,2014-01-17,19,盛夏光年,步步 自选作品辑,,
13356,28181110,青春,n,1,11,2740205,步步 自选作品辑,精选辑,2014-01-17,19,盛夏光年,步步 自选作品辑,,
13357,28181110,喜欢,v,1,11,2740205,步步 自选作品辑,精选辑,2014-01-17,19,盛夏光年,步步 自选作品辑,,
13358,28181110,一万,m,1,11,2740205,步步 自选作品辑,精选辑,2014-01-17,19,盛夏光年,步步 自选作品辑,,
13359,28181110,首,m,1,11,2740205,步步 自选作品辑,精选辑,2014-01-17,19,盛夏光年,步步 自选作品辑,,
13360,28181110,mp3,eng,1,11,2740205,步步 自选作品辑,精选辑,2014-01-17,19,盛夏光年,步步 自选作品辑,,
13361,28181110,一万次,m,1,11,2740205,步步 自选作品辑,精选辑,2014-01-17,19,盛夏光年,步步 自选作品辑,,
13362,28181110,疯狂,a,1,11,2740205,步步 自选作品辑,精选辑,2014-01-17,19,盛夏光年,步步 自选作品辑,,
13363,28181110,灭,v,1,11,2740205,步步 自选作品辑,精选辑,2014-01-17,19,盛夏光年,步步 自选作品辑,,
13364,28181110,不了,v,1,11,2740205,步步 自选作品辑,精选辑,2014-01-17,19,盛夏光年,步步 自选作品辑,,
13365,28181110,一个,m,1,11,2740205,步步 自选作品辑,精选辑,2014-01-17,19,盛夏光年,步步 自选作品辑,,
13366,28181110,渺小,a,1,11,2740205,步步 自选作品辑,精选辑,2014-01-17,19,盛夏光年,步步 自选作品辑,,
13367,28181110,孤单,a,1,11,2740205,步步 自选作品辑,精选辑,2014-01-17,19,盛夏光年,步步 自选作品辑,,
13368,28181110,一场,m,1,11,2740205,步步 自选作品辑,精选辑,2014-01-17,19,盛夏光年,步步 自选作品辑,,
13369,28181110,狂欢,v,1,11,2740205,步步 自选作品辑,精选辑,2014-01-17,19,盛夏光年,步步 自选作品辑,,
13370,28181110,来到,v,1,11,2740205,步步 自选作品辑,精选辑,2014-01-17,19,盛夏光年,步步 自选作品辑,,
13371,28181110,了,ul,1,11,2740205,步步 自选作品辑,精选辑,2014-01-17,19,盛夏光年,步步 自选作品辑,,
13372,28181110,之外,f,1,11,2740205,步步 自选作品辑,精选辑,2014-01-17,19,盛夏光年,步步 自选作品辑,,
13373,28181110,长大,ns,1,11,2740205,步步 自选作品辑,精选辑,2014-01-17,19,盛夏光年,步步 自选作品辑,,
13374,28181110,难道,d,1,11,2740205,步步 自选作品辑,精选辑,2014-01-17,19,盛夏光年,步步 自选作品辑,,
13375,28181110,人,n,1,11,2740205,步步 自选作品辑,精选辑,2014-01-17,19,盛夏光年,步步 自选作品辑,,
13376,28181110,必经,d,1,11,2740205,步步 自选作品辑,精选辑,2014-01-17,19,盛夏光年,步步 自选作品辑,,
13377,28181110,溃烂,v,1,11,2740205,步步 自选作品辑,精选辑,2014-01-17,19,盛夏光年,步步 自选作品辑,,
